Driver,LapNumber,TrackStatus,GP,Year
VER,1.0,1,Pre-Season Testing,2023
VER,2.0,1,Pre-Season Testing,2023
VER,3.0,1,Pre-Season Testing,2023
VER,4.0,1,Pre-Season Testing,2023
VER,5.0,1,Pre-Season Testing,2023
VER,6.0,1,Pre-Season Testing,2023
VER,7.0,1,Pre-Season Testing,2023
VER,8.0,1,Pre-Season Testing,2023
VER,9.0,1,Pre-Season Testing,2023
VER,10.0,1,Pre-Season Testing,2023
VER,11.0,1,Pre-Season Testing,2023
VER,12.0,1,Pre-Season Testing,2023
VER,13.0,1,Pre-Season Testing,2023
VER,14.0,1,Pre-Season Testing,2023
VER,15.0,1,Pre-Season Testing,2023
VER,16.0,1,Pre-Season Testing,2023
VER,17.0,1,Pre-Season Testing,2023
VER,18.0,1,Pre-Season Testing,2023
VER,19.0,1,Pre-Season Testing,2023
VER,20.0,1,Pre-Season Testing,2023
VER,21.0,1,Pre-Season Testing,2023
VER,22.0,1,Pre-Season Testing,2023
VER,23.0,1,Pre-Season Testing,2023
VER,24.0,1,Pre-Season Testing,2023
VER,25.0,1,Pre-Season Testing,2023
VER,26.0,1,Pre-Season Testing,2023
VER,27.0,1,Pre-Season Testing,2023
VER,28.0,1,Pre-Season Testing,2023
VER,29.0,1,Pre-Season Testing,2023
VER,30.0,1,Pre-Season Testing,2023
VER,31.0,1,Pre-Season Testing,2023
VER,32.0,1,Pre-Season Testing,2023
VER,33.0,1264,Pre-Season Testing,2023
VER,34.0,4,Pre-Season Testing,2023
VER,35.0,4,Pre-Season Testing,2023
VER,36.0,4,Pre-Season Testing,2023
VER,37.0,4,Pre-Season Testing,2023
VER,38.0,41,Pre-Season Testing,2023
VER,39.0,1,Pre-Season Testing,2023
VER,40.0,1,Pre-Season Testing,2023
VER,41.0,1,Pre-Season Testing,2023
VER,42.0,1,Pre-Season Testing,2023
VER,43.0,1,Pre-Season Testing,2023
VER,44.0,1,Pre-Season Testing,2023
VER,45.0,1,Pre-Season Testing,2023
VER,46.0,1,Pre-Season Testing,2023
VER,47.0,1,Pre-Season Testing,2023
VER,48.0,1,Pre-Season Testing,2023
VER,49.0,1,Pre-Season Testing,2023
VER,50.0,1,Pre-Season Testing,2023
VER,51.0,1,Pre-Season Testing,2023
VER,52.0,1,Pre-Season Testing,2023
GAS,1.0,1,Pre-Season Testing,2023
GAS,2.0,1,Pre-Season Testing,2023
GAS,3.0,1,Pre-Season Testing,2023
GAS,4.0,1,Pre-Season Testing,2023
GAS,5.0,1,Pre-Season Testing,2023
GAS,6.0,1,Pre-Season Testing,2023
GAS,7.0,1,Pre-Season Testing,2023
GAS,8.0,1,Pre-Season Testing,2023
GAS,9.0,1,Pre-Season Testing,2023
GAS,10.0,1,Pre-Season Testing,2023
GAS,11.0,1,Pre-Season Testing,2023
GAS,12.0,1,Pre-Season Testing,2023
GAS,13.0,1,Pre-Season Testing,2023
GAS,14.0,1,Pre-Season Testing,2023
GAS,15.0,1,Pre-Season Testing,2023
GAS,16.0,1,Pre-Season Testing,2023
GAS,17.0,1,Pre-Season Testing,2023
GAS,18.0,1,Pre-Season Testing,2023
GAS,19.0,1,Pre-Season Testing,2023
GAS,20.0,1,Pre-Season Testing,2023
GAS,21.0,1,Pre-Season Testing,2023
GAS,22.0,1,Pre-Season Testing,2023
GAS,23.0,1,Pre-Season Testing,2023
GAS,24.0,1,Pre-Season Testing,2023
GAS,25.0,1,Pre-Season Testing,2023
GAS,26.0,1,Pre-Season Testing,2023
GAS,27.0,1,Pre-Season Testing,2023
GAS,28.0,1,Pre-Season Testing,2023
GAS,29.0,1,Pre-Season Testing,2023
GAS,30.0,1,Pre-Season Testing,2023
GAS,31.0,1,Pre-Season Testing,2023
GAS,32.0,126,Pre-Season Testing,2023
GAS,33.0,64,Pre-Season Testing,2023
GAS,34.0,4,Pre-Season Testing,2023
GAS,35.0,4,Pre-Season Testing,2023
GAS,36.0,4,Pre-Season Testing,2023
GAS,37.0,4,Pre-Season Testing,2023
GAS,38.0,41,Pre-Season Testing,2023
GAS,39.0,1,Pre-Season Testing,2023
GAS,40.0,1,Pre-Season Testing,2023
GAS,41.0,1,Pre-Season Testing,2023
GAS,42.0,1,Pre-Season Testing,2023
GAS,43.0,1,Pre-Season Testing,2023
GAS,44.0,1,Pre-Season Testing,2023
GAS,45.0,1,Pre-Season Testing,2023
GAS,46.0,1,Pre-Season Testing,2023
PER,1.0,1,Pre-Season Testing,2023
PER,2.0,1,Pre-Season Testing,2023
PER,3.0,1,Pre-Season Testing,2023
PER,4.0,1,Pre-Season Testing,2023
PER,5.0,1,Pre-Season Testing,2023
PER,6.0,1,Pre-Season Testing,2023
PER,7.0,1,Pre-Season Testing,2023
PER,8.0,1,Pre-Season Testing,2023
PER,9.0,1,Pre-Season Testing,2023
PER,10.0,1,Pre-Season Testing,2023
PER,11.0,1,Pre-Season Testing,2023
PER,12.0,1,Pre-Season Testing,2023
PER,13.0,1,Pre-Season Testing,2023
PER,14.0,1,Pre-Season Testing,2023
PER,15.0,1,Pre-Season Testing,2023
PER,16.0,1,Pre-Season Testing,2023
PER,17.0,1,Pre-Season Testing,2023
PER,18.0,1,Pre-Season Testing,2023
PER,19.0,1,Pre-Season Testing,2023
PER,20.0,1,Pre-Season Testing,2023
PER,21.0,1,Pre-Season Testing,2023
PER,22.0,1,Pre-Season Testing,2023
PER,23.0,1,Pre-Season Testing,2023
PER,24.0,1,Pre-Season Testing,2023
PER,25.0,1,Pre-Season Testing,2023
PER,26.0,1,Pre-Season Testing,2023
PER,27.0,1,Pre-Season Testing,2023
PER,28.0,1,Pre-Season Testing,2023
PER,29.0,1,Pre-Season Testing,2023
PER,30.0,1,Pre-Season Testing,2023
PER,31.0,1,Pre-Season Testing,2023
PER,32.0,126,Pre-Season Testing,2023
PER,33.0,64,Pre-Season Testing,2023
PER,34.0,4,Pre-Season Testing,2023
PER,35.0,4,Pre-Season Testing,2023
PER,36.0,4,Pre-Season Testing,2023
PER,37.0,4,Pre-Season Testing,2023
PER,38.0,41,Pre-Season Testing,2023
PER,39.0,1,Pre-Season Testing,2023
PER,40.0,1,Pre-Season Testing,2023
PER,41.0,1,Pre-Season Testing,2023
PER,42.0,1,Pre-Season Testing,2023
PER,43.0,1,Pre-Season Testing,2023
PER,44.0,1,Pre-Season Testing,2023
PER,45.0,1,Pre-Season Testing,2023
PER,46.0,1,Pre-Season Testing,2023
PER,47.0,1,Pre-Season Testing,2023
PER,48.0,1,Pre-Season Testing,2023
PER,49.0,1,Pre-Season Testing,2023
PER,50.0,1,Pre-Season Testing,2023
PER,51.0,1,Pre-Season Testing,2023
PER,52.0,1,Pre-Season Testing,2023
ALO,1.0,1,Pre-Season Testing,2023
ALO,2.0,1,Pre-Season Testing,2023
ALO,3.0,1,Pre-Season Testing,2023
ALO,4.0,1,Pre-Season Testing,2023
ALO,5.0,1,Pre-Season Testing,2023
ALO,6.0,1,Pre-Season Testing,2023
ALO,7.0,1,Pre-Season Testing,2023
ALO,8.0,1,Pre-Season Testing,2023
ALO,9.0,1,Pre-Season Testing,2023
ALO,10.0,1,Pre-Season Testing,2023
ALO,11.0,1,Pre-Season Testing,2023
ALO,12.0,1,Pre-Season Testing,2023
ALO,13.0,1,Pre-Season Testing,2023
ALO,14.0,1,Pre-Season Testing,2023
ALO,15.0,1,Pre-Season Testing,2023
ALO,16.0,1,Pre-Season Testing,2023
ALO,17.0,1,Pre-Season Testing,2023
ALO,18.0,1,Pre-Season Testing,2023
ALO,19.0,1,Pre-Season Testing,2023
ALO,20.0,1,Pre-Season Testing,2023
ALO,21.0,1,Pre-Season Testing,2023
ALO,22.0,1,Pre-Season Testing,2023
ALO,23.0,1,Pre-Season Testing,2023
ALO,24.0,1,Pre-Season Testing,2023
ALO,25.0,1,Pre-Season Testing,2023
ALO,26.0,1,Pre-Season Testing,2023
ALO,27.0,1,Pre-Season Testing,2023
ALO,28.0,1,Pre-Season Testing,2023
ALO,29.0,1,Pre-Season Testing,2023
ALO,30.0,1,Pre-Season Testing,2023
ALO,31.0,1,Pre-Season Testing,2023
ALO,32.0,126,Pre-Season Testing,2023
ALO,33.0,64,Pre-Season Testing,2023
ALO,34.0,4,Pre-Season Testing,2023
ALO,35.0,4,Pre-Season Testing,2023
ALO,36.0,4,Pre-Season Testing,2023
ALO,37.0,4,Pre-Season Testing,2023
ALO,38.0,41,Pre-Season Testing,2023
ALO,39.0,1,Pre-Season Testing,2023
ALO,40.0,1,Pre-Season Testing,2023
ALO,41.0,1,Pre-Season Testing,2023
ALO,42.0,1,Pre-Season Testing,2023
ALO,43.0,1,Pre-Season Testing,2023
ALO,44.0,1,Pre-Season Testing,2023
ALO,45.0,1,Pre-Season Testing,2023
ALO,46.0,1,Pre-Season Testing,2023
ALO,47.0,1,Pre-Season Testing,2023
ALO,48.0,1,Pre-Season Testing,2023
ALO,49.0,1,Pre-Season Testing,2023
ALO,50.0,1,Pre-Season Testing,2023
ALO,51.0,1,Pre-Season Testing,2023
ALO,52.0,1,Pre-Season Testing,2023
LEC,1.0,1,Pre-Season Testing,2023
LEC,2.0,1,Pre-Season Testing,2023
LEC,3.0,1,Pre-Season Testing,2023
LEC,4.0,1,Pre-Season Testing,2023
LEC,5.0,1,Pre-Season Testing,2023
LEC,6.0,1,Pre-Season Testing,2023
LEC,7.0,1,Pre-Season Testing,2023
LEC,8.0,1,Pre-Season Testing,2023
LEC,9.0,1,Pre-Season Testing,2023
LEC,10.0,1,Pre-Season Testing,2023
LEC,11.0,1,Pre-Season Testing,2023
LEC,12.0,1,Pre-Season Testing,2023
LEC,13.0,1,Pre-Season Testing,2023
LEC,14.0,1,Pre-Season Testing,2023
LEC,15.0,1,Pre-Season Testing,2023
LEC,16.0,1,Pre-Season Testing,2023
LEC,17.0,1,Pre-Season Testing,2023
LEC,18.0,1,Pre-Season Testing,2023
LEC,19.0,1,Pre-Season Testing,2023
LEC,20.0,1,Pre-Season Testing,2023
LEC,21.0,1,Pre-Season Testing,2023
LEC,22.0,1,Pre-Season Testing,2023
LEC,23.0,1,Pre-Season Testing,2023
LEC,24.0,1,Pre-Season Testing,2023
LEC,25.0,1,Pre-Season Testing,2023
LEC,26.0,1,Pre-Season Testing,2023
LEC,27.0,1,Pre-Season Testing,2023
LEC,28.0,1,Pre-Season Testing,2023
LEC,29.0,1,Pre-Season Testing,2023
LEC,30.0,1,Pre-Season Testing,2023
LEC,31.0,1,Pre-Season Testing,2023
LEC,32.0,126,Pre-Season Testing,2023
LEC,33.0,64,Pre-Season Testing,2023
LEC,34.0,4,Pre-Season Testing,2023
LEC,35.0,4,Pre-Season Testing,2023
LEC,36.0,4,Pre-Season Testing,2023
LEC,37.0,4,Pre-Season Testing,2023
LEC,38.0,41,Pre-Season Testing,2023
LEC,39.0,1,Pre-Season Testing,2023
LEC,40.0,1,Pre-Season Testing,2023
LEC,41.0,1,Pre-Season Testing,2023
LEC,42.0,1,Pre-Season Testing,2023
LEC,43.0,1,Pre-Season Testing,2023
LEC,44.0,1,Pre-Season Testing,2023
LEC,45.0,1,Pre-Season Testing,2023
LEC,46.0,1,Pre-Season Testing,2023
LEC,47.0,1,Pre-Season Testing,2023
LEC,48.0,1,Pre-Season Testing,2023
LEC,49.0,1,Pre-Season Testing,2023
LEC,50.0,1,Pre-Season Testing,2023
LEC,51.0,1,Pre-Season Testing,2023
LEC,52.0,1,Pre-Season Testing,2023
STR,1.0,1,Pre-Season Testing,2023
STR,2.0,1,Pre-Season Testing,2023
STR,3.0,1,Pre-Season Testing,2023
STR,4.0,1,Pre-Season Testing,2023
STR,5.0,1,Pre-Season Testing,2023
STR,6.0,1,Pre-Season Testing,2023
STR,7.0,1,Pre-Season Testing,2023
STR,8.0,1,Pre-Season Testing,2023
STR,9.0,1,Pre-Season Testing,2023
STR,10.0,1,Pre-Season Testing,2023
STR,11.0,1,Pre-Season Testing,2023
STR,12.0,1,Pre-Season Testing,2023
STR,13.0,1,Pre-Season Testing,2023
STR,14.0,1,Pre-Season Testing,2023
STR,15.0,1,Pre-Season Testing,2023
STR,16.0,1,Pre-Season Testing,2023
STR,17.0,1,Pre-Season Testing,2023
STR,18.0,1,Pre-Season Testing,2023
STR,19.0,1,Pre-Season Testing,2023
STR,20.0,1,Pre-Season Testing,2023
STR,21.0,1,Pre-Season Testing,2023
STR,22.0,1,Pre-Season Testing,2023
STR,23.0,1,Pre-Season Testing,2023
STR,24.0,1,Pre-Season Testing,2023
STR,25.0,1,Pre-Season Testing,2023
STR,26.0,1,Pre-Season Testing,2023
STR,27.0,1,Pre-Season Testing,2023
STR,28.0,1,Pre-Season Testing,2023
STR,29.0,1,Pre-Season Testing,2023
STR,30.0,1,Pre-Season Testing,2023
STR,31.0,1,Pre-Season Testing,2023
STR,32.0,126,Pre-Season Testing,2023
STR,33.0,64,Pre-Season Testing,2023
STR,34.0,4,Pre-Season Testing,2023
STR,35.0,4,Pre-Season Testing,2023
STR,36.0,4,Pre-Season Testing,2023
STR,37.0,4,Pre-Season Testing,2023
STR,38.0,41,Pre-Season Testing,2023
STR,39.0,1,Pre-Season Testing,2023
STR,40.0,1,Pre-Season Testing,2023
STR,41.0,1,Pre-Season Testing,2023
STR,42.0,1,Pre-Season Testing,2023
STR,43.0,1,Pre-Season Testing,2023
STR,44.0,1,Pre-Season Testing,2023
STR,45.0,1,Pre-Season Testing,2023
STR,46.0,1,Pre-Season Testing,2023
STR,47.0,1,Pre-Season Testing,2023
STR,48.0,1,Pre-Season Testing,2023
STR,49.0,1,Pre-Season Testing,2023
STR,50.0,1,Pre-Season Testing,2023
STR,51.0,1,Pre-Season Testing,2023
STR,52.0,1,Pre-Season Testing,2023
SAR,1.0,1,Pre-Season Testing,2023
SAR,2.0,1,Pre-Season Testing,2023
SAR,3.0,1,Pre-Season Testing,2023
SAR,4.0,1,Pre-Season Testing,2023
SAR,5.0,1,Pre-Season Testing,2023
SAR,6.0,1,Pre-Season Testing,2023
SAR,7.0,1,Pre-Season Testing,2023
SAR,8.0,1,Pre-Season Testing,2023
SAR,9.0,1,Pre-Season Testing,2023
SAR,10.0,1,Pre-Season Testing,2023
SAR,11.0,1,Pre-Season Testing,2023
SAR,12.0,1,Pre-Season Testing,2023
SAR,13.0,1,Pre-Season Testing,2023
SAR,14.0,1,Pre-Season Testing,2023
SAR,15.0,1,Pre-Season Testing,2023
SAR,16.0,1,Pre-Season Testing,2023
SAR,17.0,1,Pre-Season Testing,2023
SAR,18.0,1,Pre-Season Testing,2023
SAR,19.0,1,Pre-Season Testing,2023
SAR,20.0,1,Pre-Season Testing,2023
SAR,21.0,1,Pre-Season Testing,2023
SAR,22.0,1,Pre-Season Testing,2023
SAR,23.0,1,Pre-Season Testing,2023
SAR,24.0,1,Pre-Season Testing,2023
SAR,25.0,1,Pre-Season Testing,2023
SAR,26.0,1,Pre-Season Testing,2023
SAR,27.0,1,Pre-Season Testing,2023
SAR,28.0,1,Pre-Season Testing,2023
SAR,29.0,1,Pre-Season Testing,2023
SAR,30.0,1,Pre-Season Testing,2023
SAR,31.0,1,Pre-Season Testing,2023
SAR,32.0,126,Pre-Season Testing,2023
SAR,33.0,64,Pre-Season Testing,2023
SAR,34.0,4,Pre-Season Testing,2023
SAR,35.0,4,Pre-Season Testing,2023
SAR,36.0,4,Pre-Season Testing,2023
SAR,37.0,4,Pre-Season Testing,2023
SAR,38.0,41,Pre-Season Testing,2023
SAR,39.0,1,Pre-Season Testing,2023
SAR,40.0,1,Pre-Season Testing,2023
SAR,41.0,1,Pre-Season Testing,2023
SAR,42.0,1,Pre-Season Testing,2023
SAR,43.0,1,Pre-Season Testing,2023
SAR,44.0,1,Pre-Season Testing,2023
SAR,45.0,1,Pre-Season Testing,2023
SAR,46.0,1,Pre-Season Testing,2023
SAR,47.0,1,Pre-Season Testing,2023
SAR,48.0,1,Pre-Season Testing,2023
SAR,49.0,1,Pre-Season Testing,2023
SAR,50.0,1,Pre-Season Testing,2023
SAR,51.0,1,Pre-Season Testing,2023
SAR,52.0,1,Pre-Season Testing,2023
MAG,1.0,1,Pre-Season Testing,2023
MAG,2.0,1,Pre-Season Testing,2023
MAG,3.0,1,Pre-Season Testing,2023
MAG,4.0,1,Pre-Season Testing,2023
MAG,5.0,1,Pre-Season Testing,2023
MAG,6.0,1,Pre-Season Testing,2023
MAG,7.0,1,Pre-Season Testing,2023
MAG,8.0,1,Pre-Season Testing,2023
MAG,9.0,1,Pre-Season Testing,2023
MAG,10.0,1,Pre-Season Testing,2023
MAG,11.0,1,Pre-Season Testing,2023
MAG,12.0,1,Pre-Season Testing,2023
MAG,13.0,1,Pre-Season Testing,2023
MAG,14.0,1,Pre-Season Testing,2023
MAG,15.0,1,Pre-Season Testing,2023
MAG,16.0,1,Pre-Season Testing,2023
MAG,17.0,1,Pre-Season Testing,2023
MAG,18.0,1,Pre-Season Testing,2023
MAG,19.0,1,Pre-Season Testing,2023
MAG,20.0,1,Pre-Season Testing,2023
MAG,21.0,1,Pre-Season Testing,2023
MAG,22.0,1,Pre-Season Testing,2023
MAG,23.0,1,Pre-Season Testing,2023
MAG,24.0,1,Pre-Season Testing,2023
MAG,25.0,1,Pre-Season Testing,2023
MAG,26.0,1,Pre-Season Testing,2023
MAG,27.0,1,Pre-Season Testing,2023
MAG,28.0,1,Pre-Season Testing,2023
MAG,29.0,1,Pre-Season Testing,2023
MAG,30.0,1,Pre-Season Testing,2023
MAG,31.0,1,Pre-Season Testing,2023
MAG,32.0,1,Pre-Season Testing,2023
DEV,1.0,1,Pre-Season Testing,2023
DEV,2.0,1,Pre-Season Testing,2023
DEV,3.0,1,Pre-Season Testing,2023
DEV,4.0,1,Pre-Season Testing,2023
DEV,5.0,1,Pre-Season Testing,2023
DEV,6.0,1,Pre-Season Testing,2023
DEV,7.0,1,Pre-Season Testing,2023
DEV,8.0,1,Pre-Season Testing,2023
DEV,9.0,1,Pre-Season Testing,2023
DEV,10.0,1,Pre-Season Testing,2023
DEV,11.0,1,Pre-Season Testing,2023
DEV,12.0,1,Pre-Season Testing,2023
DEV,13.0,1,Pre-Season Testing,2023
DEV,14.0,1,Pre-Season Testing,2023
DEV,15.0,1,Pre-Season Testing,2023
DEV,16.0,1,Pre-Season Testing,2023
DEV,17.0,1,Pre-Season Testing,2023
DEV,18.0,1,Pre-Season Testing,2023
DEV,19.0,1,Pre-Season Testing,2023
DEV,20.0,1,Pre-Season Testing,2023
DEV,21.0,1,Pre-Season Testing,2023
DEV,22.0,1,Pre-Season Testing,2023
DEV,23.0,1,Pre-Season Testing,2023
DEV,24.0,1,Pre-Season Testing,2023
DEV,25.0,1,Pre-Season Testing,2023
DEV,26.0,1,Pre-Season Testing,2023
DEV,27.0,1,Pre-Season Testing,2023
DEV,28.0,1,Pre-Season Testing,2023
DEV,29.0,1,Pre-Season Testing,2023
DEV,30.0,1,Pre-Season Testing,2023
DEV,31.0,1,Pre-Season Testing,2023
DEV,32.0,126,Pre-Season Testing,2023
DEV,33.0,64,Pre-Season Testing,2023
DEV,34.0,4,Pre-Season Testing,2023
DEV,35.0,4,Pre-Season Testing,2023
DEV,36.0,4,Pre-Season Testing,2023
DEV,37.0,4,Pre-Season Testing,2023
DEV,38.0,41,Pre-Season Testing,2023
DEV,39.0,1,Pre-Season Testing,2023
DEV,40.0,1,Pre-Season Testing,2023
DEV,41.0,1,Pre-Season Testing,2023
DEV,42.0,1,Pre-Season Testing,2023
DEV,43.0,1,Pre-Season Testing,2023
DEV,44.0,1,Pre-Season Testing,2023
DEV,45.0,1,Pre-Season Testing,2023
DEV,46.0,1,Pre-Season Testing,2023
DEV,47.0,1,Pre-Season Testing,2023
DEV,48.0,1,Pre-Season Testing,2023
DEV,49.0,1,Pre-Season Testing,2023
DEV,50.0,1,Pre-Season Testing,2023
DEV,51.0,1,Pre-Season Testing,2023
DEV,52.0,1,Pre-Season Testing,2023
TSU,1.0,1,Pre-Season Testing,2023
TSU,2.0,1,Pre-Season Testing,2023
TSU,3.0,1,Pre-Season Testing,2023
TSU,4.0,1,Pre-Season Testing,2023
TSU,5.0,1,Pre-Season Testing,2023
TSU,6.0,1,Pre-Season Testing,2023
TSU,7.0,1,Pre-Season Testing,2023
TSU,8.0,1,Pre-Season Testing,2023
TSU,9.0,1,Pre-Season Testing,2023
TSU,10.0,1,Pre-Season Testing,2023
TSU,11.0,1,Pre-Season Testing,2023
TSU,12.0,1,Pre-Season Testing,2023
TSU,13.0,1,Pre-Season Testing,2023
TSU,14.0,1,Pre-Season Testing,2023
TSU,15.0,1,Pre-Season Testing,2023
TSU,16.0,1,Pre-Season Testing,2023
TSU,17.0,1,Pre-Season Testing,2023
TSU,18.0,1,Pre-Season Testing,2023
TSU,19.0,1,Pre-Season Testing,2023
TSU,20.0,1,Pre-Season Testing,2023
TSU,21.0,1,Pre-Season Testing,2023
TSU,22.0,1,Pre-Season Testing,2023
TSU,23.0,1,Pre-Season Testing,2023
TSU,24.0,1,Pre-Season Testing,2023
TSU,25.0,1,Pre-Season Testing,2023
TSU,26.0,1,Pre-Season Testing,2023
TSU,27.0,1,Pre-Season Testing,2023
TSU,28.0,1,Pre-Season Testing,2023
TSU,29.0,1,Pre-Season Testing,2023
TSU,30.0,1,Pre-Season Testing,2023
TSU,31.0,1,Pre-Season Testing,2023
TSU,32.0,126,Pre-Season Testing,2023
TSU,33.0,64,Pre-Season Testing,2023
TSU,34.0,4,Pre-Season Testing,2023
TSU,35.0,4,Pre-Season Testing,2023
TSU,36.0,4,Pre-Season Testing,2023
TSU,37.0,4,Pre-Season Testing,2023
TSU,38.0,41,Pre-Season Testing,2023
TSU,39.0,1,Pre-Season Testing,2023
TSU,40.0,1,Pre-Season Testing,2023
TSU,41.0,1,Pre-Season Testing,2023
TSU,42.0,1,Pre-Season Testing,2023
TSU,43.0,1,Pre-Season Testing,2023
TSU,44.0,1,Pre-Season Testing,2023
TSU,45.0,1,Pre-Season Testing,2023
TSU,46.0,1,Pre-Season Testing,2023
TSU,47.0,1,Pre-Season Testing,2023
TSU,48.0,1,Pre-Season Testing,2023
TSU,49.0,1,Pre-Season Testing,2023
TSU,50.0,1,Pre-Season Testing,2023
TSU,51.0,1,Pre-Season Testing,2023
TSU,52.0,1,Pre-Season Testing,2023
ALB,1.0,1,Pre-Season Testing,2023
ALB,2.0,1,Pre-Season Testing,2023
ALB,3.0,1,Pre-Season Testing,2023
ALB,4.0,1,Pre-Season Testing,2023
ALB,5.0,1,Pre-Season Testing,2023
ALB,6.0,1,Pre-Season Testing,2023
ALB,7.0,1,Pre-Season Testing,2023
ALB,8.0,1,Pre-Season Testing,2023
ALB,9.0,1,Pre-Season Testing,2023
ALB,10.0,1,Pre-Season Testing,2023
ALB,11.0,1,Pre-Season Testing,2023
ALB,12.0,1,Pre-Season Testing,2023
ALB,13.0,1,Pre-Season Testing,2023
ALB,14.0,1,Pre-Season Testing,2023
ALB,15.0,1,Pre-Season Testing,2023
ALB,16.0,1,Pre-Season Testing,2023
ALB,17.0,1,Pre-Season Testing,2023
ALB,18.0,1,Pre-Season Testing,2023
ALB,19.0,1,Pre-Season Testing,2023
ALB,20.0,1,Pre-Season Testing,2023
ALB,21.0,1,Pre-Season Testing,2023
ALB,22.0,1,Pre-Season Testing,2023
ALB,23.0,1,Pre-Season Testing,2023
ALB,24.0,1,Pre-Season Testing,2023
ALB,25.0,1,Pre-Season Testing,2023
ALB,26.0,1,Pre-Season Testing,2023
ALB,27.0,1,Pre-Season Testing,2023
ALB,28.0,1,Pre-Season Testing,2023
ALB,29.0,1,Pre-Season Testing,2023
ALB,30.0,1,Pre-Season Testing,2023
ALB,31.0,1,Pre-Season Testing,2023
ALB,32.0,126,Pre-Season Testing,2023
ALB,33.0,64,Pre-Season Testing,2023
ALB,34.0,4,Pre-Season Testing,2023
ALB,35.0,4,Pre-Season Testing,2023
ALB,36.0,4,Pre-Season Testing,2023
ALB,37.0,4,Pre-Season Testing,2023
ALB,38.0,41,Pre-Season Testing,2023
ALB,39.0,1,Pre-Season Testing,2023
ALB,40.0,1,Pre-Season Testing,2023
ALB,41.0,1,Pre-Season Testing,2023
ALB,42.0,1,Pre-Season Testing,2023
ALB,43.0,1,Pre-Season Testing,2023
ALB,44.0,1,Pre-Season Testing,2023
ALB,45.0,1,Pre-Season Testing,2023
ALB,46.0,1,Pre-Season Testing,2023
ALB,47.0,1,Pre-Season Testing,2023
ALB,48.0,1,Pre-Season Testing,2023
ALB,49.0,1,Pre-Season Testing,2023
ALB,50.0,1,Pre-Season Testing,2023
ALB,51.0,1,Pre-Season Testing,2023
ALB,52.0,1,Pre-Season Testing,2023
ZHO,1.0,1,Pre-Season Testing,2023
ZHO,2.0,1,Pre-Season Testing,2023
ZHO,3.0,1,Pre-Season Testing,2023
ZHO,4.0,1,Pre-Season Testing,2023
ZHO,5.0,1,Pre-Season Testing,2023
ZHO,6.0,1,Pre-Season Testing,2023
ZHO,7.0,1,Pre-Season Testing,2023
ZHO,8.0,1,Pre-Season Testing,2023
ZHO,9.0,1,Pre-Season Testing,2023
ZHO,10.0,1,Pre-Season Testing,2023
ZHO,11.0,1,Pre-Season Testing,2023
ZHO,12.0,1,Pre-Season Testing,2023
ZHO,13.0,1,Pre-Season Testing,2023
ZHO,14.0,1,Pre-Season Testing,2023
ZHO,15.0,1,Pre-Season Testing,2023
ZHO,16.0,1,Pre-Season Testing,2023
ZHO,17.0,1,Pre-Season Testing,2023
ZHO,18.0,1,Pre-Season Testing,2023
ZHO,19.0,1,Pre-Season Testing,2023
ZHO,20.0,1,Pre-Season Testing,2023
ZHO,21.0,1,Pre-Season Testing,2023
ZHO,22.0,1,Pre-Season Testing,2023
ZHO,23.0,1,Pre-Season Testing,2023
ZHO,24.0,1,Pre-Season Testing,2023
ZHO,25.0,1,Pre-Season Testing,2023
ZHO,26.0,1,Pre-Season Testing,2023
ZHO,27.0,1,Pre-Season Testing,2023
ZHO,28.0,1,Pre-Season Testing,2023
ZHO,29.0,1,Pre-Season Testing,2023
ZHO,30.0,1,Pre-Season Testing,2023
ZHO,31.0,1,Pre-Season Testing,2023
ZHO,32.0,126,Pre-Season Testing,2023
ZHO,33.0,64,Pre-Season Testing,2023
ZHO,34.0,4,Pre-Season Testing,2023
ZHO,35.0,4,Pre-Season Testing,2023
ZHO,36.0,4,Pre-Season Testing,2023
ZHO,37.0,4,Pre-Season Testing,2023
ZHO,38.0,41,Pre-Season Testing,2023
ZHO,39.0,1,Pre-Season Testing,2023
ZHO,40.0,1,Pre-Season Testing,2023
ZHO,41.0,1,Pre-Season Testing,2023
ZHO,42.0,1,Pre-Season Testing,2023
ZHO,43.0,1,Pre-Season Testing,2023
ZHO,44.0,1,Pre-Season Testing,2023
ZHO,45.0,1,Pre-Season Testing,2023
ZHO,46.0,1,Pre-Season Testing,2023
ZHO,47.0,1,Pre-Season Testing,2023
ZHO,48.0,1,Pre-Season Testing,2023
ZHO,49.0,1,Pre-Season Testing,2023
ZHO,50.0,1,Pre-Season Testing,2023
ZHO,51.0,1,Pre-Season Testing,2023
ZHO,52.0,1,Pre-Season Testing,2023
HUL,1.0,1,Pre-Season Testing,2023
HUL,2.0,1,Pre-Season Testing,2023
HUL,3.0,1,Pre-Season Testing,2023
HUL,4.0,1,Pre-Season Testing,2023
HUL,5.0,1,Pre-Season Testing,2023
HUL,6.0,1,Pre-Season Testing,2023
HUL,7.0,1,Pre-Season Testing,2023
HUL,8.0,1,Pre-Season Testing,2023
HUL,9.0,1,Pre-Season Testing,2023
HUL,10.0,1,Pre-Season Testing,2023
HUL,11.0,1,Pre-Season Testing,2023
HUL,12.0,1,Pre-Season Testing,2023
HUL,13.0,1,Pre-Season Testing,2023
HUL,14.0,1,Pre-Season Testing,2023
HUL,15.0,1,Pre-Season Testing,2023
HUL,16.0,1,Pre-Season Testing,2023
HUL,17.0,1,Pre-Season Testing,2023
HUL,18.0,1,Pre-Season Testing,2023
HUL,19.0,1,Pre-Season Testing,2023
HUL,20.0,1,Pre-Season Testing,2023
HUL,21.0,1,Pre-Season Testing,2023
HUL,22.0,1,Pre-Season Testing,2023
HUL,23.0,1,Pre-Season Testing,2023
HUL,24.0,1,Pre-Season Testing,2023
HUL,25.0,1,Pre-Season Testing,2023
HUL,26.0,1,Pre-Season Testing,2023
HUL,27.0,1,Pre-Season Testing,2023
HUL,28.0,1,Pre-Season Testing,2023
HUL,29.0,1,Pre-Season Testing,2023
HUL,30.0,1,Pre-Season Testing,2023
HUL,31.0,1,Pre-Season Testing,2023
HUL,32.0,126,Pre-Season Testing,2023
HUL,33.0,64,Pre-Season Testing,2023
HUL,34.0,4,Pre-Season Testing,2023
HUL,35.0,4,Pre-Season Testing,2023
HUL,36.0,4,Pre-Season Testing,2023
HUL,37.0,4,Pre-Season Testing,2023
HUL,38.0,41,Pre-Season Testing,2023
HUL,39.0,1,Pre-Season Testing,2023
HUL,40.0,1,Pre-Season Testing,2023
HUL,41.0,1,Pre-Season Testing,2023
HUL,42.0,1,Pre-Season Testing,2023
HUL,43.0,1,Pre-Season Testing,2023
HUL,44.0,1,Pre-Season Testing,2023
HUL,45.0,1,Pre-Season Testing,2023
HUL,46.0,1,Pre-Season Testing,2023
HUL,47.0,1,Pre-Season Testing,2023
HUL,48.0,1,Pre-Season Testing,2023
HUL,49.0,1,Pre-Season Testing,2023
HUL,50.0,1,Pre-Season Testing,2023
HUL,51.0,1,Pre-Season Testing,2023
HUL,52.0,1,Pre-Season Testing,2023
OCO,1.0,1,Pre-Season Testing,2023
OCO,2.0,1,Pre-Season Testing,2023
OCO,3.0,1,Pre-Season Testing,2023
OCO,4.0,1,Pre-Season Testing,2023
OCO,5.0,1,Pre-Season Testing,2023
OCO,6.0,1,Pre-Season Testing,2023
OCO,7.0,1,Pre-Season Testing,2023
OCO,8.0,1,Pre-Season Testing,2023
OCO,9.0,1,Pre-Season Testing,2023
NOR,1.0,1,Pre-Season Testing,2023
NOR,2.0,1,Pre-Season Testing,2023
NOR,3.0,1,Pre-Season Testing,2023
NOR,4.0,1,Pre-Season Testing,2023
NOR,5.0,1,Pre-Season Testing,2023
NOR,6.0,1,Pre-Season Testing,2023
NOR,7.0,1,Pre-Season Testing,2023
NOR,8.0,1,Pre-Season Testing,2023
NOR,9.0,1,Pre-Season Testing,2023
NOR,10.0,1,Pre-Season Testing,2023
NOR,11.0,1,Pre-Season Testing,2023
NOR,12.0,1,Pre-Season Testing,2023
NOR,13.0,1,Pre-Season Testing,2023
NOR,14.0,1,Pre-Season Testing,2023
NOR,15.0,1,Pre-Season Testing,2023
NOR,16.0,1,Pre-Season Testing,2023
NOR,17.0,1,Pre-Season Testing,2023
NOR,18.0,1,Pre-Season Testing,2023
NOR,19.0,1,Pre-Season Testing,2023
NOR,20.0,1,Pre-Season Testing,2023
NOR,21.0,1,Pre-Season Testing,2023
NOR,22.0,1,Pre-Season Testing,2023
NOR,23.0,1,Pre-Season Testing,2023
NOR,24.0,1,Pre-Season Testing,2023
NOR,25.0,1,Pre-Season Testing,2023
NOR,26.0,1,Pre-Season Testing,2023
NOR,27.0,1,Pre-Season Testing,2023
NOR,28.0,1,Pre-Season Testing,2023
NOR,29.0,1,Pre-Season Testing,2023
NOR,30.0,1,Pre-Season Testing,2023
NOR,31.0,1,Pre-Season Testing,2023
NOR,32.0,1,Pre-Season Testing,2023
NOR,33.0,1264,Pre-Season Testing,2023
NOR,34.0,4,Pre-Season Testing,2023
NOR,35.0,4,Pre-Season Testing,2023
NOR,36.0,4,Pre-Season Testing,2023
NOR,37.0,4,Pre-Season Testing,2023
NOR,38.0,41,Pre-Season Testing,2023
NOR,39.0,1,Pre-Season Testing,2023
NOR,40.0,1,Pre-Season Testing,2023
NOR,41.0,1,Pre-Season Testing,2023
NOR,42.0,1,Pre-Season Testing,2023
NOR,43.0,1,Pre-Season Testing,2023
NOR,44.0,1,Pre-Season Testing,2023
NOR,45.0,1,Pre-Season Testing,2023
NOR,46.0,1,Pre-Season Testing,2023
NOR,47.0,1,Pre-Season Testing,2023
NOR,48.0,1,Pre-Season Testing,2023
NOR,49.0,1,Pre-Season Testing,2023
NOR,50.0,1,Pre-Season Testing,2023
NOR,51.0,1,Pre-Season Testing,2023
NOR,52.0,1,Pre-Season Testing,2023
HAM,1.0,1,Pre-Season Testing,2023
HAM,2.0,1,Pre-Season Testing,2023
HAM,3.0,1,Pre-Season Testing,2023
HAM,4.0,1,Pre-Season Testing,2023
HAM,5.0,1,Pre-Season Testing,2023
HAM,6.0,1,Pre-Season Testing,2023
HAM,7.0,1,Pre-Season Testing,2023
HAM,8.0,1,Pre-Season Testing,2023
HAM,9.0,1,Pre-Season Testing,2023
HAM,10.0,1,Pre-Season Testing,2023
HAM,11.0,1,Pre-Season Testing,2023
HAM,12.0,1,Pre-Season Testing,2023
HAM,13.0,1,Pre-Season Testing,2023
HAM,14.0,1,Pre-Season Testing,2023
HAM,15.0,1,Pre-Season Testing,2023
HAM,16.0,1,Pre-Season Testing,2023
HAM,17.0,1,Pre-Season Testing,2023
HAM,18.0,1,Pre-Season Testing,2023
HAM,19.0,1,Pre-Season Testing,2023
HAM,20.0,1,Pre-Season Testing,2023
HAM,21.0,1,Pre-Season Testing,2023
HAM,22.0,1,Pre-Season Testing,2023
HAM,23.0,1,Pre-Season Testing,2023
HAM,24.0,1,Pre-Season Testing,2023
HAM,25.0,1,Pre-Season Testing,2023
HAM,26.0,1,Pre-Season Testing,2023
HAM,27.0,1,Pre-Season Testing,2023
HAM,28.0,1,Pre-Season Testing,2023
HAM,29.0,1,Pre-Season Testing,2023
HAM,30.0,1,Pre-Season Testing,2023
HAM,31.0,1,Pre-Season Testing,2023
HAM,32.0,126,Pre-Season Testing,2023
HAM,33.0,64,Pre-Season Testing,2023
HAM,34.0,4,Pre-Season Testing,2023
HAM,35.0,4,Pre-Season Testing,2023
HAM,36.0,4,Pre-Season Testing,2023
HAM,37.0,4,Pre-Season Testing,2023
HAM,38.0,41,Pre-Season Testing,2023
HAM,39.0,1,Pre-Season Testing,2023
HAM,40.0,1,Pre-Season Testing,2023
HAM,41.0,1,Pre-Season Testing,2023
HAM,42.0,1,Pre-Season Testing,2023
HAM,43.0,1,Pre-Season Testing,2023
HAM,44.0,1,Pre-Season Testing,2023
HAM,45.0,1,Pre-Season Testing,2023
HAM,46.0,1,Pre-Season Testing,2023
HAM,47.0,1,Pre-Season Testing,2023
HAM,48.0,1,Pre-Season Testing,2023
HAM,49.0,1,Pre-Season Testing,2023
HAM,50.0,1,Pre-Season Testing,2023
HAM,51.0,1,Pre-Season Testing,2023
HAM,52.0,1,Pre-Season Testing,2023
SAI,1.0,1,Pre-Season Testing,2023
SAI,2.0,1,Pre-Season Testing,2023
SAI,3.0,1,Pre-Season Testing,2023
SAI,4.0,1,Pre-Season Testing,2023
SAI,5.0,1,Pre-Season Testing,2023
SAI,6.0,1,Pre-Season Testing,2023
SAI,7.0,1,Pre-Season Testing,2023
SAI,8.0,1,Pre-Season Testing,2023
SAI,9.0,1,Pre-Season Testing,2023
SAI,10.0,1,Pre-Season Testing,2023
SAI,11.0,1,Pre-Season Testing,2023
SAI,12.0,1,Pre-Season Testing,2023
SAI,13.0,1,Pre-Season Testing,2023
SAI,14.0,1,Pre-Season Testing,2023
SAI,15.0,1,Pre-Season Testing,2023
SAI,16.0,1,Pre-Season Testing,2023
SAI,17.0,1,Pre-Season Testing,2023
SAI,18.0,1,Pre-Season Testing,2023
SAI,19.0,1,Pre-Season Testing,2023
SAI,20.0,1,Pre-Season Testing,2023
SAI,21.0,1,Pre-Season Testing,2023
SAI,22.0,1,Pre-Season Testing,2023
SAI,23.0,1,Pre-Season Testing,2023
SAI,24.0,1,Pre-Season Testing,2023
SAI,25.0,1,Pre-Season Testing,2023
SAI,26.0,1,Pre-Season Testing,2023
SAI,27.0,1,Pre-Season Testing,2023
SAI,28.0,1,Pre-Season Testing,2023
SAI,29.0,1,Pre-Season Testing,2023
SAI,30.0,1,Pre-Season Testing,2023
SAI,31.0,1,Pre-Season Testing,2023
SAI,32.0,126,Pre-Season Testing,2023
SAI,33.0,64,Pre-Season Testing,2023
SAI,34.0,4,Pre-Season Testing,2023
SAI,35.0,4,Pre-Season Testing,2023
SAI,36.0,4,Pre-Season Testing,2023
SAI,37.0,4,Pre-Season Testing,2023
SAI,38.0,41,Pre-Season Testing,2023
SAI,39.0,1,Pre-Season Testing,2023
SAI,40.0,1,Pre-Season Testing,2023
SAI,41.0,1,Pre-Season Testing,2023
SAI,42.0,1,Pre-Season Testing,2023
SAI,43.0,1,Pre-Season Testing,2023
SAI,44.0,1,Pre-Season Testing,2023
SAI,45.0,1,Pre-Season Testing,2023
SAI,46.0,1,Pre-Season Testing,2023
SAI,47.0,1,Pre-Season Testing,2023
SAI,48.0,1,Pre-Season Testing,2023
SAI,49.0,1,Pre-Season Testing,2023
SAI,50.0,1,Pre-Season Testing,2023
SAI,51.0,1,Pre-Season Testing,2023
SAI,52.0,1,Pre-Season Testing,2023
RUS,1.0,1,Pre-Season Testing,2023
RUS,2.0,1,Pre-Season Testing,2023
RUS,3.0,1,Pre-Season Testing,2023
RUS,4.0,1,Pre-Season Testing,2023
RUS,5.0,1,Pre-Season Testing,2023
RUS,6.0,1,Pre-Season Testing,2023
RUS,7.0,1,Pre-Season Testing,2023
RUS,8.0,1,Pre-Season Testing,2023
RUS,9.0,1,Pre-Season Testing,2023
RUS,10.0,1,Pre-Season Testing,2023
RUS,11.0,1,Pre-Season Testing,2023
RUS,12.0,1,Pre-Season Testing,2023
RUS,13.0,1,Pre-Season Testing,2023
RUS,14.0,1,Pre-Season Testing,2023
RUS,15.0,1,Pre-Season Testing,2023
RUS,16.0,1,Pre-Season Testing,2023
RUS,17.0,1,Pre-Season Testing,2023
RUS,18.0,1,Pre-Season Testing,2023
RUS,19.0,1,Pre-Season Testing,2023
RUS,20.0,1,Pre-Season Testing,2023
RUS,21.0,1,Pre-Season Testing,2023
RUS,22.0,1,Pre-Season Testing,2023
RUS,23.0,1,Pre-Season Testing,2023
RUS,24.0,1,Pre-Season Testing,2023
RUS,25.0,1,Pre-Season Testing,2023
RUS,26.0,1,Pre-Season Testing,2023
RUS,27.0,1,Pre-Season Testing,2023
RUS,28.0,1,Pre-Season Testing,2023
RUS,29.0,1,Pre-Season Testing,2023
RUS,30.0,1,Pre-Season Testing,2023
RUS,31.0,1,Pre-Season Testing,2023
RUS,32.0,126,Pre-Season Testing,2023
RUS,33.0,64,Pre-Season Testing,2023
RUS,34.0,4,Pre-Season Testing,2023
RUS,35.0,4,Pre-Season Testing,2023
RUS,36.0,4,Pre-Season Testing,2023
RUS,37.0,4,Pre-Season Testing,2023
RUS,38.0,41,Pre-Season Testing,2023
RUS,39.0,1,Pre-Season Testing,2023
RUS,40.0,1,Pre-Season Testing,2023
RUS,41.0,1,Pre-Season Testing,2023
RUS,42.0,1,Pre-Season Testing,2023
RUS,43.0,1,Pre-Season Testing,2023
RUS,44.0,1,Pre-Season Testing,2023
RUS,45.0,1,Pre-Season Testing,2023
RUS,46.0,1,Pre-Season Testing,2023
RUS,47.0,1,Pre-Season Testing,2023
RUS,48.0,1,Pre-Season Testing,2023
RUS,49.0,1,Pre-Season Testing,2023
RUS,50.0,1,Pre-Season Testing,2023
RUS,51.0,1,Pre-Season Testing,2023
RUS,52.0,1,Pre-Season Testing,2023
BOT,1.0,1,Pre-Season Testing,2023
BOT,2.0,1,Pre-Season Testing,2023
BOT,3.0,1,Pre-Season Testing,2023
BOT,4.0,1,Pre-Season Testing,2023
BOT,5.0,1,Pre-Season Testing,2023
BOT,6.0,1,Pre-Season Testing,2023
BOT,7.0,1,Pre-Season Testing,2023
BOT,8.0,1,Pre-Season Testing,2023
BOT,9.0,1,Pre-Season Testing,2023
BOT,10.0,1,Pre-Season Testing,2023
BOT,11.0,1,Pre-Season Testing,2023
BOT,12.0,1,Pre-Season Testing,2023
BOT,13.0,1,Pre-Season Testing,2023
BOT,14.0,1,Pre-Season Testing,2023
BOT,15.0,1,Pre-Season Testing,2023
BOT,16.0,1,Pre-Season Testing,2023
BOT,17.0,1,Pre-Season Testing,2023
BOT,18.0,1,Pre-Season Testing,2023
BOT,19.0,1,Pre-Season Testing,2023
BOT,20.0,1,Pre-Season Testing,2023
BOT,21.0,1,Pre-Season Testing,2023
BOT,22.0,1,Pre-Season Testing,2023
BOT,23.0,1,Pre-Season Testing,2023
BOT,24.0,1,Pre-Season Testing,2023
BOT,25.0,1,Pre-Season Testing,2023
BOT,26.0,1,Pre-Season Testing,2023
BOT,27.0,1,Pre-Season Testing,2023
BOT,28.0,1,Pre-Season Testing,2023
BOT,29.0,1,Pre-Season Testing,2023
BOT,30.0,1,Pre-Season Testing,2023
BOT,31.0,1,Pre-Season Testing,2023
BOT,32.0,126,Pre-Season Testing,2023
BOT,33.0,64,Pre-Season Testing,2023
BOT,34.0,4,Pre-Season Testing,2023
BOT,35.0,4,Pre-Season Testing,2023
BOT,36.0,4,Pre-Season Testing,2023
BOT,37.0,4,Pre-Season Testing,2023
BOT,38.0,41,Pre-Season Testing,2023
BOT,39.0,1,Pre-Season Testing,2023
BOT,40.0,1,Pre-Season Testing,2023
BOT,41.0,1,Pre-Season Testing,2023
BOT,42.0,1,Pre-Season Testing,2023
BOT,43.0,1,Pre-Season Testing,2023
BOT,44.0,1,Pre-Season Testing,2023
BOT,45.0,1,Pre-Season Testing,2023
BOT,46.0,1,Pre-Season Testing,2023
BOT,47.0,1,Pre-Season Testing,2023
BOT,48.0,1,Pre-Season Testing,2023
BOT,49.0,1,Pre-Season Testing,2023
BOT,50.0,1,Pre-Season Testing,2023
BOT,51.0,1,Pre-Season Testing,2023
BOT,52.0,1,Pre-Season Testing,2023
PIA,1.0,1,Pre-Season Testing,2023
PIA,2.0,1,Pre-Season Testing,2023
PIA,3.0,1,Pre-Season Testing,2023
PIA,4.0,1,Pre-Season Testing,2023
PIA,5.0,1,Pre-Season Testing,2023
PIA,6.0,1,Pre-Season Testing,2023
PIA,7.0,1,Pre-Season Testing,2023
PIA,8.0,1,Pre-Season Testing,2023
PIA,9.0,1,Pre-Season Testing,2023
PIA,10.0,1,Pre-Season Testing,2023
PIA,11.0,1,Pre-Season Testing,2023
PIA,12.0,1,Pre-Season Testing,2023
PIA,13.0,1,Pre-Season Testing,2023
PIA,14.0,1,Pre-Season Testing,2023
PIA,15.0,1,Pre-Season Testing,2023
PIA,16.0,1,Pre-Season Testing,2023
PIA,17.0,1,Pre-Season Testing,2023
PIA,18.0,1,Pre-Season Testing,2023
PIA,19.0,1,Pre-Season Testing,2023
PIA,20.0,1,Pre-Season Testing,2023
PIA,21.0,1,Pre-Season Testing,2023
PIA,22.0,1,Pre-Season Testing,2023
PIA,23.0,1,Pre-Season Testing,2023
PIA,24.0,1,Pre-Season Testing,2023
PIA,25.0,1,Pre-Season Testing,2023
PIA,26.0,1,Pre-Season Testing,2023
PIA,27.0,1,Pre-Season Testing,2023
PIA,28.0,1,Pre-Season Testing,2023
PIA,29.0,1,Pre-Season Testing,2023
PIA,30.0,1,Pre-Season Testing,2023
PIA,31.0,1,Pre-Season Testing,2023
PIA,32.0,126,Pre-Season Testing,2023
PIA,33.0,64,Pre-Season Testing,2023
PIA,34.0,4,Pre-Season Testing,2023
PIA,35.0,4,Pre-Season Testing,2023
PIA,36.0,4,Pre-Season Testing,2023
PIA,37.0,4,Pre-Season Testing,2023
PIA,38.0,41,Pre-Season Testing,2023
PIA,39.0,1,Pre-Season Testing,2023
PIA,40.0,1,Pre-Season Testing,2023
PIA,41.0,1,Pre-Season Testing,2023
PIA,42.0,1,Pre-Season Testing,2023
PIA,43.0,1,Pre-Season Testing,2023
PIA,44.0,1,Pre-Season Testing,2023
PIA,45.0,1,Pre-Season Testing,2023
PIA,46.0,1,Pre-Season Testing,2023
PIA,47.0,1,Pre-Season Testing,2023
PIA,48.0,1,Pre-Season Testing,2023
PIA,49.0,1,Pre-Season Testing,2023
PIA,50.0,1,Pre-Season Testing,2023
PIA,51.0,1,Pre-Season Testing,2023
PIA,52.0,1,Pre-Season Testing,2023
VER,1.0,12,Bahrain Grand Prix,2023
VER,2.0,12,Bahrain Grand Prix,2023
VER,3.0,1,Bahrain Grand Prix,2023
VER,4.0,1,Bahrain Grand Prix,2023
VER,5.0,1,Bahrain Grand Prix,2023
VER,6.0,1,Bahrain Grand Prix,2023
VER,7.0,1,Bahrain Grand Prix,2023
VER,8.0,1,Bahrain Grand Prix,2023
VER,9.0,1,Bahrain Grand Prix,2023
VER,10.0,1,Bahrain Grand Prix,2023
VER,11.0,1,Bahrain Grand Prix,2023
VER,12.0,1,Bahrain Grand Prix,2023
VER,13.0,1,Bahrain Grand Prix,2023
VER,14.0,1,Bahrain Grand Prix,2023
VER,15.0,1,Bahrain Grand Prix,2023
VER,16.0,1,Bahrain Grand Prix,2023
VER,17.0,1,Bahrain Grand Prix,2023
VER,18.0,1,Bahrain Grand Prix,2023
VER,19.0,1,Bahrain Grand Prix,2023
VER,20.0,1,Bahrain Grand Prix,2023
VER,21.0,1,Bahrain Grand Prix,2023
VER,22.0,1,Bahrain Grand Prix,2023
VER,23.0,1,Bahrain Grand Prix,2023
VER,24.0,1,Bahrain Grand Prix,2023
VER,25.0,1,Bahrain Grand Prix,2023
VER,26.0,1,Bahrain Grand Prix,2023
VER,27.0,1,Bahrain Grand Prix,2023
VER,28.0,1,Bahrain Grand Prix,2023
VER,29.0,1,Bahrain Grand Prix,2023
VER,30.0,1,Bahrain Grand Prix,2023
VER,31.0,1,Bahrain Grand Prix,2023
VER,32.0,1,Bahrain Grand Prix,2023
VER,33.0,1,Bahrain Grand Prix,2023
VER,34.0,1,Bahrain Grand Prix,2023
VER,35.0,1,Bahrain Grand Prix,2023
VER,36.0,1,Bahrain Grand Prix,2023
VER,37.0,1,Bahrain Grand Prix,2023
VER,38.0,1,Bahrain Grand Prix,2023
VER,39.0,1,Bahrain Grand Prix,2023
VER,40.0,1,Bahrain Grand Prix,2023
VER,41.0,126,Bahrain Grand Prix,2023
VER,42.0,671,Bahrain Grand Prix,2023
VER,43.0,1,Bahrain Grand Prix,2023
VER,44.0,1,Bahrain Grand Prix,2023
VER,45.0,1,Bahrain Grand Prix,2023
VER,46.0,1,Bahrain Grand Prix,2023
VER,47.0,1,Bahrain Grand Prix,2023
VER,48.0,1,Bahrain Grand Prix,2023
VER,49.0,1,Bahrain Grand Prix,2023
VER,50.0,1,Bahrain Grand Prix,2023
VER,51.0,1,Bahrain Grand Prix,2023
VER,52.0,1,Bahrain Grand Prix,2023
VER,53.0,1,Bahrain Grand Prix,2023
VER,54.0,1,Bahrain Grand Prix,2023
VER,55.0,1,Bahrain Grand Prix,2023
VER,56.0,1,Bahrain Grand Prix,2023
VER,57.0,1,Bahrain Grand Prix,2023
GAS,1.0,12,Bahrain Grand Prix,2023
GAS,2.0,21,Bahrain Grand Prix,2023
GAS,3.0,1,Bahrain Grand Prix,2023
GAS,4.0,1,Bahrain Grand Prix,2023
GAS,5.0,1,Bahrain Grand Prix,2023
GAS,6.0,1,Bahrain Grand Prix,2023
GAS,7.0,1,Bahrain Grand Prix,2023
GAS,8.0,1,Bahrain Grand Prix,2023
GAS,9.0,1,Bahrain Grand Prix,2023
GAS,10.0,1,Bahrain Grand Prix,2023
GAS,11.0,1,Bahrain Grand Prix,2023
GAS,12.0,1,Bahrain Grand Prix,2023
GAS,13.0,1,Bahrain Grand Prix,2023
GAS,14.0,1,Bahrain Grand Prix,2023
GAS,15.0,1,Bahrain Grand Prix,2023
GAS,16.0,1,Bahrain Grand Prix,2023
GAS,17.0,1,Bahrain Grand Prix,2023
GAS,18.0,1,Bahrain Grand Prix,2023
GAS,19.0,1,Bahrain Grand Prix,2023
GAS,20.0,1,Bahrain Grand Prix,2023
GAS,21.0,1,Bahrain Grand Prix,2023
GAS,22.0,1,Bahrain Grand Prix,2023
GAS,23.0,1,Bahrain Grand Prix,2023
GAS,24.0,1,Bahrain Grand Prix,2023
GAS,25.0,1,Bahrain Grand Prix,2023
GAS,26.0,1,Bahrain Grand Prix,2023
GAS,27.0,1,Bahrain Grand Prix,2023
GAS,28.0,1,Bahrain Grand Prix,2023
GAS,29.0,1,Bahrain Grand Prix,2023
GAS,30.0,1,Bahrain Grand Prix,2023
GAS,31.0,1,Bahrain Grand Prix,2023
GAS,32.0,1,Bahrain Grand Prix,2023
GAS,33.0,1,Bahrain Grand Prix,2023
GAS,34.0,1,Bahrain Grand Prix,2023
GAS,35.0,1,Bahrain Grand Prix,2023
GAS,36.0,1,Bahrain Grand Prix,2023
GAS,37.0,1,Bahrain Grand Prix,2023
GAS,38.0,1,Bahrain Grand Prix,2023
GAS,39.0,1,Bahrain Grand Prix,2023
GAS,40.0,126,Bahrain Grand Prix,2023
GAS,41.0,671,Bahrain Grand Prix,2023
GAS,42.0,1,Bahrain Grand Prix,2023
GAS,43.0,1,Bahrain Grand Prix,2023
GAS,44.0,1,Bahrain Grand Prix,2023
GAS,45.0,1,Bahrain Grand Prix,2023
GAS,46.0,1,Bahrain Grand Prix,2023
GAS,47.0,1,Bahrain Grand Prix,2023
GAS,48.0,1,Bahrain Grand Prix,2023
GAS,49.0,1,Bahrain Grand Prix,2023
GAS,50.0,1,Bahrain Grand Prix,2023
GAS,51.0,1,Bahrain Grand Prix,2023
GAS,52.0,1,Bahrain Grand Prix,2023
GAS,53.0,1,Bahrain Grand Prix,2023
GAS,54.0,1,Bahrain Grand Prix,2023
GAS,55.0,1,Bahrain Grand Prix,2023
GAS,56.0,1,Bahrain Grand Prix,2023
GAS,57.0,1,Bahrain Grand Prix,2023
PER,1.0,12,Bahrain Grand Prix,2023
PER,2.0,21,Bahrain Grand Prix,2023
PER,3.0,1,Bahrain Grand Prix,2023
PER,4.0,1,Bahrain Grand Prix,2023
PER,5.0,1,Bahrain Grand Prix,2023
PER,6.0,1,Bahrain Grand Prix,2023
PER,7.0,1,Bahrain Grand Prix,2023
PER,8.0,1,Bahrain Grand Prix,2023
PER,9.0,1,Bahrain Grand Prix,2023
PER,10.0,1,Bahrain Grand Prix,2023
PER,11.0,1,Bahrain Grand Prix,2023
PER,12.0,1,Bahrain Grand Prix,2023
PER,13.0,1,Bahrain Grand Prix,2023
PER,14.0,1,Bahrain Grand Prix,2023
PER,15.0,1,Bahrain Grand Prix,2023
PER,16.0,1,Bahrain Grand Prix,2023
PER,17.0,1,Bahrain Grand Prix,2023
PER,18.0,1,Bahrain Grand Prix,2023
PER,19.0,1,Bahrain Grand Prix,2023
PER,20.0,1,Bahrain Grand Prix,2023
PER,21.0,1,Bahrain Grand Prix,2023
PER,22.0,1,Bahrain Grand Prix,2023
PER,23.0,1,Bahrain Grand Prix,2023
PER,24.0,1,Bahrain Grand Prix,2023
PER,25.0,1,Bahrain Grand Prix,2023
PER,26.0,1,Bahrain Grand Prix,2023
PER,27.0,1,Bahrain Grand Prix,2023
PER,28.0,1,Bahrain Grand Prix,2023
PER,29.0,1,Bahrain Grand Prix,2023
PER,30.0,1,Bahrain Grand Prix,2023
PER,31.0,1,Bahrain Grand Prix,2023
PER,32.0,1,Bahrain Grand Prix,2023
PER,33.0,1,Bahrain Grand Prix,2023
PER,34.0,1,Bahrain Grand Prix,2023
PER,35.0,1,Bahrain Grand Prix,2023
PER,36.0,1,Bahrain Grand Prix,2023
PER,37.0,1,Bahrain Grand Prix,2023
PER,38.0,1,Bahrain Grand Prix,2023
PER,39.0,1,Bahrain Grand Prix,2023
PER,40.0,1,Bahrain Grand Prix,2023
PER,41.0,126,Bahrain Grand Prix,2023
PER,42.0,671,Bahrain Grand Prix,2023
PER,43.0,1,Bahrain Grand Prix,2023
PER,44.0,1,Bahrain Grand Prix,2023
PER,45.0,1,Bahrain Grand Prix,2023
PER,46.0,1,Bahrain Grand Prix,2023
PER,47.0,1,Bahrain Grand Prix,2023
PER,48.0,1,Bahrain Grand Prix,2023
PER,49.0,1,Bahrain Grand Prix,2023
PER,50.0,1,Bahrain Grand Prix,2023
PER,51.0,1,Bahrain Grand Prix,2023
PER,52.0,1,Bahrain Grand Prix,2023
PER,53.0,1,Bahrain Grand Prix,2023
PER,54.0,1,Bahrain Grand Prix,2023
PER,55.0,1,Bahrain Grand Prix,2023
PER,56.0,1,Bahrain Grand Prix,2023
PER,57.0,1,Bahrain Grand Prix,2023
ALO,1.0,12,Bahrain Grand Prix,2023
ALO,2.0,21,Bahrain Grand Prix,2023
ALO,3.0,1,Bahrain Grand Prix,2023
ALO,4.0,1,Bahrain Grand Prix,2023
ALO,5.0,1,Bahrain Grand Prix,2023
ALO,6.0,1,Bahrain Grand Prix,2023
ALO,7.0,1,Bahrain Grand Prix,2023
ALO,8.0,1,Bahrain Grand Prix,2023
ALO,9.0,1,Bahrain Grand Prix,2023
ALO,10.0,1,Bahrain Grand Prix,2023
ALO,11.0,1,Bahrain Grand Prix,2023
ALO,12.0,1,Bahrain Grand Prix,2023
ALO,13.0,1,Bahrain Grand Prix,2023
ALO,14.0,1,Bahrain Grand Prix,2023
ALO,15.0,1,Bahrain Grand Prix,2023
ALO,16.0,1,Bahrain Grand Prix,2023
ALO,17.0,1,Bahrain Grand Prix,2023
ALO,18.0,1,Bahrain Grand Prix,2023
ALO,19.0,1,Bahrain Grand Prix,2023
ALO,20.0,1,Bahrain Grand Prix,2023
ALO,21.0,1,Bahrain Grand Prix,2023
ALO,22.0,1,Bahrain Grand Prix,2023
ALO,23.0,1,Bahrain Grand Prix,2023
ALO,24.0,1,Bahrain Grand Prix,2023
ALO,25.0,1,Bahrain Grand Prix,2023
ALO,26.0,1,Bahrain Grand Prix,2023
ALO,27.0,1,Bahrain Grand Prix,2023
ALO,28.0,1,Bahrain Grand Prix,2023
ALO,29.0,1,Bahrain Grand Prix,2023
ALO,30.0,1,Bahrain Grand Prix,2023
ALO,31.0,1,Bahrain Grand Prix,2023
ALO,32.0,1,Bahrain Grand Prix,2023
ALO,33.0,1,Bahrain Grand Prix,2023
ALO,34.0,1,Bahrain Grand Prix,2023
ALO,35.0,1,Bahrain Grand Prix,2023
ALO,36.0,1,Bahrain Grand Prix,2023
ALO,37.0,1,Bahrain Grand Prix,2023
ALO,38.0,1,Bahrain Grand Prix,2023
ALO,39.0,1,Bahrain Grand Prix,2023
ALO,40.0,12,Bahrain Grand Prix,2023
ALO,41.0,2671,Bahrain Grand Prix,2023
ALO,42.0,1,Bahrain Grand Prix,2023
ALO,43.0,1,Bahrain Grand Prix,2023
ALO,44.0,1,Bahrain Grand Prix,2023
ALO,45.0,1,Bahrain Grand Prix,2023
ALO,46.0,1,Bahrain Grand Prix,2023
ALO,47.0,1,Bahrain Grand Prix,2023
ALO,48.0,1,Bahrain Grand Prix,2023
ALO,49.0,1,Bahrain Grand Prix,2023
ALO,50.0,1,Bahrain Grand Prix,2023
ALO,51.0,1,Bahrain Grand Prix,2023
ALO,52.0,1,Bahrain Grand Prix,2023
ALO,53.0,1,Bahrain Grand Prix,2023
ALO,54.0,1,Bahrain Grand Prix,2023
ALO,55.0,1,Bahrain Grand Prix,2023
ALO,56.0,1,Bahrain Grand Prix,2023
ALO,57.0,1,Bahrain Grand Prix,2023
LEC,1.0,12,Bahrain Grand Prix,2023
LEC,2.0,21,Bahrain Grand Prix,2023
LEC,3.0,1,Bahrain Grand Prix,2023
LEC,4.0,1,Bahrain Grand Prix,2023
LEC,5.0,1,Bahrain Grand Prix,2023
LEC,6.0,1,Bahrain Grand Prix,2023
LEC,7.0,1,Bahrain Grand Prix,2023
LEC,8.0,1,Bahrain Grand Prix,2023
LEC,9.0,1,Bahrain Grand Prix,2023
LEC,10.0,1,Bahrain Grand Prix,2023
LEC,11.0,1,Bahrain Grand Prix,2023
LEC,12.0,1,Bahrain Grand Prix,2023
LEC,13.0,1,Bahrain Grand Prix,2023
LEC,14.0,1,Bahrain Grand Prix,2023
LEC,15.0,1,Bahrain Grand Prix,2023
LEC,16.0,1,Bahrain Grand Prix,2023
LEC,17.0,1,Bahrain Grand Prix,2023
LEC,18.0,1,Bahrain Grand Prix,2023
LEC,19.0,1,Bahrain Grand Prix,2023
LEC,20.0,1,Bahrain Grand Prix,2023
LEC,21.0,1,Bahrain Grand Prix,2023
LEC,22.0,1,Bahrain Grand Prix,2023
LEC,23.0,1,Bahrain Grand Prix,2023
LEC,24.0,1,Bahrain Grand Prix,2023
LEC,25.0,1,Bahrain Grand Prix,2023
LEC,26.0,1,Bahrain Grand Prix,2023
LEC,27.0,1,Bahrain Grand Prix,2023
LEC,28.0,1,Bahrain Grand Prix,2023
LEC,29.0,1,Bahrain Grand Prix,2023
LEC,30.0,1,Bahrain Grand Prix,2023
LEC,31.0,1,Bahrain Grand Prix,2023
LEC,32.0,1,Bahrain Grand Prix,2023
LEC,33.0,1,Bahrain Grand Prix,2023
LEC,34.0,1,Bahrain Grand Prix,2023
LEC,35.0,1,Bahrain Grand Prix,2023
LEC,36.0,1,Bahrain Grand Prix,2023
LEC,37.0,1,Bahrain Grand Prix,2023
LEC,38.0,1,Bahrain Grand Prix,2023
LEC,39.0,1,Bahrain Grand Prix,2023
LEC,40.0,1,Bahrain Grand Prix,2023
STR,1.0,12,Bahrain Grand Prix,2023
STR,2.0,21,Bahrain Grand Prix,2023
STR,3.0,1,Bahrain Grand Prix,2023
STR,4.0,1,Bahrain Grand Prix,2023
STR,5.0,1,Bahrain Grand Prix,2023
STR,6.0,1,Bahrain Grand Prix,2023
STR,7.0,1,Bahrain Grand Prix,2023
STR,8.0,1,Bahrain Grand Prix,2023
STR,9.0,1,Bahrain Grand Prix,2023
STR,10.0,1,Bahrain Grand Prix,2023
STR,11.0,1,Bahrain Grand Prix,2023
STR,12.0,1,Bahrain Grand Prix,2023
STR,13.0,1,Bahrain Grand Prix,2023
STR,14.0,1,Bahrain Grand Prix,2023
STR,15.0,1,Bahrain Grand Prix,2023
STR,16.0,1,Bahrain Grand Prix,2023
STR,17.0,1,Bahrain Grand Prix,2023
STR,18.0,1,Bahrain Grand Prix,2023
STR,19.0,1,Bahrain Grand Prix,2023
STR,20.0,1,Bahrain Grand Prix,2023
STR,21.0,1,Bahrain Grand Prix,2023
STR,22.0,1,Bahrain Grand Prix,2023
STR,23.0,1,Bahrain Grand Prix,2023
STR,24.0,1,Bahrain Grand Prix,2023
STR,25.0,1,Bahrain Grand Prix,2023
STR,26.0,1,Bahrain Grand Prix,2023
STR,27.0,1,Bahrain Grand Prix,2023
STR,28.0,1,Bahrain Grand Prix,2023
STR,29.0,1,Bahrain Grand Prix,2023
STR,30.0,1,Bahrain Grand Prix,2023
STR,31.0,1,Bahrain Grand Prix,2023
STR,32.0,1,Bahrain Grand Prix,2023
STR,33.0,1,Bahrain Grand Prix,2023
STR,34.0,1,Bahrain Grand Prix,2023
STR,35.0,1,Bahrain Grand Prix,2023
STR,36.0,1,Bahrain Grand Prix,2023
STR,37.0,1,Bahrain Grand Prix,2023
STR,38.0,1,Bahrain Grand Prix,2023
STR,39.0,1,Bahrain Grand Prix,2023
STR,40.0,126,Bahrain Grand Prix,2023
STR,41.0,671,Bahrain Grand Prix,2023
STR,42.0,1,Bahrain Grand Prix,2023
STR,43.0,1,Bahrain Grand Prix,2023
STR,44.0,1,Bahrain Grand Prix,2023
STR,45.0,1,Bahrain Grand Prix,2023
STR,46.0,1,Bahrain Grand Prix,2023
STR,47.0,1,Bahrain Grand Prix,2023
STR,48.0,1,Bahrain Grand Prix,2023
STR,49.0,1,Bahrain Grand Prix,2023
STR,50.0,1,Bahrain Grand Prix,2023
STR,51.0,1,Bahrain Grand Prix,2023
STR,52.0,1,Bahrain Grand Prix,2023
STR,53.0,1,Bahrain Grand Prix,2023
STR,54.0,1,Bahrain Grand Prix,2023
STR,55.0,1,Bahrain Grand Prix,2023
STR,56.0,1,Bahrain Grand Prix,2023
STR,57.0,1,Bahrain Grand Prix,2023
SAR,1.0,12,Bahrain Grand Prix,2023
SAR,2.0,21,Bahrain Grand Prix,2023
SAR,3.0,1,Bahrain Grand Prix,2023
SAR,4.0,1,Bahrain Grand Prix,2023
SAR,5.0,1,Bahrain Grand Prix,2023
SAR,6.0,1,Bahrain Grand Prix,2023
SAR,7.0,1,Bahrain Grand Prix,2023
SAR,8.0,1,Bahrain Grand Prix,2023
SAR,9.0,1,Bahrain Grand Prix,2023
SAR,10.0,1,Bahrain Grand Prix,2023
SAR,11.0,1,Bahrain Grand Prix,2023
SAR,12.0,1,Bahrain Grand Prix,2023
SAR,13.0,1,Bahrain Grand Prix,2023
SAR,14.0,1,Bahrain Grand Prix,2023
SAR,15.0,1,Bahrain Grand Prix,2023
SAR,16.0,1,Bahrain Grand Prix,2023
SAR,17.0,1,Bahrain Grand Prix,2023
SAR,18.0,1,Bahrain Grand Prix,2023
SAR,19.0,1,Bahrain Grand Prix,2023
SAR,20.0,1,Bahrain Grand Prix,2023
SAR,21.0,1,Bahrain Grand Prix,2023
SAR,22.0,1,Bahrain Grand Prix,2023
SAR,23.0,1,Bahrain Grand Prix,2023
SAR,24.0,1,Bahrain Grand Prix,2023
SAR,25.0,1,Bahrain Grand Prix,2023
SAR,26.0,1,Bahrain Grand Prix,2023
SAR,27.0,1,Bahrain Grand Prix,2023
SAR,28.0,1,Bahrain Grand Prix,2023
SAR,29.0,1,Bahrain Grand Prix,2023
SAR,30.0,1,Bahrain Grand Prix,2023
SAR,31.0,1,Bahrain Grand Prix,2023
SAR,32.0,1,Bahrain Grand Prix,2023
SAR,33.0,1,Bahrain Grand Prix,2023
SAR,34.0,1,Bahrain Grand Prix,2023
SAR,35.0,1,Bahrain Grand Prix,2023
SAR,36.0,1,Bahrain Grand Prix,2023
SAR,37.0,1,Bahrain Grand Prix,2023
SAR,38.0,1,Bahrain Grand Prix,2023
SAR,39.0,1,Bahrain Grand Prix,2023
SAR,40.0,126,Bahrain Grand Prix,2023
SAR,41.0,671,Bahrain Grand Prix,2023
SAR,42.0,1,Bahrain Grand Prix,2023
SAR,43.0,1,Bahrain Grand Prix,2023
SAR,44.0,1,Bahrain Grand Prix,2023
SAR,45.0,1,Bahrain Grand Prix,2023
SAR,46.0,1,Bahrain Grand Prix,2023
SAR,47.0,1,Bahrain Grand Prix,2023
SAR,48.0,1,Bahrain Grand Prix,2023
SAR,49.0,1,Bahrain Grand Prix,2023
SAR,50.0,1,Bahrain Grand Prix,2023
SAR,51.0,1,Bahrain Grand Prix,2023
SAR,52.0,1,Bahrain Grand Prix,2023
SAR,53.0,1,Bahrain Grand Prix,2023
SAR,54.0,1,Bahrain Grand Prix,2023
SAR,55.0,1,Bahrain Grand Prix,2023
SAR,56.0,1,Bahrain Grand Prix,2023
MAG,1.0,12,Bahrain Grand Prix,2023
MAG,2.0,21,Bahrain Grand Prix,2023
MAG,3.0,1,Bahrain Grand Prix,2023
MAG,4.0,1,Bahrain Grand Prix,2023
MAG,5.0,1,Bahrain Grand Prix,2023
MAG,6.0,1,Bahrain Grand Prix,2023
MAG,7.0,1,Bahrain Grand Prix,2023
MAG,8.0,1,Bahrain Grand Prix,2023
MAG,9.0,1,Bahrain Grand Prix,2023
MAG,10.0,1,Bahrain Grand Prix,2023
MAG,11.0,1,Bahrain Grand Prix,2023
MAG,12.0,1,Bahrain Grand Prix,2023
MAG,13.0,1,Bahrain Grand Prix,2023
MAG,14.0,1,Bahrain Grand Prix,2023
MAG,15.0,1,Bahrain Grand Prix,2023
MAG,16.0,1,Bahrain Grand Prix,2023
MAG,17.0,1,Bahrain Grand Prix,2023
MAG,18.0,1,Bahrain Grand Prix,2023
MAG,19.0,1,Bahrain Grand Prix,2023
MAG,20.0,1,Bahrain Grand Prix,2023
MAG,21.0,1,Bahrain Grand Prix,2023
MAG,22.0,1,Bahrain Grand Prix,2023
MAG,23.0,1,Bahrain Grand Prix,2023
MAG,24.0,1,Bahrain Grand Prix,2023
MAG,25.0,1,Bahrain Grand Prix,2023
MAG,26.0,1,Bahrain Grand Prix,2023
MAG,27.0,1,Bahrain Grand Prix,2023
MAG,28.0,1,Bahrain Grand Prix,2023
MAG,29.0,1,Bahrain Grand Prix,2023
MAG,30.0,1,Bahrain Grand Prix,2023
MAG,31.0,1,Bahrain Grand Prix,2023
MAG,32.0,1,Bahrain Grand Prix,2023
MAG,33.0,1,Bahrain Grand Prix,2023
MAG,34.0,1,Bahrain Grand Prix,2023
MAG,35.0,1,Bahrain Grand Prix,2023
MAG,36.0,1,Bahrain Grand Prix,2023
MAG,37.0,1,Bahrain Grand Prix,2023
MAG,38.0,1,Bahrain Grand Prix,2023
MAG,39.0,1,Bahrain Grand Prix,2023
MAG,40.0,126,Bahrain Grand Prix,2023
MAG,41.0,671,Bahrain Grand Prix,2023
MAG,42.0,1,Bahrain Grand Prix,2023
MAG,43.0,1,Bahrain Grand Prix,2023
MAG,44.0,1,Bahrain Grand Prix,2023
MAG,45.0,1,Bahrain Grand Prix,2023
MAG,46.0,1,Bahrain Grand Prix,2023
MAG,47.0,1,Bahrain Grand Prix,2023
MAG,48.0,1,Bahrain Grand Prix,2023
MAG,49.0,1,Bahrain Grand Prix,2023
MAG,50.0,1,Bahrain Grand Prix,2023
MAG,51.0,1,Bahrain Grand Prix,2023
MAG,52.0,1,Bahrain Grand Prix,2023
MAG,53.0,1,Bahrain Grand Prix,2023
MAG,54.0,1,Bahrain Grand Prix,2023
MAG,55.0,1,Bahrain Grand Prix,2023
MAG,56.0,1,Bahrain Grand Prix,2023
DEV,1.0,12,Bahrain Grand Prix,2023
DEV,2.0,21,Bahrain Grand Prix,2023
DEV,3.0,1,Bahrain Grand Prix,2023
DEV,4.0,1,Bahrain Grand Prix,2023
DEV,5.0,1,Bahrain Grand Prix,2023
DEV,6.0,1,Bahrain Grand Prix,2023
DEV,7.0,1,Bahrain Grand Prix,2023
DEV,8.0,1,Bahrain Grand Prix,2023
DEV,9.0,1,Bahrain Grand Prix,2023
DEV,10.0,1,Bahrain Grand Prix,2023
DEV,11.0,1,Bahrain Grand Prix,2023
DEV,12.0,1,Bahrain Grand Prix,2023
DEV,13.0,1,Bahrain Grand Prix,2023
DEV,14.0,1,Bahrain Grand Prix,2023
DEV,15.0,1,Bahrain Grand Prix,2023
DEV,16.0,1,Bahrain Grand Prix,2023
DEV,17.0,1,Bahrain Grand Prix,2023
DEV,18.0,1,Bahrain Grand Prix,2023
DEV,19.0,1,Bahrain Grand Prix,2023
DEV,20.0,1,Bahrain Grand Prix,2023
DEV,21.0,1,Bahrain Grand Prix,2023
DEV,22.0,1,Bahrain Grand Prix,2023
DEV,23.0,1,Bahrain Grand Prix,2023
DEV,24.0,1,Bahrain Grand Prix,2023
DEV,25.0,1,Bahrain Grand Prix,2023
DEV,26.0,1,Bahrain Grand Prix,2023
DEV,27.0,1,Bahrain Grand Prix,2023
DEV,28.0,1,Bahrain Grand Prix,2023
DEV,29.0,1,Bahrain Grand Prix,2023
DEV,30.0,1,Bahrain Grand Prix,2023
DEV,31.0,1,Bahrain Grand Prix,2023
DEV,32.0,1,Bahrain Grand Prix,2023
DEV,33.0,1,Bahrain Grand Prix,2023
DEV,34.0,1,Bahrain Grand Prix,2023
DEV,35.0,1,Bahrain Grand Prix,2023
DEV,36.0,1,Bahrain Grand Prix,2023
DEV,37.0,1,Bahrain Grand Prix,2023
DEV,38.0,1,Bahrain Grand Prix,2023
DEV,39.0,1,Bahrain Grand Prix,2023
DEV,40.0,126,Bahrain Grand Prix,2023
DEV,41.0,671,Bahrain Grand Prix,2023
DEV,42.0,1,Bahrain Grand Prix,2023
DEV,43.0,1,Bahrain Grand Prix,2023
DEV,44.0,1,Bahrain Grand Prix,2023
DEV,45.0,1,Bahrain Grand Prix,2023
DEV,46.0,1,Bahrain Grand Prix,2023
DEV,47.0,1,Bahrain Grand Prix,2023
DEV,48.0,1,Bahrain Grand Prix,2023
DEV,49.0,1,Bahrain Grand Prix,2023
DEV,50.0,1,Bahrain Grand Prix,2023
DEV,51.0,1,Bahrain Grand Prix,2023
DEV,52.0,1,Bahrain Grand Prix,2023
DEV,53.0,1,Bahrain Grand Prix,2023
DEV,54.0,1,Bahrain Grand Prix,2023
DEV,55.0,1,Bahrain Grand Prix,2023
DEV,56.0,1,Bahrain Grand Prix,2023
TSU,1.0,12,Bahrain Grand Prix,2023
TSU,2.0,21,Bahrain Grand Prix,2023
TSU,3.0,1,Bahrain Grand Prix,2023
TSU,4.0,1,Bahrain Grand Prix,2023
TSU,5.0,1,Bahrain Grand Prix,2023
TSU,6.0,1,Bahrain Grand Prix,2023
TSU,7.0,1,Bahrain Grand Prix,2023
TSU,8.0,1,Bahrain Grand Prix,2023
TSU,9.0,1,Bahrain Grand Prix,2023
TSU,10.0,1,Bahrain Grand Prix,2023
TSU,11.0,1,Bahrain Grand Prix,2023
TSU,12.0,1,Bahrain Grand Prix,2023
TSU,13.0,1,Bahrain Grand Prix,2023
TSU,14.0,1,Bahrain Grand Prix,2023
TSU,15.0,1,Bahrain Grand Prix,2023
TSU,16.0,1,Bahrain Grand Prix,2023
TSU,17.0,1,Bahrain Grand Prix,2023
TSU,18.0,1,Bahrain Grand Prix,2023
TSU,19.0,1,Bahrain Grand Prix,2023
TSU,20.0,1,Bahrain Grand Prix,2023
TSU,21.0,1,Bahrain Grand Prix,2023
TSU,22.0,1,Bahrain Grand Prix,2023
TSU,23.0,1,Bahrain Grand Prix,2023
TSU,24.0,1,Bahrain Grand Prix,2023
TSU,25.0,1,Bahrain Grand Prix,2023
TSU,26.0,1,Bahrain Grand Prix,2023
TSU,27.0,1,Bahrain Grand Prix,2023
TSU,28.0,1,Bahrain Grand Prix,2023
TSU,29.0,1,Bahrain Grand Prix,2023
TSU,30.0,1,Bahrain Grand Prix,2023
TSU,31.0,1,Bahrain Grand Prix,2023
TSU,32.0,1,Bahrain Grand Prix,2023
TSU,33.0,1,Bahrain Grand Prix,2023
TSU,34.0,1,Bahrain Grand Prix,2023
TSU,35.0,1,Bahrain Grand Prix,2023
TSU,36.0,1,Bahrain Grand Prix,2023
TSU,37.0,1,Bahrain Grand Prix,2023
TSU,38.0,1,Bahrain Grand Prix,2023
TSU,39.0,1,Bahrain Grand Prix,2023
TSU,40.0,126,Bahrain Grand Prix,2023
TSU,41.0,671,Bahrain Grand Prix,2023
TSU,42.0,1,Bahrain Grand Prix,2023
TSU,43.0,1,Bahrain Grand Prix,2023
TSU,44.0,1,Bahrain Grand Prix,2023
TSU,45.0,1,Bahrain Grand Prix,2023
TSU,46.0,1,Bahrain Grand Prix,2023
TSU,47.0,1,Bahrain Grand Prix,2023
TSU,48.0,1,Bahrain Grand Prix,2023
TSU,49.0,1,Bahrain Grand Prix,2023
TSU,50.0,1,Bahrain Grand Prix,2023
TSU,51.0,1,Bahrain Grand Prix,2023
TSU,52.0,1,Bahrain Grand Prix,2023
TSU,53.0,1,Bahrain Grand Prix,2023
TSU,54.0,1,Bahrain Grand Prix,2023
TSU,55.0,1,Bahrain Grand Prix,2023
TSU,56.0,1,Bahrain Grand Prix,2023
TSU,57.0,1,Bahrain Grand Prix,2023
ALB,1.0,12,Bahrain Grand Prix,2023
ALB,2.0,21,Bahrain Grand Prix,2023
ALB,3.0,1,Bahrain Grand Prix,2023
ALB,4.0,1,Bahrain Grand Prix,2023
ALB,5.0,1,Bahrain Grand Prix,2023
ALB,6.0,1,Bahrain Grand Prix,2023
ALB,7.0,1,Bahrain Grand Prix,2023
ALB,8.0,1,Bahrain Grand Prix,2023
ALB,9.0,1,Bahrain Grand Prix,2023
ALB,10.0,1,Bahrain Grand Prix,2023
ALB,11.0,1,Bahrain Grand Prix,2023
ALB,12.0,1,Bahrain Grand Prix,2023
ALB,13.0,1,Bahrain Grand Prix,2023
ALB,14.0,1,Bahrain Grand Prix,2023
ALB,15.0,1,Bahrain Grand Prix,2023
ALB,16.0,1,Bahrain Grand Prix,2023
ALB,17.0,1,Bahrain Grand Prix,2023
ALB,18.0,1,Bahrain Grand Prix,2023
ALB,19.0,1,Bahrain Grand Prix,2023
ALB,20.0,1,Bahrain Grand Prix,2023
ALB,21.0,1,Bahrain Grand Prix,2023
ALB,22.0,1,Bahrain Grand Prix,2023
ALB,23.0,1,Bahrain Grand Prix,2023
ALB,24.0,1,Bahrain Grand Prix,2023
ALB,25.0,1,Bahrain Grand Prix,2023
ALB,26.0,1,Bahrain Grand Prix,2023
ALB,27.0,1,Bahrain Grand Prix,2023
ALB,28.0,1,Bahrain Grand Prix,2023
ALB,29.0,1,Bahrain Grand Prix,2023
ALB,30.0,1,Bahrain Grand Prix,2023
ALB,31.0,1,Bahrain Grand Prix,2023
ALB,32.0,1,Bahrain Grand Prix,2023
ALB,33.0,1,Bahrain Grand Prix,2023
ALB,34.0,1,Bahrain Grand Prix,2023
ALB,35.0,1,Bahrain Grand Prix,2023
ALB,36.0,1,Bahrain Grand Prix,2023
ALB,37.0,1,Bahrain Grand Prix,2023
ALB,38.0,1,Bahrain Grand Prix,2023
ALB,39.0,1,Bahrain Grand Prix,2023
ALB,40.0,126,Bahrain Grand Prix,2023
ALB,41.0,671,Bahrain Grand Prix,2023
ALB,42.0,1,Bahrain Grand Prix,2023
ALB,43.0,1,Bahrain Grand Prix,2023
ALB,44.0,1,Bahrain Grand Prix,2023
ALB,45.0,1,Bahrain Grand Prix,2023
ALB,46.0,1,Bahrain Grand Prix,2023
ALB,47.0,1,Bahrain Grand Prix,2023
ALB,48.0,1,Bahrain Grand Prix,2023
ALB,49.0,1,Bahrain Grand Prix,2023
ALB,50.0,1,Bahrain Grand Prix,2023
ALB,51.0,1,Bahrain Grand Prix,2023
ALB,52.0,1,Bahrain Grand Prix,2023
ALB,53.0,1,Bahrain Grand Prix,2023
ALB,54.0,1,Bahrain Grand Prix,2023
ALB,55.0,1,Bahrain Grand Prix,2023
ALB,56.0,1,Bahrain Grand Prix,2023
ALB,57.0,1,Bahrain Grand Prix,2023
ZHO,1.0,12,Bahrain Grand Prix,2023
ZHO,2.0,21,Bahrain Grand Prix,2023
ZHO,3.0,1,Bahrain Grand Prix,2023
ZHO,4.0,1,Bahrain Grand Prix,2023
ZHO,5.0,1,Bahrain Grand Prix,2023
ZHO,6.0,1,Bahrain Grand Prix,2023
ZHO,7.0,1,Bahrain Grand Prix,2023
ZHO,8.0,1,Bahrain Grand Prix,2023
ZHO,9.0,1,Bahrain Grand Prix,2023
ZHO,10.0,1,Bahrain Grand Prix,2023
ZHO,11.0,1,Bahrain Grand Prix,2023
ZHO,12.0,1,Bahrain Grand Prix,2023
ZHO,13.0,1,Bahrain Grand Prix,2023
ZHO,14.0,1,Bahrain Grand Prix,2023
ZHO,15.0,1,Bahrain Grand Prix,2023
ZHO,16.0,1,Bahrain Grand Prix,2023
ZHO,17.0,1,Bahrain Grand Prix,2023
ZHO,18.0,1,Bahrain Grand Prix,2023
ZHO,19.0,1,Bahrain Grand Prix,2023
ZHO,20.0,1,Bahrain Grand Prix,2023
ZHO,21.0,1,Bahrain Grand Prix,2023
ZHO,22.0,1,Bahrain Grand Prix,2023
ZHO,23.0,1,Bahrain Grand Prix,2023
ZHO,24.0,1,Bahrain Grand Prix,2023
ZHO,25.0,1,Bahrain Grand Prix,2023
ZHO,26.0,1,Bahrain Grand Prix,2023
ZHO,27.0,1,Bahrain Grand Prix,2023
ZHO,28.0,1,Bahrain Grand Prix,2023
ZHO,29.0,1,Bahrain Grand Prix,2023
ZHO,30.0,1,Bahrain Grand Prix,2023
ZHO,31.0,1,Bahrain Grand Prix,2023
ZHO,32.0,1,Bahrain Grand Prix,2023
ZHO,33.0,1,Bahrain Grand Prix,2023
ZHO,34.0,1,Bahrain Grand Prix,2023
ZHO,35.0,1,Bahrain Grand Prix,2023
ZHO,36.0,1,Bahrain Grand Prix,2023
ZHO,37.0,1,Bahrain Grand Prix,2023
ZHO,38.0,1,Bahrain Grand Prix,2023
ZHO,39.0,1,Bahrain Grand Prix,2023
ZHO,40.0,126,Bahrain Grand Prix,2023
ZHO,41.0,671,Bahrain Grand Prix,2023
ZHO,42.0,1,Bahrain Grand Prix,2023
ZHO,43.0,1,Bahrain Grand Prix,2023
ZHO,44.0,1,Bahrain Grand Prix,2023
ZHO,45.0,1,Bahrain Grand Prix,2023
ZHO,46.0,1,Bahrain Grand Prix,2023
ZHO,47.0,1,Bahrain Grand Prix,2023
ZHO,48.0,1,Bahrain Grand Prix,2023
ZHO,49.0,1,Bahrain Grand Prix,2023
ZHO,50.0,1,Bahrain Grand Prix,2023
ZHO,51.0,1,Bahrain Grand Prix,2023
ZHO,52.0,1,Bahrain Grand Prix,2023
ZHO,53.0,1,Bahrain Grand Prix,2023
ZHO,54.0,1,Bahrain Grand Prix,2023
ZHO,55.0,1,Bahrain Grand Prix,2023
ZHO,56.0,1,Bahrain Grand Prix,2023
HUL,1.0,12,Bahrain Grand Prix,2023
HUL,2.0,21,Bahrain Grand Prix,2023
HUL,3.0,1,Bahrain Grand Prix,2023
HUL,4.0,1,Bahrain Grand Prix,2023
HUL,5.0,1,Bahrain Grand Prix,2023
HUL,6.0,1,Bahrain Grand Prix,2023
HUL,7.0,1,Bahrain Grand Prix,2023
HUL,8.0,1,Bahrain Grand Prix,2023
HUL,9.0,1,Bahrain Grand Prix,2023
HUL,10.0,1,Bahrain Grand Prix,2023
HUL,11.0,1,Bahrain Grand Prix,2023
HUL,12.0,1,Bahrain Grand Prix,2023
HUL,13.0,1,Bahrain Grand Prix,2023
HUL,14.0,1,Bahrain Grand Prix,2023
HUL,15.0,1,Bahrain Grand Prix,2023
HUL,16.0,1,Bahrain Grand Prix,2023
HUL,17.0,1,Bahrain Grand Prix,2023
HUL,18.0,1,Bahrain Grand Prix,2023
HUL,19.0,1,Bahrain Grand Prix,2023
HUL,20.0,1,Bahrain Grand Prix,2023
HUL,21.0,1,Bahrain Grand Prix,2023
HUL,22.0,1,Bahrain Grand Prix,2023
HUL,23.0,1,Bahrain Grand Prix,2023
HUL,24.0,1,Bahrain Grand Prix,2023
HUL,25.0,1,Bahrain Grand Prix,2023
HUL,26.0,1,Bahrain Grand Prix,2023
HUL,27.0,1,Bahrain Grand Prix,2023
HUL,28.0,1,Bahrain Grand Prix,2023
HUL,29.0,1,Bahrain Grand Prix,2023
HUL,30.0,1,Bahrain Grand Prix,2023
HUL,31.0,1,Bahrain Grand Prix,2023
HUL,32.0,1,Bahrain Grand Prix,2023
HUL,33.0,1,Bahrain Grand Prix,2023
HUL,34.0,1,Bahrain Grand Prix,2023
HUL,35.0,1,Bahrain Grand Prix,2023
HUL,36.0,1,Bahrain Grand Prix,2023
HUL,37.0,1,Bahrain Grand Prix,2023
HUL,38.0,1,Bahrain Grand Prix,2023
HUL,39.0,1,Bahrain Grand Prix,2023
HUL,40.0,126,Bahrain Grand Prix,2023
HUL,41.0,671,Bahrain Grand Prix,2023
HUL,42.0,1,Bahrain Grand Prix,2023
HUL,43.0,1,Bahrain Grand Prix,2023
HUL,44.0,1,Bahrain Grand Prix,2023
HUL,45.0,1,Bahrain Grand Prix,2023
HUL,46.0,1,Bahrain Grand Prix,2023
HUL,47.0,1,Bahrain Grand Prix,2023
HUL,48.0,1,Bahrain Grand Prix,2023
HUL,49.0,1,Bahrain Grand Prix,2023
HUL,50.0,1,Bahrain Grand Prix,2023
HUL,51.0,1,Bahrain Grand Prix,2023
HUL,52.0,1,Bahrain Grand Prix,2023
HUL,53.0,1,Bahrain Grand Prix,2023
HUL,54.0,1,Bahrain Grand Prix,2023
HUL,55.0,1,Bahrain Grand Prix,2023
HUL,56.0,1,Bahrain Grand Prix,2023
OCO,1.0,12,Bahrain Grand Prix,2023
OCO,2.0,21,Bahrain Grand Prix,2023
OCO,3.0,1,Bahrain Grand Prix,2023
OCO,4.0,1,Bahrain Grand Prix,2023
OCO,5.0,1,Bahrain Grand Prix,2023
OCO,6.0,1,Bahrain Grand Prix,2023
OCO,7.0,1,Bahrain Grand Prix,2023
OCO,8.0,1,Bahrain Grand Prix,2023
OCO,9.0,1,Bahrain Grand Prix,2023
OCO,10.0,1,Bahrain Grand Prix,2023
OCO,11.0,1,Bahrain Grand Prix,2023
OCO,12.0,1,Bahrain Grand Prix,2023
OCO,13.0,1,Bahrain Grand Prix,2023
OCO,14.0,1,Bahrain Grand Prix,2023
OCO,15.0,1,Bahrain Grand Prix,2023
OCO,16.0,1,Bahrain Grand Prix,2023
OCO,17.0,1,Bahrain Grand Prix,2023
OCO,18.0,1,Bahrain Grand Prix,2023
OCO,19.0,1,Bahrain Grand Prix,2023
OCO,20.0,1,Bahrain Grand Prix,2023
OCO,21.0,1,Bahrain Grand Prix,2023
OCO,22.0,1,Bahrain Grand Prix,2023
OCO,23.0,1,Bahrain Grand Prix,2023
OCO,24.0,1,Bahrain Grand Prix,2023
OCO,25.0,1,Bahrain Grand Prix,2023
OCO,26.0,1,Bahrain Grand Prix,2023
OCO,27.0,1,Bahrain Grand Prix,2023
OCO,28.0,1,Bahrain Grand Prix,2023
OCO,29.0,1,Bahrain Grand Prix,2023
OCO,30.0,1,Bahrain Grand Prix,2023
OCO,31.0,1,Bahrain Grand Prix,2023
OCO,32.0,1,Bahrain Grand Prix,2023
OCO,33.0,1,Bahrain Grand Prix,2023
OCO,34.0,1,Bahrain Grand Prix,2023
OCO,35.0,1,Bahrain Grand Prix,2023
OCO,36.0,1,Bahrain Grand Prix,2023
OCO,37.0,1,Bahrain Grand Prix,2023
OCO,38.0,1,Bahrain Grand Prix,2023
OCO,39.0,12,Bahrain Grand Prix,2023
OCO,40.0,2671,Bahrain Grand Prix,2023
OCO,41.0,1,Bahrain Grand Prix,2023
NOR,1.0,12,Bahrain Grand Prix,2023
NOR,2.0,21,Bahrain Grand Prix,2023
NOR,3.0,1,Bahrain Grand Prix,2023
NOR,4.0,1,Bahrain Grand Prix,2023
NOR,5.0,1,Bahrain Grand Prix,2023
NOR,6.0,1,Bahrain Grand Prix,2023
NOR,7.0,1,Bahrain Grand Prix,2023
NOR,8.0,1,Bahrain Grand Prix,2023
NOR,9.0,1,Bahrain Grand Prix,2023
NOR,10.0,1,Bahrain Grand Prix,2023
NOR,11.0,1,Bahrain Grand Prix,2023
NOR,12.0,1,Bahrain Grand Prix,2023
NOR,13.0,1,Bahrain Grand Prix,2023
NOR,14.0,1,Bahrain Grand Prix,2023
NOR,15.0,1,Bahrain Grand Prix,2023
NOR,16.0,1,Bahrain Grand Prix,2023
NOR,17.0,1,Bahrain Grand Prix,2023
NOR,18.0,1,Bahrain Grand Prix,2023
NOR,19.0,1,Bahrain Grand Prix,2023
NOR,20.0,1,Bahrain Grand Prix,2023
NOR,21.0,1,Bahrain Grand Prix,2023
NOR,22.0,1,Bahrain Grand Prix,2023
NOR,23.0,1,Bahrain Grand Prix,2023
NOR,24.0,1,Bahrain Grand Prix,2023
NOR,25.0,1,Bahrain Grand Prix,2023
NOR,26.0,1,Bahrain Grand Prix,2023
NOR,27.0,1,Bahrain Grand Prix,2023
NOR,28.0,1,Bahrain Grand Prix,2023
NOR,29.0,1,Bahrain Grand Prix,2023
NOR,30.0,1,Bahrain Grand Prix,2023
NOR,31.0,1,Bahrain Grand Prix,2023
NOR,32.0,1,Bahrain Grand Prix,2023
NOR,33.0,1,Bahrain Grand Prix,2023
NOR,34.0,1,Bahrain Grand Prix,2023
NOR,35.0,1,Bahrain Grand Prix,2023
NOR,36.0,1,Bahrain Grand Prix,2023
NOR,37.0,1,Bahrain Grand Prix,2023
NOR,38.0,1,Bahrain Grand Prix,2023
NOR,39.0,12,Bahrain Grand Prix,2023
NOR,40.0,2671,Bahrain Grand Prix,2023
NOR,41.0,1,Bahrain Grand Prix,2023
NOR,42.0,1,Bahrain Grand Prix,2023
NOR,43.0,1,Bahrain Grand Prix,2023
NOR,44.0,1,Bahrain Grand Prix,2023
NOR,45.0,1,Bahrain Grand Prix,2023
NOR,46.0,1,Bahrain Grand Prix,2023
NOR,47.0,1,Bahrain Grand Prix,2023
NOR,48.0,1,Bahrain Grand Prix,2023
NOR,49.0,1,Bahrain Grand Prix,2023
NOR,50.0,1,Bahrain Grand Prix,2023
NOR,51.0,1,Bahrain Grand Prix,2023
NOR,52.0,1,Bahrain Grand Prix,2023
NOR,53.0,1,Bahrain Grand Prix,2023
NOR,54.0,1,Bahrain Grand Prix,2023
NOR,55.0,1,Bahrain Grand Prix,2023
HAM,1.0,12,Bahrain Grand Prix,2023
HAM,2.0,21,Bahrain Grand Prix,2023
HAM,3.0,1,Bahrain Grand Prix,2023
HAM,4.0,1,Bahrain Grand Prix,2023
HAM,5.0,1,Bahrain Grand Prix,2023
HAM,6.0,1,Bahrain Grand Prix,2023
HAM,7.0,1,Bahrain Grand Prix,2023
HAM,8.0,1,Bahrain Grand Prix,2023
HAM,9.0,1,Bahrain Grand Prix,2023
HAM,10.0,1,Bahrain Grand Prix,2023
HAM,11.0,1,Bahrain Grand Prix,2023
HAM,12.0,1,Bahrain Grand Prix,2023
HAM,13.0,1,Bahrain Grand Prix,2023
HAM,14.0,1,Bahrain Grand Prix,2023
HAM,15.0,1,Bahrain Grand Prix,2023
HAM,16.0,1,Bahrain Grand Prix,2023
HAM,17.0,1,Bahrain Grand Prix,2023
HAM,18.0,1,Bahrain Grand Prix,2023
HAM,19.0,1,Bahrain Grand Prix,2023
HAM,20.0,1,Bahrain Grand Prix,2023
HAM,21.0,1,Bahrain Grand Prix,2023
HAM,22.0,1,Bahrain Grand Prix,2023
HAM,23.0,1,Bahrain Grand Prix,2023
HAM,24.0,1,Bahrain Grand Prix,2023
HAM,25.0,1,Bahrain Grand Prix,2023
HAM,26.0,1,Bahrain Grand Prix,2023
HAM,27.0,1,Bahrain Grand Prix,2023
HAM,28.0,1,Bahrain Grand Prix,2023
HAM,29.0,1,Bahrain Grand Prix,2023
HAM,30.0,1,Bahrain Grand Prix,2023
HAM,31.0,1,Bahrain Grand Prix,2023
HAM,32.0,1,Bahrain Grand Prix,2023
HAM,33.0,1,Bahrain Grand Prix,2023
HAM,34.0,1,Bahrain Grand Prix,2023
HAM,35.0,1,Bahrain Grand Prix,2023
HAM,36.0,1,Bahrain Grand Prix,2023
HAM,37.0,1,Bahrain Grand Prix,2023
HAM,38.0,1,Bahrain Grand Prix,2023
HAM,39.0,1,Bahrain Grand Prix,2023
HAM,40.0,12,Bahrain Grand Prix,2023
HAM,41.0,2671,Bahrain Grand Prix,2023
HAM,42.0,1,Bahrain Grand Prix,2023
HAM,43.0,1,Bahrain Grand Prix,2023
HAM,44.0,1,Bahrain Grand Prix,2023
HAM,45.0,1,Bahrain Grand Prix,2023
HAM,46.0,1,Bahrain Grand Prix,2023
HAM,47.0,1,Bahrain Grand Prix,2023
HAM,48.0,1,Bahrain Grand Prix,2023
HAM,49.0,1,Bahrain Grand Prix,2023
HAM,50.0,1,Bahrain Grand Prix,2023
HAM,51.0,1,Bahrain Grand Prix,2023
HAM,52.0,1,Bahrain Grand Prix,2023
HAM,53.0,1,Bahrain Grand Prix,2023
HAM,54.0,1,Bahrain Grand Prix,2023
HAM,55.0,1,Bahrain Grand Prix,2023
HAM,56.0,1,Bahrain Grand Prix,2023
HAM,57.0,1,Bahrain Grand Prix,2023
SAI,1.0,12,Bahrain Grand Prix,2023
SAI,2.0,21,Bahrain Grand Prix,2023
SAI,3.0,1,Bahrain Grand Prix,2023
SAI,4.0,1,Bahrain Grand Prix,2023
SAI,5.0,1,Bahrain Grand Prix,2023
SAI,6.0,1,Bahrain Grand Prix,2023
SAI,7.0,1,Bahrain Grand Prix,2023
SAI,8.0,1,Bahrain Grand Prix,2023
SAI,9.0,1,Bahrain Grand Prix,2023
SAI,10.0,1,Bahrain Grand Prix,2023
SAI,11.0,1,Bahrain Grand Prix,2023
SAI,12.0,1,Bahrain Grand Prix,2023
SAI,13.0,1,Bahrain Grand Prix,2023
SAI,14.0,1,Bahrain Grand Prix,2023
SAI,15.0,1,Bahrain Grand Prix,2023
SAI,16.0,1,Bahrain Grand Prix,2023
SAI,17.0,1,Bahrain Grand Prix,2023
SAI,18.0,1,Bahrain Grand Prix,2023
SAI,19.0,1,Bahrain Grand Prix,2023
SAI,20.0,1,Bahrain Grand Prix,2023
SAI,21.0,1,Bahrain Grand Prix,2023
SAI,22.0,1,Bahrain Grand Prix,2023
SAI,23.0,1,Bahrain Grand Prix,2023
SAI,24.0,1,Bahrain Grand Prix,2023
SAI,25.0,1,Bahrain Grand Prix,2023
SAI,26.0,1,Bahrain Grand Prix,2023
SAI,27.0,1,Bahrain Grand Prix,2023
SAI,28.0,1,Bahrain Grand Prix,2023
SAI,29.0,1,Bahrain Grand Prix,2023
SAI,30.0,1,Bahrain Grand Prix,2023
SAI,31.0,1,Bahrain Grand Prix,2023
SAI,32.0,1,Bahrain Grand Prix,2023
SAI,33.0,1,Bahrain Grand Prix,2023
SAI,34.0,1,Bahrain Grand Prix,2023
SAI,35.0,1,Bahrain Grand Prix,2023
SAI,36.0,1,Bahrain Grand Prix,2023
SAI,37.0,1,Bahrain Grand Prix,2023
SAI,38.0,1,Bahrain Grand Prix,2023
SAI,39.0,1,Bahrain Grand Prix,2023
SAI,40.0,12,Bahrain Grand Prix,2023
SAI,41.0,2671,Bahrain Grand Prix,2023
SAI,42.0,1,Bahrain Grand Prix,2023
SAI,43.0,1,Bahrain Grand Prix,2023
SAI,44.0,1,Bahrain Grand Prix,2023
SAI,45.0,1,Bahrain Grand Prix,2023
SAI,46.0,1,Bahrain Grand Prix,2023
SAI,47.0,1,Bahrain Grand Prix,2023
SAI,48.0,1,Bahrain Grand Prix,2023
SAI,49.0,1,Bahrain Grand Prix,2023
SAI,50.0,1,Bahrain Grand Prix,2023
SAI,51.0,1,Bahrain Grand Prix,2023
SAI,52.0,1,Bahrain Grand Prix,2023
SAI,53.0,1,Bahrain Grand Prix,2023
SAI,54.0,1,Bahrain Grand Prix,2023
SAI,55.0,1,Bahrain Grand Prix,2023
SAI,56.0,1,Bahrain Grand Prix,2023
SAI,57.0,1,Bahrain Grand Prix,2023
RUS,1.0,12,Bahrain Grand Prix,2023
RUS,2.0,21,Bahrain Grand Prix,2023
RUS,3.0,1,Bahrain Grand Prix,2023
RUS,4.0,1,Bahrain Grand Prix,2023
RUS,5.0,1,Bahrain Grand Prix,2023
RUS,6.0,1,Bahrain Grand Prix,2023
RUS,7.0,1,Bahrain Grand Prix,2023
RUS,8.0,1,Bahrain Grand Prix,2023
RUS,9.0,1,Bahrain Grand Prix,2023
RUS,10.0,1,Bahrain Grand Prix,2023
RUS,11.0,1,Bahrain Grand Prix,2023
RUS,12.0,1,Bahrain Grand Prix,2023
RUS,13.0,1,Bahrain Grand Prix,2023
RUS,14.0,1,Bahrain Grand Prix,2023
RUS,15.0,1,Bahrain Grand Prix,2023
RUS,16.0,1,Bahrain Grand Prix,2023
RUS,17.0,1,Bahrain Grand Prix,2023
RUS,18.0,1,Bahrain Grand Prix,2023
RUS,19.0,1,Bahrain Grand Prix,2023
RUS,20.0,1,Bahrain Grand Prix,2023
RUS,21.0,1,Bahrain Grand Prix,2023
RUS,22.0,1,Bahrain Grand Prix,2023
RUS,23.0,1,Bahrain Grand Prix,2023
RUS,24.0,1,Bahrain Grand Prix,2023
RUS,25.0,1,Bahrain Grand Prix,2023
RUS,26.0,1,Bahrain Grand Prix,2023
RUS,27.0,1,Bahrain Grand Prix,2023
RUS,28.0,1,Bahrain Grand Prix,2023
RUS,29.0,1,Bahrain Grand Prix,2023
RUS,30.0,1,Bahrain Grand Prix,2023
RUS,31.0,1,Bahrain Grand Prix,2023
RUS,32.0,1,Bahrain Grand Prix,2023
RUS,33.0,1,Bahrain Grand Prix,2023
RUS,34.0,1,Bahrain Grand Prix,2023
RUS,35.0,1,Bahrain Grand Prix,2023
RUS,36.0,1,Bahrain Grand Prix,2023
RUS,37.0,1,Bahrain Grand Prix,2023
RUS,38.0,1,Bahrain Grand Prix,2023
RUS,39.0,1,Bahrain Grand Prix,2023
RUS,40.0,126,Bahrain Grand Prix,2023
RUS,41.0,671,Bahrain Grand Prix,2023
RUS,42.0,1,Bahrain Grand Prix,2023
RUS,43.0,1,Bahrain Grand Prix,2023
RUS,44.0,1,Bahrain Grand Prix,2023
RUS,45.0,1,Bahrain Grand Prix,2023
RUS,46.0,1,Bahrain Grand Prix,2023
RUS,47.0,1,Bahrain Grand Prix,2023
RUS,48.0,1,Bahrain Grand Prix,2023
RUS,49.0,1,Bahrain Grand Prix,2023
RUS,50.0,1,Bahrain Grand Prix,2023
RUS,51.0,1,Bahrain Grand Prix,2023
RUS,52.0,1,Bahrain Grand Prix,2023
RUS,53.0,1,Bahrain Grand Prix,2023
RUS,54.0,1,Bahrain Grand Prix,2023
RUS,55.0,1,Bahrain Grand Prix,2023
RUS,56.0,1,Bahrain Grand Prix,2023
RUS,57.0,1,Bahrain Grand Prix,2023
BOT,1.0,12,Bahrain Grand Prix,2023
BOT,2.0,21,Bahrain Grand Prix,2023
BOT,3.0,1,Bahrain Grand Prix,2023
BOT,4.0,1,Bahrain Grand Prix,2023
BOT,5.0,1,Bahrain Grand Prix,2023
BOT,6.0,1,Bahrain Grand Prix,2023
BOT,7.0,1,Bahrain Grand Prix,2023
BOT,8.0,1,Bahrain Grand Prix,2023
BOT,9.0,1,Bahrain Grand Prix,2023
BOT,10.0,1,Bahrain Grand Prix,2023
BOT,11.0,1,Bahrain Grand Prix,2023
BOT,12.0,1,Bahrain Grand Prix,2023
BOT,13.0,1,Bahrain Grand Prix,2023
BOT,14.0,1,Bahrain Grand Prix,2023
BOT,15.0,1,Bahrain Grand Prix,2023
BOT,16.0,1,Bahrain Grand Prix,2023
BOT,17.0,1,Bahrain Grand Prix,2023
BOT,18.0,1,Bahrain Grand Prix,2023
BOT,19.0,1,Bahrain Grand Prix,2023
BOT,20.0,1,Bahrain Grand Prix,2023
BOT,21.0,1,Bahrain Grand Prix,2023
BOT,22.0,1,Bahrain Grand Prix,2023
BOT,23.0,1,Bahrain Grand Prix,2023
BOT,24.0,1,Bahrain Grand Prix,2023
BOT,25.0,1,Bahrain Grand Prix,2023
BOT,26.0,1,Bahrain Grand Prix,2023
BOT,27.0,1,Bahrain Grand Prix,2023
BOT,28.0,1,Bahrain Grand Prix,2023
BOT,29.0,1,Bahrain Grand Prix,2023
BOT,30.0,1,Bahrain Grand Prix,2023
BOT,31.0,1,Bahrain Grand Prix,2023
BOT,32.0,1,Bahrain Grand Prix,2023
BOT,33.0,1,Bahrain Grand Prix,2023
BOT,34.0,1,Bahrain Grand Prix,2023
BOT,35.0,1,Bahrain Grand Prix,2023
BOT,36.0,1,Bahrain Grand Prix,2023
BOT,37.0,1,Bahrain Grand Prix,2023
BOT,38.0,1,Bahrain Grand Prix,2023
BOT,39.0,1,Bahrain Grand Prix,2023
BOT,40.0,126,Bahrain Grand Prix,2023
BOT,41.0,671,Bahrain Grand Prix,2023
BOT,42.0,1,Bahrain Grand Prix,2023
BOT,43.0,1,Bahrain Grand Prix,2023
BOT,44.0,1,Bahrain Grand Prix,2023
BOT,45.0,1,Bahrain Grand Prix,2023
BOT,46.0,1,Bahrain Grand Prix,2023
BOT,47.0,1,Bahrain Grand Prix,2023
BOT,48.0,1,Bahrain Grand Prix,2023
BOT,49.0,1,Bahrain Grand Prix,2023
BOT,50.0,1,Bahrain Grand Prix,2023
BOT,51.0,1,Bahrain Grand Prix,2023
BOT,52.0,1,Bahrain Grand Prix,2023
BOT,53.0,1,Bahrain Grand Prix,2023
BOT,54.0,1,Bahrain Grand Prix,2023
BOT,55.0,1,Bahrain Grand Prix,2023
BOT,56.0,1,Bahrain Grand Prix,2023
BOT,57.0,1,Bahrain Grand Prix,2023
PIA,1.0,12,Bahrain Grand Prix,2023
PIA,2.0,21,Bahrain Grand Prix,2023
PIA,3.0,1,Bahrain Grand Prix,2023
PIA,4.0,1,Bahrain Grand Prix,2023
PIA,5.0,1,Bahrain Grand Prix,2023
PIA,6.0,1,Bahrain Grand Prix,2023
PIA,7.0,1,Bahrain Grand Prix,2023
PIA,8.0,1,Bahrain Grand Prix,2023
PIA,9.0,1,Bahrain Grand Prix,2023
PIA,10.0,1,Bahrain Grand Prix,2023
PIA,11.0,1,Bahrain Grand Prix,2023
PIA,12.0,1,Bahrain Grand Prix,2023
PIA,13.0,1,Bahrain Grand Prix,2023
VER,1.0,1,Saudi Arabian Grand Prix,2023
VER,2.0,1,Saudi Arabian Grand Prix,2023
VER,3.0,1,Saudi Arabian Grand Prix,2023
VER,4.0,1,Saudi Arabian Grand Prix,2023
VER,5.0,1,Saudi Arabian Grand Prix,2023
VER,6.0,1,Saudi Arabian Grand Prix,2023
VER,7.0,1,Saudi Arabian Grand Prix,2023
VER,8.0,1,Saudi Arabian Grand Prix,2023
VER,9.0,1,Saudi Arabian Grand Prix,2023
VER,10.0,1,Saudi Arabian Grand Prix,2023
VER,11.0,1,Saudi Arabian Grand Prix,2023
VER,12.0,1,Saudi Arabian Grand Prix,2023
VER,13.0,1,Saudi Arabian Grand Prix,2023
VER,14.0,1,Saudi Arabian Grand Prix,2023
VER,15.0,1,Saudi Arabian Grand Prix,2023
VER,16.0,1,Saudi Arabian Grand Prix,2023
VER,17.0,12,Saudi Arabian Grand Prix,2023
VER,18.0,24,Saudi Arabian Grand Prix,2023
VER,19.0,4,Saudi Arabian Grand Prix,2023
VER,20.0,41,Saudi Arabian Grand Prix,2023
VER,21.0,1,Saudi Arabian Grand Prix,2023
VER,22.0,1,Saudi Arabian Grand Prix,2023
VER,23.0,1,Saudi Arabian Grand Prix,2023
VER,24.0,1,Saudi Arabian Grand Prix,2023
VER,25.0,1,Saudi Arabian Grand Prix,2023
VER,26.0,1,Saudi Arabian Grand Prix,2023
VER,27.0,1,Saudi Arabian Grand Prix,2023
VER,28.0,1,Saudi Arabian Grand Prix,2023
VER,29.0,1,Saudi Arabian Grand Prix,2023
VER,30.0,1,Saudi Arabian Grand Prix,2023
VER,31.0,1,Saudi Arabian Grand Prix,2023
VER,32.0,1,Saudi Arabian Grand Prix,2023
VER,33.0,1,Saudi Arabian Grand Prix,2023
VER,34.0,1,Saudi Arabian Grand Prix,2023
VER,35.0,1,Saudi Arabian Grand Prix,2023
VER,36.0,1,Saudi Arabian Grand Prix,2023
VER,37.0,1,Saudi Arabian Grand Prix,2023
VER,38.0,1,Saudi Arabian Grand Prix,2023
VER,39.0,1,Saudi Arabian Grand Prix,2023
VER,40.0,1,Saudi Arabian Grand Prix,2023
VER,41.0,1,Saudi Arabian Grand Prix,2023
VER,42.0,1,Saudi Arabian Grand Prix,2023
VER,43.0,1,Saudi Arabian Grand Prix,2023
VER,44.0,1,Saudi Arabian Grand Prix,2023
VER,45.0,1,Saudi Arabian Grand Prix,2023
VER,46.0,1,Saudi Arabian Grand Prix,2023
VER,47.0,1,Saudi Arabian Grand Prix,2023
VER,48.0,1,Saudi Arabian Grand Prix,2023
VER,49.0,1,Saudi Arabian Grand Prix,2023
VER,50.0,1,Saudi Arabian Grand Prix,2023
GAS,1.0,1,Saudi Arabian Grand Prix,2023
GAS,2.0,1,Saudi Arabian Grand Prix,2023
GAS,3.0,1,Saudi Arabian Grand Prix,2023
GAS,4.0,1,Saudi Arabian Grand Prix,2023
GAS,5.0,1,Saudi Arabian Grand Prix,2023
GAS,6.0,1,Saudi Arabian Grand Prix,2023
GAS,7.0,1,Saudi Arabian Grand Prix,2023
GAS,8.0,1,Saudi Arabian Grand Prix,2023
GAS,9.0,1,Saudi Arabian Grand Prix,2023
GAS,10.0,1,Saudi Arabian Grand Prix,2023
GAS,11.0,1,Saudi Arabian Grand Prix,2023
GAS,12.0,1,Saudi Arabian Grand Prix,2023
GAS,13.0,1,Saudi Arabian Grand Prix,2023
GAS,14.0,1,Saudi Arabian Grand Prix,2023
GAS,15.0,1,Saudi Arabian Grand Prix,2023
GAS,16.0,1,Saudi Arabian Grand Prix,2023
GAS,17.0,124,Saudi Arabian Grand Prix,2023
GAS,18.0,4,Saudi Arabian Grand Prix,2023
GAS,19.0,4,Saudi Arabian Grand Prix,2023
GAS,20.0,41,Saudi Arabian Grand Prix,2023
GAS,21.0,1,Saudi Arabian Grand Prix,2023
GAS,22.0,1,Saudi Arabian Grand Prix,2023
GAS,23.0,1,Saudi Arabian Grand Prix,2023
GAS,24.0,1,Saudi Arabian Grand Prix,2023
GAS,25.0,1,Saudi Arabian Grand Prix,2023
GAS,26.0,1,Saudi Arabian Grand Prix,2023
GAS,27.0,1,Saudi Arabian Grand Prix,2023
GAS,28.0,1,Saudi Arabian Grand Prix,2023
GAS,29.0,1,Saudi Arabian Grand Prix,2023
GAS,30.0,1,Saudi Arabian Grand Prix,2023
GAS,31.0,1,Saudi Arabian Grand Prix,2023
GAS,32.0,1,Saudi Arabian Grand Prix,2023
GAS,33.0,1,Saudi Arabian Grand Prix,2023
GAS,34.0,1,Saudi Arabian Grand Prix,2023
GAS,35.0,1,Saudi Arabian Grand Prix,2023
GAS,36.0,1,Saudi Arabian Grand Prix,2023
GAS,37.0,1,Saudi Arabian Grand Prix,2023
GAS,38.0,1,Saudi Arabian Grand Prix,2023
GAS,39.0,1,Saudi Arabian Grand Prix,2023
GAS,40.0,1,Saudi Arabian Grand Prix,2023
GAS,41.0,1,Saudi Arabian Grand Prix,2023
GAS,42.0,1,Saudi Arabian Grand Prix,2023
GAS,43.0,1,Saudi Arabian Grand Prix,2023
GAS,44.0,1,Saudi Arabian Grand Prix,2023
GAS,45.0,1,Saudi Arabian Grand Prix,2023
GAS,46.0,1,Saudi Arabian Grand Prix,2023
GAS,47.0,1,Saudi Arabian Grand Prix,2023
GAS,48.0,1,Saudi Arabian Grand Prix,2023
GAS,49.0,1,Saudi Arabian Grand Prix,2023
GAS,50.0,1,Saudi Arabian Grand Prix,2023
PER,1.0,1,Saudi Arabian Grand Prix,2023
PER,2.0,1,Saudi Arabian Grand Prix,2023
PER,3.0,1,Saudi Arabian Grand Prix,2023
PER,4.0,1,Saudi Arabian Grand Prix,2023
PER,5.0,1,Saudi Arabian Grand Prix,2023
PER,6.0,1,Saudi Arabian Grand Prix,2023
PER,7.0,1,Saudi Arabian Grand Prix,2023
PER,8.0,1,Saudi Arabian Grand Prix,2023
PER,9.0,1,Saudi Arabian Grand Prix,2023
PER,10.0,1,Saudi Arabian Grand Prix,2023
PER,11.0,1,Saudi Arabian Grand Prix,2023
PER,12.0,1,Saudi Arabian Grand Prix,2023
PER,13.0,1,Saudi Arabian Grand Prix,2023
PER,14.0,1,Saudi Arabian Grand Prix,2023
PER,15.0,1,Saudi Arabian Grand Prix,2023
PER,16.0,1,Saudi Arabian Grand Prix,2023
PER,17.0,12,Saudi Arabian Grand Prix,2023
PER,18.0,24,Saudi Arabian Grand Prix,2023
PER,19.0,4,Saudi Arabian Grand Prix,2023
PER,20.0,41,Saudi Arabian Grand Prix,2023
PER,21.0,1,Saudi Arabian Grand Prix,2023
PER,22.0,1,Saudi Arabian Grand Prix,2023
PER,23.0,1,Saudi Arabian Grand Prix,2023
PER,24.0,1,Saudi Arabian Grand Prix,2023
PER,25.0,1,Saudi Arabian Grand Prix,2023
PER,26.0,1,Saudi Arabian Grand Prix,2023
PER,27.0,1,Saudi Arabian Grand Prix,2023
PER,28.0,1,Saudi Arabian Grand Prix,2023
PER,29.0,1,Saudi Arabian Grand Prix,2023
PER,30.0,1,Saudi Arabian Grand Prix,2023
PER,31.0,1,Saudi Arabian Grand Prix,2023
PER,32.0,1,Saudi Arabian Grand Prix,2023
PER,33.0,1,Saudi Arabian Grand Prix,2023
PER,34.0,1,Saudi Arabian Grand Prix,2023
PER,35.0,1,Saudi Arabian Grand Prix,2023
PER,36.0,1,Saudi Arabian Grand Prix,2023
PER,37.0,1,Saudi Arabian Grand Prix,2023
PER,38.0,1,Saudi Arabian Grand Prix,2023
PER,39.0,1,Saudi Arabian Grand Prix,2023
PER,40.0,1,Saudi Arabian Grand Prix,2023
PER,41.0,1,Saudi Arabian Grand Prix,2023
PER,42.0,1,Saudi Arabian Grand Prix,2023
PER,43.0,1,Saudi Arabian Grand Prix,2023
PER,44.0,1,Saudi Arabian Grand Prix,2023
PER,45.0,1,Saudi Arabian Grand Prix,2023
PER,46.0,1,Saudi Arabian Grand Prix,2023
PER,47.0,1,Saudi Arabian Grand Prix,2023
PER,48.0,1,Saudi Arabian Grand Prix,2023
PER,49.0,1,Saudi Arabian Grand Prix,2023
PER,50.0,1,Saudi Arabian Grand Prix,2023
ALO,1.0,1,Saudi Arabian Grand Prix,2023
ALO,2.0,1,Saudi Arabian Grand Prix,2023
ALO,3.0,1,Saudi Arabian Grand Prix,2023
ALO,4.0,1,Saudi Arabian Grand Prix,2023
ALO,5.0,1,Saudi Arabian Grand Prix,2023
ALO,6.0,1,Saudi Arabian Grand Prix,2023
ALO,7.0,1,Saudi Arabian Grand Prix,2023
ALO,8.0,1,Saudi Arabian Grand Prix,2023
ALO,9.0,1,Saudi Arabian Grand Prix,2023
ALO,10.0,1,Saudi Arabian Grand Prix,2023
ALO,11.0,1,Saudi Arabian Grand Prix,2023
ALO,12.0,1,Saudi Arabian Grand Prix,2023
ALO,13.0,1,Saudi Arabian Grand Prix,2023
ALO,14.0,1,Saudi Arabian Grand Prix,2023
ALO,15.0,1,Saudi Arabian Grand Prix,2023
ALO,16.0,1,Saudi Arabian Grand Prix,2023
ALO,17.0,12,Saudi Arabian Grand Prix,2023
ALO,18.0,24,Saudi Arabian Grand Prix,2023
ALO,19.0,4,Saudi Arabian Grand Prix,2023
ALO,20.0,41,Saudi Arabian Grand Prix,2023
ALO,21.0,1,Saudi Arabian Grand Prix,2023
ALO,22.0,1,Saudi Arabian Grand Prix,2023
ALO,23.0,1,Saudi Arabian Grand Prix,2023
ALO,24.0,1,Saudi Arabian Grand Prix,2023
ALO,25.0,1,Saudi Arabian Grand Prix,2023
ALO,26.0,1,Saudi Arabian Grand Prix,2023
ALO,27.0,1,Saudi Arabian Grand Prix,2023
ALO,28.0,1,Saudi Arabian Grand Prix,2023
ALO,29.0,1,Saudi Arabian Grand Prix,2023
ALO,30.0,1,Saudi Arabian Grand Prix,2023
ALO,31.0,1,Saudi Arabian Grand Prix,2023
ALO,32.0,1,Saudi Arabian Grand Prix,2023
ALO,33.0,1,Saudi Arabian Grand Prix,2023
ALO,34.0,1,Saudi Arabian Grand Prix,2023
ALO,35.0,1,Saudi Arabian Grand Prix,2023
ALO,36.0,1,Saudi Arabian Grand Prix,2023
ALO,37.0,1,Saudi Arabian Grand Prix,2023
ALO,38.0,1,Saudi Arabian Grand Prix,2023
ALO,39.0,1,Saudi Arabian Grand Prix,2023
ALO,40.0,1,Saudi Arabian Grand Prix,2023
ALO,41.0,1,Saudi Arabian Grand Prix,2023
ALO,42.0,1,Saudi Arabian Grand Prix,2023
ALO,43.0,1,Saudi Arabian Grand Prix,2023
ALO,44.0,1,Saudi Arabian Grand Prix,2023
ALO,45.0,1,Saudi Arabian Grand Prix,2023
ALO,46.0,1,Saudi Arabian Grand Prix,2023
ALO,47.0,1,Saudi Arabian Grand Prix,2023
ALO,48.0,1,Saudi Arabian Grand Prix,2023
ALO,49.0,1,Saudi Arabian Grand Prix,2023
ALO,50.0,1,Saudi Arabian Grand Prix,2023
LEC,1.0,1,Saudi Arabian Grand Prix,2023
LEC,2.0,1,Saudi Arabian Grand Prix,2023
LEC,3.0,1,Saudi Arabian Grand Prix,2023
LEC,4.0,1,Saudi Arabian Grand Prix,2023
LEC,5.0,1,Saudi Arabian Grand Prix,2023
LEC,6.0,1,Saudi Arabian Grand Prix,2023
LEC,7.0,1,Saudi Arabian Grand Prix,2023
LEC,8.0,1,Saudi Arabian Grand Prix,2023
LEC,9.0,1,Saudi Arabian Grand Prix,2023
LEC,10.0,1,Saudi Arabian Grand Prix,2023
LEC,11.0,1,Saudi Arabian Grand Prix,2023
LEC,12.0,1,Saudi Arabian Grand Prix,2023
LEC,13.0,1,Saudi Arabian Grand Prix,2023
LEC,14.0,1,Saudi Arabian Grand Prix,2023
LEC,15.0,1,Saudi Arabian Grand Prix,2023
LEC,16.0,1,Saudi Arabian Grand Prix,2023
LEC,17.0,124,Saudi Arabian Grand Prix,2023
LEC,18.0,4,Saudi Arabian Grand Prix,2023
LEC,19.0,4,Saudi Arabian Grand Prix,2023
LEC,20.0,41,Saudi Arabian Grand Prix,2023
LEC,21.0,1,Saudi Arabian Grand Prix,2023
LEC,22.0,1,Saudi Arabian Grand Prix,2023
LEC,23.0,1,Saudi Arabian Grand Prix,2023
LEC,24.0,1,Saudi Arabian Grand Prix,2023
LEC,25.0,1,Saudi Arabian Grand Prix,2023
LEC,26.0,1,Saudi Arabian Grand Prix,2023
LEC,27.0,1,Saudi Arabian Grand Prix,2023
LEC,28.0,1,Saudi Arabian Grand Prix,2023
LEC,29.0,1,Saudi Arabian Grand Prix,2023
LEC,30.0,1,Saudi Arabian Grand Prix,2023
LEC,31.0,1,Saudi Arabian Grand Prix,2023
LEC,32.0,1,Saudi Arabian Grand Prix,2023
LEC,33.0,1,Saudi Arabian Grand Prix,2023
LEC,34.0,1,Saudi Arabian Grand Prix,2023
LEC,35.0,1,Saudi Arabian Grand Prix,2023
LEC,36.0,1,Saudi Arabian Grand Prix,2023
LEC,37.0,1,Saudi Arabian Grand Prix,2023
LEC,38.0,1,Saudi Arabian Grand Prix,2023
LEC,39.0,1,Saudi Arabian Grand Prix,2023
LEC,40.0,1,Saudi Arabian Grand Prix,2023
LEC,41.0,1,Saudi Arabian Grand Prix,2023
LEC,42.0,1,Saudi Arabian Grand Prix,2023
LEC,43.0,1,Saudi Arabian Grand Prix,2023
LEC,44.0,1,Saudi Arabian Grand Prix,2023
LEC,45.0,1,Saudi Arabian Grand Prix,2023
LEC,46.0,1,Saudi Arabian Grand Prix,2023
LEC,47.0,1,Saudi Arabian Grand Prix,2023
LEC,48.0,1,Saudi Arabian Grand Prix,2023
LEC,49.0,1,Saudi Arabian Grand Prix,2023
LEC,50.0,1,Saudi Arabian Grand Prix,2023
STR,1.0,1,Saudi Arabian Grand Prix,2023
STR,2.0,1,Saudi Arabian Grand Prix,2023
STR,3.0,1,Saudi Arabian Grand Prix,2023
STR,4.0,1,Saudi Arabian Grand Prix,2023
STR,5.0,1,Saudi Arabian Grand Prix,2023
STR,6.0,1,Saudi Arabian Grand Prix,2023
STR,7.0,1,Saudi Arabian Grand Prix,2023
STR,8.0,1,Saudi Arabian Grand Prix,2023
STR,9.0,1,Saudi Arabian Grand Prix,2023
STR,10.0,1,Saudi Arabian Grand Prix,2023
STR,11.0,1,Saudi Arabian Grand Prix,2023
STR,12.0,1,Saudi Arabian Grand Prix,2023
STR,13.0,1,Saudi Arabian Grand Prix,2023
STR,14.0,1,Saudi Arabian Grand Prix,2023
STR,15.0,1,Saudi Arabian Grand Prix,2023
STR,16.0,1,Saudi Arabian Grand Prix,2023
STR,17.0,12,Saudi Arabian Grand Prix,2023
SAR,1.0,1,Saudi Arabian Grand Prix,2023
SAR,2.0,1,Saudi Arabian Grand Prix,2023
SAR,3.0,1,Saudi Arabian Grand Prix,2023
SAR,4.0,1,Saudi Arabian Grand Prix,2023
SAR,5.0,1,Saudi Arabian Grand Prix,2023
SAR,6.0,1,Saudi Arabian Grand Prix,2023
SAR,7.0,1,Saudi Arabian Grand Prix,2023
SAR,8.0,1,Saudi Arabian Grand Prix,2023
SAR,9.0,1,Saudi Arabian Grand Prix,2023
SAR,10.0,1,Saudi Arabian Grand Prix,2023
SAR,11.0,1,Saudi Arabian Grand Prix,2023
SAR,12.0,1,Saudi Arabian Grand Prix,2023
SAR,13.0,1,Saudi Arabian Grand Prix,2023
SAR,14.0,1,Saudi Arabian Grand Prix,2023
SAR,15.0,1,Saudi Arabian Grand Prix,2023
SAR,16.0,1,Saudi Arabian Grand Prix,2023
SAR,17.0,124,Saudi Arabian Grand Prix,2023
SAR,18.0,4,Saudi Arabian Grand Prix,2023
SAR,19.0,4,Saudi Arabian Grand Prix,2023
SAR,20.0,41,Saudi Arabian Grand Prix,2023
SAR,21.0,1,Saudi Arabian Grand Prix,2023
SAR,22.0,1,Saudi Arabian Grand Prix,2023
SAR,23.0,1,Saudi Arabian Grand Prix,2023
SAR,24.0,1,Saudi Arabian Grand Prix,2023
SAR,25.0,1,Saudi Arabian Grand Prix,2023
SAR,26.0,1,Saudi Arabian Grand Prix,2023
SAR,27.0,1,Saudi Arabian Grand Prix,2023
SAR,28.0,1,Saudi Arabian Grand Prix,2023
SAR,29.0,1,Saudi Arabian Grand Prix,2023
SAR,30.0,1,Saudi Arabian Grand Prix,2023
SAR,31.0,1,Saudi Arabian Grand Prix,2023
SAR,32.0,1,Saudi Arabian Grand Prix,2023
SAR,33.0,1,Saudi Arabian Grand Prix,2023
SAR,34.0,1,Saudi Arabian Grand Prix,2023
SAR,35.0,1,Saudi Arabian Grand Prix,2023
SAR,36.0,1,Saudi Arabian Grand Prix,2023
SAR,37.0,1,Saudi Arabian Grand Prix,2023
SAR,38.0,1,Saudi Arabian Grand Prix,2023
SAR,39.0,1,Saudi Arabian Grand Prix,2023
SAR,40.0,1,Saudi Arabian Grand Prix,2023
SAR,41.0,1,Saudi Arabian Grand Prix,2023
SAR,42.0,1,Saudi Arabian Grand Prix,2023
SAR,43.0,1,Saudi Arabian Grand Prix,2023
SAR,44.0,1,Saudi Arabian Grand Prix,2023
SAR,45.0,1,Saudi Arabian Grand Prix,2023
SAR,46.0,1,Saudi Arabian Grand Prix,2023
SAR,47.0,1,Saudi Arabian Grand Prix,2023
SAR,48.0,1,Saudi Arabian Grand Prix,2023
SAR,49.0,1,Saudi Arabian Grand Prix,2023
SAR,50.0,1,Saudi Arabian Grand Prix,2023
MAG,1.0,1,Saudi Arabian Grand Prix,2023
MAG,2.0,1,Saudi Arabian Grand Prix,2023
MAG,3.0,1,Saudi Arabian Grand Prix,2023
MAG,4.0,1,Saudi Arabian Grand Prix,2023
MAG,5.0,1,Saudi Arabian Grand Prix,2023
MAG,6.0,1,Saudi Arabian Grand Prix,2023
MAG,7.0,1,Saudi Arabian Grand Prix,2023
MAG,8.0,1,Saudi Arabian Grand Prix,2023
MAG,9.0,1,Saudi Arabian Grand Prix,2023
MAG,10.0,1,Saudi Arabian Grand Prix,2023
MAG,11.0,1,Saudi Arabian Grand Prix,2023
MAG,12.0,1,Saudi Arabian Grand Prix,2023
MAG,13.0,1,Saudi Arabian Grand Prix,2023
MAG,14.0,1,Saudi Arabian Grand Prix,2023
MAG,15.0,1,Saudi Arabian Grand Prix,2023
MAG,16.0,1,Saudi Arabian Grand Prix,2023
MAG,17.0,124,Saudi Arabian Grand Prix,2023
MAG,18.0,4,Saudi Arabian Grand Prix,2023
MAG,19.0,4,Saudi Arabian Grand Prix,2023
MAG,20.0,41,Saudi Arabian Grand Prix,2023
MAG,21.0,1,Saudi Arabian Grand Prix,2023
MAG,22.0,1,Saudi Arabian Grand Prix,2023
MAG,23.0,1,Saudi Arabian Grand Prix,2023
MAG,24.0,1,Saudi Arabian Grand Prix,2023
MAG,25.0,1,Saudi Arabian Grand Prix,2023
MAG,26.0,1,Saudi Arabian Grand Prix,2023
MAG,27.0,1,Saudi Arabian Grand Prix,2023
MAG,28.0,1,Saudi Arabian Grand Prix,2023
MAG,29.0,1,Saudi Arabian Grand Prix,2023
MAG,30.0,1,Saudi Arabian Grand Prix,2023
MAG,31.0,1,Saudi Arabian Grand Prix,2023
MAG,32.0,1,Saudi Arabian Grand Prix,2023
MAG,33.0,1,Saudi Arabian Grand Prix,2023
MAG,34.0,1,Saudi Arabian Grand Prix,2023
MAG,35.0,1,Saudi Arabian Grand Prix,2023
MAG,36.0,1,Saudi Arabian Grand Prix,2023
MAG,37.0,1,Saudi Arabian Grand Prix,2023
MAG,38.0,1,Saudi Arabian Grand Prix,2023
MAG,39.0,1,Saudi Arabian Grand Prix,2023
MAG,40.0,1,Saudi Arabian Grand Prix,2023
MAG,41.0,1,Saudi Arabian Grand Prix,2023
MAG,42.0,1,Saudi Arabian Grand Prix,2023
MAG,43.0,1,Saudi Arabian Grand Prix,2023
MAG,44.0,1,Saudi Arabian Grand Prix,2023
MAG,45.0,1,Saudi Arabian Grand Prix,2023
MAG,46.0,1,Saudi Arabian Grand Prix,2023
MAG,47.0,1,Saudi Arabian Grand Prix,2023
MAG,48.0,1,Saudi Arabian Grand Prix,2023
MAG,49.0,1,Saudi Arabian Grand Prix,2023
MAG,50.0,1,Saudi Arabian Grand Prix,2023
DEV,1.0,1,Saudi Arabian Grand Prix,2023
DEV,2.0,1,Saudi Arabian Grand Prix,2023
DEV,3.0,1,Saudi Arabian Grand Prix,2023
DEV,4.0,1,Saudi Arabian Grand Prix,2023
DEV,5.0,1,Saudi Arabian Grand Prix,2023
DEV,6.0,1,Saudi Arabian Grand Prix,2023
DEV,7.0,1,Saudi Arabian Grand Prix,2023
DEV,8.0,1,Saudi Arabian Grand Prix,2023
DEV,9.0,1,Saudi Arabian Grand Prix,2023
DEV,10.0,1,Saudi Arabian Grand Prix,2023
DEV,11.0,1,Saudi Arabian Grand Prix,2023
DEV,12.0,1,Saudi Arabian Grand Prix,2023
DEV,13.0,1,Saudi Arabian Grand Prix,2023
DEV,14.0,1,Saudi Arabian Grand Prix,2023
DEV,15.0,1,Saudi Arabian Grand Prix,2023
DEV,16.0,1,Saudi Arabian Grand Prix,2023
DEV,17.0,124,Saudi Arabian Grand Prix,2023
DEV,18.0,4,Saudi Arabian Grand Prix,2023
DEV,19.0,4,Saudi Arabian Grand Prix,2023
DEV,20.0,41,Saudi Arabian Grand Prix,2023
DEV,21.0,1,Saudi Arabian Grand Prix,2023
DEV,22.0,1,Saudi Arabian Grand Prix,2023
DEV,23.0,1,Saudi Arabian Grand Prix,2023
DEV,24.0,1,Saudi Arabian Grand Prix,2023
DEV,25.0,1,Saudi Arabian Grand Prix,2023
DEV,26.0,1,Saudi Arabian Grand Prix,2023
DEV,27.0,1,Saudi Arabian Grand Prix,2023
DEV,28.0,1,Saudi Arabian Grand Prix,2023
DEV,29.0,1,Saudi Arabian Grand Prix,2023
DEV,30.0,1,Saudi Arabian Grand Prix,2023
DEV,31.0,1,Saudi Arabian Grand Prix,2023
DEV,32.0,1,Saudi Arabian Grand Prix,2023
DEV,33.0,1,Saudi Arabian Grand Prix,2023
DEV,34.0,1,Saudi Arabian Grand Prix,2023
DEV,35.0,1,Saudi Arabian Grand Prix,2023
DEV,36.0,1,Saudi Arabian Grand Prix,2023
DEV,37.0,1,Saudi Arabian Grand Prix,2023
DEV,38.0,1,Saudi Arabian Grand Prix,2023
DEV,39.0,1,Saudi Arabian Grand Prix,2023
DEV,40.0,1,Saudi Arabian Grand Prix,2023
DEV,41.0,1,Saudi Arabian Grand Prix,2023
DEV,42.0,1,Saudi Arabian Grand Prix,2023
DEV,43.0,1,Saudi Arabian Grand Prix,2023
DEV,44.0,1,Saudi Arabian Grand Prix,2023
DEV,45.0,1,Saudi Arabian Grand Prix,2023
DEV,46.0,1,Saudi Arabian Grand Prix,2023
DEV,47.0,1,Saudi Arabian Grand Prix,2023
DEV,48.0,1,Saudi Arabian Grand Prix,2023
DEV,49.0,1,Saudi Arabian Grand Prix,2023
DEV,50.0,1,Saudi Arabian Grand Prix,2023
TSU,1.0,1,Saudi Arabian Grand Prix,2023
TSU,2.0,1,Saudi Arabian Grand Prix,2023
TSU,3.0,1,Saudi Arabian Grand Prix,2023
TSU,4.0,1,Saudi Arabian Grand Prix,2023
TSU,5.0,1,Saudi Arabian Grand Prix,2023
TSU,6.0,1,Saudi Arabian Grand Prix,2023
TSU,7.0,1,Saudi Arabian Grand Prix,2023
TSU,8.0,1,Saudi Arabian Grand Prix,2023
TSU,9.0,1,Saudi Arabian Grand Prix,2023
TSU,10.0,1,Saudi Arabian Grand Prix,2023
TSU,11.0,1,Saudi Arabian Grand Prix,2023
TSU,12.0,1,Saudi Arabian Grand Prix,2023
TSU,13.0,1,Saudi Arabian Grand Prix,2023
TSU,14.0,1,Saudi Arabian Grand Prix,2023
TSU,15.0,1,Saudi Arabian Grand Prix,2023
TSU,16.0,1,Saudi Arabian Grand Prix,2023
TSU,17.0,124,Saudi Arabian Grand Prix,2023
TSU,18.0,4,Saudi Arabian Grand Prix,2023
TSU,19.0,4,Saudi Arabian Grand Prix,2023
TSU,20.0,41,Saudi Arabian Grand Prix,2023
TSU,21.0,1,Saudi Arabian Grand Prix,2023
TSU,22.0,1,Saudi Arabian Grand Prix,2023
TSU,23.0,1,Saudi Arabian Grand Prix,2023
TSU,24.0,1,Saudi Arabian Grand Prix,2023
TSU,25.0,1,Saudi Arabian Grand Prix,2023
TSU,26.0,1,Saudi Arabian Grand Prix,2023
TSU,27.0,1,Saudi Arabian Grand Prix,2023
TSU,28.0,1,Saudi Arabian Grand Prix,2023
TSU,29.0,1,Saudi Arabian Grand Prix,2023
TSU,30.0,1,Saudi Arabian Grand Prix,2023
TSU,31.0,1,Saudi Arabian Grand Prix,2023
TSU,32.0,1,Saudi Arabian Grand Prix,2023
TSU,33.0,1,Saudi Arabian Grand Prix,2023
TSU,34.0,1,Saudi Arabian Grand Prix,2023
TSU,35.0,1,Saudi Arabian Grand Prix,2023
TSU,36.0,1,Saudi Arabian Grand Prix,2023
TSU,37.0,1,Saudi Arabian Grand Prix,2023
TSU,38.0,1,Saudi Arabian Grand Prix,2023
TSU,39.0,1,Saudi Arabian Grand Prix,2023
TSU,40.0,1,Saudi Arabian Grand Prix,2023
TSU,41.0,1,Saudi Arabian Grand Prix,2023
TSU,42.0,1,Saudi Arabian Grand Prix,2023
TSU,43.0,1,Saudi Arabian Grand Prix,2023
TSU,44.0,1,Saudi Arabian Grand Prix,2023
TSU,45.0,1,Saudi Arabian Grand Prix,2023
TSU,46.0,1,Saudi Arabian Grand Prix,2023
TSU,47.0,1,Saudi Arabian Grand Prix,2023
TSU,48.0,1,Saudi Arabian Grand Prix,2023
TSU,49.0,1,Saudi Arabian Grand Prix,2023
TSU,50.0,1,Saudi Arabian Grand Prix,2023
ALB,1.0,1,Saudi Arabian Grand Prix,2023
ALB,2.0,1,Saudi Arabian Grand Prix,2023
ALB,3.0,1,Saudi Arabian Grand Prix,2023
ALB,4.0,1,Saudi Arabian Grand Prix,2023
ALB,5.0,1,Saudi Arabian Grand Prix,2023
ALB,6.0,1,Saudi Arabian Grand Prix,2023
ALB,7.0,1,Saudi Arabian Grand Prix,2023
ALB,8.0,1,Saudi Arabian Grand Prix,2023
ALB,9.0,1,Saudi Arabian Grand Prix,2023
ALB,10.0,1,Saudi Arabian Grand Prix,2023
ALB,11.0,1,Saudi Arabian Grand Prix,2023
ALB,12.0,1,Saudi Arabian Grand Prix,2023
ALB,13.0,1,Saudi Arabian Grand Prix,2023
ALB,14.0,1,Saudi Arabian Grand Prix,2023
ALB,15.0,1,Saudi Arabian Grand Prix,2023
ALB,16.0,1,Saudi Arabian Grand Prix,2023
ALB,17.0,124,Saudi Arabian Grand Prix,2023
ALB,18.0,4,Saudi Arabian Grand Prix,2023
ALB,19.0,4,Saudi Arabian Grand Prix,2023
ALB,20.0,41,Saudi Arabian Grand Prix,2023
ALB,21.0,1,Saudi Arabian Grand Prix,2023
ALB,22.0,1,Saudi Arabian Grand Prix,2023
ALB,23.0,1,Saudi Arabian Grand Prix,2023
ALB,24.0,1,Saudi Arabian Grand Prix,2023
ALB,25.0,1,Saudi Arabian Grand Prix,2023
ALB,26.0,1,Saudi Arabian Grand Prix,2023
ALB,27.0,1,Saudi Arabian Grand Prix,2023
ZHO,1.0,1,Saudi Arabian Grand Prix,2023
ZHO,2.0,1,Saudi Arabian Grand Prix,2023
ZHO,3.0,1,Saudi Arabian Grand Prix,2023
ZHO,4.0,1,Saudi Arabian Grand Prix,2023
ZHO,5.0,1,Saudi Arabian Grand Prix,2023
ZHO,6.0,1,Saudi Arabian Grand Prix,2023
ZHO,7.0,1,Saudi Arabian Grand Prix,2023
ZHO,8.0,1,Saudi Arabian Grand Prix,2023
ZHO,9.0,1,Saudi Arabian Grand Prix,2023
ZHO,10.0,1,Saudi Arabian Grand Prix,2023
ZHO,11.0,1,Saudi Arabian Grand Prix,2023
ZHO,12.0,1,Saudi Arabian Grand Prix,2023
ZHO,13.0,1,Saudi Arabian Grand Prix,2023
ZHO,14.0,1,Saudi Arabian Grand Prix,2023
ZHO,15.0,1,Saudi Arabian Grand Prix,2023
ZHO,16.0,1,Saudi Arabian Grand Prix,2023
ZHO,17.0,124,Saudi Arabian Grand Prix,2023
ZHO,18.0,4,Saudi Arabian Grand Prix,2023
ZHO,19.0,4,Saudi Arabian Grand Prix,2023
ZHO,20.0,41,Saudi Arabian Grand Prix,2023
ZHO,21.0,1,Saudi Arabian Grand Prix,2023
ZHO,22.0,1,Saudi Arabian Grand Prix,2023
ZHO,23.0,1,Saudi Arabian Grand Prix,2023
ZHO,24.0,1,Saudi Arabian Grand Prix,2023
ZHO,25.0,1,Saudi Arabian Grand Prix,2023
ZHO,26.0,1,Saudi Arabian Grand Prix,2023
ZHO,27.0,1,Saudi Arabian Grand Prix,2023
ZHO,28.0,1,Saudi Arabian Grand Prix,2023
ZHO,29.0,1,Saudi Arabian Grand Prix,2023
ZHO,30.0,1,Saudi Arabian Grand Prix,2023
ZHO,31.0,1,Saudi Arabian Grand Prix,2023
ZHO,32.0,1,Saudi Arabian Grand Prix,2023
ZHO,33.0,1,Saudi Arabian Grand Prix,2023
ZHO,34.0,1,Saudi Arabian Grand Prix,2023
ZHO,35.0,1,Saudi Arabian Grand Prix,2023
ZHO,36.0,1,Saudi Arabian Grand Prix,2023
ZHO,37.0,1,Saudi Arabian Grand Prix,2023
ZHO,38.0,1,Saudi Arabian Grand Prix,2023
ZHO,39.0,1,Saudi Arabian Grand Prix,2023
ZHO,40.0,1,Saudi Arabian Grand Prix,2023
ZHO,41.0,1,Saudi Arabian Grand Prix,2023
ZHO,42.0,1,Saudi Arabian Grand Prix,2023
ZHO,43.0,1,Saudi Arabian Grand Prix,2023
ZHO,44.0,1,Saudi Arabian Grand Prix,2023
ZHO,45.0,1,Saudi Arabian Grand Prix,2023
ZHO,46.0,1,Saudi Arabian Grand Prix,2023
ZHO,47.0,1,Saudi Arabian Grand Prix,2023
ZHO,48.0,1,Saudi Arabian Grand Prix,2023
ZHO,49.0,1,Saudi Arabian Grand Prix,2023
ZHO,50.0,1,Saudi Arabian Grand Prix,2023
HUL,1.0,1,Saudi Arabian Grand Prix,2023
HUL,2.0,1,Saudi Arabian Grand Prix,2023
HUL,3.0,1,Saudi Arabian Grand Prix,2023
HUL,4.0,1,Saudi Arabian Grand Prix,2023
HUL,5.0,1,Saudi Arabian Grand Prix,2023
HUL,6.0,1,Saudi Arabian Grand Prix,2023
HUL,7.0,1,Saudi Arabian Grand Prix,2023
HUL,8.0,1,Saudi Arabian Grand Prix,2023
HUL,9.0,1,Saudi Arabian Grand Prix,2023
HUL,10.0,1,Saudi Arabian Grand Prix,2023
HUL,11.0,1,Saudi Arabian Grand Prix,2023
HUL,12.0,1,Saudi Arabian Grand Prix,2023
HUL,13.0,1,Saudi Arabian Grand Prix,2023
HUL,14.0,1,Saudi Arabian Grand Prix,2023
HUL,15.0,1,Saudi Arabian Grand Prix,2023
HUL,16.0,1,Saudi Arabian Grand Prix,2023
HUL,17.0,124,Saudi Arabian Grand Prix,2023
HUL,18.0,4,Saudi Arabian Grand Prix,2023
HUL,19.0,4,Saudi Arabian Grand Prix,2023
HUL,20.0,41,Saudi Arabian Grand Prix,2023
HUL,21.0,1,Saudi Arabian Grand Prix,2023
HUL,22.0,1,Saudi Arabian Grand Prix,2023
HUL,23.0,1,Saudi Arabian Grand Prix,2023
HUL,24.0,1,Saudi Arabian Grand Prix,2023
HUL,25.0,1,Saudi Arabian Grand Prix,2023
HUL,26.0,1,Saudi Arabian Grand Prix,2023
HUL,27.0,1,Saudi Arabian Grand Prix,2023
HUL,28.0,1,Saudi Arabian Grand Prix,2023
HUL,29.0,1,Saudi Arabian Grand Prix,2023
HUL,30.0,1,Saudi Arabian Grand Prix,2023
HUL,31.0,1,Saudi Arabian Grand Prix,2023
HUL,32.0,1,Saudi Arabian Grand Prix,2023
HUL,33.0,1,Saudi Arabian Grand Prix,2023
HUL,34.0,1,Saudi Arabian Grand Prix,2023
HUL,35.0,1,Saudi Arabian Grand Prix,2023
HUL,36.0,1,Saudi Arabian Grand Prix,2023
HUL,37.0,1,Saudi Arabian Grand Prix,2023
HUL,38.0,1,Saudi Arabian Grand Prix,2023
HUL,39.0,1,Saudi Arabian Grand Prix,2023
HUL,40.0,1,Saudi Arabian Grand Prix,2023
HUL,41.0,1,Saudi Arabian Grand Prix,2023
HUL,42.0,1,Saudi Arabian Grand Prix,2023
HUL,43.0,1,Saudi Arabian Grand Prix,2023
HUL,44.0,1,Saudi Arabian Grand Prix,2023
HUL,45.0,1,Saudi Arabian Grand Prix,2023
HUL,46.0,1,Saudi Arabian Grand Prix,2023
HUL,47.0,1,Saudi Arabian Grand Prix,2023
HUL,48.0,1,Saudi Arabian Grand Prix,2023
HUL,49.0,1,Saudi Arabian Grand Prix,2023
HUL,50.0,1,Saudi Arabian Grand Prix,2023
OCO,1.0,1,Saudi Arabian Grand Prix,2023
OCO,2.0,1,Saudi Arabian Grand Prix,2023
OCO,3.0,1,Saudi Arabian Grand Prix,2023
OCO,4.0,1,Saudi Arabian Grand Prix,2023
OCO,5.0,1,Saudi Arabian Grand Prix,2023
OCO,6.0,1,Saudi Arabian Grand Prix,2023
OCO,7.0,1,Saudi Arabian Grand Prix,2023
OCO,8.0,1,Saudi Arabian Grand Prix,2023
OCO,9.0,1,Saudi Arabian Grand Prix,2023
OCO,10.0,1,Saudi Arabian Grand Prix,2023
OCO,11.0,1,Saudi Arabian Grand Prix,2023
OCO,12.0,1,Saudi Arabian Grand Prix,2023
OCO,13.0,1,Saudi Arabian Grand Prix,2023
OCO,14.0,1,Saudi Arabian Grand Prix,2023
OCO,15.0,1,Saudi Arabian Grand Prix,2023
OCO,16.0,1,Saudi Arabian Grand Prix,2023
OCO,17.0,124,Saudi Arabian Grand Prix,2023
OCO,18.0,4,Saudi Arabian Grand Prix,2023
OCO,19.0,4,Saudi Arabian Grand Prix,2023
OCO,20.0,41,Saudi Arabian Grand Prix,2023
OCO,21.0,1,Saudi Arabian Grand Prix,2023
OCO,22.0,1,Saudi Arabian Grand Prix,2023
OCO,23.0,1,Saudi Arabian Grand Prix,2023
OCO,24.0,1,Saudi Arabian Grand Prix,2023
OCO,25.0,1,Saudi Arabian Grand Prix,2023
OCO,26.0,1,Saudi Arabian Grand Prix,2023
OCO,27.0,1,Saudi Arabian Grand Prix,2023
OCO,28.0,1,Saudi Arabian Grand Prix,2023
OCO,29.0,1,Saudi Arabian Grand Prix,2023
OCO,30.0,1,Saudi Arabian Grand Prix,2023
OCO,31.0,1,Saudi Arabian Grand Prix,2023
OCO,32.0,1,Saudi Arabian Grand Prix,2023
OCO,33.0,1,Saudi Arabian Grand Prix,2023
OCO,34.0,1,Saudi Arabian Grand Prix,2023
OCO,35.0,1,Saudi Arabian Grand Prix,2023
OCO,36.0,1,Saudi Arabian Grand Prix,2023
OCO,37.0,1,Saudi Arabian Grand Prix,2023
OCO,38.0,1,Saudi Arabian Grand Prix,2023
OCO,39.0,1,Saudi Arabian Grand Prix,2023
OCO,40.0,1,Saudi Arabian Grand Prix,2023
OCO,41.0,1,Saudi Arabian Grand Prix,2023
OCO,42.0,1,Saudi Arabian Grand Prix,2023
OCO,43.0,1,Saudi Arabian Grand Prix,2023
OCO,44.0,1,Saudi Arabian Grand Prix,2023
OCO,45.0,1,Saudi Arabian Grand Prix,2023
OCO,46.0,1,Saudi Arabian Grand Prix,2023
OCO,47.0,1,Saudi Arabian Grand Prix,2023
OCO,48.0,1,Saudi Arabian Grand Prix,2023
OCO,49.0,1,Saudi Arabian Grand Prix,2023
OCO,50.0,1,Saudi Arabian Grand Prix,2023
NOR,1.0,1,Saudi Arabian Grand Prix,2023
NOR,2.0,1,Saudi Arabian Grand Prix,2023
NOR,3.0,1,Saudi Arabian Grand Prix,2023
NOR,4.0,1,Saudi Arabian Grand Prix,2023
NOR,5.0,1,Saudi Arabian Grand Prix,2023
NOR,6.0,1,Saudi Arabian Grand Prix,2023
NOR,7.0,1,Saudi Arabian Grand Prix,2023
NOR,8.0,1,Saudi Arabian Grand Prix,2023
NOR,9.0,1,Saudi Arabian Grand Prix,2023
NOR,10.0,1,Saudi Arabian Grand Prix,2023
NOR,11.0,1,Saudi Arabian Grand Prix,2023
NOR,12.0,1,Saudi Arabian Grand Prix,2023
NOR,13.0,1,Saudi Arabian Grand Prix,2023
NOR,14.0,1,Saudi Arabian Grand Prix,2023
NOR,15.0,1,Saudi Arabian Grand Prix,2023
NOR,16.0,1,Saudi Arabian Grand Prix,2023
NOR,17.0,124,Saudi Arabian Grand Prix,2023
NOR,18.0,4,Saudi Arabian Grand Prix,2023
NOR,19.0,4,Saudi Arabian Grand Prix,2023
NOR,20.0,41,Saudi Arabian Grand Prix,2023
NOR,21.0,1,Saudi Arabian Grand Prix,2023
NOR,22.0,1,Saudi Arabian Grand Prix,2023
NOR,23.0,1,Saudi Arabian Grand Prix,2023
NOR,24.0,1,Saudi Arabian Grand Prix,2023
NOR,25.0,1,Saudi Arabian Grand Prix,2023
NOR,26.0,1,Saudi Arabian Grand Prix,2023
NOR,27.0,1,Saudi Arabian Grand Prix,2023
NOR,28.0,1,Saudi Arabian Grand Prix,2023
NOR,29.0,1,Saudi Arabian Grand Prix,2023
NOR,30.0,1,Saudi Arabian Grand Prix,2023
NOR,31.0,1,Saudi Arabian Grand Prix,2023
NOR,32.0,1,Saudi Arabian Grand Prix,2023
NOR,33.0,1,Saudi Arabian Grand Prix,2023
NOR,34.0,1,Saudi Arabian Grand Prix,2023
NOR,35.0,1,Saudi Arabian Grand Prix,2023
NOR,36.0,1,Saudi Arabian Grand Prix,2023
NOR,37.0,1,Saudi Arabian Grand Prix,2023
NOR,38.0,1,Saudi Arabian Grand Prix,2023
NOR,39.0,1,Saudi Arabian Grand Prix,2023
NOR,40.0,1,Saudi Arabian Grand Prix,2023
NOR,41.0,1,Saudi Arabian Grand Prix,2023
NOR,42.0,1,Saudi Arabian Grand Prix,2023
NOR,43.0,1,Saudi Arabian Grand Prix,2023
NOR,44.0,1,Saudi Arabian Grand Prix,2023
NOR,45.0,1,Saudi Arabian Grand Prix,2023
NOR,46.0,1,Saudi Arabian Grand Prix,2023
NOR,47.0,1,Saudi Arabian Grand Prix,2023
NOR,48.0,1,Saudi Arabian Grand Prix,2023
NOR,49.0,1,Saudi Arabian Grand Prix,2023
NOR,50.0,1,Saudi Arabian Grand Prix,2023
HAM,1.0,1,Saudi Arabian Grand Prix,2023
HAM,2.0,1,Saudi Arabian Grand Prix,2023
HAM,3.0,1,Saudi Arabian Grand Prix,2023
HAM,4.0,1,Saudi Arabian Grand Prix,2023
HAM,5.0,1,Saudi Arabian Grand Prix,2023
HAM,6.0,1,Saudi Arabian Grand Prix,2023
HAM,7.0,1,Saudi Arabian Grand Prix,2023
HAM,8.0,1,Saudi Arabian Grand Prix,2023
HAM,9.0,1,Saudi Arabian Grand Prix,2023
HAM,10.0,1,Saudi Arabian Grand Prix,2023
HAM,11.0,1,Saudi Arabian Grand Prix,2023
HAM,12.0,1,Saudi Arabian Grand Prix,2023
HAM,13.0,1,Saudi Arabian Grand Prix,2023
HAM,14.0,1,Saudi Arabian Grand Prix,2023
HAM,15.0,1,Saudi Arabian Grand Prix,2023
HAM,16.0,1,Saudi Arabian Grand Prix,2023
HAM,17.0,12,Saudi Arabian Grand Prix,2023
HAM,18.0,24,Saudi Arabian Grand Prix,2023
HAM,19.0,4,Saudi Arabian Grand Prix,2023
HAM,20.0,41,Saudi Arabian Grand Prix,2023
HAM,21.0,1,Saudi Arabian Grand Prix,2023
HAM,22.0,1,Saudi Arabian Grand Prix,2023
HAM,23.0,1,Saudi Arabian Grand Prix,2023
HAM,24.0,1,Saudi Arabian Grand Prix,2023
HAM,25.0,1,Saudi Arabian Grand Prix,2023
HAM,26.0,1,Saudi Arabian Grand Prix,2023
HAM,27.0,1,Saudi Arabian Grand Prix,2023
HAM,28.0,1,Saudi Arabian Grand Prix,2023
HAM,29.0,1,Saudi Arabian Grand Prix,2023
HAM,30.0,1,Saudi Arabian Grand Prix,2023
HAM,31.0,1,Saudi Arabian Grand Prix,2023
HAM,32.0,1,Saudi Arabian Grand Prix,2023
HAM,33.0,1,Saudi Arabian Grand Prix,2023
HAM,34.0,1,Saudi Arabian Grand Prix,2023
HAM,35.0,1,Saudi Arabian Grand Prix,2023
HAM,36.0,1,Saudi Arabian Grand Prix,2023
HAM,37.0,1,Saudi Arabian Grand Prix,2023
HAM,38.0,1,Saudi Arabian Grand Prix,2023
HAM,39.0,1,Saudi Arabian Grand Prix,2023
HAM,40.0,1,Saudi Arabian Grand Prix,2023
HAM,41.0,1,Saudi Arabian Grand Prix,2023
HAM,42.0,1,Saudi Arabian Grand Prix,2023
HAM,43.0,1,Saudi Arabian Grand Prix,2023
HAM,44.0,1,Saudi Arabian Grand Prix,2023
HAM,45.0,1,Saudi Arabian Grand Prix,2023
HAM,46.0,1,Saudi Arabian Grand Prix,2023
HAM,47.0,1,Saudi Arabian Grand Prix,2023
HAM,48.0,1,Saudi Arabian Grand Prix,2023
HAM,49.0,1,Saudi Arabian Grand Prix,2023
HAM,50.0,1,Saudi Arabian Grand Prix,2023
SAI,1.0,1,Saudi Arabian Grand Prix,2023
SAI,2.0,1,Saudi Arabian Grand Prix,2023
SAI,3.0,1,Saudi Arabian Grand Prix,2023
SAI,4.0,1,Saudi Arabian Grand Prix,2023
SAI,5.0,1,Saudi Arabian Grand Prix,2023
SAI,6.0,1,Saudi Arabian Grand Prix,2023
SAI,7.0,1,Saudi Arabian Grand Prix,2023
SAI,8.0,1,Saudi Arabian Grand Prix,2023
SAI,9.0,1,Saudi Arabian Grand Prix,2023
SAI,10.0,1,Saudi Arabian Grand Prix,2023
SAI,11.0,1,Saudi Arabian Grand Prix,2023
SAI,12.0,1,Saudi Arabian Grand Prix,2023
SAI,13.0,1,Saudi Arabian Grand Prix,2023
SAI,14.0,1,Saudi Arabian Grand Prix,2023
SAI,15.0,1,Saudi Arabian Grand Prix,2023
SAI,16.0,1,Saudi Arabian Grand Prix,2023
SAI,17.0,124,Saudi Arabian Grand Prix,2023
SAI,18.0,4,Saudi Arabian Grand Prix,2023
SAI,19.0,4,Saudi Arabian Grand Prix,2023
SAI,20.0,41,Saudi Arabian Grand Prix,2023
SAI,21.0,1,Saudi Arabian Grand Prix,2023
SAI,22.0,1,Saudi Arabian Grand Prix,2023
SAI,23.0,1,Saudi Arabian Grand Prix,2023
SAI,24.0,1,Saudi Arabian Grand Prix,2023
SAI,25.0,1,Saudi Arabian Grand Prix,2023
SAI,26.0,1,Saudi Arabian Grand Prix,2023
SAI,27.0,1,Saudi Arabian Grand Prix,2023
SAI,28.0,1,Saudi Arabian Grand Prix,2023
SAI,29.0,1,Saudi Arabian Grand Prix,2023
SAI,30.0,1,Saudi Arabian Grand Prix,2023
SAI,31.0,1,Saudi Arabian Grand Prix,2023
SAI,32.0,1,Saudi Arabian Grand Prix,2023
SAI,33.0,1,Saudi Arabian Grand Prix,2023
SAI,34.0,1,Saudi Arabian Grand Prix,2023
SAI,35.0,1,Saudi Arabian Grand Prix,2023
SAI,36.0,1,Saudi Arabian Grand Prix,2023
SAI,37.0,1,Saudi Arabian Grand Prix,2023
SAI,38.0,1,Saudi Arabian Grand Prix,2023
SAI,39.0,1,Saudi Arabian Grand Prix,2023
SAI,40.0,1,Saudi Arabian Grand Prix,2023
SAI,41.0,1,Saudi Arabian Grand Prix,2023
SAI,42.0,1,Saudi Arabian Grand Prix,2023
SAI,43.0,1,Saudi Arabian Grand Prix,2023
SAI,44.0,1,Saudi Arabian Grand Prix,2023
SAI,45.0,1,Saudi Arabian Grand Prix,2023
SAI,46.0,1,Saudi Arabian Grand Prix,2023
SAI,47.0,1,Saudi Arabian Grand Prix,2023
SAI,48.0,1,Saudi Arabian Grand Prix,2023
SAI,49.0,1,Saudi Arabian Grand Prix,2023
SAI,50.0,1,Saudi Arabian Grand Prix,2023
RUS,1.0,1,Saudi Arabian Grand Prix,2023
RUS,2.0,1,Saudi Arabian Grand Prix,2023
RUS,3.0,1,Saudi Arabian Grand Prix,2023
RUS,4.0,1,Saudi Arabian Grand Prix,2023
RUS,5.0,1,Saudi Arabian Grand Prix,2023
RUS,6.0,1,Saudi Arabian Grand Prix,2023
RUS,7.0,1,Saudi Arabian Grand Prix,2023
RUS,8.0,1,Saudi Arabian Grand Prix,2023
RUS,9.0,1,Saudi Arabian Grand Prix,2023
RUS,10.0,1,Saudi Arabian Grand Prix,2023
RUS,11.0,1,Saudi Arabian Grand Prix,2023
RUS,12.0,1,Saudi Arabian Grand Prix,2023
RUS,13.0,1,Saudi Arabian Grand Prix,2023
RUS,14.0,1,Saudi Arabian Grand Prix,2023
RUS,15.0,1,Saudi Arabian Grand Prix,2023
RUS,16.0,1,Saudi Arabian Grand Prix,2023
RUS,17.0,12,Saudi Arabian Grand Prix,2023
RUS,18.0,24,Saudi Arabian Grand Prix,2023
RUS,19.0,4,Saudi Arabian Grand Prix,2023
RUS,20.0,41,Saudi Arabian Grand Prix,2023
RUS,21.0,1,Saudi Arabian Grand Prix,2023
RUS,22.0,1,Saudi Arabian Grand Prix,2023
RUS,23.0,1,Saudi Arabian Grand Prix,2023
RUS,24.0,1,Saudi Arabian Grand Prix,2023
RUS,25.0,1,Saudi Arabian Grand Prix,2023
RUS,26.0,1,Saudi Arabian Grand Prix,2023
RUS,27.0,1,Saudi Arabian Grand Prix,2023
RUS,28.0,1,Saudi Arabian Grand Prix,2023
RUS,29.0,1,Saudi Arabian Grand Prix,2023
RUS,30.0,1,Saudi Arabian Grand Prix,2023
RUS,31.0,1,Saudi Arabian Grand Prix,2023
RUS,32.0,1,Saudi Arabian Grand Prix,2023
RUS,33.0,1,Saudi Arabian Grand Prix,2023
RUS,34.0,1,Saudi Arabian Grand Prix,2023
RUS,35.0,1,Saudi Arabian Grand Prix,2023
RUS,36.0,1,Saudi Arabian Grand Prix,2023
RUS,37.0,1,Saudi Arabian Grand Prix,2023
RUS,38.0,1,Saudi Arabian Grand Prix,2023
RUS,39.0,1,Saudi Arabian Grand Prix,2023
RUS,40.0,1,Saudi Arabian Grand Prix,2023
RUS,41.0,1,Saudi Arabian Grand Prix,2023
RUS,42.0,1,Saudi Arabian Grand Prix,2023
RUS,43.0,1,Saudi Arabian Grand Prix,2023
RUS,44.0,1,Saudi Arabian Grand Prix,2023
RUS,45.0,1,Saudi Arabian Grand Prix,2023
RUS,46.0,1,Saudi Arabian Grand Prix,2023
RUS,47.0,1,Saudi Arabian Grand Prix,2023
RUS,48.0,1,Saudi Arabian Grand Prix,2023
RUS,49.0,1,Saudi Arabian Grand Prix,2023
RUS,50.0,1,Saudi Arabian Grand Prix,2023
BOT,1.0,1,Saudi Arabian Grand Prix,2023
BOT,2.0,1,Saudi Arabian Grand Prix,2023
BOT,3.0,1,Saudi Arabian Grand Prix,2023
BOT,4.0,1,Saudi Arabian Grand Prix,2023
BOT,5.0,1,Saudi Arabian Grand Prix,2023
BOT,6.0,1,Saudi Arabian Grand Prix,2023
BOT,7.0,1,Saudi Arabian Grand Prix,2023
BOT,8.0,1,Saudi Arabian Grand Prix,2023
BOT,9.0,1,Saudi Arabian Grand Prix,2023
BOT,10.0,1,Saudi Arabian Grand Prix,2023
BOT,11.0,1,Saudi Arabian Grand Prix,2023
BOT,12.0,1,Saudi Arabian Grand Prix,2023
BOT,13.0,1,Saudi Arabian Grand Prix,2023
BOT,14.0,1,Saudi Arabian Grand Prix,2023
BOT,15.0,1,Saudi Arabian Grand Prix,2023
BOT,16.0,1,Saudi Arabian Grand Prix,2023
BOT,17.0,124,Saudi Arabian Grand Prix,2023
BOT,18.0,4,Saudi Arabian Grand Prix,2023
BOT,19.0,4,Saudi Arabian Grand Prix,2023
BOT,20.0,41,Saudi Arabian Grand Prix,2023
BOT,21.0,1,Saudi Arabian Grand Prix,2023
BOT,22.0,1,Saudi Arabian Grand Prix,2023
BOT,23.0,1,Saudi Arabian Grand Prix,2023
BOT,24.0,1,Saudi Arabian Grand Prix,2023
BOT,25.0,1,Saudi Arabian Grand Prix,2023
BOT,26.0,1,Saudi Arabian Grand Prix,2023
BOT,27.0,1,Saudi Arabian Grand Prix,2023
BOT,28.0,1,Saudi Arabian Grand Prix,2023
BOT,29.0,1,Saudi Arabian Grand Prix,2023
BOT,30.0,1,Saudi Arabian Grand Prix,2023
BOT,31.0,1,Saudi Arabian Grand Prix,2023
BOT,32.0,1,Saudi Arabian Grand Prix,2023
BOT,33.0,1,Saudi Arabian Grand Prix,2023
BOT,34.0,1,Saudi Arabian Grand Prix,2023
BOT,35.0,1,Saudi Arabian Grand Prix,2023
BOT,36.0,1,Saudi Arabian Grand Prix,2023
BOT,37.0,1,Saudi Arabian Grand Prix,2023
BOT,38.0,1,Saudi Arabian Grand Prix,2023
BOT,39.0,1,Saudi Arabian Grand Prix,2023
BOT,40.0,1,Saudi Arabian Grand Prix,2023
BOT,41.0,1,Saudi Arabian Grand Prix,2023
BOT,42.0,1,Saudi Arabian Grand Prix,2023
BOT,43.0,1,Saudi Arabian Grand Prix,2023
BOT,44.0,1,Saudi Arabian Grand Prix,2023
BOT,45.0,1,Saudi Arabian Grand Prix,2023
BOT,46.0,1,Saudi Arabian Grand Prix,2023
BOT,47.0,1,Saudi Arabian Grand Prix,2023
BOT,48.0,1,Saudi Arabian Grand Prix,2023
BOT,49.0,1,Saudi Arabian Grand Prix,2023
PIA,1.0,1,Saudi Arabian Grand Prix,2023
PIA,2.0,1,Saudi Arabian Grand Prix,2023
PIA,3.0,1,Saudi Arabian Grand Prix,2023
PIA,4.0,1,Saudi Arabian Grand Prix,2023
PIA,5.0,1,Saudi Arabian Grand Prix,2023
PIA,6.0,1,Saudi Arabian Grand Prix,2023
PIA,7.0,1,Saudi Arabian Grand Prix,2023
PIA,8.0,1,Saudi Arabian Grand Prix,2023
PIA,9.0,1,Saudi Arabian Grand Prix,2023
PIA,10.0,1,Saudi Arabian Grand Prix,2023
PIA,11.0,1,Saudi Arabian Grand Prix,2023
PIA,12.0,1,Saudi Arabian Grand Prix,2023
PIA,13.0,1,Saudi Arabian Grand Prix,2023
PIA,14.0,1,Saudi Arabian Grand Prix,2023
PIA,15.0,1,Saudi Arabian Grand Prix,2023
PIA,16.0,1,Saudi Arabian Grand Prix,2023
PIA,17.0,124,Saudi Arabian Grand Prix,2023
PIA,18.0,4,Saudi Arabian Grand Prix,2023
PIA,19.0,4,Saudi Arabian Grand Prix,2023
PIA,20.0,41,Saudi Arabian Grand Prix,2023
PIA,21.0,1,Saudi Arabian Grand Prix,2023
PIA,22.0,1,Saudi Arabian Grand Prix,2023
PIA,23.0,1,Saudi Arabian Grand Prix,2023
PIA,24.0,1,Saudi Arabian Grand Prix,2023
PIA,25.0,1,Saudi Arabian Grand Prix,2023
PIA,26.0,1,Saudi Arabian Grand Prix,2023
PIA,27.0,1,Saudi Arabian Grand Prix,2023
PIA,28.0,1,Saudi Arabian Grand Prix,2023
PIA,29.0,1,Saudi Arabian Grand Prix,2023
PIA,30.0,1,Saudi Arabian Grand Prix,2023
PIA,31.0,1,Saudi Arabian Grand Prix,2023
PIA,32.0,1,Saudi Arabian Grand Prix,2023
PIA,33.0,1,Saudi Arabian Grand Prix,2023
PIA,34.0,1,Saudi Arabian Grand Prix,2023
PIA,35.0,1,Saudi Arabian Grand Prix,2023
PIA,36.0,1,Saudi Arabian Grand Prix,2023
PIA,37.0,1,Saudi Arabian Grand Prix,2023
PIA,38.0,1,Saudi Arabian Grand Prix,2023
PIA,39.0,1,Saudi Arabian Grand Prix,2023
PIA,40.0,1,Saudi Arabian Grand Prix,2023
PIA,41.0,1,Saudi Arabian Grand Prix,2023
PIA,42.0,1,Saudi Arabian Grand Prix,2023
PIA,43.0,1,Saudi Arabian Grand Prix,2023
PIA,44.0,1,Saudi Arabian Grand Prix,2023
PIA,45.0,1,Saudi Arabian Grand Prix,2023
PIA,46.0,1,Saudi Arabian Grand Prix,2023
PIA,47.0,1,Saudi Arabian Grand Prix,2023
PIA,48.0,1,Saudi Arabian Grand Prix,2023
PIA,49.0,1,Saudi Arabian Grand Prix,2023
PIA,50.0,1,Saudi Arabian Grand Prix,2023
VER,1.0,124,Australian Grand Prix,2023
VER,2.0,4,Australian Grand Prix,2023
VER,3.0,41,Australian Grand Prix,2023
VER,4.0,1,Australian Grand Prix,2023
VER,5.0,1,Australian Grand Prix,2023
VER,6.0,1,Australian Grand Prix,2023
VER,7.0,124,Australian Grand Prix,2023
VER,8.0,451,Australian Grand Prix,2023
VER,9.0,1,Australian Grand Prix,2023
VER,10.0,1,Australian Grand Prix,2023
VER,11.0,1,Australian Grand Prix,2023
VER,12.0,1,Australian Grand Prix,2023
VER,13.0,1,Australian Grand Prix,2023
VER,14.0,1,Australian Grand Prix,2023
VER,15.0,1,Australian Grand Prix,2023
VER,16.0,1,Australian Grand Prix,2023
VER,17.0,1,Australian Grand Prix,2023
VER,18.0,16,Australian Grand Prix,2023
VER,19.0,671,Australian Grand Prix,2023
VER,20.0,1,Australian Grand Prix,2023
VER,21.0,1,Australian Grand Prix,2023
VER,22.0,1,Australian Grand Prix,2023
VER,23.0,1,Australian Grand Prix,2023
VER,24.0,1,Australian Grand Prix,2023
VER,25.0,1,Australian Grand Prix,2023
VER,26.0,1,Australian Grand Prix,2023
VER,27.0,1,Australian Grand Prix,2023
VER,28.0,1,Australian Grand Prix,2023
VER,29.0,1,Australian Grand Prix,2023
VER,30.0,1,Australian Grand Prix,2023
VER,31.0,1,Australian Grand Prix,2023
VER,32.0,1,Australian Grand Prix,2023
VER,33.0,1,Australian Grand Prix,2023
VER,34.0,1,Australian Grand Prix,2023
VER,35.0,1,Australian Grand Prix,2023
VER,36.0,1,Australian Grand Prix,2023
VER,37.0,1,Australian Grand Prix,2023
VER,38.0,1,Australian Grand Prix,2023
VER,39.0,1,Australian Grand Prix,2023
VER,40.0,1,Australian Grand Prix,2023
VER,41.0,1,Australian Grand Prix,2023
VER,42.0,1,Australian Grand Prix,2023
VER,43.0,1,Australian Grand Prix,2023
VER,44.0,1,Australian Grand Prix,2023
VER,45.0,1,Australian Grand Prix,2023
VER,46.0,1,Australian Grand Prix,2023
VER,47.0,1,Australian Grand Prix,2023
VER,48.0,1,Australian Grand Prix,2023
VER,49.0,1,Australian Grand Prix,2023
VER,50.0,1,Australian Grand Prix,2023
VER,51.0,1,Australian Grand Prix,2023
VER,52.0,1,Australian Grand Prix,2023
VER,53.0,12,Australian Grand Prix,2023
VER,54.0,214,Australian Grand Prix,2023
VER,55.0,45,Australian Grand Prix,2023
VER,56.0,1,Australian Grand Prix,2023
VER,57.0,125,Australian Grand Prix,2023
VER,58.0,1,Australian Grand Prix,2023
GAS,1.0,124,Australian Grand Prix,2023
GAS,2.0,4,Australian Grand Prix,2023
GAS,3.0,41,Australian Grand Prix,2023
GAS,4.0,1,Australian Grand Prix,2023
GAS,5.0,1,Australian Grand Prix,2023
GAS,6.0,1,Australian Grand Prix,2023
GAS,7.0,124,Australian Grand Prix,2023
GAS,8.0,451,Australian Grand Prix,2023
GAS,9.0,1,Australian Grand Prix,2023
GAS,10.0,1,Australian Grand Prix,2023
GAS,11.0,1,Australian Grand Prix,2023
GAS,12.0,1,Australian Grand Prix,2023
GAS,13.0,1,Australian Grand Prix,2023
GAS,14.0,1,Australian Grand Prix,2023
GAS,15.0,1,Australian Grand Prix,2023
GAS,16.0,1,Australian Grand Prix,2023
GAS,17.0,1,Australian Grand Prix,2023
GAS,18.0,16,Australian Grand Prix,2023
GAS,19.0,671,Australian Grand Prix,2023
GAS,20.0,1,Australian Grand Prix,2023
GAS,21.0,1,Australian Grand Prix,2023
GAS,22.0,1,Australian Grand Prix,2023
GAS,23.0,1,Australian Grand Prix,2023
GAS,24.0,1,Australian Grand Prix,2023
GAS,25.0,1,Australian Grand Prix,2023
GAS,26.0,1,Australian Grand Prix,2023
GAS,27.0,1,Australian Grand Prix,2023
GAS,28.0,1,Australian Grand Prix,2023
GAS,29.0,1,Australian Grand Prix,2023
GAS,30.0,1,Australian Grand Prix,2023
GAS,31.0,1,Australian Grand Prix,2023
GAS,32.0,1,Australian Grand Prix,2023
GAS,33.0,1,Australian Grand Prix,2023
GAS,34.0,1,Australian Grand Prix,2023
GAS,35.0,1,Australian Grand Prix,2023
GAS,36.0,1,Australian Grand Prix,2023
GAS,37.0,1,Australian Grand Prix,2023
GAS,38.0,1,Australian Grand Prix,2023
GAS,39.0,1,Australian Grand Prix,2023
GAS,40.0,1,Australian Grand Prix,2023
GAS,41.0,1,Australian Grand Prix,2023
GAS,42.0,1,Australian Grand Prix,2023
GAS,43.0,1,Australian Grand Prix,2023
GAS,44.0,1,Australian Grand Prix,2023
GAS,45.0,1,Australian Grand Prix,2023
GAS,46.0,1,Australian Grand Prix,2023
GAS,47.0,1,Australian Grand Prix,2023
GAS,48.0,1,Australian Grand Prix,2023
GAS,49.0,1,Australian Grand Prix,2023
GAS,50.0,1,Australian Grand Prix,2023
GAS,51.0,1,Australian Grand Prix,2023
GAS,52.0,1,Australian Grand Prix,2023
GAS,53.0,12,Australian Grand Prix,2023
GAS,54.0,14,Australian Grand Prix,2023
GAS,55.0,451,Australian Grand Prix,2023
GAS,56.0,1,Australian Grand Prix,2023
GAS,57.0,12,Australian Grand Prix,2023
PER,1.0,124,Australian Grand Prix,2023
PER,2.0,4,Australian Grand Prix,2023
PER,3.0,41,Australian Grand Prix,2023
PER,4.0,1,Australian Grand Prix,2023
PER,5.0,1,Australian Grand Prix,2023
PER,6.0,1,Australian Grand Prix,2023
PER,7.0,124,Australian Grand Prix,2023
PER,8.0,451,Australian Grand Prix,2023
PER,9.0,1,Australian Grand Prix,2023
PER,10.0,1,Australian Grand Prix,2023
PER,11.0,1,Australian Grand Prix,2023
PER,12.0,1,Australian Grand Prix,2023
PER,13.0,1,Australian Grand Prix,2023
PER,14.0,1,Australian Grand Prix,2023
PER,15.0,1,Australian Grand Prix,2023
PER,16.0,1,Australian Grand Prix,2023
PER,17.0,1,Australian Grand Prix,2023
PER,18.0,16,Australian Grand Prix,2023
PER,19.0,671,Australian Grand Prix,2023
PER,20.0,1,Australian Grand Prix,2023
PER,21.0,1,Australian Grand Prix,2023
PER,22.0,1,Australian Grand Prix,2023
PER,23.0,1,Australian Grand Prix,2023
PER,24.0,1,Australian Grand Prix,2023
PER,25.0,1,Australian Grand Prix,2023
PER,26.0,1,Australian Grand Prix,2023
PER,27.0,1,Australian Grand Prix,2023
PER,28.0,1,Australian Grand Prix,2023
PER,29.0,1,Australian Grand Prix,2023
PER,30.0,1,Australian Grand Prix,2023
PER,31.0,1,Australian Grand Prix,2023
PER,32.0,1,Australian Grand Prix,2023
PER,33.0,1,Australian Grand Prix,2023
PER,34.0,1,Australian Grand Prix,2023
PER,35.0,1,Australian Grand Prix,2023
PER,36.0,1,Australian Grand Prix,2023
PER,37.0,1,Australian Grand Prix,2023
PER,38.0,1,Australian Grand Prix,2023
PER,39.0,1,Australian Grand Prix,2023
PER,40.0,1,Australian Grand Prix,2023
PER,41.0,1,Australian Grand Prix,2023
PER,42.0,1,Australian Grand Prix,2023
PER,43.0,1,Australian Grand Prix,2023
PER,44.0,1,Australian Grand Prix,2023
PER,45.0,1,Australian Grand Prix,2023
PER,46.0,1,Australian Grand Prix,2023
PER,47.0,1,Australian Grand Prix,2023
PER,48.0,1,Australian Grand Prix,2023
PER,49.0,1,Australian Grand Prix,2023
PER,50.0,1,Australian Grand Prix,2023
PER,51.0,1,Australian Grand Prix,2023
PER,52.0,1,Australian Grand Prix,2023
PER,53.0,12,Australian Grand Prix,2023
PER,54.0,14,Australian Grand Prix,2023
PER,55.0,451,Australian Grand Prix,2023
PER,56.0,1,Australian Grand Prix,2023
PER,57.0,125,Australian Grand Prix,2023
PER,58.0,1,Australian Grand Prix,2023
ALO,1.0,124,Australian Grand Prix,2023
ALO,2.0,4,Australian Grand Prix,2023
ALO,3.0,41,Australian Grand Prix,2023
ALO,4.0,1,Australian Grand Prix,2023
ALO,5.0,1,Australian Grand Prix,2023
ALO,6.0,1,Australian Grand Prix,2023
ALO,7.0,124,Australian Grand Prix,2023
ALO,8.0,451,Australian Grand Prix,2023
ALO,9.0,1,Australian Grand Prix,2023
ALO,10.0,1,Australian Grand Prix,2023
ALO,11.0,1,Australian Grand Prix,2023
ALO,12.0,1,Australian Grand Prix,2023
ALO,13.0,1,Australian Grand Prix,2023
ALO,14.0,1,Australian Grand Prix,2023
ALO,15.0,1,Australian Grand Prix,2023
ALO,16.0,1,Australian Grand Prix,2023
ALO,17.0,1,Australian Grand Prix,2023
ALO,18.0,16,Australian Grand Prix,2023
ALO,19.0,671,Australian Grand Prix,2023
ALO,20.0,1,Australian Grand Prix,2023
ALO,21.0,1,Australian Grand Prix,2023
ALO,22.0,1,Australian Grand Prix,2023
ALO,23.0,1,Australian Grand Prix,2023
ALO,24.0,1,Australian Grand Prix,2023
ALO,25.0,1,Australian Grand Prix,2023
ALO,26.0,1,Australian Grand Prix,2023
ALO,27.0,1,Australian Grand Prix,2023
ALO,28.0,1,Australian Grand Prix,2023
ALO,29.0,1,Australian Grand Prix,2023
ALO,30.0,1,Australian Grand Prix,2023
ALO,31.0,1,Australian Grand Prix,2023
ALO,32.0,1,Australian Grand Prix,2023
ALO,33.0,1,Australian Grand Prix,2023
ALO,34.0,1,Australian Grand Prix,2023
ALO,35.0,1,Australian Grand Prix,2023
ALO,36.0,1,Australian Grand Prix,2023
ALO,37.0,1,Australian Grand Prix,2023
ALO,38.0,1,Australian Grand Prix,2023
ALO,39.0,1,Australian Grand Prix,2023
ALO,40.0,1,Australian Grand Prix,2023
ALO,41.0,1,Australian Grand Prix,2023
ALO,42.0,1,Australian Grand Prix,2023
ALO,43.0,1,Australian Grand Prix,2023
ALO,44.0,1,Australian Grand Prix,2023
ALO,45.0,1,Australian Grand Prix,2023
ALO,46.0,1,Australian Grand Prix,2023
ALO,47.0,1,Australian Grand Prix,2023
ALO,48.0,1,Australian Grand Prix,2023
ALO,49.0,1,Australian Grand Prix,2023
ALO,50.0,1,Australian Grand Prix,2023
ALO,51.0,1,Australian Grand Prix,2023
ALO,52.0,1,Australian Grand Prix,2023
ALO,53.0,12,Australian Grand Prix,2023
ALO,54.0,14,Australian Grand Prix,2023
ALO,55.0,451,Australian Grand Prix,2023
ALO,56.0,1,Australian Grand Prix,2023
ALO,57.0,125,Australian Grand Prix,2023
ALO,58.0,1,Australian Grand Prix,2023
LEC,1.0,124,Australian Grand Prix,2023
STR,1.0,124,Australian Grand Prix,2023
STR,2.0,4,Australian Grand Prix,2023
STR,3.0,41,Australian Grand Prix,2023
STR,4.0,1,Australian Grand Prix,2023
STR,5.0,1,Australian Grand Prix,2023
STR,6.0,1,Australian Grand Prix,2023
STR,7.0,124,Australian Grand Prix,2023
STR,8.0,451,Australian Grand Prix,2023
STR,9.0,1,Australian Grand Prix,2023
STR,10.0,1,Australian Grand Prix,2023
STR,11.0,1,Australian Grand Prix,2023
STR,12.0,1,Australian Grand Prix,2023
STR,13.0,1,Australian Grand Prix,2023
STR,14.0,1,Australian Grand Prix,2023
STR,15.0,1,Australian Grand Prix,2023
STR,16.0,1,Australian Grand Prix,2023
STR,17.0,1,Australian Grand Prix,2023
STR,18.0,16,Australian Grand Prix,2023
STR,19.0,671,Australian Grand Prix,2023
STR,20.0,1,Australian Grand Prix,2023
STR,21.0,1,Australian Grand Prix,2023
STR,22.0,1,Australian Grand Prix,2023
STR,23.0,1,Australian Grand Prix,2023
STR,24.0,1,Australian Grand Prix,2023
STR,25.0,1,Australian Grand Prix,2023
STR,26.0,1,Australian Grand Prix,2023
STR,27.0,1,Australian Grand Prix,2023
STR,28.0,1,Australian Grand Prix,2023
STR,29.0,1,Australian Grand Prix,2023
STR,30.0,1,Australian Grand Prix,2023
STR,31.0,1,Australian Grand Prix,2023
STR,32.0,1,Australian Grand Prix,2023
STR,33.0,1,Australian Grand Prix,2023
STR,34.0,1,Australian Grand Prix,2023
STR,35.0,1,Australian Grand Prix,2023
STR,36.0,1,Australian Grand Prix,2023
STR,37.0,1,Australian Grand Prix,2023
STR,38.0,1,Australian Grand Prix,2023
STR,39.0,1,Australian Grand Prix,2023
STR,40.0,1,Australian Grand Prix,2023
STR,41.0,1,Australian Grand Prix,2023
STR,42.0,1,Australian Grand Prix,2023
STR,43.0,1,Australian Grand Prix,2023
STR,44.0,1,Australian Grand Prix,2023
STR,45.0,1,Australian Grand Prix,2023
STR,46.0,1,Australian Grand Prix,2023
STR,47.0,1,Australian Grand Prix,2023
STR,48.0,1,Australian Grand Prix,2023
STR,49.0,1,Australian Grand Prix,2023
STR,50.0,1,Australian Grand Prix,2023
STR,51.0,1,Australian Grand Prix,2023
STR,52.0,1,Australian Grand Prix,2023
STR,53.0,12,Australian Grand Prix,2023
STR,54.0,14,Australian Grand Prix,2023
STR,55.0,451,Australian Grand Prix,2023
STR,56.0,1,Australian Grand Prix,2023
STR,57.0,125,Australian Grand Prix,2023
STR,58.0,1,Australian Grand Prix,2023
SAR,1.0,124,Australian Grand Prix,2023
SAR,2.0,4,Australian Grand Prix,2023
SAR,3.0,41,Australian Grand Prix,2023
SAR,4.0,1,Australian Grand Prix,2023
SAR,5.0,1,Australian Grand Prix,2023
SAR,6.0,1,Australian Grand Prix,2023
SAR,7.0,124,Australian Grand Prix,2023
SAR,8.0,451,Australian Grand Prix,2023
SAR,9.0,1,Australian Grand Prix,2023
SAR,10.0,1,Australian Grand Prix,2023
SAR,11.0,1,Australian Grand Prix,2023
SAR,12.0,1,Australian Grand Prix,2023
SAR,13.0,1,Australian Grand Prix,2023
SAR,14.0,1,Australian Grand Prix,2023
SAR,15.0,1,Australian Grand Prix,2023
SAR,16.0,1,Australian Grand Prix,2023
SAR,17.0,1,Australian Grand Prix,2023
SAR,18.0,16,Australian Grand Prix,2023
SAR,19.0,671,Australian Grand Prix,2023
SAR,20.0,1,Australian Grand Prix,2023
SAR,21.0,1,Australian Grand Prix,2023
SAR,22.0,1,Australian Grand Prix,2023
SAR,23.0,1,Australian Grand Prix,2023
SAR,24.0,1,Australian Grand Prix,2023
SAR,25.0,1,Australian Grand Prix,2023
SAR,26.0,1,Australian Grand Prix,2023
SAR,27.0,1,Australian Grand Prix,2023
SAR,28.0,1,Australian Grand Prix,2023
SAR,29.0,1,Australian Grand Prix,2023
SAR,30.0,1,Australian Grand Prix,2023
SAR,31.0,1,Australian Grand Prix,2023
SAR,32.0,1,Australian Grand Prix,2023
SAR,33.0,1,Australian Grand Prix,2023
SAR,34.0,1,Australian Grand Prix,2023
SAR,35.0,1,Australian Grand Prix,2023
SAR,36.0,1,Australian Grand Prix,2023
SAR,37.0,1,Australian Grand Prix,2023
SAR,38.0,1,Australian Grand Prix,2023
SAR,39.0,1,Australian Grand Prix,2023
SAR,40.0,1,Australian Grand Prix,2023
SAR,41.0,1,Australian Grand Prix,2023
SAR,42.0,1,Australian Grand Prix,2023
SAR,43.0,1,Australian Grand Prix,2023
SAR,44.0,1,Australian Grand Prix,2023
SAR,45.0,1,Australian Grand Prix,2023
SAR,46.0,1,Australian Grand Prix,2023
SAR,47.0,1,Australian Grand Prix,2023
SAR,48.0,1,Australian Grand Prix,2023
SAR,49.0,1,Australian Grand Prix,2023
SAR,50.0,1,Australian Grand Prix,2023
SAR,51.0,1,Australian Grand Prix,2023
SAR,52.0,12,Australian Grand Prix,2023
SAR,53.0,14,Australian Grand Prix,2023
SAR,54.0,45,Australian Grand Prix,2023
SAR,55.0,51,Australian Grand Prix,2023
SAR,56.0,1,Australian Grand Prix,2023
SAR,57.0,12,Australian Grand Prix,2023
MAG,1.0,124,Australian Grand Prix,2023
MAG,2.0,4,Australian Grand Prix,2023
MAG,3.0,41,Australian Grand Prix,2023
MAG,4.0,1,Australian Grand Prix,2023
MAG,5.0,1,Australian Grand Prix,2023
MAG,6.0,1,Australian Grand Prix,2023
MAG,7.0,124,Australian Grand Prix,2023
MAG,8.0,451,Australian Grand Prix,2023
MAG,9.0,1,Australian Grand Prix,2023
MAG,10.0,1,Australian Grand Prix,2023
MAG,11.0,1,Australian Grand Prix,2023
MAG,12.0,1,Australian Grand Prix,2023
MAG,13.0,1,Australian Grand Prix,2023
MAG,14.0,1,Australian Grand Prix,2023
MAG,15.0,1,Australian Grand Prix,2023
MAG,16.0,1,Australian Grand Prix,2023
MAG,17.0,1,Australian Grand Prix,2023
MAG,18.0,16,Australian Grand Prix,2023
MAG,19.0,671,Australian Grand Prix,2023
MAG,20.0,1,Australian Grand Prix,2023
MAG,21.0,1,Australian Grand Prix,2023
MAG,22.0,1,Australian Grand Prix,2023
MAG,23.0,1,Australian Grand Prix,2023
MAG,24.0,1,Australian Grand Prix,2023
MAG,25.0,1,Australian Grand Prix,2023
MAG,26.0,1,Australian Grand Prix,2023
MAG,27.0,1,Australian Grand Prix,2023
MAG,28.0,1,Australian Grand Prix,2023
MAG,29.0,1,Australian Grand Prix,2023
MAG,30.0,1,Australian Grand Prix,2023
MAG,31.0,1,Australian Grand Prix,2023
MAG,32.0,1,Australian Grand Prix,2023
MAG,33.0,1,Australian Grand Prix,2023
MAG,34.0,1,Australian Grand Prix,2023
MAG,35.0,1,Australian Grand Prix,2023
MAG,36.0,1,Australian Grand Prix,2023
MAG,37.0,1,Australian Grand Prix,2023
MAG,38.0,1,Australian Grand Prix,2023
MAG,39.0,1,Australian Grand Prix,2023
MAG,40.0,1,Australian Grand Prix,2023
MAG,41.0,1,Australian Grand Prix,2023
MAG,42.0,1,Australian Grand Prix,2023
MAG,43.0,1,Australian Grand Prix,2023
MAG,44.0,1,Australian Grand Prix,2023
MAG,45.0,1,Australian Grand Prix,2023
MAG,46.0,1,Australian Grand Prix,2023
MAG,47.0,1,Australian Grand Prix,2023
MAG,48.0,1,Australian Grand Prix,2023
MAG,49.0,1,Australian Grand Prix,2023
MAG,50.0,1,Australian Grand Prix,2023
MAG,51.0,1,Australian Grand Prix,2023
MAG,52.0,1,Australian Grand Prix,2023
MAG,53.0,124,Australian Grand Prix,2023
DEV,1.0,124,Australian Grand Prix,2023
DEV,2.0,4,Australian Grand Prix,2023
DEV,3.0,41,Australian Grand Prix,2023
DEV,4.0,1,Australian Grand Prix,2023
DEV,5.0,1,Australian Grand Prix,2023
DEV,6.0,1,Australian Grand Prix,2023
DEV,7.0,124,Australian Grand Prix,2023
DEV,8.0,451,Australian Grand Prix,2023
DEV,9.0,1,Australian Grand Prix,2023
DEV,10.0,1,Australian Grand Prix,2023
DEV,11.0,1,Australian Grand Prix,2023
DEV,12.0,1,Australian Grand Prix,2023
DEV,13.0,1,Australian Grand Prix,2023
DEV,14.0,1,Australian Grand Prix,2023
DEV,15.0,1,Australian Grand Prix,2023
DEV,16.0,1,Australian Grand Prix,2023
DEV,17.0,1,Australian Grand Prix,2023
DEV,18.0,16,Australian Grand Prix,2023
DEV,19.0,671,Australian Grand Prix,2023
DEV,20.0,1,Australian Grand Prix,2023
DEV,21.0,1,Australian Grand Prix,2023
DEV,22.0,1,Australian Grand Prix,2023
DEV,23.0,1,Australian Grand Prix,2023
DEV,24.0,1,Australian Grand Prix,2023
DEV,25.0,1,Australian Grand Prix,2023
DEV,26.0,1,Australian Grand Prix,2023
DEV,27.0,1,Australian Grand Prix,2023
DEV,28.0,1,Australian Grand Prix,2023
DEV,29.0,1,Australian Grand Prix,2023
DEV,30.0,1,Australian Grand Prix,2023
DEV,31.0,1,Australian Grand Prix,2023
DEV,32.0,1,Australian Grand Prix,2023
DEV,33.0,1,Australian Grand Prix,2023
DEV,34.0,1,Australian Grand Prix,2023
DEV,35.0,1,Australian Grand Prix,2023
DEV,36.0,1,Australian Grand Prix,2023
DEV,37.0,1,Australian Grand Prix,2023
DEV,38.0,1,Australian Grand Prix,2023
DEV,39.0,1,Australian Grand Prix,2023
DEV,40.0,1,Australian Grand Prix,2023
DEV,41.0,1,Australian Grand Prix,2023
DEV,42.0,1,Australian Grand Prix,2023
DEV,43.0,1,Australian Grand Prix,2023
DEV,44.0,1,Australian Grand Prix,2023
DEV,45.0,1,Australian Grand Prix,2023
DEV,46.0,1,Australian Grand Prix,2023
DEV,47.0,1,Australian Grand Prix,2023
DEV,48.0,1,Australian Grand Prix,2023
DEV,49.0,1,Australian Grand Prix,2023
DEV,50.0,1,Australian Grand Prix,2023
DEV,51.0,1,Australian Grand Prix,2023
DEV,52.0,12,Australian Grand Prix,2023
DEV,53.0,14,Australian Grand Prix,2023
DEV,54.0,45,Australian Grand Prix,2023
DEV,55.0,51,Australian Grand Prix,2023
DEV,56.0,1,Australian Grand Prix,2023
DEV,57.0,12,Australian Grand Prix,2023
TSU,1.0,124,Australian Grand Prix,2023
TSU,2.0,4,Australian Grand Prix,2023
TSU,3.0,41,Australian Grand Prix,2023
TSU,4.0,1,Australian Grand Prix,2023
TSU,5.0,1,Australian Grand Prix,2023
TSU,6.0,1,Australian Grand Prix,2023
TSU,7.0,124,Australian Grand Prix,2023
TSU,8.0,451,Australian Grand Prix,2023
TSU,9.0,1,Australian Grand Prix,2023
TSU,10.0,1,Australian Grand Prix,2023
TSU,11.0,1,Australian Grand Prix,2023
TSU,12.0,1,Australian Grand Prix,2023
TSU,13.0,1,Australian Grand Prix,2023
TSU,14.0,1,Australian Grand Prix,2023
TSU,15.0,1,Australian Grand Prix,2023
TSU,16.0,1,Australian Grand Prix,2023
TSU,17.0,1,Australian Grand Prix,2023
TSU,18.0,16,Australian Grand Prix,2023
TSU,19.0,671,Australian Grand Prix,2023
TSU,20.0,1,Australian Grand Prix,2023
TSU,21.0,1,Australian Grand Prix,2023
TSU,22.0,1,Australian Grand Prix,2023
TSU,23.0,1,Australian Grand Prix,2023
TSU,24.0,1,Australian Grand Prix,2023
TSU,25.0,1,Australian Grand Prix,2023
TSU,26.0,1,Australian Grand Prix,2023
TSU,27.0,1,Australian Grand Prix,2023
TSU,28.0,1,Australian Grand Prix,2023
TSU,29.0,1,Australian Grand Prix,2023
TSU,30.0,1,Australian Grand Prix,2023
TSU,31.0,1,Australian Grand Prix,2023
TSU,32.0,1,Australian Grand Prix,2023
TSU,33.0,1,Australian Grand Prix,2023
TSU,34.0,1,Australian Grand Prix,2023
TSU,35.0,1,Australian Grand Prix,2023
TSU,36.0,1,Australian Grand Prix,2023
TSU,37.0,1,Australian Grand Prix,2023
TSU,38.0,1,Australian Grand Prix,2023
TSU,39.0,1,Australian Grand Prix,2023
TSU,40.0,1,Australian Grand Prix,2023
TSU,41.0,1,Australian Grand Prix,2023
TSU,42.0,1,Australian Grand Prix,2023
TSU,43.0,1,Australian Grand Prix,2023
TSU,44.0,1,Australian Grand Prix,2023
TSU,45.0,1,Australian Grand Prix,2023
TSU,46.0,1,Australian Grand Prix,2023
TSU,47.0,1,Australian Grand Prix,2023
TSU,48.0,1,Australian Grand Prix,2023
TSU,49.0,1,Australian Grand Prix,2023
TSU,50.0,1,Australian Grand Prix,2023
TSU,51.0,1,Australian Grand Prix,2023
TSU,52.0,1,Australian Grand Prix,2023
TSU,53.0,124,Australian Grand Prix,2023
TSU,54.0,4,Australian Grand Prix,2023
TSU,55.0,451,Australian Grand Prix,2023
TSU,56.0,1,Australian Grand Prix,2023
TSU,57.0,125,Australian Grand Prix,2023
TSU,58.0,1,Australian Grand Prix,2023
ALB,1.0,124,Australian Grand Prix,2023
ALB,2.0,4,Australian Grand Prix,2023
ALB,3.0,41,Australian Grand Prix,2023
ALB,4.0,1,Australian Grand Prix,2023
ALB,5.0,1,Australian Grand Prix,2023
ALB,6.0,1,Australian Grand Prix,2023
ALB,7.0,124,Australian Grand Prix,2023
ZHO,1.0,124,Australian Grand Prix,2023
ZHO,2.0,4,Australian Grand Prix,2023
ZHO,3.0,41,Australian Grand Prix,2023
ZHO,4.0,1,Australian Grand Prix,2023
ZHO,5.0,1,Australian Grand Prix,2023
ZHO,6.0,1,Australian Grand Prix,2023
ZHO,7.0,124,Australian Grand Prix,2023
ZHO,8.0,451,Australian Grand Prix,2023
ZHO,9.0,1,Australian Grand Prix,2023
ZHO,10.0,1,Australian Grand Prix,2023
ZHO,11.0,1,Australian Grand Prix,2023
ZHO,12.0,1,Australian Grand Prix,2023
ZHO,13.0,1,Australian Grand Prix,2023
ZHO,14.0,1,Australian Grand Prix,2023
ZHO,15.0,1,Australian Grand Prix,2023
ZHO,16.0,1,Australian Grand Prix,2023
ZHO,17.0,1,Australian Grand Prix,2023
ZHO,18.0,16,Australian Grand Prix,2023
ZHO,19.0,671,Australian Grand Prix,2023
ZHO,20.0,1,Australian Grand Prix,2023
ZHO,21.0,1,Australian Grand Prix,2023
ZHO,22.0,1,Australian Grand Prix,2023
ZHO,23.0,1,Australian Grand Prix,2023
ZHO,24.0,1,Australian Grand Prix,2023
ZHO,25.0,1,Australian Grand Prix,2023
ZHO,26.0,1,Australian Grand Prix,2023
ZHO,27.0,1,Australian Grand Prix,2023
ZHO,28.0,1,Australian Grand Prix,2023
ZHO,29.0,1,Australian Grand Prix,2023
ZHO,30.0,1,Australian Grand Prix,2023
ZHO,31.0,1,Australian Grand Prix,2023
ZHO,32.0,1,Australian Grand Prix,2023
ZHO,33.0,1,Australian Grand Prix,2023
ZHO,34.0,1,Australian Grand Prix,2023
ZHO,35.0,1,Australian Grand Prix,2023
ZHO,36.0,1,Australian Grand Prix,2023
ZHO,37.0,1,Australian Grand Prix,2023
ZHO,38.0,1,Australian Grand Prix,2023
ZHO,39.0,1,Australian Grand Prix,2023
ZHO,40.0,1,Australian Grand Prix,2023
ZHO,41.0,1,Australian Grand Prix,2023
ZHO,42.0,1,Australian Grand Prix,2023
ZHO,43.0,1,Australian Grand Prix,2023
ZHO,44.0,1,Australian Grand Prix,2023
ZHO,45.0,1,Australian Grand Prix,2023
ZHO,46.0,1,Australian Grand Prix,2023
ZHO,47.0,1,Australian Grand Prix,2023
ZHO,48.0,1,Australian Grand Prix,2023
ZHO,49.0,1,Australian Grand Prix,2023
ZHO,50.0,1,Australian Grand Prix,2023
ZHO,51.0,1,Australian Grand Prix,2023
ZHO,52.0,1,Australian Grand Prix,2023
ZHO,53.0,124,Australian Grand Prix,2023
ZHO,54.0,4,Australian Grand Prix,2023
ZHO,55.0,451,Australian Grand Prix,2023
ZHO,56.0,1,Australian Grand Prix,2023
ZHO,57.0,125,Australian Grand Prix,2023
ZHO,58.0,1,Australian Grand Prix,2023
HUL,1.0,124,Australian Grand Prix,2023
HUL,2.0,4,Australian Grand Prix,2023
HUL,3.0,41,Australian Grand Prix,2023
HUL,4.0,1,Australian Grand Prix,2023
HUL,5.0,1,Australian Grand Prix,2023
HUL,6.0,1,Australian Grand Prix,2023
HUL,7.0,124,Australian Grand Prix,2023
HUL,8.0,451,Australian Grand Prix,2023
HUL,9.0,1,Australian Grand Prix,2023
HUL,10.0,1,Australian Grand Prix,2023
HUL,11.0,1,Australian Grand Prix,2023
HUL,12.0,1,Australian Grand Prix,2023
HUL,13.0,1,Australian Grand Prix,2023
HUL,14.0,1,Australian Grand Prix,2023
HUL,15.0,1,Australian Grand Prix,2023
HUL,16.0,1,Australian Grand Prix,2023
HUL,17.0,1,Australian Grand Prix,2023
HUL,18.0,16,Australian Grand Prix,2023
HUL,19.0,671,Australian Grand Prix,2023
HUL,20.0,1,Australian Grand Prix,2023
HUL,21.0,1,Australian Grand Prix,2023
HUL,22.0,1,Australian Grand Prix,2023
HUL,23.0,1,Australian Grand Prix,2023
HUL,24.0,1,Australian Grand Prix,2023
HUL,25.0,1,Australian Grand Prix,2023
HUL,26.0,1,Australian Grand Prix,2023
HUL,27.0,1,Australian Grand Prix,2023
HUL,28.0,1,Australian Grand Prix,2023
HUL,29.0,1,Australian Grand Prix,2023
HUL,30.0,1,Australian Grand Prix,2023
HUL,31.0,1,Australian Grand Prix,2023
HUL,32.0,1,Australian Grand Prix,2023
HUL,33.0,1,Australian Grand Prix,2023
HUL,34.0,1,Australian Grand Prix,2023
HUL,35.0,1,Australian Grand Prix,2023
HUL,36.0,1,Australian Grand Prix,2023
HUL,37.0,1,Australian Grand Prix,2023
HUL,38.0,1,Australian Grand Prix,2023
HUL,39.0,1,Australian Grand Prix,2023
HUL,40.0,1,Australian Grand Prix,2023
HUL,41.0,1,Australian Grand Prix,2023
HUL,42.0,1,Australian Grand Prix,2023
HUL,43.0,1,Australian Grand Prix,2023
HUL,44.0,1,Australian Grand Prix,2023
HUL,45.0,1,Australian Grand Prix,2023
HUL,46.0,1,Australian Grand Prix,2023
HUL,47.0,1,Australian Grand Prix,2023
HUL,48.0,1,Australian Grand Prix,2023
HUL,49.0,1,Australian Grand Prix,2023
HUL,50.0,1,Australian Grand Prix,2023
HUL,51.0,1,Australian Grand Prix,2023
HUL,52.0,1,Australian Grand Prix,2023
HUL,53.0,12,Australian Grand Prix,2023
HUL,54.0,14,Australian Grand Prix,2023
HUL,55.0,451,Australian Grand Prix,2023
HUL,56.0,1,Australian Grand Prix,2023
HUL,57.0,125,Australian Grand Prix,2023
HUL,58.0,1,Australian Grand Prix,2023
OCO,1.0,124,Australian Grand Prix,2023
OCO,2.0,4,Australian Grand Prix,2023
OCO,3.0,41,Australian Grand Prix,2023
OCO,4.0,1,Australian Grand Prix,2023
OCO,5.0,1,Australian Grand Prix,2023
OCO,6.0,1,Australian Grand Prix,2023
OCO,7.0,124,Australian Grand Prix,2023
OCO,8.0,451,Australian Grand Prix,2023
OCO,9.0,1,Australian Grand Prix,2023
OCO,10.0,1,Australian Grand Prix,2023
OCO,11.0,1,Australian Grand Prix,2023
OCO,12.0,1,Australian Grand Prix,2023
OCO,13.0,1,Australian Grand Prix,2023
OCO,14.0,1,Australian Grand Prix,2023
OCO,15.0,1,Australian Grand Prix,2023
OCO,16.0,1,Australian Grand Prix,2023
OCO,17.0,1,Australian Grand Prix,2023
OCO,18.0,16,Australian Grand Prix,2023
OCO,19.0,671,Australian Grand Prix,2023
OCO,20.0,1,Australian Grand Prix,2023
OCO,21.0,1,Australian Grand Prix,2023
OCO,22.0,1,Australian Grand Prix,2023
OCO,23.0,1,Australian Grand Prix,2023
OCO,24.0,1,Australian Grand Prix,2023
OCO,25.0,1,Australian Grand Prix,2023
OCO,26.0,1,Australian Grand Prix,2023
OCO,27.0,1,Australian Grand Prix,2023
OCO,28.0,1,Australian Grand Prix,2023
OCO,29.0,1,Australian Grand Prix,2023
OCO,30.0,1,Australian Grand Prix,2023
OCO,31.0,1,Australian Grand Prix,2023
OCO,32.0,1,Australian Grand Prix,2023
OCO,33.0,1,Australian Grand Prix,2023
OCO,34.0,1,Australian Grand Prix,2023
OCO,35.0,1,Australian Grand Prix,2023
OCO,36.0,1,Australian Grand Prix,2023
OCO,37.0,1,Australian Grand Prix,2023
OCO,38.0,1,Australian Grand Prix,2023
OCO,39.0,1,Australian Grand Prix,2023
OCO,40.0,1,Australian Grand Prix,2023
OCO,41.0,1,Australian Grand Prix,2023
OCO,42.0,1,Australian Grand Prix,2023
OCO,43.0,1,Australian Grand Prix,2023
OCO,44.0,1,Australian Grand Prix,2023
OCO,45.0,1,Australian Grand Prix,2023
OCO,46.0,1,Australian Grand Prix,2023
OCO,47.0,1,Australian Grand Prix,2023
OCO,48.0,1,Australian Grand Prix,2023
OCO,49.0,1,Australian Grand Prix,2023
OCO,50.0,1,Australian Grand Prix,2023
OCO,51.0,1,Australian Grand Prix,2023
OCO,52.0,1,Australian Grand Prix,2023
OCO,53.0,12,Australian Grand Prix,2023
OCO,54.0,14,Australian Grand Prix,2023
OCO,55.0,451,Australian Grand Prix,2023
OCO,56.0,1,Australian Grand Prix,2023
OCO,57.0,12,Australian Grand Prix,2023
NOR,1.0,124,Australian Grand Prix,2023
NOR,2.0,4,Australian Grand Prix,2023
NOR,3.0,41,Australian Grand Prix,2023
NOR,4.0,1,Australian Grand Prix,2023
NOR,5.0,1,Australian Grand Prix,2023
NOR,6.0,1,Australian Grand Prix,2023
NOR,7.0,124,Australian Grand Prix,2023
NOR,8.0,451,Australian Grand Prix,2023
NOR,9.0,1,Australian Grand Prix,2023
NOR,10.0,1,Australian Grand Prix,2023
NOR,11.0,1,Australian Grand Prix,2023
NOR,12.0,1,Australian Grand Prix,2023
NOR,13.0,1,Australian Grand Prix,2023
NOR,14.0,1,Australian Grand Prix,2023
NOR,15.0,1,Australian Grand Prix,2023
NOR,16.0,1,Australian Grand Prix,2023
NOR,17.0,1,Australian Grand Prix,2023
NOR,18.0,16,Australian Grand Prix,2023
NOR,19.0,671,Australian Grand Prix,2023
NOR,20.0,1,Australian Grand Prix,2023
NOR,21.0,1,Australian Grand Prix,2023
NOR,22.0,1,Australian Grand Prix,2023
NOR,23.0,1,Australian Grand Prix,2023
NOR,24.0,1,Australian Grand Prix,2023
NOR,25.0,1,Australian Grand Prix,2023
NOR,26.0,1,Australian Grand Prix,2023
NOR,27.0,1,Australian Grand Prix,2023
NOR,28.0,1,Australian Grand Prix,2023
NOR,29.0,1,Australian Grand Prix,2023
NOR,30.0,1,Australian Grand Prix,2023
NOR,31.0,1,Australian Grand Prix,2023
NOR,32.0,1,Australian Grand Prix,2023
NOR,33.0,1,Australian Grand Prix,2023
NOR,34.0,1,Australian Grand Prix,2023
NOR,35.0,1,Australian Grand Prix,2023
NOR,36.0,1,Australian Grand Prix,2023
NOR,37.0,1,Australian Grand Prix,2023
NOR,38.0,1,Australian Grand Prix,2023
NOR,39.0,1,Australian Grand Prix,2023
NOR,40.0,1,Australian Grand Prix,2023
NOR,41.0,1,Australian Grand Prix,2023
NOR,42.0,1,Australian Grand Prix,2023
NOR,43.0,1,Australian Grand Prix,2023
NOR,44.0,1,Australian Grand Prix,2023
NOR,45.0,1,Australian Grand Prix,2023
NOR,46.0,1,Australian Grand Prix,2023
NOR,47.0,1,Australian Grand Prix,2023
NOR,48.0,1,Australian Grand Prix,2023
NOR,49.0,1,Australian Grand Prix,2023
NOR,50.0,1,Australian Grand Prix,2023
NOR,51.0,1,Australian Grand Prix,2023
NOR,52.0,1,Australian Grand Prix,2023
NOR,53.0,12,Australian Grand Prix,2023
NOR,54.0,14,Australian Grand Prix,2023
NOR,55.0,451,Australian Grand Prix,2023
NOR,56.0,1,Australian Grand Prix,2023
NOR,57.0,125,Australian Grand Prix,2023
NOR,58.0,1,Australian Grand Prix,2023
HAM,1.0,124,Australian Grand Prix,2023
HAM,2.0,4,Australian Grand Prix,2023
HAM,3.0,41,Australian Grand Prix,2023
HAM,4.0,1,Australian Grand Prix,2023
HAM,5.0,1,Australian Grand Prix,2023
HAM,6.0,1,Australian Grand Prix,2023
HAM,7.0,124,Australian Grand Prix,2023
HAM,8.0,45,Australian Grand Prix,2023
HAM,9.0,1,Australian Grand Prix,2023
HAM,10.0,1,Australian Grand Prix,2023
HAM,11.0,1,Australian Grand Prix,2023
HAM,12.0,1,Australian Grand Prix,2023
HAM,13.0,1,Australian Grand Prix,2023
HAM,14.0,1,Australian Grand Prix,2023
HAM,15.0,1,Australian Grand Prix,2023
HAM,16.0,1,Australian Grand Prix,2023
HAM,17.0,1,Australian Grand Prix,2023
HAM,18.0,16,Australian Grand Prix,2023
HAM,19.0,671,Australian Grand Prix,2023
HAM,20.0,1,Australian Grand Prix,2023
HAM,21.0,1,Australian Grand Prix,2023
HAM,22.0,1,Australian Grand Prix,2023
HAM,23.0,1,Australian Grand Prix,2023
HAM,24.0,1,Australian Grand Prix,2023
HAM,25.0,1,Australian Grand Prix,2023
HAM,26.0,1,Australian Grand Prix,2023
HAM,27.0,1,Australian Grand Prix,2023
HAM,28.0,1,Australian Grand Prix,2023
HAM,29.0,1,Australian Grand Prix,2023
HAM,30.0,1,Australian Grand Prix,2023
HAM,31.0,1,Australian Grand Prix,2023
HAM,32.0,1,Australian Grand Prix,2023
HAM,33.0,1,Australian Grand Prix,2023
HAM,34.0,1,Australian Grand Prix,2023
HAM,35.0,1,Australian Grand Prix,2023
HAM,36.0,1,Australian Grand Prix,2023
HAM,37.0,1,Australian Grand Prix,2023
HAM,38.0,1,Australian Grand Prix,2023
HAM,39.0,1,Australian Grand Prix,2023
HAM,40.0,1,Australian Grand Prix,2023
HAM,41.0,1,Australian Grand Prix,2023
HAM,42.0,1,Australian Grand Prix,2023
HAM,43.0,1,Australian Grand Prix,2023
HAM,44.0,1,Australian Grand Prix,2023
HAM,45.0,1,Australian Grand Prix,2023
HAM,46.0,1,Australian Grand Prix,2023
HAM,47.0,1,Australian Grand Prix,2023
HAM,48.0,1,Australian Grand Prix,2023
HAM,49.0,1,Australian Grand Prix,2023
HAM,50.0,1,Australian Grand Prix,2023
HAM,51.0,1,Australian Grand Prix,2023
HAM,52.0,1,Australian Grand Prix,2023
HAM,53.0,12,Australian Grand Prix,2023
HAM,54.0,14,Australian Grand Prix,2023
HAM,55.0,45,Australian Grand Prix,2023
HAM,56.0,1,Australian Grand Prix,2023
HAM,57.0,125,Australian Grand Prix,2023
HAM,58.0,1,Australian Grand Prix,2023
SAI,1.0,124,Australian Grand Prix,2023
SAI,2.0,4,Australian Grand Prix,2023
SAI,3.0,41,Australian Grand Prix,2023
SAI,4.0,1,Australian Grand Prix,2023
SAI,5.0,1,Australian Grand Prix,2023
SAI,6.0,1,Australian Grand Prix,2023
SAI,7.0,124,Australian Grand Prix,2023
SAI,8.0,451,Australian Grand Prix,2023
SAI,9.0,1,Australian Grand Prix,2023
SAI,10.0,1,Australian Grand Prix,2023
SAI,11.0,1,Australian Grand Prix,2023
SAI,12.0,1,Australian Grand Prix,2023
SAI,13.0,1,Australian Grand Prix,2023
SAI,14.0,1,Australian Grand Prix,2023
SAI,15.0,1,Australian Grand Prix,2023
SAI,16.0,1,Australian Grand Prix,2023
SAI,17.0,1,Australian Grand Prix,2023
SAI,18.0,16,Australian Grand Prix,2023
SAI,19.0,671,Australian Grand Prix,2023
SAI,20.0,1,Australian Grand Prix,2023
SAI,21.0,1,Australian Grand Prix,2023
SAI,22.0,1,Australian Grand Prix,2023
SAI,23.0,1,Australian Grand Prix,2023
SAI,24.0,1,Australian Grand Prix,2023
SAI,25.0,1,Australian Grand Prix,2023
SAI,26.0,1,Australian Grand Prix,2023
SAI,27.0,1,Australian Grand Prix,2023
SAI,28.0,1,Australian Grand Prix,2023
SAI,29.0,1,Australian Grand Prix,2023
SAI,30.0,1,Australian Grand Prix,2023
SAI,31.0,1,Australian Grand Prix,2023
SAI,32.0,1,Australian Grand Prix,2023
SAI,33.0,1,Australian Grand Prix,2023
SAI,34.0,1,Australian Grand Prix,2023
SAI,35.0,1,Australian Grand Prix,2023
SAI,36.0,1,Australian Grand Prix,2023
SAI,37.0,1,Australian Grand Prix,2023
SAI,38.0,1,Australian Grand Prix,2023
SAI,39.0,1,Australian Grand Prix,2023
SAI,40.0,1,Australian Grand Prix,2023
SAI,41.0,1,Australian Grand Prix,2023
SAI,42.0,1,Australian Grand Prix,2023
SAI,43.0,1,Australian Grand Prix,2023
SAI,44.0,1,Australian Grand Prix,2023
SAI,45.0,1,Australian Grand Prix,2023
SAI,46.0,1,Australian Grand Prix,2023
SAI,47.0,1,Australian Grand Prix,2023
SAI,48.0,1,Australian Grand Prix,2023
SAI,49.0,1,Australian Grand Prix,2023
SAI,50.0,1,Australian Grand Prix,2023
SAI,51.0,1,Australian Grand Prix,2023
SAI,52.0,1,Australian Grand Prix,2023
SAI,53.0,12,Australian Grand Prix,2023
SAI,54.0,14,Australian Grand Prix,2023
SAI,55.0,451,Australian Grand Prix,2023
SAI,56.0,1,Australian Grand Prix,2023
SAI,57.0,125,Australian Grand Prix,2023
SAI,58.0,1,Australian Grand Prix,2023
RUS,1.0,124,Australian Grand Prix,2023
RUS,2.0,4,Australian Grand Prix,2023
RUS,3.0,41,Australian Grand Prix,2023
RUS,4.0,1,Australian Grand Prix,2023
RUS,5.0,1,Australian Grand Prix,2023
RUS,6.0,1,Australian Grand Prix,2023
RUS,7.0,124,Australian Grand Prix,2023
RUS,8.0,451,Australian Grand Prix,2023
RUS,9.0,1,Australian Grand Prix,2023
RUS,10.0,1,Australian Grand Prix,2023
RUS,11.0,1,Australian Grand Prix,2023
RUS,12.0,1,Australian Grand Prix,2023
RUS,13.0,1,Australian Grand Prix,2023
RUS,14.0,1,Australian Grand Prix,2023
RUS,15.0,1,Australian Grand Prix,2023
RUS,16.0,1,Australian Grand Prix,2023
RUS,17.0,1,Australian Grand Prix,2023
RUS,18.0,16724,Australian Grand Prix,2023
BOT,1.0,124,Australian Grand Prix,2023
BOT,2.0,4,Australian Grand Prix,2023
BOT,3.0,41,Australian Grand Prix,2023
BOT,4.0,1,Australian Grand Prix,2023
BOT,5.0,1,Australian Grand Prix,2023
BOT,6.0,1,Australian Grand Prix,2023
BOT,7.0,124,Australian Grand Prix,2023
BOT,8.0,451,Australian Grand Prix,2023
BOT,9.0,1,Australian Grand Prix,2023
BOT,10.0,1,Australian Grand Prix,2023
BOT,11.0,1,Australian Grand Prix,2023
BOT,12.0,1,Australian Grand Prix,2023
BOT,13.0,1,Australian Grand Prix,2023
BOT,14.0,1,Australian Grand Prix,2023
BOT,15.0,1,Australian Grand Prix,2023
BOT,16.0,1,Australian Grand Prix,2023
BOT,17.0,1,Australian Grand Prix,2023
BOT,18.0,16,Australian Grand Prix,2023
BOT,19.0,671,Australian Grand Prix,2023
BOT,20.0,1,Australian Grand Prix,2023
BOT,21.0,1,Australian Grand Prix,2023
BOT,22.0,1,Australian Grand Prix,2023
BOT,23.0,1,Australian Grand Prix,2023
BOT,24.0,1,Australian Grand Prix,2023
BOT,25.0,1,Australian Grand Prix,2023
BOT,26.0,1,Australian Grand Prix,2023
BOT,27.0,1,Australian Grand Prix,2023
BOT,28.0,1,Australian Grand Prix,2023
BOT,29.0,1,Australian Grand Prix,2023
BOT,30.0,1,Australian Grand Prix,2023
BOT,31.0,1,Australian Grand Prix,2023
BOT,32.0,1,Australian Grand Prix,2023
BOT,33.0,1,Australian Grand Prix,2023
BOT,34.0,1,Australian Grand Prix,2023
BOT,35.0,1,Australian Grand Prix,2023
BOT,36.0,1,Australian Grand Prix,2023
BOT,37.0,1,Australian Grand Prix,2023
BOT,38.0,1,Australian Grand Prix,2023
BOT,39.0,1,Australian Grand Prix,2023
BOT,40.0,1,Australian Grand Prix,2023
BOT,41.0,1,Australian Grand Prix,2023
BOT,42.0,1,Australian Grand Prix,2023
BOT,43.0,1,Australian Grand Prix,2023
BOT,44.0,1,Australian Grand Prix,2023
BOT,45.0,1,Australian Grand Prix,2023
BOT,46.0,1,Australian Grand Prix,2023
BOT,47.0,1,Australian Grand Prix,2023
BOT,48.0,1,Australian Grand Prix,2023
BOT,49.0,1,Australian Grand Prix,2023
BOT,50.0,1,Australian Grand Prix,2023
BOT,51.0,1,Australian Grand Prix,2023
BOT,52.0,1,Australian Grand Prix,2023
BOT,53.0,124,Australian Grand Prix,2023
BOT,54.0,45,Australian Grand Prix,2023
BOT,55.0,51,Australian Grand Prix,2023
BOT,56.0,1,Australian Grand Prix,2023
BOT,57.0,125,Australian Grand Prix,2023
BOT,58.0,1,Australian Grand Prix,2023
PIA,1.0,124,Australian Grand Prix,2023
PIA,2.0,4,Australian Grand Prix,2023
PIA,3.0,41,Australian Grand Prix,2023
PIA,4.0,1,Australian Grand Prix,2023
PIA,5.0,1,Australian Grand Prix,2023
PIA,6.0,1,Australian Grand Prix,2023
PIA,7.0,124,Australian Grand Prix,2023
PIA,8.0,451,Australian Grand Prix,2023
PIA,9.0,1,Australian Grand Prix,2023
PIA,10.0,1,Australian Grand Prix,2023
PIA,11.0,1,Australian Grand Prix,2023
PIA,12.0,1,Australian Grand Prix,2023
PIA,13.0,1,Australian Grand Prix,2023
PIA,14.0,1,Australian Grand Prix,2023
PIA,15.0,1,Australian Grand Prix,2023
PIA,16.0,1,Australian Grand Prix,2023
PIA,17.0,1,Australian Grand Prix,2023
PIA,18.0,16,Australian Grand Prix,2023
PIA,19.0,671,Australian Grand Prix,2023
PIA,20.0,1,Australian Grand Prix,2023
PIA,21.0,1,Australian Grand Prix,2023
PIA,22.0,1,Australian Grand Prix,2023
PIA,23.0,1,Australian Grand Prix,2023
PIA,24.0,1,Australian Grand Prix,2023
PIA,25.0,1,Australian Grand Prix,2023
PIA,26.0,1,Australian Grand Prix,2023
PIA,27.0,1,Australian Grand Prix,2023
PIA,28.0,1,Australian Grand Prix,2023
PIA,29.0,1,Australian Grand Prix,2023
PIA,30.0,1,Australian Grand Prix,2023
PIA,31.0,1,Australian Grand Prix,2023
PIA,32.0,1,Australian Grand Prix,2023
PIA,33.0,1,Australian Grand Prix,2023
PIA,34.0,1,Australian Grand Prix,2023
PIA,35.0,1,Australian Grand Prix,2023
PIA,36.0,1,Australian Grand Prix,2023
PIA,37.0,1,Australian Grand Prix,2023
PIA,38.0,1,Australian Grand Prix,2023
PIA,39.0,1,Australian Grand Prix,2023
PIA,40.0,1,Australian Grand Prix,2023
PIA,41.0,1,Australian Grand Prix,2023
PIA,42.0,1,Australian Grand Prix,2023
PIA,43.0,1,Australian Grand Prix,2023
PIA,44.0,1,Australian Grand Prix,2023
PIA,45.0,1,Australian Grand Prix,2023
PIA,46.0,1,Australian Grand Prix,2023
PIA,47.0,1,Australian Grand Prix,2023
PIA,48.0,1,Australian Grand Prix,2023
PIA,49.0,1,Australian Grand Prix,2023
PIA,50.0,1,Australian Grand Prix,2023
PIA,51.0,1,Australian Grand Prix,2023
PIA,52.0,1,Australian Grand Prix,2023
PIA,53.0,12,Australian Grand Prix,2023
PIA,54.0,14,Australian Grand Prix,2023
PIA,55.0,451,Australian Grand Prix,2023
PIA,56.0,1,Australian Grand Prix,2023
PIA,57.0,125,Australian Grand Prix,2023
PIA,58.0,1,Australian Grand Prix,2023
VER,1.0,12,Azerbaijan Grand Prix,2023
VER,2.0,1,Azerbaijan Grand Prix,2023
VER,3.0,1,Azerbaijan Grand Prix,2023
VER,4.0,1,Azerbaijan Grand Prix,2023
VER,5.0,1,Azerbaijan Grand Prix,2023
VER,6.0,1,Azerbaijan Grand Prix,2023
VER,7.0,1,Azerbaijan Grand Prix,2023
VER,8.0,1,Azerbaijan Grand Prix,2023
VER,9.0,1,Azerbaijan Grand Prix,2023
VER,10.0,12,Azerbaijan Grand Prix,2023
VER,11.0,24,Azerbaijan Grand Prix,2023
VER,12.0,4,Azerbaijan Grand Prix,2023
VER,13.0,41,Azerbaijan Grand Prix,2023
VER,14.0,1,Azerbaijan Grand Prix,2023
VER,15.0,1,Azerbaijan Grand Prix,2023
VER,16.0,1,Azerbaijan Grand Prix,2023
VER,17.0,12,Azerbaijan Grand Prix,2023
VER,18.0,1,Azerbaijan Grand Prix,2023
VER,19.0,1,Azerbaijan Grand Prix,2023
VER,20.0,1,Azerbaijan Grand Prix,2023
VER,21.0,1,Azerbaijan Grand Prix,2023
VER,22.0,1,Azerbaijan Grand Prix,2023
VER,23.0,1,Azerbaijan Grand Prix,2023
VER,24.0,1,Azerbaijan Grand Prix,2023
VER,25.0,1,Azerbaijan Grand Prix,2023
VER,26.0,1,Azerbaijan Grand Prix,2023
VER,27.0,1,Azerbaijan Grand Prix,2023
VER,28.0,1,Azerbaijan Grand Prix,2023
VER,29.0,1,Azerbaijan Grand Prix,2023
VER,30.0,1,Azerbaijan Grand Prix,2023
VER,31.0,1,Azerbaijan Grand Prix,2023
VER,32.0,1,Azerbaijan Grand Prix,2023
VER,33.0,1,Azerbaijan Grand Prix,2023
VER,34.0,1,Azerbaijan Grand Prix,2023
VER,35.0,1,Azerbaijan Grand Prix,2023
VER,36.0,1,Azerbaijan Grand Prix,2023
VER,37.0,1,Azerbaijan Grand Prix,2023
VER,38.0,1,Azerbaijan Grand Prix,2023
VER,39.0,1,Azerbaijan Grand Prix,2023
VER,40.0,1,Azerbaijan Grand Prix,2023
VER,41.0,1,Azerbaijan Grand Prix,2023
VER,42.0,1,Azerbaijan Grand Prix,2023
VER,43.0,1,Azerbaijan Grand Prix,2023
VER,44.0,1,Azerbaijan Grand Prix,2023
VER,45.0,1,Azerbaijan Grand Prix,2023
VER,46.0,1,Azerbaijan Grand Prix,2023
VER,47.0,1,Azerbaijan Grand Prix,2023
VER,48.0,1,Azerbaijan Grand Prix,2023
VER,49.0,12,Azerbaijan Grand Prix,2023
VER,50.0,1,Azerbaijan Grand Prix,2023
VER,51.0,1,Azerbaijan Grand Prix,2023
GAS,1.0,12,Azerbaijan Grand Prix,2023
GAS,2.0,1,Azerbaijan Grand Prix,2023
GAS,3.0,1,Azerbaijan Grand Prix,2023
GAS,4.0,1,Azerbaijan Grand Prix,2023
GAS,5.0,1,Azerbaijan Grand Prix,2023
GAS,6.0,1,Azerbaijan Grand Prix,2023
GAS,7.0,1,Azerbaijan Grand Prix,2023
GAS,8.0,1,Azerbaijan Grand Prix,2023
GAS,9.0,1,Azerbaijan Grand Prix,2023
GAS,10.0,124,Azerbaijan Grand Prix,2023
GAS,11.0,4,Azerbaijan Grand Prix,2023
GAS,12.0,4,Azerbaijan Grand Prix,2023
GAS,13.0,41,Azerbaijan Grand Prix,2023
GAS,14.0,1,Azerbaijan Grand Prix,2023
GAS,15.0,1,Azerbaijan Grand Prix,2023
GAS,16.0,1,Azerbaijan Grand Prix,2023
GAS,17.0,12,Azerbaijan Grand Prix,2023
GAS,18.0,1,Azerbaijan Grand Prix,2023
GAS,19.0,1,Azerbaijan Grand Prix,2023
GAS,20.0,1,Azerbaijan Grand Prix,2023
GAS,21.0,1,Azerbaijan Grand Prix,2023
GAS,22.0,1,Azerbaijan Grand Prix,2023
GAS,23.0,1,Azerbaijan Grand Prix,2023
GAS,24.0,1,Azerbaijan Grand Prix,2023
GAS,25.0,1,Azerbaijan Grand Prix,2023
GAS,26.0,1,Azerbaijan Grand Prix,2023
GAS,27.0,1,Azerbaijan Grand Prix,2023
GAS,28.0,1,Azerbaijan Grand Prix,2023
GAS,29.0,1,Azerbaijan Grand Prix,2023
GAS,30.0,1,Azerbaijan Grand Prix,2023
GAS,31.0,1,Azerbaijan Grand Prix,2023
GAS,32.0,1,Azerbaijan Grand Prix,2023
GAS,33.0,1,Azerbaijan Grand Prix,2023
GAS,34.0,1,Azerbaijan Grand Prix,2023
GAS,35.0,1,Azerbaijan Grand Prix,2023
GAS,36.0,1,Azerbaijan Grand Prix,2023
GAS,37.0,1,Azerbaijan Grand Prix,2023
GAS,38.0,1,Azerbaijan Grand Prix,2023
GAS,39.0,1,Azerbaijan Grand Prix,2023
GAS,40.0,1,Azerbaijan Grand Prix,2023
GAS,41.0,1,Azerbaijan Grand Prix,2023
GAS,42.0,1,Azerbaijan Grand Prix,2023
GAS,43.0,1,Azerbaijan Grand Prix,2023
GAS,44.0,1,Azerbaijan Grand Prix,2023
GAS,45.0,1,Azerbaijan Grand Prix,2023
GAS,46.0,1,Azerbaijan Grand Prix,2023
GAS,47.0,1,Azerbaijan Grand Prix,2023
GAS,48.0,12,Azerbaijan Grand Prix,2023
GAS,49.0,1,Azerbaijan Grand Prix,2023
GAS,50.0,1,Azerbaijan Grand Prix,2023
GAS,51.0,1,Azerbaijan Grand Prix,2023
PER,1.0,12,Azerbaijan Grand Prix,2023
PER,2.0,1,Azerbaijan Grand Prix,2023
PER,3.0,1,Azerbaijan Grand Prix,2023
PER,4.0,1,Azerbaijan Grand Prix,2023
PER,5.0,1,Azerbaijan Grand Prix,2023
PER,6.0,1,Azerbaijan Grand Prix,2023
PER,7.0,1,Azerbaijan Grand Prix,2023
PER,8.0,1,Azerbaijan Grand Prix,2023
PER,9.0,1,Azerbaijan Grand Prix,2023
PER,10.0,12,Azerbaijan Grand Prix,2023
PER,11.0,24,Azerbaijan Grand Prix,2023
PER,12.0,4,Azerbaijan Grand Prix,2023
PER,13.0,41,Azerbaijan Grand Prix,2023
PER,14.0,1,Azerbaijan Grand Prix,2023
PER,15.0,1,Azerbaijan Grand Prix,2023
PER,16.0,1,Azerbaijan Grand Prix,2023
PER,17.0,12,Azerbaijan Grand Prix,2023
PER,18.0,1,Azerbaijan Grand Prix,2023
PER,19.0,1,Azerbaijan Grand Prix,2023
PER,20.0,1,Azerbaijan Grand Prix,2023
PER,21.0,1,Azerbaijan Grand Prix,2023
PER,22.0,1,Azerbaijan Grand Prix,2023
PER,23.0,1,Azerbaijan Grand Prix,2023
PER,24.0,1,Azerbaijan Grand Prix,2023
PER,25.0,1,Azerbaijan Grand Prix,2023
PER,26.0,1,Azerbaijan Grand Prix,2023
PER,27.0,1,Azerbaijan Grand Prix,2023
PER,28.0,1,Azerbaijan Grand Prix,2023
PER,29.0,1,Azerbaijan Grand Prix,2023
PER,30.0,1,Azerbaijan Grand Prix,2023
PER,31.0,1,Azerbaijan Grand Prix,2023
PER,32.0,1,Azerbaijan Grand Prix,2023
PER,33.0,1,Azerbaijan Grand Prix,2023
PER,34.0,1,Azerbaijan Grand Prix,2023
PER,35.0,1,Azerbaijan Grand Prix,2023
PER,36.0,1,Azerbaijan Grand Prix,2023
PER,37.0,1,Azerbaijan Grand Prix,2023
PER,38.0,1,Azerbaijan Grand Prix,2023
PER,39.0,1,Azerbaijan Grand Prix,2023
PER,40.0,1,Azerbaijan Grand Prix,2023
PER,41.0,1,Azerbaijan Grand Prix,2023
PER,42.0,1,Azerbaijan Grand Prix,2023
PER,43.0,1,Azerbaijan Grand Prix,2023
PER,44.0,1,Azerbaijan Grand Prix,2023
PER,45.0,1,Azerbaijan Grand Prix,2023
PER,46.0,1,Azerbaijan Grand Prix,2023
PER,47.0,1,Azerbaijan Grand Prix,2023
PER,48.0,1,Azerbaijan Grand Prix,2023
PER,49.0,12,Azerbaijan Grand Prix,2023
PER,50.0,1,Azerbaijan Grand Prix,2023
PER,51.0,1,Azerbaijan Grand Prix,2023
ALO,1.0,12,Azerbaijan Grand Prix,2023
ALO,2.0,1,Azerbaijan Grand Prix,2023
ALO,3.0,1,Azerbaijan Grand Prix,2023
ALO,4.0,1,Azerbaijan Grand Prix,2023
ALO,5.0,1,Azerbaijan Grand Prix,2023
ALO,6.0,1,Azerbaijan Grand Prix,2023
ALO,7.0,1,Azerbaijan Grand Prix,2023
ALO,8.0,1,Azerbaijan Grand Prix,2023
ALO,9.0,1,Azerbaijan Grand Prix,2023
ALO,10.0,12,Azerbaijan Grand Prix,2023
ALO,11.0,24,Azerbaijan Grand Prix,2023
ALO,12.0,4,Azerbaijan Grand Prix,2023
ALO,13.0,41,Azerbaijan Grand Prix,2023
ALO,14.0,1,Azerbaijan Grand Prix,2023
ALO,15.0,1,Azerbaijan Grand Prix,2023
ALO,16.0,1,Azerbaijan Grand Prix,2023
ALO,17.0,12,Azerbaijan Grand Prix,2023
ALO,18.0,1,Azerbaijan Grand Prix,2023
ALO,19.0,1,Azerbaijan Grand Prix,2023
ALO,20.0,1,Azerbaijan Grand Prix,2023
ALO,21.0,1,Azerbaijan Grand Prix,2023
ALO,22.0,1,Azerbaijan Grand Prix,2023
ALO,23.0,1,Azerbaijan Grand Prix,2023
ALO,24.0,1,Azerbaijan Grand Prix,2023
ALO,25.0,1,Azerbaijan Grand Prix,2023
ALO,26.0,1,Azerbaijan Grand Prix,2023
ALO,27.0,1,Azerbaijan Grand Prix,2023
ALO,28.0,1,Azerbaijan Grand Prix,2023
ALO,29.0,1,Azerbaijan Grand Prix,2023
ALO,30.0,1,Azerbaijan Grand Prix,2023
ALO,31.0,1,Azerbaijan Grand Prix,2023
ALO,32.0,1,Azerbaijan Grand Prix,2023
ALO,33.0,1,Azerbaijan Grand Prix,2023
ALO,34.0,1,Azerbaijan Grand Prix,2023
ALO,35.0,1,Azerbaijan Grand Prix,2023
ALO,36.0,1,Azerbaijan Grand Prix,2023
ALO,37.0,1,Azerbaijan Grand Prix,2023
ALO,38.0,1,Azerbaijan Grand Prix,2023
ALO,39.0,1,Azerbaijan Grand Prix,2023
ALO,40.0,1,Azerbaijan Grand Prix,2023
ALO,41.0,1,Azerbaijan Grand Prix,2023
ALO,42.0,1,Azerbaijan Grand Prix,2023
ALO,43.0,1,Azerbaijan Grand Prix,2023
ALO,44.0,1,Azerbaijan Grand Prix,2023
ALO,45.0,1,Azerbaijan Grand Prix,2023
ALO,46.0,1,Azerbaijan Grand Prix,2023
ALO,47.0,1,Azerbaijan Grand Prix,2023
ALO,48.0,1,Azerbaijan Grand Prix,2023
ALO,49.0,12,Azerbaijan Grand Prix,2023
ALO,50.0,1,Azerbaijan Grand Prix,2023
ALO,51.0,1,Azerbaijan Grand Prix,2023
LEC,1.0,12,Azerbaijan Grand Prix,2023
LEC,2.0,1,Azerbaijan Grand Prix,2023
LEC,3.0,1,Azerbaijan Grand Prix,2023
LEC,4.0,1,Azerbaijan Grand Prix,2023
LEC,5.0,1,Azerbaijan Grand Prix,2023
LEC,6.0,1,Azerbaijan Grand Prix,2023
LEC,7.0,1,Azerbaijan Grand Prix,2023
LEC,8.0,1,Azerbaijan Grand Prix,2023
LEC,9.0,1,Azerbaijan Grand Prix,2023
LEC,10.0,12,Azerbaijan Grand Prix,2023
LEC,11.0,24,Azerbaijan Grand Prix,2023
LEC,12.0,4,Azerbaijan Grand Prix,2023
LEC,13.0,41,Azerbaijan Grand Prix,2023
LEC,14.0,1,Azerbaijan Grand Prix,2023
LEC,15.0,1,Azerbaijan Grand Prix,2023
LEC,16.0,1,Azerbaijan Grand Prix,2023
LEC,17.0,12,Azerbaijan Grand Prix,2023
LEC,18.0,1,Azerbaijan Grand Prix,2023
LEC,19.0,1,Azerbaijan Grand Prix,2023
LEC,20.0,1,Azerbaijan Grand Prix,2023
LEC,21.0,1,Azerbaijan Grand Prix,2023
LEC,22.0,1,Azerbaijan Grand Prix,2023
LEC,23.0,1,Azerbaijan Grand Prix,2023
LEC,24.0,1,Azerbaijan Grand Prix,2023
LEC,25.0,1,Azerbaijan Grand Prix,2023
LEC,26.0,1,Azerbaijan Grand Prix,2023
LEC,27.0,1,Azerbaijan Grand Prix,2023
LEC,28.0,1,Azerbaijan Grand Prix,2023
LEC,29.0,1,Azerbaijan Grand Prix,2023
LEC,30.0,1,Azerbaijan Grand Prix,2023
LEC,31.0,1,Azerbaijan Grand Prix,2023
LEC,32.0,1,Azerbaijan Grand Prix,2023
LEC,33.0,1,Azerbaijan Grand Prix,2023
LEC,34.0,1,Azerbaijan Grand Prix,2023
LEC,35.0,1,Azerbaijan Grand Prix,2023
LEC,36.0,1,Azerbaijan Grand Prix,2023
LEC,37.0,1,Azerbaijan Grand Prix,2023
LEC,38.0,1,Azerbaijan Grand Prix,2023
LEC,39.0,1,Azerbaijan Grand Prix,2023
LEC,40.0,1,Azerbaijan Grand Prix,2023
LEC,41.0,1,Azerbaijan Grand Prix,2023
LEC,42.0,1,Azerbaijan Grand Prix,2023
LEC,43.0,1,Azerbaijan Grand Prix,2023
LEC,44.0,1,Azerbaijan Grand Prix,2023
LEC,45.0,1,Azerbaijan Grand Prix,2023
LEC,46.0,1,Azerbaijan Grand Prix,2023
LEC,47.0,1,Azerbaijan Grand Prix,2023
LEC,48.0,1,Azerbaijan Grand Prix,2023
LEC,49.0,12,Azerbaijan Grand Prix,2023
LEC,50.0,1,Azerbaijan Grand Prix,2023
LEC,51.0,1,Azerbaijan Grand Prix,2023
STR,1.0,12,Azerbaijan Grand Prix,2023
STR,2.0,1,Azerbaijan Grand Prix,2023
STR,3.0,1,Azerbaijan Grand Prix,2023
STR,4.0,1,Azerbaijan Grand Prix,2023
STR,5.0,1,Azerbaijan Grand Prix,2023
STR,6.0,1,Azerbaijan Grand Prix,2023
STR,7.0,1,Azerbaijan Grand Prix,2023
STR,8.0,1,Azerbaijan Grand Prix,2023
STR,9.0,1,Azerbaijan Grand Prix,2023
STR,10.0,12,Azerbaijan Grand Prix,2023
STR,11.0,24,Azerbaijan Grand Prix,2023
STR,12.0,4,Azerbaijan Grand Prix,2023
STR,13.0,41,Azerbaijan Grand Prix,2023
STR,14.0,1,Azerbaijan Grand Prix,2023
STR,15.0,1,Azerbaijan Grand Prix,2023
STR,16.0,1,Azerbaijan Grand Prix,2023
STR,17.0,12,Azerbaijan Grand Prix,2023
STR,18.0,1,Azerbaijan Grand Prix,2023
STR,19.0,1,Azerbaijan Grand Prix,2023
STR,20.0,1,Azerbaijan Grand Prix,2023
STR,21.0,1,Azerbaijan Grand Prix,2023
STR,22.0,1,Azerbaijan Grand Prix,2023
STR,23.0,1,Azerbaijan Grand Prix,2023
STR,24.0,1,Azerbaijan Grand Prix,2023
STR,25.0,1,Azerbaijan Grand Prix,2023
STR,26.0,1,Azerbaijan Grand Prix,2023
STR,27.0,1,Azerbaijan Grand Prix,2023
STR,28.0,1,Azerbaijan Grand Prix,2023
STR,29.0,1,Azerbaijan Grand Prix,2023
STR,30.0,1,Azerbaijan Grand Prix,2023
STR,31.0,1,Azerbaijan Grand Prix,2023
STR,32.0,1,Azerbaijan Grand Prix,2023
STR,33.0,1,Azerbaijan Grand Prix,2023
STR,34.0,1,Azerbaijan Grand Prix,2023
STR,35.0,1,Azerbaijan Grand Prix,2023
STR,36.0,1,Azerbaijan Grand Prix,2023
STR,37.0,1,Azerbaijan Grand Prix,2023
STR,38.0,1,Azerbaijan Grand Prix,2023
STR,39.0,1,Azerbaijan Grand Prix,2023
STR,40.0,1,Azerbaijan Grand Prix,2023
STR,41.0,1,Azerbaijan Grand Prix,2023
STR,42.0,1,Azerbaijan Grand Prix,2023
STR,43.0,1,Azerbaijan Grand Prix,2023
STR,44.0,1,Azerbaijan Grand Prix,2023
STR,45.0,1,Azerbaijan Grand Prix,2023
STR,46.0,1,Azerbaijan Grand Prix,2023
STR,47.0,1,Azerbaijan Grand Prix,2023
STR,48.0,1,Azerbaijan Grand Prix,2023
STR,49.0,12,Azerbaijan Grand Prix,2023
STR,50.0,1,Azerbaijan Grand Prix,2023
STR,51.0,1,Azerbaijan Grand Prix,2023
SAR,1.0,12,Azerbaijan Grand Prix,2023
SAR,2.0,1,Azerbaijan Grand Prix,2023
SAR,3.0,1,Azerbaijan Grand Prix,2023
SAR,4.0,1,Azerbaijan Grand Prix,2023
SAR,5.0,1,Azerbaijan Grand Prix,2023
SAR,6.0,1,Azerbaijan Grand Prix,2023
SAR,7.0,1,Azerbaijan Grand Prix,2023
SAR,8.0,1,Azerbaijan Grand Prix,2023
SAR,9.0,1,Azerbaijan Grand Prix,2023
SAR,10.0,124,Azerbaijan Grand Prix,2023
SAR,11.0,4,Azerbaijan Grand Prix,2023
SAR,12.0,4,Azerbaijan Grand Prix,2023
SAR,13.0,41,Azerbaijan Grand Prix,2023
SAR,14.0,1,Azerbaijan Grand Prix,2023
SAR,15.0,1,Azerbaijan Grand Prix,2023
SAR,16.0,1,Azerbaijan Grand Prix,2023
SAR,17.0,12,Azerbaijan Grand Prix,2023
SAR,18.0,1,Azerbaijan Grand Prix,2023
SAR,19.0,1,Azerbaijan Grand Prix,2023
SAR,20.0,1,Azerbaijan Grand Prix,2023
SAR,21.0,1,Azerbaijan Grand Prix,2023
SAR,22.0,1,Azerbaijan Grand Prix,2023
SAR,23.0,1,Azerbaijan Grand Prix,2023
SAR,24.0,1,Azerbaijan Grand Prix,2023
SAR,25.0,1,Azerbaijan Grand Prix,2023
SAR,26.0,1,Azerbaijan Grand Prix,2023
SAR,27.0,1,Azerbaijan Grand Prix,2023
SAR,28.0,1,Azerbaijan Grand Prix,2023
SAR,29.0,1,Azerbaijan Grand Prix,2023
SAR,30.0,1,Azerbaijan Grand Prix,2023
SAR,31.0,1,Azerbaijan Grand Prix,2023
SAR,32.0,1,Azerbaijan Grand Prix,2023
SAR,33.0,1,Azerbaijan Grand Prix,2023
SAR,34.0,1,Azerbaijan Grand Prix,2023
SAR,35.0,1,Azerbaijan Grand Prix,2023
SAR,36.0,1,Azerbaijan Grand Prix,2023
SAR,37.0,1,Azerbaijan Grand Prix,2023
SAR,38.0,1,Azerbaijan Grand Prix,2023
SAR,39.0,1,Azerbaijan Grand Prix,2023
SAR,40.0,1,Azerbaijan Grand Prix,2023
SAR,41.0,1,Azerbaijan Grand Prix,2023
SAR,42.0,1,Azerbaijan Grand Prix,2023
SAR,43.0,1,Azerbaijan Grand Prix,2023
SAR,44.0,1,Azerbaijan Grand Prix,2023
SAR,45.0,1,Azerbaijan Grand Prix,2023
SAR,46.0,1,Azerbaijan Grand Prix,2023
SAR,47.0,1,Azerbaijan Grand Prix,2023
SAR,48.0,12,Azerbaijan Grand Prix,2023
SAR,49.0,1,Azerbaijan Grand Prix,2023
SAR,50.0,1,Azerbaijan Grand Prix,2023
SAR,51.0,1,Azerbaijan Grand Prix,2023
MAG,1.0,12,Azerbaijan Grand Prix,2023
MAG,2.0,1,Azerbaijan Grand Prix,2023
MAG,3.0,1,Azerbaijan Grand Prix,2023
MAG,4.0,1,Azerbaijan Grand Prix,2023
MAG,5.0,1,Azerbaijan Grand Prix,2023
MAG,6.0,1,Azerbaijan Grand Prix,2023
MAG,7.0,1,Azerbaijan Grand Prix,2023
MAG,8.0,1,Azerbaijan Grand Prix,2023
MAG,9.0,1,Azerbaijan Grand Prix,2023
MAG,10.0,124,Azerbaijan Grand Prix,2023
MAG,11.0,4,Azerbaijan Grand Prix,2023
MAG,12.0,4,Azerbaijan Grand Prix,2023
MAG,13.0,41,Azerbaijan Grand Prix,2023
MAG,14.0,1,Azerbaijan Grand Prix,2023
MAG,15.0,1,Azerbaijan Grand Prix,2023
MAG,16.0,1,Azerbaijan Grand Prix,2023
MAG,17.0,12,Azerbaijan Grand Prix,2023
MAG,18.0,1,Azerbaijan Grand Prix,2023
MAG,19.0,1,Azerbaijan Grand Prix,2023
MAG,20.0,1,Azerbaijan Grand Prix,2023
MAG,21.0,1,Azerbaijan Grand Prix,2023
MAG,22.0,1,Azerbaijan Grand Prix,2023
MAG,23.0,1,Azerbaijan Grand Prix,2023
MAG,24.0,1,Azerbaijan Grand Prix,2023
MAG,25.0,1,Azerbaijan Grand Prix,2023
MAG,26.0,1,Azerbaijan Grand Prix,2023
MAG,27.0,1,Azerbaijan Grand Prix,2023
MAG,28.0,1,Azerbaijan Grand Prix,2023
MAG,29.0,1,Azerbaijan Grand Prix,2023
MAG,30.0,1,Azerbaijan Grand Prix,2023
MAG,31.0,1,Azerbaijan Grand Prix,2023
MAG,32.0,1,Azerbaijan Grand Prix,2023
MAG,33.0,1,Azerbaijan Grand Prix,2023
MAG,34.0,1,Azerbaijan Grand Prix,2023
MAG,35.0,1,Azerbaijan Grand Prix,2023
MAG,36.0,1,Azerbaijan Grand Prix,2023
MAG,37.0,1,Azerbaijan Grand Prix,2023
MAG,38.0,1,Azerbaijan Grand Prix,2023
MAG,39.0,1,Azerbaijan Grand Prix,2023
MAG,40.0,1,Azerbaijan Grand Prix,2023
MAG,41.0,1,Azerbaijan Grand Prix,2023
MAG,42.0,1,Azerbaijan Grand Prix,2023
MAG,43.0,1,Azerbaijan Grand Prix,2023
MAG,44.0,1,Azerbaijan Grand Prix,2023
MAG,45.0,1,Azerbaijan Grand Prix,2023
MAG,46.0,1,Azerbaijan Grand Prix,2023
MAG,47.0,1,Azerbaijan Grand Prix,2023
MAG,48.0,12,Azerbaijan Grand Prix,2023
MAG,49.0,1,Azerbaijan Grand Prix,2023
MAG,50.0,1,Azerbaijan Grand Prix,2023
MAG,51.0,1,Azerbaijan Grand Prix,2023
DEV,1.0,12,Azerbaijan Grand Prix,2023
DEV,2.0,1,Azerbaijan Grand Prix,2023
DEV,3.0,1,Azerbaijan Grand Prix,2023
DEV,4.0,1,Azerbaijan Grand Prix,2023
DEV,5.0,1,Azerbaijan Grand Prix,2023
DEV,6.0,1,Azerbaijan Grand Prix,2023
DEV,7.0,1,Azerbaijan Grand Prix,2023
DEV,8.0,1,Azerbaijan Grand Prix,2023
DEV,9.0,1,Azerbaijan Grand Prix,2023
DEV,10.0,12,Azerbaijan Grand Prix,2023
TSU,1.0,12,Azerbaijan Grand Prix,2023
TSU,2.0,1,Azerbaijan Grand Prix,2023
TSU,3.0,1,Azerbaijan Grand Prix,2023
TSU,4.0,1,Azerbaijan Grand Prix,2023
TSU,5.0,1,Azerbaijan Grand Prix,2023
TSU,6.0,1,Azerbaijan Grand Prix,2023
TSU,7.0,1,Azerbaijan Grand Prix,2023
TSU,8.0,1,Azerbaijan Grand Prix,2023
TSU,9.0,1,Azerbaijan Grand Prix,2023
TSU,10.0,124,Azerbaijan Grand Prix,2023
TSU,11.0,4,Azerbaijan Grand Prix,2023
TSU,12.0,4,Azerbaijan Grand Prix,2023
TSU,13.0,41,Azerbaijan Grand Prix,2023
TSU,14.0,1,Azerbaijan Grand Prix,2023
TSU,15.0,1,Azerbaijan Grand Prix,2023
TSU,16.0,1,Azerbaijan Grand Prix,2023
TSU,17.0,12,Azerbaijan Grand Prix,2023
TSU,18.0,1,Azerbaijan Grand Prix,2023
TSU,19.0,1,Azerbaijan Grand Prix,2023
TSU,20.0,1,Azerbaijan Grand Prix,2023
TSU,21.0,1,Azerbaijan Grand Prix,2023
TSU,22.0,1,Azerbaijan Grand Prix,2023
TSU,23.0,1,Azerbaijan Grand Prix,2023
TSU,24.0,1,Azerbaijan Grand Prix,2023
TSU,25.0,1,Azerbaijan Grand Prix,2023
TSU,26.0,1,Azerbaijan Grand Prix,2023
TSU,27.0,1,Azerbaijan Grand Prix,2023
TSU,28.0,1,Azerbaijan Grand Prix,2023
TSU,29.0,1,Azerbaijan Grand Prix,2023
TSU,30.0,1,Azerbaijan Grand Prix,2023
TSU,31.0,1,Azerbaijan Grand Prix,2023
TSU,32.0,1,Azerbaijan Grand Prix,2023
TSU,33.0,1,Azerbaijan Grand Prix,2023
TSU,34.0,1,Azerbaijan Grand Prix,2023
TSU,35.0,1,Azerbaijan Grand Prix,2023
TSU,36.0,1,Azerbaijan Grand Prix,2023
TSU,37.0,1,Azerbaijan Grand Prix,2023
TSU,38.0,1,Azerbaijan Grand Prix,2023
TSU,39.0,1,Azerbaijan Grand Prix,2023
TSU,40.0,1,Azerbaijan Grand Prix,2023
TSU,41.0,1,Azerbaijan Grand Prix,2023
TSU,42.0,1,Azerbaijan Grand Prix,2023
TSU,43.0,1,Azerbaijan Grand Prix,2023
TSU,44.0,1,Azerbaijan Grand Prix,2023
TSU,45.0,1,Azerbaijan Grand Prix,2023
TSU,46.0,1,Azerbaijan Grand Prix,2023
TSU,47.0,1,Azerbaijan Grand Prix,2023
TSU,48.0,12,Azerbaijan Grand Prix,2023
TSU,49.0,1,Azerbaijan Grand Prix,2023
TSU,50.0,1,Azerbaijan Grand Prix,2023
TSU,51.0,1,Azerbaijan Grand Prix,2023
ALB,1.0,12,Azerbaijan Grand Prix,2023
ALB,2.0,1,Azerbaijan Grand Prix,2023
ALB,3.0,1,Azerbaijan Grand Prix,2023
ALB,4.0,1,Azerbaijan Grand Prix,2023
ALB,5.0,1,Azerbaijan Grand Prix,2023
ALB,6.0,1,Azerbaijan Grand Prix,2023
ALB,7.0,1,Azerbaijan Grand Prix,2023
ALB,8.0,1,Azerbaijan Grand Prix,2023
ALB,9.0,1,Azerbaijan Grand Prix,2023
ALB,10.0,124,Azerbaijan Grand Prix,2023
ALB,11.0,4,Azerbaijan Grand Prix,2023
ALB,12.0,4,Azerbaijan Grand Prix,2023
ALB,13.0,41,Azerbaijan Grand Prix,2023
ALB,14.0,1,Azerbaijan Grand Prix,2023
ALB,15.0,1,Azerbaijan Grand Prix,2023
ALB,16.0,1,Azerbaijan Grand Prix,2023
ALB,17.0,12,Azerbaijan Grand Prix,2023
ALB,18.0,1,Azerbaijan Grand Prix,2023
ALB,19.0,1,Azerbaijan Grand Prix,2023
ALB,20.0,1,Azerbaijan Grand Prix,2023
ALB,21.0,1,Azerbaijan Grand Prix,2023
ALB,22.0,1,Azerbaijan Grand Prix,2023
ALB,23.0,1,Azerbaijan Grand Prix,2023
ALB,24.0,1,Azerbaijan Grand Prix,2023
ALB,25.0,1,Azerbaijan Grand Prix,2023
ALB,26.0,1,Azerbaijan Grand Prix,2023
ALB,27.0,1,Azerbaijan Grand Prix,2023
ALB,28.0,1,Azerbaijan Grand Prix,2023
ALB,29.0,1,Azerbaijan Grand Prix,2023
ALB,30.0,1,Azerbaijan Grand Prix,2023
ALB,31.0,1,Azerbaijan Grand Prix,2023
ALB,32.0,1,Azerbaijan Grand Prix,2023
ALB,33.0,1,Azerbaijan Grand Prix,2023
ALB,34.0,1,Azerbaijan Grand Prix,2023
ALB,35.0,1,Azerbaijan Grand Prix,2023
ALB,36.0,1,Azerbaijan Grand Prix,2023
ALB,37.0,1,Azerbaijan Grand Prix,2023
ALB,38.0,1,Azerbaijan Grand Prix,2023
ALB,39.0,1,Azerbaijan Grand Prix,2023
ALB,40.0,1,Azerbaijan Grand Prix,2023
ALB,41.0,1,Azerbaijan Grand Prix,2023
ALB,42.0,1,Azerbaijan Grand Prix,2023
ALB,43.0,1,Azerbaijan Grand Prix,2023
ALB,44.0,1,Azerbaijan Grand Prix,2023
ALB,45.0,1,Azerbaijan Grand Prix,2023
ALB,46.0,1,Azerbaijan Grand Prix,2023
ALB,47.0,1,Azerbaijan Grand Prix,2023
ALB,48.0,12,Azerbaijan Grand Prix,2023
ALB,49.0,1,Azerbaijan Grand Prix,2023
ALB,50.0,1,Azerbaijan Grand Prix,2023
ALB,51.0,1,Azerbaijan Grand Prix,2023
ZHO,1.0,12,Azerbaijan Grand Prix,2023
ZHO,2.0,1,Azerbaijan Grand Prix,2023
ZHO,3.0,1,Azerbaijan Grand Prix,2023
ZHO,4.0,1,Azerbaijan Grand Prix,2023
ZHO,5.0,1,Azerbaijan Grand Prix,2023
ZHO,6.0,1,Azerbaijan Grand Prix,2023
ZHO,7.0,1,Azerbaijan Grand Prix,2023
ZHO,8.0,1,Azerbaijan Grand Prix,2023
ZHO,9.0,1,Azerbaijan Grand Prix,2023
ZHO,10.0,124,Azerbaijan Grand Prix,2023
ZHO,11.0,4,Azerbaijan Grand Prix,2023
ZHO,12.0,4,Azerbaijan Grand Prix,2023
ZHO,13.0,41,Azerbaijan Grand Prix,2023
ZHO,14.0,1,Azerbaijan Grand Prix,2023
ZHO,15.0,1,Azerbaijan Grand Prix,2023
ZHO,16.0,1,Azerbaijan Grand Prix,2023
ZHO,17.0,12,Azerbaijan Grand Prix,2023
ZHO,18.0,1,Azerbaijan Grand Prix,2023
ZHO,19.0,1,Azerbaijan Grand Prix,2023
ZHO,20.0,1,Azerbaijan Grand Prix,2023
ZHO,21.0,1,Azerbaijan Grand Prix,2023
ZHO,22.0,1,Azerbaijan Grand Prix,2023
ZHO,23.0,1,Azerbaijan Grand Prix,2023
ZHO,24.0,1,Azerbaijan Grand Prix,2023
ZHO,25.0,1,Azerbaijan Grand Prix,2023
ZHO,26.0,1,Azerbaijan Grand Prix,2023
ZHO,27.0,1,Azerbaijan Grand Prix,2023
ZHO,28.0,1,Azerbaijan Grand Prix,2023
ZHO,29.0,1,Azerbaijan Grand Prix,2023
ZHO,30.0,1,Azerbaijan Grand Prix,2023
ZHO,31.0,1,Azerbaijan Grand Prix,2023
ZHO,32.0,1,Azerbaijan Grand Prix,2023
ZHO,33.0,1,Azerbaijan Grand Prix,2023
ZHO,34.0,1,Azerbaijan Grand Prix,2023
ZHO,35.0,1,Azerbaijan Grand Prix,2023
ZHO,36.0,1,Azerbaijan Grand Prix,2023
HUL,1.0,12,Azerbaijan Grand Prix,2023
HUL,2.0,1,Azerbaijan Grand Prix,2023
HUL,3.0,1,Azerbaijan Grand Prix,2023
HUL,4.0,1,Azerbaijan Grand Prix,2023
HUL,5.0,1,Azerbaijan Grand Prix,2023
HUL,6.0,1,Azerbaijan Grand Prix,2023
HUL,7.0,1,Azerbaijan Grand Prix,2023
HUL,8.0,1,Azerbaijan Grand Prix,2023
HUL,9.0,1,Azerbaijan Grand Prix,2023
HUL,10.0,124,Azerbaijan Grand Prix,2023
HUL,11.0,4,Azerbaijan Grand Prix,2023
HUL,12.0,4,Azerbaijan Grand Prix,2023
HUL,13.0,41,Azerbaijan Grand Prix,2023
HUL,14.0,1,Azerbaijan Grand Prix,2023
HUL,15.0,1,Azerbaijan Grand Prix,2023
HUL,16.0,1,Azerbaijan Grand Prix,2023
HUL,17.0,12,Azerbaijan Grand Prix,2023
HUL,18.0,1,Azerbaijan Grand Prix,2023
HUL,19.0,1,Azerbaijan Grand Prix,2023
HUL,20.0,1,Azerbaijan Grand Prix,2023
HUL,21.0,1,Azerbaijan Grand Prix,2023
HUL,22.0,1,Azerbaijan Grand Prix,2023
HUL,23.0,1,Azerbaijan Grand Prix,2023
HUL,24.0,1,Azerbaijan Grand Prix,2023
HUL,25.0,1,Azerbaijan Grand Prix,2023
HUL,26.0,1,Azerbaijan Grand Prix,2023
HUL,27.0,1,Azerbaijan Grand Prix,2023
HUL,28.0,1,Azerbaijan Grand Prix,2023
HUL,29.0,1,Azerbaijan Grand Prix,2023
HUL,30.0,1,Azerbaijan Grand Prix,2023
HUL,31.0,1,Azerbaijan Grand Prix,2023
HUL,32.0,1,Azerbaijan Grand Prix,2023
HUL,33.0,1,Azerbaijan Grand Prix,2023
HUL,34.0,1,Azerbaijan Grand Prix,2023
HUL,35.0,1,Azerbaijan Grand Prix,2023
HUL,36.0,1,Azerbaijan Grand Prix,2023
HUL,37.0,1,Azerbaijan Grand Prix,2023
HUL,38.0,1,Azerbaijan Grand Prix,2023
HUL,39.0,1,Azerbaijan Grand Prix,2023
HUL,40.0,1,Azerbaijan Grand Prix,2023
HUL,41.0,1,Azerbaijan Grand Prix,2023
HUL,42.0,1,Azerbaijan Grand Prix,2023
HUL,43.0,1,Azerbaijan Grand Prix,2023
HUL,44.0,1,Azerbaijan Grand Prix,2023
HUL,45.0,1,Azerbaijan Grand Prix,2023
HUL,46.0,1,Azerbaijan Grand Prix,2023
HUL,47.0,1,Azerbaijan Grand Prix,2023
HUL,48.0,12,Azerbaijan Grand Prix,2023
HUL,49.0,1,Azerbaijan Grand Prix,2023
HUL,50.0,1,Azerbaijan Grand Prix,2023
OCO,1.0,12,Azerbaijan Grand Prix,2023
OCO,2.0,1,Azerbaijan Grand Prix,2023
OCO,3.0,1,Azerbaijan Grand Prix,2023
OCO,4.0,1,Azerbaijan Grand Prix,2023
OCO,5.0,1,Azerbaijan Grand Prix,2023
OCO,6.0,1,Azerbaijan Grand Prix,2023
OCO,7.0,1,Azerbaijan Grand Prix,2023
OCO,8.0,1,Azerbaijan Grand Prix,2023
OCO,9.0,1,Azerbaijan Grand Prix,2023
OCO,10.0,124,Azerbaijan Grand Prix,2023
OCO,11.0,4,Azerbaijan Grand Prix,2023
OCO,12.0,4,Azerbaijan Grand Prix,2023
OCO,13.0,41,Azerbaijan Grand Prix,2023
OCO,14.0,1,Azerbaijan Grand Prix,2023
OCO,15.0,1,Azerbaijan Grand Prix,2023
OCO,16.0,1,Azerbaijan Grand Prix,2023
OCO,17.0,12,Azerbaijan Grand Prix,2023
OCO,18.0,1,Azerbaijan Grand Prix,2023
OCO,19.0,1,Azerbaijan Grand Prix,2023
OCO,20.0,1,Azerbaijan Grand Prix,2023
OCO,21.0,1,Azerbaijan Grand Prix,2023
OCO,22.0,1,Azerbaijan Grand Prix,2023
OCO,23.0,1,Azerbaijan Grand Prix,2023
OCO,24.0,1,Azerbaijan Grand Prix,2023
OCO,25.0,1,Azerbaijan Grand Prix,2023
OCO,26.0,1,Azerbaijan Grand Prix,2023
OCO,27.0,1,Azerbaijan Grand Prix,2023
OCO,28.0,1,Azerbaijan Grand Prix,2023
OCO,29.0,1,Azerbaijan Grand Prix,2023
OCO,30.0,1,Azerbaijan Grand Prix,2023
OCO,31.0,1,Azerbaijan Grand Prix,2023
OCO,32.0,1,Azerbaijan Grand Prix,2023
OCO,33.0,1,Azerbaijan Grand Prix,2023
OCO,34.0,1,Azerbaijan Grand Prix,2023
OCO,35.0,1,Azerbaijan Grand Prix,2023
OCO,36.0,1,Azerbaijan Grand Prix,2023
OCO,37.0,1,Azerbaijan Grand Prix,2023
OCO,38.0,1,Azerbaijan Grand Prix,2023
OCO,39.0,1,Azerbaijan Grand Prix,2023
OCO,40.0,1,Azerbaijan Grand Prix,2023
OCO,41.0,1,Azerbaijan Grand Prix,2023
OCO,42.0,1,Azerbaijan Grand Prix,2023
OCO,43.0,1,Azerbaijan Grand Prix,2023
OCO,44.0,1,Azerbaijan Grand Prix,2023
OCO,45.0,1,Azerbaijan Grand Prix,2023
OCO,46.0,1,Azerbaijan Grand Prix,2023
OCO,47.0,1,Azerbaijan Grand Prix,2023
OCO,48.0,12,Azerbaijan Grand Prix,2023
OCO,49.0,1,Azerbaijan Grand Prix,2023
OCO,50.0,1,Azerbaijan Grand Prix,2023
OCO,51.0,1,Azerbaijan Grand Prix,2023
NOR,1.0,12,Azerbaijan Grand Prix,2023
NOR,2.0,1,Azerbaijan Grand Prix,2023
NOR,3.0,1,Azerbaijan Grand Prix,2023
NOR,4.0,1,Azerbaijan Grand Prix,2023
NOR,5.0,1,Azerbaijan Grand Prix,2023
NOR,6.0,1,Azerbaijan Grand Prix,2023
NOR,7.0,1,Azerbaijan Grand Prix,2023
NOR,8.0,1,Azerbaijan Grand Prix,2023
NOR,9.0,1,Azerbaijan Grand Prix,2023
NOR,10.0,124,Azerbaijan Grand Prix,2023
NOR,11.0,4,Azerbaijan Grand Prix,2023
NOR,12.0,4,Azerbaijan Grand Prix,2023
NOR,13.0,41,Azerbaijan Grand Prix,2023
NOR,14.0,1,Azerbaijan Grand Prix,2023
NOR,15.0,1,Azerbaijan Grand Prix,2023
NOR,16.0,1,Azerbaijan Grand Prix,2023
NOR,17.0,12,Azerbaijan Grand Prix,2023
NOR,18.0,1,Azerbaijan Grand Prix,2023
NOR,19.0,1,Azerbaijan Grand Prix,2023
NOR,20.0,1,Azerbaijan Grand Prix,2023
NOR,21.0,1,Azerbaijan Grand Prix,2023
NOR,22.0,1,Azerbaijan Grand Prix,2023
NOR,23.0,1,Azerbaijan Grand Prix,2023
NOR,24.0,1,Azerbaijan Grand Prix,2023
NOR,25.0,1,Azerbaijan Grand Prix,2023
NOR,26.0,1,Azerbaijan Grand Prix,2023
NOR,27.0,1,Azerbaijan Grand Prix,2023
NOR,28.0,1,Azerbaijan Grand Prix,2023
NOR,29.0,1,Azerbaijan Grand Prix,2023
NOR,30.0,1,Azerbaijan Grand Prix,2023
NOR,31.0,1,Azerbaijan Grand Prix,2023
NOR,32.0,1,Azerbaijan Grand Prix,2023
NOR,33.0,1,Azerbaijan Grand Prix,2023
NOR,34.0,1,Azerbaijan Grand Prix,2023
NOR,35.0,1,Azerbaijan Grand Prix,2023
NOR,36.0,1,Azerbaijan Grand Prix,2023
NOR,37.0,1,Azerbaijan Grand Prix,2023
NOR,38.0,1,Azerbaijan Grand Prix,2023
NOR,39.0,1,Azerbaijan Grand Prix,2023
NOR,40.0,1,Azerbaijan Grand Prix,2023
NOR,41.0,1,Azerbaijan Grand Prix,2023
NOR,42.0,1,Azerbaijan Grand Prix,2023
NOR,43.0,1,Azerbaijan Grand Prix,2023
NOR,44.0,1,Azerbaijan Grand Prix,2023
NOR,45.0,1,Azerbaijan Grand Prix,2023
NOR,46.0,1,Azerbaijan Grand Prix,2023
NOR,47.0,1,Azerbaijan Grand Prix,2023
NOR,48.0,12,Azerbaijan Grand Prix,2023
NOR,49.0,1,Azerbaijan Grand Prix,2023
NOR,50.0,1,Azerbaijan Grand Prix,2023
NOR,51.0,1,Azerbaijan Grand Prix,2023
HAM,1.0,12,Azerbaijan Grand Prix,2023
HAM,2.0,1,Azerbaijan Grand Prix,2023
HAM,3.0,1,Azerbaijan Grand Prix,2023
HAM,4.0,1,Azerbaijan Grand Prix,2023
HAM,5.0,1,Azerbaijan Grand Prix,2023
HAM,6.0,1,Azerbaijan Grand Prix,2023
HAM,7.0,1,Azerbaijan Grand Prix,2023
HAM,8.0,1,Azerbaijan Grand Prix,2023
HAM,9.0,1,Azerbaijan Grand Prix,2023
HAM,10.0,124,Azerbaijan Grand Prix,2023
HAM,11.0,4,Azerbaijan Grand Prix,2023
HAM,12.0,4,Azerbaijan Grand Prix,2023
HAM,13.0,41,Azerbaijan Grand Prix,2023
HAM,14.0,1,Azerbaijan Grand Prix,2023
HAM,15.0,1,Azerbaijan Grand Prix,2023
HAM,16.0,1,Azerbaijan Grand Prix,2023
HAM,17.0,12,Azerbaijan Grand Prix,2023
HAM,18.0,1,Azerbaijan Grand Prix,2023
HAM,19.0,1,Azerbaijan Grand Prix,2023
HAM,20.0,1,Azerbaijan Grand Prix,2023
HAM,21.0,1,Azerbaijan Grand Prix,2023
HAM,22.0,1,Azerbaijan Grand Prix,2023
HAM,23.0,1,Azerbaijan Grand Prix,2023
HAM,24.0,1,Azerbaijan Grand Prix,2023
HAM,25.0,1,Azerbaijan Grand Prix,2023
HAM,26.0,1,Azerbaijan Grand Prix,2023
HAM,27.0,1,Azerbaijan Grand Prix,2023
HAM,28.0,1,Azerbaijan Grand Prix,2023
HAM,29.0,1,Azerbaijan Grand Prix,2023
HAM,30.0,1,Azerbaijan Grand Prix,2023
HAM,31.0,1,Azerbaijan Grand Prix,2023
HAM,32.0,1,Azerbaijan Grand Prix,2023
HAM,33.0,1,Azerbaijan Grand Prix,2023
HAM,34.0,1,Azerbaijan Grand Prix,2023
HAM,35.0,1,Azerbaijan Grand Prix,2023
HAM,36.0,1,Azerbaijan Grand Prix,2023
HAM,37.0,1,Azerbaijan Grand Prix,2023
HAM,38.0,1,Azerbaijan Grand Prix,2023
HAM,39.0,1,Azerbaijan Grand Prix,2023
HAM,40.0,1,Azerbaijan Grand Prix,2023
HAM,41.0,1,Azerbaijan Grand Prix,2023
HAM,42.0,1,Azerbaijan Grand Prix,2023
HAM,43.0,1,Azerbaijan Grand Prix,2023
HAM,44.0,1,Azerbaijan Grand Prix,2023
HAM,45.0,1,Azerbaijan Grand Prix,2023
HAM,46.0,1,Azerbaijan Grand Prix,2023
HAM,47.0,1,Azerbaijan Grand Prix,2023
HAM,48.0,1,Azerbaijan Grand Prix,2023
HAM,49.0,12,Azerbaijan Grand Prix,2023
HAM,50.0,1,Azerbaijan Grand Prix,2023
HAM,51.0,1,Azerbaijan Grand Prix,2023
SAI,1.0,12,Azerbaijan Grand Prix,2023
SAI,2.0,1,Azerbaijan Grand Prix,2023
SAI,3.0,1,Azerbaijan Grand Prix,2023
SAI,4.0,1,Azerbaijan Grand Prix,2023
SAI,5.0,1,Azerbaijan Grand Prix,2023
SAI,6.0,1,Azerbaijan Grand Prix,2023
SAI,7.0,1,Azerbaijan Grand Prix,2023
SAI,8.0,1,Azerbaijan Grand Prix,2023
SAI,9.0,1,Azerbaijan Grand Prix,2023
SAI,10.0,12,Azerbaijan Grand Prix,2023
SAI,11.0,24,Azerbaijan Grand Prix,2023
SAI,12.0,4,Azerbaijan Grand Prix,2023
SAI,13.0,41,Azerbaijan Grand Prix,2023
SAI,14.0,1,Azerbaijan Grand Prix,2023
SAI,15.0,1,Azerbaijan Grand Prix,2023
SAI,16.0,1,Azerbaijan Grand Prix,2023
SAI,17.0,12,Azerbaijan Grand Prix,2023
SAI,18.0,1,Azerbaijan Grand Prix,2023
SAI,19.0,1,Azerbaijan Grand Prix,2023
SAI,20.0,1,Azerbaijan Grand Prix,2023
SAI,21.0,1,Azerbaijan Grand Prix,2023
SAI,22.0,1,Azerbaijan Grand Prix,2023
SAI,23.0,1,Azerbaijan Grand Prix,2023
SAI,24.0,1,Azerbaijan Grand Prix,2023
SAI,25.0,1,Azerbaijan Grand Prix,2023
SAI,26.0,1,Azerbaijan Grand Prix,2023
SAI,27.0,1,Azerbaijan Grand Prix,2023
SAI,28.0,1,Azerbaijan Grand Prix,2023
SAI,29.0,1,Azerbaijan Grand Prix,2023
SAI,30.0,1,Azerbaijan Grand Prix,2023
SAI,31.0,1,Azerbaijan Grand Prix,2023
SAI,32.0,1,Azerbaijan Grand Prix,2023
SAI,33.0,1,Azerbaijan Grand Prix,2023
SAI,34.0,1,Azerbaijan Grand Prix,2023
SAI,35.0,1,Azerbaijan Grand Prix,2023
SAI,36.0,1,Azerbaijan Grand Prix,2023
SAI,37.0,1,Azerbaijan Grand Prix,2023
SAI,38.0,1,Azerbaijan Grand Prix,2023
SAI,39.0,1,Azerbaijan Grand Prix,2023
SAI,40.0,1,Azerbaijan Grand Prix,2023
SAI,41.0,1,Azerbaijan Grand Prix,2023
SAI,42.0,1,Azerbaijan Grand Prix,2023
SAI,43.0,1,Azerbaijan Grand Prix,2023
SAI,44.0,1,Azerbaijan Grand Prix,2023
SAI,45.0,1,Azerbaijan Grand Prix,2023
SAI,46.0,1,Azerbaijan Grand Prix,2023
SAI,47.0,1,Azerbaijan Grand Prix,2023
SAI,48.0,1,Azerbaijan Grand Prix,2023
SAI,49.0,12,Azerbaijan Grand Prix,2023
SAI,50.0,1,Azerbaijan Grand Prix,2023
SAI,51.0,1,Azerbaijan Grand Prix,2023
RUS,1.0,12,Azerbaijan Grand Prix,2023
RUS,2.0,1,Azerbaijan Grand Prix,2023
RUS,3.0,1,Azerbaijan Grand Prix,2023
RUS,4.0,1,Azerbaijan Grand Prix,2023
RUS,5.0,1,Azerbaijan Grand Prix,2023
RUS,6.0,1,Azerbaijan Grand Prix,2023
RUS,7.0,1,Azerbaijan Grand Prix,2023
RUS,8.0,1,Azerbaijan Grand Prix,2023
RUS,9.0,1,Azerbaijan Grand Prix,2023
RUS,10.0,12,Azerbaijan Grand Prix,2023
RUS,11.0,24,Azerbaijan Grand Prix,2023
RUS,12.0,4,Azerbaijan Grand Prix,2023
RUS,13.0,41,Azerbaijan Grand Prix,2023
RUS,14.0,1,Azerbaijan Grand Prix,2023
RUS,15.0,1,Azerbaijan Grand Prix,2023
RUS,16.0,1,Azerbaijan Grand Prix,2023
RUS,17.0,12,Azerbaijan Grand Prix,2023
RUS,18.0,1,Azerbaijan Grand Prix,2023
RUS,19.0,1,Azerbaijan Grand Prix,2023
RUS,20.0,1,Azerbaijan Grand Prix,2023
RUS,21.0,1,Azerbaijan Grand Prix,2023
RUS,22.0,1,Azerbaijan Grand Prix,2023
RUS,23.0,1,Azerbaijan Grand Prix,2023
RUS,24.0,1,Azerbaijan Grand Prix,2023
RUS,25.0,1,Azerbaijan Grand Prix,2023
RUS,26.0,1,Azerbaijan Grand Prix,2023
RUS,27.0,1,Azerbaijan Grand Prix,2023
RUS,28.0,1,Azerbaijan Grand Prix,2023
RUS,29.0,1,Azerbaijan Grand Prix,2023
RUS,30.0,1,Azerbaijan Grand Prix,2023
RUS,31.0,1,Azerbaijan Grand Prix,2023
RUS,32.0,1,Azerbaijan Grand Prix,2023
RUS,33.0,1,Azerbaijan Grand Prix,2023
RUS,34.0,1,Azerbaijan Grand Prix,2023
RUS,35.0,1,Azerbaijan Grand Prix,2023
RUS,36.0,1,Azerbaijan Grand Prix,2023
RUS,37.0,1,Azerbaijan Grand Prix,2023
RUS,38.0,1,Azerbaijan Grand Prix,2023
RUS,39.0,1,Azerbaijan Grand Prix,2023
RUS,40.0,1,Azerbaijan Grand Prix,2023
RUS,41.0,1,Azerbaijan Grand Prix,2023
RUS,42.0,1,Azerbaijan Grand Prix,2023
RUS,43.0,1,Azerbaijan Grand Prix,2023
RUS,44.0,1,Azerbaijan Grand Prix,2023
RUS,45.0,1,Azerbaijan Grand Prix,2023
RUS,46.0,1,Azerbaijan Grand Prix,2023
RUS,47.0,1,Azerbaijan Grand Prix,2023
RUS,48.0,1,Azerbaijan Grand Prix,2023
RUS,49.0,12,Azerbaijan Grand Prix,2023
RUS,50.0,1,Azerbaijan Grand Prix,2023
RUS,51.0,1,Azerbaijan Grand Prix,2023
BOT,1.0,12,Azerbaijan Grand Prix,2023
BOT,2.0,1,Azerbaijan Grand Prix,2023
BOT,3.0,1,Azerbaijan Grand Prix,2023
BOT,4.0,1,Azerbaijan Grand Prix,2023
BOT,5.0,1,Azerbaijan Grand Prix,2023
BOT,6.0,1,Azerbaijan Grand Prix,2023
BOT,7.0,1,Azerbaijan Grand Prix,2023
BOT,8.0,1,Azerbaijan Grand Prix,2023
BOT,9.0,1,Azerbaijan Grand Prix,2023
BOT,10.0,124,Azerbaijan Grand Prix,2023
BOT,11.0,4,Azerbaijan Grand Prix,2023
BOT,12.0,4,Azerbaijan Grand Prix,2023
BOT,13.0,41,Azerbaijan Grand Prix,2023
BOT,14.0,1,Azerbaijan Grand Prix,2023
BOT,15.0,1,Azerbaijan Grand Prix,2023
BOT,16.0,1,Azerbaijan Grand Prix,2023
BOT,17.0,12,Azerbaijan Grand Prix,2023
BOT,18.0,1,Azerbaijan Grand Prix,2023
BOT,19.0,1,Azerbaijan Grand Prix,2023
BOT,20.0,1,Azerbaijan Grand Prix,2023
BOT,21.0,1,Azerbaijan Grand Prix,2023
BOT,22.0,1,Azerbaijan Grand Prix,2023
BOT,23.0,1,Azerbaijan Grand Prix,2023
BOT,24.0,1,Azerbaijan Grand Prix,2023
BOT,25.0,1,Azerbaijan Grand Prix,2023
BOT,26.0,1,Azerbaijan Grand Prix,2023
BOT,27.0,1,Azerbaijan Grand Prix,2023
BOT,28.0,1,Azerbaijan Grand Prix,2023
BOT,29.0,1,Azerbaijan Grand Prix,2023
BOT,30.0,1,Azerbaijan Grand Prix,2023
BOT,31.0,1,Azerbaijan Grand Prix,2023
BOT,32.0,1,Azerbaijan Grand Prix,2023
BOT,33.0,1,Azerbaijan Grand Prix,2023
BOT,34.0,1,Azerbaijan Grand Prix,2023
BOT,35.0,1,Azerbaijan Grand Prix,2023
BOT,36.0,1,Azerbaijan Grand Prix,2023
BOT,37.0,1,Azerbaijan Grand Prix,2023
BOT,38.0,1,Azerbaijan Grand Prix,2023
BOT,39.0,1,Azerbaijan Grand Prix,2023
BOT,40.0,1,Azerbaijan Grand Prix,2023
BOT,41.0,1,Azerbaijan Grand Prix,2023
BOT,42.0,1,Azerbaijan Grand Prix,2023
BOT,43.0,1,Azerbaijan Grand Prix,2023
BOT,44.0,1,Azerbaijan Grand Prix,2023
BOT,45.0,1,Azerbaijan Grand Prix,2023
BOT,46.0,1,Azerbaijan Grand Prix,2023
BOT,47.0,1,Azerbaijan Grand Prix,2023
BOT,48.0,12,Azerbaijan Grand Prix,2023
BOT,49.0,1,Azerbaijan Grand Prix,2023
BOT,50.0,1,Azerbaijan Grand Prix,2023
PIA,1.0,12,Azerbaijan Grand Prix,2023
PIA,2.0,1,Azerbaijan Grand Prix,2023
PIA,3.0,1,Azerbaijan Grand Prix,2023
PIA,4.0,1,Azerbaijan Grand Prix,2023
PIA,5.0,1,Azerbaijan Grand Prix,2023
PIA,6.0,1,Azerbaijan Grand Prix,2023
PIA,7.0,1,Azerbaijan Grand Prix,2023
PIA,8.0,1,Azerbaijan Grand Prix,2023
PIA,9.0,1,Azerbaijan Grand Prix,2023
PIA,10.0,124,Azerbaijan Grand Prix,2023
PIA,11.0,4,Azerbaijan Grand Prix,2023
PIA,12.0,4,Azerbaijan Grand Prix,2023
PIA,13.0,41,Azerbaijan Grand Prix,2023
PIA,14.0,1,Azerbaijan Grand Prix,2023
PIA,15.0,1,Azerbaijan Grand Prix,2023
PIA,16.0,1,Azerbaijan Grand Prix,2023
PIA,17.0,12,Azerbaijan Grand Prix,2023
PIA,18.0,1,Azerbaijan Grand Prix,2023
PIA,19.0,1,Azerbaijan Grand Prix,2023
PIA,20.0,1,Azerbaijan Grand Prix,2023
PIA,21.0,1,Azerbaijan Grand Prix,2023
PIA,22.0,1,Azerbaijan Grand Prix,2023
PIA,23.0,1,Azerbaijan Grand Prix,2023
PIA,24.0,1,Azerbaijan Grand Prix,2023
PIA,25.0,1,Azerbaijan Grand Prix,2023
PIA,26.0,1,Azerbaijan Grand Prix,2023
PIA,27.0,1,Azerbaijan Grand Prix,2023
PIA,28.0,1,Azerbaijan Grand Prix,2023
PIA,29.0,1,Azerbaijan Grand Prix,2023
PIA,30.0,1,Azerbaijan Grand Prix,2023
PIA,31.0,1,Azerbaijan Grand Prix,2023
PIA,32.0,1,Azerbaijan Grand Prix,2023
PIA,33.0,1,Azerbaijan Grand Prix,2023
PIA,34.0,1,Azerbaijan Grand Prix,2023
PIA,35.0,1,Azerbaijan Grand Prix,2023
PIA,36.0,1,Azerbaijan Grand Prix,2023
PIA,37.0,1,Azerbaijan Grand Prix,2023
PIA,38.0,1,Azerbaijan Grand Prix,2023
PIA,39.0,1,Azerbaijan Grand Prix,2023
PIA,40.0,1,Azerbaijan Grand Prix,2023
PIA,41.0,1,Azerbaijan Grand Prix,2023
PIA,42.0,1,Azerbaijan Grand Prix,2023
PIA,43.0,1,Azerbaijan Grand Prix,2023
PIA,44.0,1,Azerbaijan Grand Prix,2023
PIA,45.0,1,Azerbaijan Grand Prix,2023
PIA,46.0,1,Azerbaijan Grand Prix,2023
PIA,47.0,1,Azerbaijan Grand Prix,2023
PIA,48.0,12,Azerbaijan Grand Prix,2023
PIA,49.0,1,Azerbaijan Grand Prix,2023
PIA,50.0,1,Azerbaijan Grand Prix,2023
PIA,51.0,1,Azerbaijan Grand Prix,2023
VER,1.0,1,Miami Grand Prix,2023
VER,2.0,1,Miami Grand Prix,2023
VER,3.0,1,Miami Grand Prix,2023
VER,4.0,1,Miami Grand Prix,2023
VER,5.0,1,Miami Grand Prix,2023
VER,6.0,1,Miami Grand Prix,2023
VER,7.0,1,Miami Grand Prix,2023
VER,8.0,1,Miami Grand Prix,2023
VER,9.0,1,Miami Grand Prix,2023
VER,10.0,1,Miami Grand Prix,2023
VER,11.0,1,Miami Grand Prix,2023
VER,12.0,1,Miami Grand Prix,2023
VER,13.0,1,Miami Grand Prix,2023
VER,14.0,1,Miami Grand Prix,2023
VER,15.0,1,Miami Grand Prix,2023
VER,16.0,1,Miami Grand Prix,2023
VER,17.0,1,Miami Grand Prix,2023
VER,18.0,1,Miami Grand Prix,2023
VER,19.0,1,Miami Grand Prix,2023
VER,20.0,1,Miami Grand Prix,2023
VER,21.0,1,Miami Grand Prix,2023
VER,22.0,1,Miami Grand Prix,2023
VER,23.0,1,Miami Grand Prix,2023
VER,24.0,1,Miami Grand Prix,2023
VER,25.0,1,Miami Grand Prix,2023
VER,26.0,1,Miami Grand Prix,2023
VER,27.0,1,Miami Grand Prix,2023
VER,28.0,1,Miami Grand Prix,2023
VER,29.0,1,Miami Grand Prix,2023
VER,30.0,1,Miami Grand Prix,2023
VER,31.0,1,Miami Grand Prix,2023
VER,32.0,1,Miami Grand Prix,2023
VER,33.0,1,Miami Grand Prix,2023
VER,34.0,1,Miami Grand Prix,2023
VER,35.0,1,Miami Grand Prix,2023
VER,36.0,1,Miami Grand Prix,2023
VER,37.0,1,Miami Grand Prix,2023
VER,38.0,1,Miami Grand Prix,2023
VER,39.0,1,Miami Grand Prix,2023
VER,40.0,1,Miami Grand Prix,2023
VER,41.0,1,Miami Grand Prix,2023
VER,42.0,1,Miami Grand Prix,2023
VER,43.0,1,Miami Grand Prix,2023
VER,44.0,1,Miami Grand Prix,2023
VER,45.0,1,Miami Grand Prix,2023
VER,46.0,1,Miami Grand Prix,2023
VER,47.0,1,Miami Grand Prix,2023
VER,48.0,1,Miami Grand Prix,2023
VER,49.0,1,Miami Grand Prix,2023
VER,50.0,1,Miami Grand Prix,2023
VER,51.0,1,Miami Grand Prix,2023
VER,52.0,1,Miami Grand Prix,2023
VER,53.0,1,Miami Grand Prix,2023
VER,54.0,1,Miami Grand Prix,2023
VER,55.0,1,Miami Grand Prix,2023
VER,56.0,1,Miami Grand Prix,2023
VER,57.0,1,Miami Grand Prix,2023
PER,1.0,1,Miami Grand Prix,2023
PER,2.0,1,Miami Grand Prix,2023
PER,3.0,1,Miami Grand Prix,2023
PER,4.0,1,Miami Grand Prix,2023
PER,5.0,1,Miami Grand Prix,2023
PER,6.0,1,Miami Grand Prix,2023
PER,7.0,1,Miami Grand Prix,2023
PER,8.0,1,Miami Grand Prix,2023
PER,9.0,1,Miami Grand Prix,2023
PER,10.0,1,Miami Grand Prix,2023
PER,11.0,1,Miami Grand Prix,2023
PER,12.0,1,Miami Grand Prix,2023
PER,13.0,1,Miami Grand Prix,2023
PER,14.0,1,Miami Grand Prix,2023
PER,15.0,1,Miami Grand Prix,2023
PER,16.0,1,Miami Grand Prix,2023
PER,17.0,1,Miami Grand Prix,2023
PER,18.0,1,Miami Grand Prix,2023
PER,19.0,1,Miami Grand Prix,2023
PER,20.0,1,Miami Grand Prix,2023
PER,21.0,1,Miami Grand Prix,2023
PER,22.0,1,Miami Grand Prix,2023
PER,23.0,1,Miami Grand Prix,2023
PER,24.0,1,Miami Grand Prix,2023
PER,25.0,1,Miami Grand Prix,2023
PER,26.0,1,Miami Grand Prix,2023
PER,27.0,1,Miami Grand Prix,2023
PER,28.0,1,Miami Grand Prix,2023
PER,29.0,1,Miami Grand Prix,2023
PER,30.0,1,Miami Grand Prix,2023
PER,31.0,1,Miami Grand Prix,2023
PER,32.0,1,Miami Grand Prix,2023
PER,33.0,1,Miami Grand Prix,2023
PER,34.0,1,Miami Grand Prix,2023
PER,35.0,1,Miami Grand Prix,2023
PER,36.0,1,Miami Grand Prix,2023
PER,37.0,1,Miami Grand Prix,2023
PER,38.0,1,Miami Grand Prix,2023
PER,39.0,1,Miami Grand Prix,2023
PER,40.0,1,Miami Grand Prix,2023
PER,41.0,1,Miami Grand Prix,2023
PER,42.0,1,Miami Grand Prix,2023
PER,43.0,1,Miami Grand Prix,2023
PER,44.0,1,Miami Grand Prix,2023
PER,45.0,1,Miami Grand Prix,2023
PER,46.0,1,Miami Grand Prix,2023
PER,47.0,1,Miami Grand Prix,2023
PER,48.0,1,Miami Grand Prix,2023
PER,49.0,1,Miami Grand Prix,2023
PER,50.0,1,Miami Grand Prix,2023
PER,51.0,1,Miami Grand Prix,2023
PER,52.0,1,Miami Grand Prix,2023
PER,53.0,1,Miami Grand Prix,2023
PER,54.0,1,Miami Grand Prix,2023
PER,55.0,1,Miami Grand Prix,2023
PER,56.0,1,Miami Grand Prix,2023
PER,57.0,1,Miami Grand Prix,2023
ALO,1.0,1,Miami Grand Prix,2023
ALO,2.0,1,Miami Grand Prix,2023
ALO,3.0,1,Miami Grand Prix,2023
ALO,4.0,1,Miami Grand Prix,2023
ALO,5.0,1,Miami Grand Prix,2023
ALO,6.0,1,Miami Grand Prix,2023
ALO,7.0,1,Miami Grand Prix,2023
ALO,8.0,1,Miami Grand Prix,2023
ALO,9.0,1,Miami Grand Prix,2023
ALO,10.0,1,Miami Grand Prix,2023
ALO,11.0,1,Miami Grand Prix,2023
ALO,12.0,1,Miami Grand Prix,2023
ALO,13.0,1,Miami Grand Prix,2023
ALO,14.0,1,Miami Grand Prix,2023
ALO,15.0,1,Miami Grand Prix,2023
ALO,16.0,1,Miami Grand Prix,2023
ALO,17.0,1,Miami Grand Prix,2023
ALO,18.0,1,Miami Grand Prix,2023
ALO,19.0,1,Miami Grand Prix,2023
ALO,20.0,1,Miami Grand Prix,2023
ALO,21.0,1,Miami Grand Prix,2023
ALO,22.0,1,Miami Grand Prix,2023
ALO,23.0,1,Miami Grand Prix,2023
ALO,24.0,1,Miami Grand Prix,2023
ALO,25.0,1,Miami Grand Prix,2023
ALO,26.0,1,Miami Grand Prix,2023
ALO,27.0,1,Miami Grand Prix,2023
ALO,28.0,1,Miami Grand Prix,2023
ALO,29.0,1,Miami Grand Prix,2023
ALO,30.0,1,Miami Grand Prix,2023
ALO,31.0,1,Miami Grand Prix,2023
ALO,32.0,1,Miami Grand Prix,2023
ALO,33.0,1,Miami Grand Prix,2023
ALO,34.0,1,Miami Grand Prix,2023
ALO,35.0,1,Miami Grand Prix,2023
ALO,36.0,1,Miami Grand Prix,2023
ALO,37.0,1,Miami Grand Prix,2023
ALO,38.0,1,Miami Grand Prix,2023
ALO,39.0,1,Miami Grand Prix,2023
ALO,40.0,1,Miami Grand Prix,2023
ALO,41.0,1,Miami Grand Prix,2023
ALO,42.0,1,Miami Grand Prix,2023
ALO,43.0,1,Miami Grand Prix,2023
ALO,44.0,1,Miami Grand Prix,2023
ALO,45.0,1,Miami Grand Prix,2023
ALO,46.0,1,Miami Grand Prix,2023
ALO,47.0,1,Miami Grand Prix,2023
ALO,48.0,1,Miami Grand Prix,2023
ALO,49.0,1,Miami Grand Prix,2023
ALO,50.0,1,Miami Grand Prix,2023
ALO,51.0,1,Miami Grand Prix,2023
ALO,52.0,1,Miami Grand Prix,2023
ALO,53.0,1,Miami Grand Prix,2023
ALO,54.0,1,Miami Grand Prix,2023
ALO,55.0,1,Miami Grand Prix,2023
ALO,56.0,1,Miami Grand Prix,2023
ALO,57.0,1,Miami Grand Prix,2023
RUS,1.0,1,Miami Grand Prix,2023
RUS,2.0,1,Miami Grand Prix,2023
RUS,3.0,1,Miami Grand Prix,2023
RUS,4.0,1,Miami Grand Prix,2023
RUS,5.0,1,Miami Grand Prix,2023
RUS,6.0,1,Miami Grand Prix,2023
RUS,7.0,1,Miami Grand Prix,2023
RUS,8.0,1,Miami Grand Prix,2023
RUS,9.0,1,Miami Grand Prix,2023
RUS,10.0,1,Miami Grand Prix,2023
RUS,11.0,1,Miami Grand Prix,2023
RUS,12.0,1,Miami Grand Prix,2023
RUS,13.0,1,Miami Grand Prix,2023
RUS,14.0,1,Miami Grand Prix,2023
RUS,15.0,1,Miami Grand Prix,2023
RUS,16.0,1,Miami Grand Prix,2023
RUS,17.0,1,Miami Grand Prix,2023
RUS,18.0,1,Miami Grand Prix,2023
RUS,19.0,1,Miami Grand Prix,2023
RUS,20.0,1,Miami Grand Prix,2023
RUS,21.0,1,Miami Grand Prix,2023
RUS,22.0,1,Miami Grand Prix,2023
RUS,23.0,1,Miami Grand Prix,2023
RUS,24.0,1,Miami Grand Prix,2023
RUS,25.0,1,Miami Grand Prix,2023
RUS,26.0,1,Miami Grand Prix,2023
RUS,27.0,1,Miami Grand Prix,2023
RUS,28.0,1,Miami Grand Prix,2023
RUS,29.0,1,Miami Grand Prix,2023
RUS,30.0,1,Miami Grand Prix,2023
RUS,31.0,1,Miami Grand Prix,2023
RUS,32.0,1,Miami Grand Prix,2023
RUS,33.0,1,Miami Grand Prix,2023
RUS,34.0,1,Miami Grand Prix,2023
RUS,35.0,1,Miami Grand Prix,2023
RUS,36.0,1,Miami Grand Prix,2023
RUS,37.0,1,Miami Grand Prix,2023
RUS,38.0,1,Miami Grand Prix,2023
RUS,39.0,1,Miami Grand Prix,2023
RUS,40.0,1,Miami Grand Prix,2023
RUS,41.0,1,Miami Grand Prix,2023
RUS,42.0,1,Miami Grand Prix,2023
RUS,43.0,1,Miami Grand Prix,2023
RUS,44.0,1,Miami Grand Prix,2023
RUS,45.0,1,Miami Grand Prix,2023
RUS,46.0,1,Miami Grand Prix,2023
RUS,47.0,1,Miami Grand Prix,2023
RUS,48.0,1,Miami Grand Prix,2023
RUS,49.0,1,Miami Grand Prix,2023
RUS,50.0,1,Miami Grand Prix,2023
RUS,51.0,1,Miami Grand Prix,2023
RUS,52.0,1,Miami Grand Prix,2023
RUS,53.0,1,Miami Grand Prix,2023
RUS,54.0,1,Miami Grand Prix,2023
RUS,55.0,1,Miami Grand Prix,2023
RUS,56.0,1,Miami Grand Prix,2023
RUS,57.0,1,Miami Grand Prix,2023
SAI,1.0,1,Miami Grand Prix,2023
SAI,2.0,1,Miami Grand Prix,2023
SAI,3.0,1,Miami Grand Prix,2023
SAI,4.0,1,Miami Grand Prix,2023
SAI,5.0,1,Miami Grand Prix,2023
SAI,6.0,1,Miami Grand Prix,2023
SAI,7.0,1,Miami Grand Prix,2023
SAI,8.0,1,Miami Grand Prix,2023
SAI,9.0,1,Miami Grand Prix,2023
SAI,10.0,1,Miami Grand Prix,2023
SAI,11.0,1,Miami Grand Prix,2023
SAI,12.0,1,Miami Grand Prix,2023
SAI,13.0,1,Miami Grand Prix,2023
SAI,14.0,1,Miami Grand Prix,2023
SAI,15.0,1,Miami Grand Prix,2023
SAI,16.0,1,Miami Grand Prix,2023
SAI,17.0,1,Miami Grand Prix,2023
SAI,18.0,1,Miami Grand Prix,2023
SAI,19.0,1,Miami Grand Prix,2023
SAI,20.0,1,Miami Grand Prix,2023
SAI,21.0,1,Miami Grand Prix,2023
SAI,22.0,1,Miami Grand Prix,2023
SAI,23.0,1,Miami Grand Prix,2023
SAI,24.0,1,Miami Grand Prix,2023
SAI,25.0,1,Miami Grand Prix,2023
SAI,26.0,1,Miami Grand Prix,2023
SAI,27.0,1,Miami Grand Prix,2023
SAI,28.0,1,Miami Grand Prix,2023
SAI,29.0,1,Miami Grand Prix,2023
SAI,30.0,1,Miami Grand Prix,2023
SAI,31.0,1,Miami Grand Prix,2023
SAI,32.0,1,Miami Grand Prix,2023
SAI,33.0,1,Miami Grand Prix,2023
SAI,34.0,1,Miami Grand Prix,2023
SAI,35.0,1,Miami Grand Prix,2023
SAI,36.0,1,Miami Grand Prix,2023
SAI,37.0,1,Miami Grand Prix,2023
SAI,38.0,1,Miami Grand Prix,2023
SAI,39.0,1,Miami Grand Prix,2023
SAI,40.0,1,Miami Grand Prix,2023
SAI,41.0,1,Miami Grand Prix,2023
SAI,42.0,1,Miami Grand Prix,2023
SAI,43.0,1,Miami Grand Prix,2023
SAI,44.0,1,Miami Grand Prix,2023
SAI,45.0,1,Miami Grand Prix,2023
SAI,46.0,1,Miami Grand Prix,2023
SAI,47.0,1,Miami Grand Prix,2023
SAI,48.0,1,Miami Grand Prix,2023
SAI,49.0,1,Miami Grand Prix,2023
SAI,50.0,1,Miami Grand Prix,2023
SAI,51.0,1,Miami Grand Prix,2023
SAI,52.0,1,Miami Grand Prix,2023
SAI,53.0,1,Miami Grand Prix,2023
SAI,54.0,1,Miami Grand Prix,2023
SAI,55.0,1,Miami Grand Prix,2023
SAI,56.0,1,Miami Grand Prix,2023
SAI,57.0,1,Miami Grand Prix,2023
HAM,1.0,1,Miami Grand Prix,2023
HAM,2.0,1,Miami Grand Prix,2023
HAM,3.0,1,Miami Grand Prix,2023
HAM,4.0,1,Miami Grand Prix,2023
HAM,5.0,1,Miami Grand Prix,2023
HAM,6.0,1,Miami Grand Prix,2023
HAM,7.0,1,Miami Grand Prix,2023
HAM,8.0,1,Miami Grand Prix,2023
HAM,9.0,1,Miami Grand Prix,2023
HAM,10.0,1,Miami Grand Prix,2023
HAM,11.0,1,Miami Grand Prix,2023
HAM,12.0,1,Miami Grand Prix,2023
HAM,13.0,1,Miami Grand Prix,2023
HAM,14.0,1,Miami Grand Prix,2023
HAM,15.0,1,Miami Grand Prix,2023
HAM,16.0,1,Miami Grand Prix,2023
HAM,17.0,1,Miami Grand Prix,2023
HAM,18.0,1,Miami Grand Prix,2023
HAM,19.0,1,Miami Grand Prix,2023
HAM,20.0,1,Miami Grand Prix,2023
HAM,21.0,1,Miami Grand Prix,2023
HAM,22.0,1,Miami Grand Prix,2023
HAM,23.0,1,Miami Grand Prix,2023
HAM,24.0,1,Miami Grand Prix,2023
HAM,25.0,1,Miami Grand Prix,2023
HAM,26.0,1,Miami Grand Prix,2023
HAM,27.0,1,Miami Grand Prix,2023
HAM,28.0,1,Miami Grand Prix,2023
HAM,29.0,1,Miami Grand Prix,2023
HAM,30.0,1,Miami Grand Prix,2023
HAM,31.0,1,Miami Grand Prix,2023
HAM,32.0,1,Miami Grand Prix,2023
HAM,33.0,1,Miami Grand Prix,2023
HAM,34.0,1,Miami Grand Prix,2023
HAM,35.0,1,Miami Grand Prix,2023
HAM,36.0,1,Miami Grand Prix,2023
HAM,37.0,1,Miami Grand Prix,2023
HAM,38.0,1,Miami Grand Prix,2023
HAM,39.0,1,Miami Grand Prix,2023
HAM,40.0,1,Miami Grand Prix,2023
HAM,41.0,1,Miami Grand Prix,2023
HAM,42.0,1,Miami Grand Prix,2023
HAM,43.0,1,Miami Grand Prix,2023
HAM,44.0,1,Miami Grand Prix,2023
HAM,45.0,1,Miami Grand Prix,2023
HAM,46.0,1,Miami Grand Prix,2023
HAM,47.0,1,Miami Grand Prix,2023
HAM,48.0,1,Miami Grand Prix,2023
HAM,49.0,1,Miami Grand Prix,2023
HAM,50.0,1,Miami Grand Prix,2023
HAM,51.0,1,Miami Grand Prix,2023
HAM,52.0,1,Miami Grand Prix,2023
HAM,53.0,1,Miami Grand Prix,2023
HAM,54.0,1,Miami Grand Prix,2023
HAM,55.0,1,Miami Grand Prix,2023
HAM,56.0,1,Miami Grand Prix,2023
HAM,57.0,1,Miami Grand Prix,2023
LEC,1.0,1,Miami Grand Prix,2023
LEC,2.0,1,Miami Grand Prix,2023
LEC,3.0,1,Miami Grand Prix,2023
LEC,4.0,1,Miami Grand Prix,2023
LEC,5.0,1,Miami Grand Prix,2023
LEC,6.0,1,Miami Grand Prix,2023
LEC,7.0,1,Miami Grand Prix,2023
LEC,8.0,1,Miami Grand Prix,2023
LEC,9.0,1,Miami Grand Prix,2023
LEC,10.0,1,Miami Grand Prix,2023
LEC,11.0,1,Miami Grand Prix,2023
LEC,12.0,1,Miami Grand Prix,2023
LEC,13.0,1,Miami Grand Prix,2023
LEC,14.0,1,Miami Grand Prix,2023
LEC,15.0,1,Miami Grand Prix,2023
LEC,16.0,1,Miami Grand Prix,2023
LEC,17.0,1,Miami Grand Prix,2023
LEC,18.0,1,Miami Grand Prix,2023
LEC,19.0,1,Miami Grand Prix,2023
LEC,20.0,1,Miami Grand Prix,2023
LEC,21.0,1,Miami Grand Prix,2023
LEC,22.0,1,Miami Grand Prix,2023
LEC,23.0,1,Miami Grand Prix,2023
LEC,24.0,1,Miami Grand Prix,2023
LEC,25.0,1,Miami Grand Prix,2023
LEC,26.0,1,Miami Grand Prix,2023
LEC,27.0,1,Miami Grand Prix,2023
LEC,28.0,1,Miami Grand Prix,2023
LEC,29.0,1,Miami Grand Prix,2023
LEC,30.0,1,Miami Grand Prix,2023
LEC,31.0,1,Miami Grand Prix,2023
LEC,32.0,1,Miami Grand Prix,2023
LEC,33.0,1,Miami Grand Prix,2023
LEC,34.0,1,Miami Grand Prix,2023
LEC,35.0,1,Miami Grand Prix,2023
LEC,36.0,1,Miami Grand Prix,2023
LEC,37.0,1,Miami Grand Prix,2023
LEC,38.0,1,Miami Grand Prix,2023
LEC,39.0,1,Miami Grand Prix,2023
LEC,40.0,1,Miami Grand Prix,2023
LEC,41.0,1,Miami Grand Prix,2023
LEC,42.0,1,Miami Grand Prix,2023
LEC,43.0,1,Miami Grand Prix,2023
LEC,44.0,1,Miami Grand Prix,2023
LEC,45.0,1,Miami Grand Prix,2023
LEC,46.0,1,Miami Grand Prix,2023
LEC,47.0,1,Miami Grand Prix,2023
LEC,48.0,1,Miami Grand Prix,2023
LEC,49.0,1,Miami Grand Prix,2023
LEC,50.0,1,Miami Grand Prix,2023
LEC,51.0,1,Miami Grand Prix,2023
LEC,52.0,1,Miami Grand Prix,2023
LEC,53.0,1,Miami Grand Prix,2023
LEC,54.0,1,Miami Grand Prix,2023
LEC,55.0,1,Miami Grand Prix,2023
LEC,56.0,1,Miami Grand Prix,2023
LEC,57.0,1,Miami Grand Prix,2023
GAS,1.0,1,Miami Grand Prix,2023
GAS,2.0,1,Miami Grand Prix,2023
GAS,3.0,1,Miami Grand Prix,2023
GAS,4.0,1,Miami Grand Prix,2023
GAS,5.0,1,Miami Grand Prix,2023
GAS,6.0,1,Miami Grand Prix,2023
GAS,7.0,1,Miami Grand Prix,2023
GAS,8.0,1,Miami Grand Prix,2023
GAS,9.0,1,Miami Grand Prix,2023
GAS,10.0,1,Miami Grand Prix,2023
GAS,11.0,1,Miami Grand Prix,2023
GAS,12.0,1,Miami Grand Prix,2023
GAS,13.0,1,Miami Grand Prix,2023
GAS,14.0,1,Miami Grand Prix,2023
GAS,15.0,1,Miami Grand Prix,2023
GAS,16.0,1,Miami Grand Prix,2023
GAS,17.0,1,Miami Grand Prix,2023
GAS,18.0,1,Miami Grand Prix,2023
GAS,19.0,1,Miami Grand Prix,2023
GAS,20.0,1,Miami Grand Prix,2023
GAS,21.0,1,Miami Grand Prix,2023
GAS,22.0,1,Miami Grand Prix,2023
GAS,23.0,1,Miami Grand Prix,2023
GAS,24.0,1,Miami Grand Prix,2023
GAS,25.0,1,Miami Grand Prix,2023
GAS,26.0,1,Miami Grand Prix,2023
GAS,27.0,1,Miami Grand Prix,2023
GAS,28.0,1,Miami Grand Prix,2023
GAS,29.0,1,Miami Grand Prix,2023
GAS,30.0,1,Miami Grand Prix,2023
GAS,31.0,1,Miami Grand Prix,2023
GAS,32.0,1,Miami Grand Prix,2023
GAS,33.0,1,Miami Grand Prix,2023
GAS,34.0,1,Miami Grand Prix,2023
GAS,35.0,1,Miami Grand Prix,2023
GAS,36.0,1,Miami Grand Prix,2023
GAS,37.0,1,Miami Grand Prix,2023
GAS,38.0,1,Miami Grand Prix,2023
GAS,39.0,1,Miami Grand Prix,2023
GAS,40.0,1,Miami Grand Prix,2023
GAS,41.0,1,Miami Grand Prix,2023
GAS,42.0,1,Miami Grand Prix,2023
GAS,43.0,1,Miami Grand Prix,2023
GAS,44.0,1,Miami Grand Prix,2023
GAS,45.0,1,Miami Grand Prix,2023
GAS,46.0,1,Miami Grand Prix,2023
GAS,47.0,1,Miami Grand Prix,2023
GAS,48.0,1,Miami Grand Prix,2023
GAS,49.0,1,Miami Grand Prix,2023
GAS,50.0,1,Miami Grand Prix,2023
GAS,51.0,1,Miami Grand Prix,2023
GAS,52.0,1,Miami Grand Prix,2023
GAS,53.0,1,Miami Grand Prix,2023
GAS,54.0,1,Miami Grand Prix,2023
GAS,55.0,1,Miami Grand Prix,2023
GAS,56.0,1,Miami Grand Prix,2023
GAS,57.0,1,Miami Grand Prix,2023
OCO,1.0,1,Miami Grand Prix,2023
OCO,2.0,1,Miami Grand Prix,2023
OCO,3.0,1,Miami Grand Prix,2023
OCO,4.0,1,Miami Grand Prix,2023
OCO,5.0,1,Miami Grand Prix,2023
OCO,6.0,1,Miami Grand Prix,2023
OCO,7.0,1,Miami Grand Prix,2023
OCO,8.0,1,Miami Grand Prix,2023
OCO,9.0,1,Miami Grand Prix,2023
OCO,10.0,1,Miami Grand Prix,2023
OCO,11.0,1,Miami Grand Prix,2023
OCO,12.0,1,Miami Grand Prix,2023
OCO,13.0,1,Miami Grand Prix,2023
OCO,14.0,1,Miami Grand Prix,2023
OCO,15.0,1,Miami Grand Prix,2023
OCO,16.0,1,Miami Grand Prix,2023
OCO,17.0,1,Miami Grand Prix,2023
OCO,18.0,1,Miami Grand Prix,2023
OCO,19.0,1,Miami Grand Prix,2023
OCO,20.0,1,Miami Grand Prix,2023
OCO,21.0,1,Miami Grand Prix,2023
OCO,22.0,1,Miami Grand Prix,2023
OCO,23.0,1,Miami Grand Prix,2023
OCO,24.0,1,Miami Grand Prix,2023
OCO,25.0,1,Miami Grand Prix,2023
OCO,26.0,1,Miami Grand Prix,2023
OCO,27.0,1,Miami Grand Prix,2023
OCO,28.0,1,Miami Grand Prix,2023
OCO,29.0,1,Miami Grand Prix,2023
OCO,30.0,1,Miami Grand Prix,2023
OCO,31.0,1,Miami Grand Prix,2023
OCO,32.0,1,Miami Grand Prix,2023
OCO,33.0,1,Miami Grand Prix,2023
OCO,34.0,1,Miami Grand Prix,2023
OCO,35.0,1,Miami Grand Prix,2023
OCO,36.0,1,Miami Grand Prix,2023
OCO,37.0,1,Miami Grand Prix,2023
OCO,38.0,1,Miami Grand Prix,2023
OCO,39.0,1,Miami Grand Prix,2023
OCO,40.0,1,Miami Grand Prix,2023
OCO,41.0,1,Miami Grand Prix,2023
OCO,42.0,1,Miami Grand Prix,2023
OCO,43.0,1,Miami Grand Prix,2023
OCO,44.0,1,Miami Grand Prix,2023
OCO,45.0,1,Miami Grand Prix,2023
OCO,46.0,1,Miami Grand Prix,2023
OCO,47.0,1,Miami Grand Prix,2023
OCO,48.0,1,Miami Grand Prix,2023
OCO,49.0,1,Miami Grand Prix,2023
OCO,50.0,1,Miami Grand Prix,2023
OCO,51.0,1,Miami Grand Prix,2023
OCO,52.0,1,Miami Grand Prix,2023
OCO,53.0,1,Miami Grand Prix,2023
OCO,54.0,1,Miami Grand Prix,2023
OCO,55.0,1,Miami Grand Prix,2023
OCO,56.0,1,Miami Grand Prix,2023
OCO,57.0,1,Miami Grand Prix,2023
MAG,1.0,1,Miami Grand Prix,2023
MAG,2.0,1,Miami Grand Prix,2023
MAG,3.0,1,Miami Grand Prix,2023
MAG,4.0,1,Miami Grand Prix,2023
MAG,5.0,1,Miami Grand Prix,2023
MAG,6.0,1,Miami Grand Prix,2023
MAG,7.0,1,Miami Grand Prix,2023
MAG,8.0,1,Miami Grand Prix,2023
MAG,9.0,1,Miami Grand Prix,2023
MAG,10.0,1,Miami Grand Prix,2023
MAG,11.0,1,Miami Grand Prix,2023
MAG,12.0,1,Miami Grand Prix,2023
MAG,13.0,1,Miami Grand Prix,2023
MAG,14.0,1,Miami Grand Prix,2023
MAG,15.0,1,Miami Grand Prix,2023
MAG,16.0,1,Miami Grand Prix,2023
MAG,17.0,1,Miami Grand Prix,2023
MAG,18.0,1,Miami Grand Prix,2023
MAG,19.0,1,Miami Grand Prix,2023
MAG,20.0,1,Miami Grand Prix,2023
MAG,21.0,1,Miami Grand Prix,2023
MAG,22.0,1,Miami Grand Prix,2023
MAG,23.0,1,Miami Grand Prix,2023
MAG,24.0,1,Miami Grand Prix,2023
MAG,25.0,1,Miami Grand Prix,2023
MAG,26.0,1,Miami Grand Prix,2023
MAG,27.0,1,Miami Grand Prix,2023
MAG,28.0,1,Miami Grand Prix,2023
MAG,29.0,1,Miami Grand Prix,2023
MAG,30.0,1,Miami Grand Prix,2023
MAG,31.0,1,Miami Grand Prix,2023
MAG,32.0,1,Miami Grand Prix,2023
MAG,33.0,1,Miami Grand Prix,2023
MAG,34.0,1,Miami Grand Prix,2023
MAG,35.0,1,Miami Grand Prix,2023
MAG,36.0,1,Miami Grand Prix,2023
MAG,37.0,1,Miami Grand Prix,2023
MAG,38.0,1,Miami Grand Prix,2023
MAG,39.0,1,Miami Grand Prix,2023
MAG,40.0,1,Miami Grand Prix,2023
MAG,41.0,1,Miami Grand Prix,2023
MAG,42.0,1,Miami Grand Prix,2023
MAG,43.0,1,Miami Grand Prix,2023
MAG,44.0,1,Miami Grand Prix,2023
MAG,45.0,1,Miami Grand Prix,2023
MAG,46.0,1,Miami Grand Prix,2023
MAG,47.0,1,Miami Grand Prix,2023
MAG,48.0,1,Miami Grand Prix,2023
MAG,49.0,1,Miami Grand Prix,2023
MAG,50.0,1,Miami Grand Prix,2023
MAG,51.0,1,Miami Grand Prix,2023
MAG,52.0,1,Miami Grand Prix,2023
MAG,53.0,1,Miami Grand Prix,2023
MAG,54.0,1,Miami Grand Prix,2023
MAG,55.0,1,Miami Grand Prix,2023
MAG,56.0,1,Miami Grand Prix,2023
MAG,57.0,1,Miami Grand Prix,2023
TSU,1.0,1,Miami Grand Prix,2023
TSU,2.0,1,Miami Grand Prix,2023
TSU,3.0,1,Miami Grand Prix,2023
TSU,4.0,1,Miami Grand Prix,2023
TSU,5.0,1,Miami Grand Prix,2023
TSU,6.0,1,Miami Grand Prix,2023
TSU,7.0,1,Miami Grand Prix,2023
TSU,8.0,1,Miami Grand Prix,2023
TSU,9.0,1,Miami Grand Prix,2023
TSU,10.0,1,Miami Grand Prix,2023
TSU,11.0,1,Miami Grand Prix,2023
TSU,12.0,1,Miami Grand Prix,2023
TSU,13.0,1,Miami Grand Prix,2023
TSU,14.0,1,Miami Grand Prix,2023
TSU,15.0,1,Miami Grand Prix,2023
TSU,16.0,1,Miami Grand Prix,2023
TSU,17.0,1,Miami Grand Prix,2023
TSU,18.0,1,Miami Grand Prix,2023
TSU,19.0,1,Miami Grand Prix,2023
TSU,20.0,1,Miami Grand Prix,2023
TSU,21.0,1,Miami Grand Prix,2023
TSU,22.0,1,Miami Grand Prix,2023
TSU,23.0,1,Miami Grand Prix,2023
TSU,24.0,1,Miami Grand Prix,2023
TSU,25.0,1,Miami Grand Prix,2023
TSU,26.0,1,Miami Grand Prix,2023
TSU,27.0,1,Miami Grand Prix,2023
TSU,28.0,1,Miami Grand Prix,2023
TSU,29.0,1,Miami Grand Prix,2023
TSU,30.0,1,Miami Grand Prix,2023
TSU,31.0,1,Miami Grand Prix,2023
TSU,32.0,1,Miami Grand Prix,2023
TSU,33.0,1,Miami Grand Prix,2023
TSU,34.0,1,Miami Grand Prix,2023
TSU,35.0,1,Miami Grand Prix,2023
TSU,36.0,1,Miami Grand Prix,2023
TSU,37.0,1,Miami Grand Prix,2023
TSU,38.0,1,Miami Grand Prix,2023
TSU,39.0,1,Miami Grand Prix,2023
TSU,40.0,1,Miami Grand Prix,2023
TSU,41.0,1,Miami Grand Prix,2023
TSU,42.0,1,Miami Grand Prix,2023
TSU,43.0,1,Miami Grand Prix,2023
TSU,44.0,1,Miami Grand Prix,2023
TSU,45.0,1,Miami Grand Prix,2023
TSU,46.0,1,Miami Grand Prix,2023
TSU,47.0,1,Miami Grand Prix,2023
TSU,48.0,1,Miami Grand Prix,2023
TSU,49.0,1,Miami Grand Prix,2023
TSU,50.0,1,Miami Grand Prix,2023
TSU,51.0,1,Miami Grand Prix,2023
TSU,52.0,1,Miami Grand Prix,2023
TSU,53.0,1,Miami Grand Prix,2023
TSU,54.0,1,Miami Grand Prix,2023
TSU,55.0,1,Miami Grand Prix,2023
TSU,56.0,1,Miami Grand Prix,2023
TSU,57.0,1,Miami Grand Prix,2023
STR,1.0,1,Miami Grand Prix,2023
STR,2.0,1,Miami Grand Prix,2023
STR,3.0,1,Miami Grand Prix,2023
STR,4.0,1,Miami Grand Prix,2023
STR,5.0,1,Miami Grand Prix,2023
STR,6.0,1,Miami Grand Prix,2023
STR,7.0,1,Miami Grand Prix,2023
STR,8.0,1,Miami Grand Prix,2023
STR,9.0,1,Miami Grand Prix,2023
STR,10.0,1,Miami Grand Prix,2023
STR,11.0,1,Miami Grand Prix,2023
STR,12.0,1,Miami Grand Prix,2023
STR,13.0,1,Miami Grand Prix,2023
STR,14.0,1,Miami Grand Prix,2023
STR,15.0,1,Miami Grand Prix,2023
STR,16.0,1,Miami Grand Prix,2023
STR,17.0,1,Miami Grand Prix,2023
STR,18.0,1,Miami Grand Prix,2023
STR,19.0,1,Miami Grand Prix,2023
STR,20.0,1,Miami Grand Prix,2023
STR,21.0,1,Miami Grand Prix,2023
STR,22.0,1,Miami Grand Prix,2023
STR,23.0,1,Miami Grand Prix,2023
STR,24.0,1,Miami Grand Prix,2023
STR,25.0,1,Miami Grand Prix,2023
STR,26.0,1,Miami Grand Prix,2023
STR,27.0,1,Miami Grand Prix,2023
STR,28.0,1,Miami Grand Prix,2023
STR,29.0,1,Miami Grand Prix,2023
STR,30.0,1,Miami Grand Prix,2023
STR,31.0,1,Miami Grand Prix,2023
STR,32.0,1,Miami Grand Prix,2023
STR,33.0,1,Miami Grand Prix,2023
STR,34.0,1,Miami Grand Prix,2023
STR,35.0,1,Miami Grand Prix,2023
STR,36.0,1,Miami Grand Prix,2023
STR,37.0,1,Miami Grand Prix,2023
STR,38.0,1,Miami Grand Prix,2023
STR,39.0,1,Miami Grand Prix,2023
STR,40.0,1,Miami Grand Prix,2023
STR,41.0,1,Miami Grand Prix,2023
STR,42.0,1,Miami Grand Prix,2023
STR,43.0,1,Miami Grand Prix,2023
STR,44.0,1,Miami Grand Prix,2023
STR,45.0,1,Miami Grand Prix,2023
STR,46.0,1,Miami Grand Prix,2023
STR,47.0,1,Miami Grand Prix,2023
STR,48.0,1,Miami Grand Prix,2023
STR,49.0,1,Miami Grand Prix,2023
STR,50.0,1,Miami Grand Prix,2023
STR,51.0,1,Miami Grand Prix,2023
STR,52.0,1,Miami Grand Prix,2023
STR,53.0,1,Miami Grand Prix,2023
STR,54.0,1,Miami Grand Prix,2023
STR,55.0,1,Miami Grand Prix,2023
STR,56.0,1,Miami Grand Prix,2023
STR,57.0,1,Miami Grand Prix,2023
BOT,1.0,1,Miami Grand Prix,2023
BOT,2.0,1,Miami Grand Prix,2023
BOT,3.0,1,Miami Grand Prix,2023
BOT,4.0,1,Miami Grand Prix,2023
BOT,5.0,1,Miami Grand Prix,2023
BOT,6.0,1,Miami Grand Prix,2023
BOT,7.0,1,Miami Grand Prix,2023
BOT,8.0,1,Miami Grand Prix,2023
BOT,9.0,1,Miami Grand Prix,2023
BOT,10.0,1,Miami Grand Prix,2023
BOT,11.0,1,Miami Grand Prix,2023
BOT,12.0,1,Miami Grand Prix,2023
BOT,13.0,1,Miami Grand Prix,2023
BOT,14.0,1,Miami Grand Prix,2023
BOT,15.0,1,Miami Grand Prix,2023
BOT,16.0,1,Miami Grand Prix,2023
BOT,17.0,1,Miami Grand Prix,2023
BOT,18.0,1,Miami Grand Prix,2023
BOT,19.0,1,Miami Grand Prix,2023
BOT,20.0,1,Miami Grand Prix,2023
BOT,21.0,1,Miami Grand Prix,2023
BOT,22.0,1,Miami Grand Prix,2023
BOT,23.0,1,Miami Grand Prix,2023
BOT,24.0,1,Miami Grand Prix,2023
BOT,25.0,1,Miami Grand Prix,2023
BOT,26.0,1,Miami Grand Prix,2023
BOT,27.0,1,Miami Grand Prix,2023
BOT,28.0,1,Miami Grand Prix,2023
BOT,29.0,1,Miami Grand Prix,2023
BOT,30.0,1,Miami Grand Prix,2023
BOT,31.0,1,Miami Grand Prix,2023
BOT,32.0,1,Miami Grand Prix,2023
BOT,33.0,1,Miami Grand Prix,2023
BOT,34.0,1,Miami Grand Prix,2023
BOT,35.0,1,Miami Grand Prix,2023
BOT,36.0,1,Miami Grand Prix,2023
BOT,37.0,1,Miami Grand Prix,2023
BOT,38.0,1,Miami Grand Prix,2023
BOT,39.0,1,Miami Grand Prix,2023
BOT,40.0,1,Miami Grand Prix,2023
BOT,41.0,1,Miami Grand Prix,2023
BOT,42.0,1,Miami Grand Prix,2023
BOT,43.0,1,Miami Grand Prix,2023
BOT,44.0,1,Miami Grand Prix,2023
BOT,45.0,1,Miami Grand Prix,2023
BOT,46.0,1,Miami Grand Prix,2023
BOT,47.0,1,Miami Grand Prix,2023
BOT,48.0,1,Miami Grand Prix,2023
BOT,49.0,1,Miami Grand Prix,2023
BOT,50.0,1,Miami Grand Prix,2023
BOT,51.0,1,Miami Grand Prix,2023
BOT,52.0,1,Miami Grand Prix,2023
BOT,53.0,1,Miami Grand Prix,2023
BOT,54.0,1,Miami Grand Prix,2023
BOT,55.0,1,Miami Grand Prix,2023
BOT,56.0,1,Miami Grand Prix,2023
BOT,57.0,1,Miami Grand Prix,2023
ALB,1.0,1,Miami Grand Prix,2023
ALB,2.0,1,Miami Grand Prix,2023
ALB,3.0,1,Miami Grand Prix,2023
ALB,4.0,1,Miami Grand Prix,2023
ALB,5.0,1,Miami Grand Prix,2023
ALB,6.0,1,Miami Grand Prix,2023
ALB,7.0,1,Miami Grand Prix,2023
ALB,8.0,1,Miami Grand Prix,2023
ALB,9.0,1,Miami Grand Prix,2023
ALB,10.0,1,Miami Grand Prix,2023
ALB,11.0,1,Miami Grand Prix,2023
ALB,12.0,1,Miami Grand Prix,2023
ALB,13.0,1,Miami Grand Prix,2023
ALB,14.0,1,Miami Grand Prix,2023
ALB,15.0,1,Miami Grand Prix,2023
ALB,16.0,1,Miami Grand Prix,2023
ALB,17.0,1,Miami Grand Prix,2023
ALB,18.0,1,Miami Grand Prix,2023
ALB,19.0,1,Miami Grand Prix,2023
ALB,20.0,1,Miami Grand Prix,2023
ALB,21.0,1,Miami Grand Prix,2023
ALB,22.0,1,Miami Grand Prix,2023
ALB,23.0,1,Miami Grand Prix,2023
ALB,24.0,1,Miami Grand Prix,2023
ALB,25.0,1,Miami Grand Prix,2023
ALB,26.0,1,Miami Grand Prix,2023
ALB,27.0,1,Miami Grand Prix,2023
ALB,28.0,1,Miami Grand Prix,2023
ALB,29.0,1,Miami Grand Prix,2023
ALB,30.0,1,Miami Grand Prix,2023
ALB,31.0,1,Miami Grand Prix,2023
ALB,32.0,1,Miami Grand Prix,2023
ALB,33.0,1,Miami Grand Prix,2023
ALB,34.0,1,Miami Grand Prix,2023
ALB,35.0,1,Miami Grand Prix,2023
ALB,36.0,1,Miami Grand Prix,2023
ALB,37.0,1,Miami Grand Prix,2023
ALB,38.0,1,Miami Grand Prix,2023
ALB,39.0,1,Miami Grand Prix,2023
ALB,40.0,1,Miami Grand Prix,2023
ALB,41.0,1,Miami Grand Prix,2023
ALB,42.0,1,Miami Grand Prix,2023
ALB,43.0,1,Miami Grand Prix,2023
ALB,44.0,1,Miami Grand Prix,2023
ALB,45.0,1,Miami Grand Prix,2023
ALB,46.0,1,Miami Grand Prix,2023
ALB,47.0,1,Miami Grand Prix,2023
ALB,48.0,1,Miami Grand Prix,2023
ALB,49.0,1,Miami Grand Prix,2023
ALB,50.0,1,Miami Grand Prix,2023
ALB,51.0,1,Miami Grand Prix,2023
ALB,52.0,1,Miami Grand Prix,2023
ALB,53.0,1,Miami Grand Prix,2023
ALB,54.0,1,Miami Grand Prix,2023
ALB,55.0,1,Miami Grand Prix,2023
ALB,56.0,1,Miami Grand Prix,2023
ALB,57.0,1,Miami Grand Prix,2023
HUL,1.0,1,Miami Grand Prix,2023
HUL,2.0,1,Miami Grand Prix,2023
HUL,3.0,1,Miami Grand Prix,2023
HUL,4.0,1,Miami Grand Prix,2023
HUL,5.0,1,Miami Grand Prix,2023
HUL,6.0,1,Miami Grand Prix,2023
HUL,7.0,1,Miami Grand Prix,2023
HUL,8.0,1,Miami Grand Prix,2023
HUL,9.0,1,Miami Grand Prix,2023
HUL,10.0,1,Miami Grand Prix,2023
HUL,11.0,1,Miami Grand Prix,2023
HUL,12.0,1,Miami Grand Prix,2023
HUL,13.0,1,Miami Grand Prix,2023
HUL,14.0,1,Miami Grand Prix,2023
HUL,15.0,1,Miami Grand Prix,2023
HUL,16.0,1,Miami Grand Prix,2023
HUL,17.0,1,Miami Grand Prix,2023
HUL,18.0,1,Miami Grand Prix,2023
HUL,19.0,1,Miami Grand Prix,2023
HUL,20.0,1,Miami Grand Prix,2023
HUL,21.0,1,Miami Grand Prix,2023
HUL,22.0,1,Miami Grand Prix,2023
HUL,23.0,1,Miami Grand Prix,2023
HUL,24.0,1,Miami Grand Prix,2023
HUL,25.0,1,Miami Grand Prix,2023
HUL,26.0,1,Miami Grand Prix,2023
HUL,27.0,1,Miami Grand Prix,2023
HUL,28.0,1,Miami Grand Prix,2023
HUL,29.0,1,Miami Grand Prix,2023
HUL,30.0,1,Miami Grand Prix,2023
HUL,31.0,1,Miami Grand Prix,2023
HUL,32.0,1,Miami Grand Prix,2023
HUL,33.0,1,Miami Grand Prix,2023
HUL,34.0,1,Miami Grand Prix,2023
HUL,35.0,1,Miami Grand Prix,2023
HUL,36.0,1,Miami Grand Prix,2023
HUL,37.0,1,Miami Grand Prix,2023
HUL,38.0,1,Miami Grand Prix,2023
HUL,39.0,1,Miami Grand Prix,2023
HUL,40.0,1,Miami Grand Prix,2023
HUL,41.0,1,Miami Grand Prix,2023
HUL,42.0,1,Miami Grand Prix,2023
HUL,43.0,1,Miami Grand Prix,2023
HUL,44.0,1,Miami Grand Prix,2023
HUL,45.0,1,Miami Grand Prix,2023
HUL,46.0,1,Miami Grand Prix,2023
HUL,47.0,1,Miami Grand Prix,2023
HUL,48.0,1,Miami Grand Prix,2023
HUL,49.0,1,Miami Grand Prix,2023
HUL,50.0,1,Miami Grand Prix,2023
HUL,51.0,1,Miami Grand Prix,2023
HUL,52.0,1,Miami Grand Prix,2023
HUL,53.0,1,Miami Grand Prix,2023
HUL,54.0,1,Miami Grand Prix,2023
HUL,55.0,1,Miami Grand Prix,2023
HUL,56.0,1,Miami Grand Prix,2023
HUL,57.0,1,Miami Grand Prix,2023
ZHO,1.0,1,Miami Grand Prix,2023
ZHO,2.0,1,Miami Grand Prix,2023
ZHO,3.0,1,Miami Grand Prix,2023
ZHO,4.0,1,Miami Grand Prix,2023
ZHO,5.0,1,Miami Grand Prix,2023
ZHO,6.0,1,Miami Grand Prix,2023
ZHO,7.0,1,Miami Grand Prix,2023
ZHO,8.0,1,Miami Grand Prix,2023
ZHO,9.0,1,Miami Grand Prix,2023
ZHO,10.0,1,Miami Grand Prix,2023
ZHO,11.0,1,Miami Grand Prix,2023
ZHO,12.0,1,Miami Grand Prix,2023
ZHO,13.0,1,Miami Grand Prix,2023
ZHO,14.0,1,Miami Grand Prix,2023
ZHO,15.0,1,Miami Grand Prix,2023
ZHO,16.0,1,Miami Grand Prix,2023
ZHO,17.0,1,Miami Grand Prix,2023
ZHO,18.0,1,Miami Grand Prix,2023
ZHO,19.0,1,Miami Grand Prix,2023
ZHO,20.0,1,Miami Grand Prix,2023
ZHO,21.0,1,Miami Grand Prix,2023
ZHO,22.0,1,Miami Grand Prix,2023
ZHO,23.0,1,Miami Grand Prix,2023
ZHO,24.0,1,Miami Grand Prix,2023
ZHO,25.0,1,Miami Grand Prix,2023
ZHO,26.0,1,Miami Grand Prix,2023
ZHO,27.0,1,Miami Grand Prix,2023
ZHO,28.0,1,Miami Grand Prix,2023
ZHO,29.0,1,Miami Grand Prix,2023
ZHO,30.0,1,Miami Grand Prix,2023
ZHO,31.0,1,Miami Grand Prix,2023
ZHO,32.0,1,Miami Grand Prix,2023
ZHO,33.0,1,Miami Grand Prix,2023
ZHO,34.0,1,Miami Grand Prix,2023
ZHO,35.0,1,Miami Grand Prix,2023
ZHO,36.0,1,Miami Grand Prix,2023
ZHO,37.0,1,Miami Grand Prix,2023
ZHO,38.0,1,Miami Grand Prix,2023
ZHO,39.0,1,Miami Grand Prix,2023
ZHO,40.0,1,Miami Grand Prix,2023
ZHO,41.0,1,Miami Grand Prix,2023
ZHO,42.0,1,Miami Grand Prix,2023
ZHO,43.0,1,Miami Grand Prix,2023
ZHO,44.0,1,Miami Grand Prix,2023
ZHO,45.0,1,Miami Grand Prix,2023
ZHO,46.0,1,Miami Grand Prix,2023
ZHO,47.0,1,Miami Grand Prix,2023
ZHO,48.0,1,Miami Grand Prix,2023
ZHO,49.0,1,Miami Grand Prix,2023
ZHO,50.0,1,Miami Grand Prix,2023
ZHO,51.0,1,Miami Grand Prix,2023
ZHO,52.0,1,Miami Grand Prix,2023
ZHO,53.0,1,Miami Grand Prix,2023
ZHO,54.0,1,Miami Grand Prix,2023
ZHO,55.0,1,Miami Grand Prix,2023
ZHO,56.0,1,Miami Grand Prix,2023
ZHO,57.0,1,Miami Grand Prix,2023
NOR,1.0,1,Miami Grand Prix,2023
NOR,2.0,1,Miami Grand Prix,2023
NOR,3.0,1,Miami Grand Prix,2023
NOR,4.0,1,Miami Grand Prix,2023
NOR,5.0,1,Miami Grand Prix,2023
NOR,6.0,1,Miami Grand Prix,2023
NOR,7.0,1,Miami Grand Prix,2023
NOR,8.0,1,Miami Grand Prix,2023
NOR,9.0,1,Miami Grand Prix,2023
NOR,10.0,1,Miami Grand Prix,2023
NOR,11.0,1,Miami Grand Prix,2023
NOR,12.0,1,Miami Grand Prix,2023
NOR,13.0,1,Miami Grand Prix,2023
NOR,14.0,1,Miami Grand Prix,2023
NOR,15.0,1,Miami Grand Prix,2023
NOR,16.0,1,Miami Grand Prix,2023
NOR,17.0,1,Miami Grand Prix,2023
NOR,18.0,1,Miami Grand Prix,2023
NOR,19.0,1,Miami Grand Prix,2023
NOR,20.0,1,Miami Grand Prix,2023
NOR,21.0,1,Miami Grand Prix,2023
NOR,22.0,1,Miami Grand Prix,2023
NOR,23.0,1,Miami Grand Prix,2023
NOR,24.0,1,Miami Grand Prix,2023
NOR,25.0,1,Miami Grand Prix,2023
NOR,26.0,1,Miami Grand Prix,2023
NOR,27.0,1,Miami Grand Prix,2023
NOR,28.0,1,Miami Grand Prix,2023
NOR,29.0,1,Miami Grand Prix,2023
NOR,30.0,1,Miami Grand Prix,2023
NOR,31.0,1,Miami Grand Prix,2023
NOR,32.0,1,Miami Grand Prix,2023
NOR,33.0,1,Miami Grand Prix,2023
NOR,34.0,1,Miami Grand Prix,2023
NOR,35.0,1,Miami Grand Prix,2023
NOR,36.0,1,Miami Grand Prix,2023
NOR,37.0,1,Miami Grand Prix,2023
NOR,38.0,1,Miami Grand Prix,2023
NOR,39.0,1,Miami Grand Prix,2023
NOR,40.0,1,Miami Grand Prix,2023
NOR,41.0,1,Miami Grand Prix,2023
NOR,42.0,1,Miami Grand Prix,2023
NOR,43.0,1,Miami Grand Prix,2023
NOR,44.0,1,Miami Grand Prix,2023
NOR,45.0,1,Miami Grand Prix,2023
NOR,46.0,1,Miami Grand Prix,2023
NOR,47.0,1,Miami Grand Prix,2023
NOR,48.0,1,Miami Grand Prix,2023
NOR,49.0,1,Miami Grand Prix,2023
NOR,50.0,1,Miami Grand Prix,2023
NOR,51.0,1,Miami Grand Prix,2023
NOR,52.0,1,Miami Grand Prix,2023
NOR,53.0,1,Miami Grand Prix,2023
NOR,54.0,1,Miami Grand Prix,2023
NOR,55.0,1,Miami Grand Prix,2023
NOR,56.0,1,Miami Grand Prix,2023
NOR,57.0,1,Miami Grand Prix,2023
DEV,1.0,1,Miami Grand Prix,2023
DEV,2.0,1,Miami Grand Prix,2023
DEV,3.0,1,Miami Grand Prix,2023
DEV,4.0,1,Miami Grand Prix,2023
DEV,5.0,1,Miami Grand Prix,2023
DEV,6.0,1,Miami Grand Prix,2023
DEV,7.0,1,Miami Grand Prix,2023
DEV,8.0,1,Miami Grand Prix,2023
DEV,9.0,1,Miami Grand Prix,2023
DEV,10.0,1,Miami Grand Prix,2023
DEV,11.0,1,Miami Grand Prix,2023
DEV,12.0,1,Miami Grand Prix,2023
DEV,13.0,1,Miami Grand Prix,2023
DEV,14.0,1,Miami Grand Prix,2023
DEV,15.0,1,Miami Grand Prix,2023
DEV,16.0,1,Miami Grand Prix,2023
DEV,17.0,1,Miami Grand Prix,2023
DEV,18.0,1,Miami Grand Prix,2023
DEV,19.0,1,Miami Grand Prix,2023
DEV,20.0,1,Miami Grand Prix,2023
DEV,21.0,1,Miami Grand Prix,2023
DEV,22.0,1,Miami Grand Prix,2023
DEV,23.0,1,Miami Grand Prix,2023
DEV,24.0,1,Miami Grand Prix,2023
DEV,25.0,1,Miami Grand Prix,2023
DEV,26.0,1,Miami Grand Prix,2023
DEV,27.0,1,Miami Grand Prix,2023
DEV,28.0,1,Miami Grand Prix,2023
DEV,29.0,1,Miami Grand Prix,2023
DEV,30.0,1,Miami Grand Prix,2023
DEV,31.0,1,Miami Grand Prix,2023
DEV,32.0,1,Miami Grand Prix,2023
DEV,33.0,1,Miami Grand Prix,2023
DEV,34.0,1,Miami Grand Prix,2023
DEV,35.0,1,Miami Grand Prix,2023
DEV,36.0,1,Miami Grand Prix,2023
DEV,37.0,1,Miami Grand Prix,2023
DEV,38.0,1,Miami Grand Prix,2023
DEV,39.0,1,Miami Grand Prix,2023
DEV,40.0,1,Miami Grand Prix,2023
DEV,41.0,1,Miami Grand Prix,2023
DEV,42.0,1,Miami Grand Prix,2023
DEV,43.0,1,Miami Grand Prix,2023
DEV,44.0,1,Miami Grand Prix,2023
DEV,45.0,1,Miami Grand Prix,2023
DEV,46.0,1,Miami Grand Prix,2023
DEV,47.0,1,Miami Grand Prix,2023
DEV,48.0,1,Miami Grand Prix,2023
DEV,49.0,1,Miami Grand Prix,2023
DEV,50.0,1,Miami Grand Prix,2023
DEV,51.0,1,Miami Grand Prix,2023
DEV,52.0,1,Miami Grand Prix,2023
DEV,53.0,1,Miami Grand Prix,2023
DEV,54.0,1,Miami Grand Prix,2023
DEV,55.0,1,Miami Grand Prix,2023
DEV,56.0,1,Miami Grand Prix,2023
DEV,57.0,1,Miami Grand Prix,2023
PIA,1.0,1,Miami Grand Prix,2023
PIA,2.0,1,Miami Grand Prix,2023
PIA,3.0,1,Miami Grand Prix,2023
PIA,4.0,1,Miami Grand Prix,2023
PIA,5.0,1,Miami Grand Prix,2023
PIA,6.0,1,Miami Grand Prix,2023
PIA,7.0,1,Miami Grand Prix,2023
PIA,8.0,1,Miami Grand Prix,2023
PIA,9.0,1,Miami Grand Prix,2023
PIA,10.0,1,Miami Grand Prix,2023
PIA,11.0,1,Miami Grand Prix,2023
PIA,12.0,1,Miami Grand Prix,2023
PIA,13.0,1,Miami Grand Prix,2023
PIA,14.0,1,Miami Grand Prix,2023
PIA,15.0,1,Miami Grand Prix,2023
PIA,16.0,1,Miami Grand Prix,2023
PIA,17.0,1,Miami Grand Prix,2023
PIA,18.0,1,Miami Grand Prix,2023
PIA,19.0,1,Miami Grand Prix,2023
PIA,20.0,1,Miami Grand Prix,2023
PIA,21.0,1,Miami Grand Prix,2023
PIA,22.0,1,Miami Grand Prix,2023
PIA,23.0,1,Miami Grand Prix,2023
PIA,24.0,1,Miami Grand Prix,2023
PIA,25.0,1,Miami Grand Prix,2023
PIA,26.0,1,Miami Grand Prix,2023
PIA,27.0,1,Miami Grand Prix,2023
PIA,28.0,1,Miami Grand Prix,2023
PIA,29.0,1,Miami Grand Prix,2023
PIA,30.0,1,Miami Grand Prix,2023
PIA,31.0,1,Miami Grand Prix,2023
PIA,32.0,1,Miami Grand Prix,2023
PIA,33.0,1,Miami Grand Prix,2023
PIA,34.0,1,Miami Grand Prix,2023
PIA,35.0,1,Miami Grand Prix,2023
PIA,36.0,1,Miami Grand Prix,2023
PIA,37.0,1,Miami Grand Prix,2023
PIA,38.0,1,Miami Grand Prix,2023
PIA,39.0,1,Miami Grand Prix,2023
PIA,40.0,1,Miami Grand Prix,2023
PIA,41.0,1,Miami Grand Prix,2023
PIA,42.0,1,Miami Grand Prix,2023
PIA,43.0,1,Miami Grand Prix,2023
PIA,44.0,1,Miami Grand Prix,2023
PIA,45.0,1,Miami Grand Prix,2023
PIA,46.0,1,Miami Grand Prix,2023
PIA,47.0,1,Miami Grand Prix,2023
PIA,48.0,1,Miami Grand Prix,2023
PIA,49.0,1,Miami Grand Prix,2023
PIA,50.0,1,Miami Grand Prix,2023
PIA,51.0,1,Miami Grand Prix,2023
PIA,52.0,1,Miami Grand Prix,2023
PIA,53.0,1,Miami Grand Prix,2023
PIA,54.0,1,Miami Grand Prix,2023
PIA,55.0,1,Miami Grand Prix,2023
PIA,56.0,1,Miami Grand Prix,2023
SAR,1.0,1,Miami Grand Prix,2023
SAR,2.0,1,Miami Grand Prix,2023
SAR,3.0,1,Miami Grand Prix,2023
SAR,4.0,1,Miami Grand Prix,2023
SAR,5.0,1,Miami Grand Prix,2023
SAR,6.0,1,Miami Grand Prix,2023
SAR,7.0,1,Miami Grand Prix,2023
SAR,8.0,1,Miami Grand Prix,2023
SAR,9.0,1,Miami Grand Prix,2023
SAR,10.0,1,Miami Grand Prix,2023
SAR,11.0,1,Miami Grand Prix,2023
SAR,12.0,1,Miami Grand Prix,2023
SAR,13.0,1,Miami Grand Prix,2023
SAR,14.0,1,Miami Grand Prix,2023
SAR,15.0,1,Miami Grand Prix,2023
SAR,16.0,1,Miami Grand Prix,2023
SAR,17.0,1,Miami Grand Prix,2023
SAR,18.0,1,Miami Grand Prix,2023
SAR,19.0,1,Miami Grand Prix,2023
SAR,20.0,1,Miami Grand Prix,2023
SAR,21.0,1,Miami Grand Prix,2023
SAR,22.0,1,Miami Grand Prix,2023
SAR,23.0,1,Miami Grand Prix,2023
SAR,24.0,1,Miami Grand Prix,2023
SAR,25.0,1,Miami Grand Prix,2023
SAR,26.0,1,Miami Grand Prix,2023
SAR,27.0,1,Miami Grand Prix,2023
SAR,28.0,1,Miami Grand Prix,2023
SAR,29.0,1,Miami Grand Prix,2023
SAR,30.0,1,Miami Grand Prix,2023
SAR,31.0,1,Miami Grand Prix,2023
SAR,32.0,1,Miami Grand Prix,2023
SAR,33.0,1,Miami Grand Prix,2023
SAR,34.0,1,Miami Grand Prix,2023
SAR,35.0,1,Miami Grand Prix,2023
SAR,36.0,1,Miami Grand Prix,2023
SAR,37.0,1,Miami Grand Prix,2023
SAR,38.0,1,Miami Grand Prix,2023
SAR,39.0,1,Miami Grand Prix,2023
SAR,40.0,1,Miami Grand Prix,2023
SAR,41.0,1,Miami Grand Prix,2023
SAR,42.0,1,Miami Grand Prix,2023
SAR,43.0,1,Miami Grand Prix,2023
SAR,44.0,1,Miami Grand Prix,2023
SAR,45.0,1,Miami Grand Prix,2023
SAR,46.0,1,Miami Grand Prix,2023
SAR,47.0,1,Miami Grand Prix,2023
SAR,48.0,1,Miami Grand Prix,2023
SAR,49.0,1,Miami Grand Prix,2023
SAR,50.0,1,Miami Grand Prix,2023
SAR,51.0,1,Miami Grand Prix,2023
SAR,52.0,1,Miami Grand Prix,2023
SAR,53.0,1,Miami Grand Prix,2023
SAR,54.0,1,Miami Grand Prix,2023
SAR,55.0,1,Miami Grand Prix,2023
SAR,56.0,1,Miami Grand Prix,2023
VER,1.0,12,Monaco Grand Prix,2023
VER,2.0,1,Monaco Grand Prix,2023
VER,3.0,1,Monaco Grand Prix,2023
VER,4.0,1,Monaco Grand Prix,2023
VER,5.0,1,Monaco Grand Prix,2023
VER,6.0,1,Monaco Grand Prix,2023
VER,7.0,1,Monaco Grand Prix,2023
VER,8.0,1,Monaco Grand Prix,2023
VER,9.0,1,Monaco Grand Prix,2023
VER,10.0,1,Monaco Grand Prix,2023
VER,11.0,1,Monaco Grand Prix,2023
VER,12.0,12,Monaco Grand Prix,2023
VER,13.0,21,Monaco Grand Prix,2023
VER,14.0,12,Monaco Grand Prix,2023
VER,15.0,21,Monaco Grand Prix,2023
VER,16.0,1,Monaco Grand Prix,2023
VER,17.0,1,Monaco Grand Prix,2023
VER,18.0,1,Monaco Grand Prix,2023
VER,19.0,1,Monaco Grand Prix,2023
VER,20.0,1,Monaco Grand Prix,2023
VER,21.0,1,Monaco Grand Prix,2023
VER,22.0,1,Monaco Grand Prix,2023
VER,23.0,1,Monaco Grand Prix,2023
VER,24.0,1,Monaco Grand Prix,2023
VER,25.0,1,Monaco Grand Prix,2023
VER,26.0,1,Monaco Grand Prix,2023
VER,27.0,1,Monaco Grand Prix,2023
VER,28.0,1,Monaco Grand Prix,2023
VER,29.0,1,Monaco Grand Prix,2023
VER,30.0,1,Monaco Grand Prix,2023
VER,31.0,1,Monaco Grand Prix,2023
VER,32.0,1,Monaco Grand Prix,2023
VER,33.0,1,Monaco Grand Prix,2023
VER,34.0,1,Monaco Grand Prix,2023
VER,35.0,1,Monaco Grand Prix,2023
VER,36.0,1,Monaco Grand Prix,2023
VER,37.0,1,Monaco Grand Prix,2023
VER,38.0,1,Monaco Grand Prix,2023
VER,39.0,1,Monaco Grand Prix,2023
VER,40.0,1,Monaco Grand Prix,2023
VER,41.0,1,Monaco Grand Prix,2023
VER,42.0,1,Monaco Grand Prix,2023
VER,43.0,1,Monaco Grand Prix,2023
VER,44.0,1,Monaco Grand Prix,2023
VER,45.0,1,Monaco Grand Prix,2023
VER,46.0,1,Monaco Grand Prix,2023
VER,47.0,1,Monaco Grand Prix,2023
VER,48.0,1,Monaco Grand Prix,2023
VER,49.0,1,Monaco Grand Prix,2023
VER,50.0,1,Monaco Grand Prix,2023
VER,51.0,1,Monaco Grand Prix,2023
VER,52.0,1,Monaco Grand Prix,2023
VER,53.0,1,Monaco Grand Prix,2023
VER,54.0,1,Monaco Grand Prix,2023
VER,55.0,12,Monaco Grand Prix,2023
VER,56.0,21,Monaco Grand Prix,2023
VER,57.0,1,Monaco Grand Prix,2023
VER,58.0,12,Monaco Grand Prix,2023
VER,59.0,12,Monaco Grand Prix,2023
VER,60.0,12,Monaco Grand Prix,2023
VER,61.0,12,Monaco Grand Prix,2023
VER,62.0,1,Monaco Grand Prix,2023
VER,63.0,1,Monaco Grand Prix,2023
VER,64.0,1,Monaco Grand Prix,2023
VER,65.0,1,Monaco Grand Prix,2023
VER,66.0,1,Monaco Grand Prix,2023
VER,67.0,1,Monaco Grand Prix,2023
VER,68.0,1,Monaco Grand Prix,2023
VER,69.0,12,Monaco Grand Prix,2023
VER,70.0,1,Monaco Grand Prix,2023
VER,71.0,1,Monaco Grand Prix,2023
VER,72.0,1,Monaco Grand Prix,2023
VER,73.0,1,Monaco Grand Prix,2023
VER,74.0,1,Monaco Grand Prix,2023
VER,75.0,1,Monaco Grand Prix,2023
VER,76.0,1,Monaco Grand Prix,2023
VER,77.0,1,Monaco Grand Prix,2023
VER,78.0,1,Monaco Grand Prix,2023
GAS,1.0,12,Monaco Grand Prix,2023
GAS,2.0,1,Monaco Grand Prix,2023
GAS,3.0,1,Monaco Grand Prix,2023
GAS,4.0,1,Monaco Grand Prix,2023
GAS,5.0,1,Monaco Grand Prix,2023
GAS,6.0,1,Monaco Grand Prix,2023
GAS,7.0,1,Monaco Grand Prix,2023
GAS,8.0,1,Monaco Grand Prix,2023
GAS,9.0,1,Monaco Grand Prix,2023
GAS,10.0,1,Monaco Grand Prix,2023
GAS,11.0,1,Monaco Grand Prix,2023
GAS,12.0,12,Monaco Grand Prix,2023
GAS,13.0,1,Monaco Grand Prix,2023
GAS,14.0,12,Monaco Grand Prix,2023
GAS,15.0,1,Monaco Grand Prix,2023
GAS,16.0,1,Monaco Grand Prix,2023
GAS,17.0,1,Monaco Grand Prix,2023
GAS,18.0,1,Monaco Grand Prix,2023
GAS,19.0,1,Monaco Grand Prix,2023
GAS,20.0,1,Monaco Grand Prix,2023
GAS,21.0,1,Monaco Grand Prix,2023
GAS,22.0,1,Monaco Grand Prix,2023
GAS,23.0,1,Monaco Grand Prix,2023
GAS,24.0,1,Monaco Grand Prix,2023
GAS,25.0,1,Monaco Grand Prix,2023
GAS,26.0,1,Monaco Grand Prix,2023
GAS,27.0,1,Monaco Grand Prix,2023
GAS,28.0,1,Monaco Grand Prix,2023
GAS,29.0,1,Monaco Grand Prix,2023
GAS,30.0,1,Monaco Grand Prix,2023
GAS,31.0,1,Monaco Grand Prix,2023
GAS,32.0,1,Monaco Grand Prix,2023
GAS,33.0,1,Monaco Grand Prix,2023
GAS,34.0,1,Monaco Grand Prix,2023
GAS,35.0,1,Monaco Grand Prix,2023
GAS,36.0,1,Monaco Grand Prix,2023
GAS,37.0,1,Monaco Grand Prix,2023
GAS,38.0,1,Monaco Grand Prix,2023
GAS,39.0,1,Monaco Grand Prix,2023
GAS,40.0,1,Monaco Grand Prix,2023
GAS,41.0,1,Monaco Grand Prix,2023
GAS,42.0,1,Monaco Grand Prix,2023
GAS,43.0,1,Monaco Grand Prix,2023
GAS,44.0,1,Monaco Grand Prix,2023
GAS,45.0,1,Monaco Grand Prix,2023
GAS,46.0,1,Monaco Grand Prix,2023
GAS,47.0,1,Monaco Grand Prix,2023
GAS,48.0,1,Monaco Grand Prix,2023
GAS,49.0,1,Monaco Grand Prix,2023
GAS,50.0,1,Monaco Grand Prix,2023
GAS,51.0,1,Monaco Grand Prix,2023
GAS,52.0,1,Monaco Grand Prix,2023
GAS,53.0,1,Monaco Grand Prix,2023
GAS,54.0,12,Monaco Grand Prix,2023
GAS,55.0,21,Monaco Grand Prix,2023
GAS,56.0,21,Monaco Grand Prix,2023
GAS,57.0,1,Monaco Grand Prix,2023
GAS,58.0,12,Monaco Grand Prix,2023
GAS,59.0,12,Monaco Grand Prix,2023
GAS,60.0,21,Monaco Grand Prix,2023
GAS,61.0,12,Monaco Grand Prix,2023
GAS,62.0,1,Monaco Grand Prix,2023
GAS,63.0,1,Monaco Grand Prix,2023
GAS,64.0,1,Monaco Grand Prix,2023
GAS,65.0,1,Monaco Grand Prix,2023
GAS,66.0,1,Monaco Grand Prix,2023
GAS,67.0,1,Monaco Grand Prix,2023
GAS,68.0,12,Monaco Grand Prix,2023
GAS,69.0,21,Monaco Grand Prix,2023
GAS,70.0,1,Monaco Grand Prix,2023
GAS,71.0,1,Monaco Grand Prix,2023
GAS,72.0,1,Monaco Grand Prix,2023
GAS,73.0,1,Monaco Grand Prix,2023
GAS,74.0,1,Monaco Grand Prix,2023
GAS,75.0,1,Monaco Grand Prix,2023
GAS,76.0,1,Monaco Grand Prix,2023
GAS,77.0,1,Monaco Grand Prix,2023
GAS,78.0,1,Monaco Grand Prix,2023
PER,1.0,12,Monaco Grand Prix,2023
PER,2.0,1,Monaco Grand Prix,2023
PER,3.0,1,Monaco Grand Prix,2023
PER,4.0,1,Monaco Grand Prix,2023
PER,5.0,1,Monaco Grand Prix,2023
PER,6.0,1,Monaco Grand Prix,2023
PER,7.0,1,Monaco Grand Prix,2023
PER,8.0,1,Monaco Grand Prix,2023
PER,9.0,1,Monaco Grand Prix,2023
PER,10.0,1,Monaco Grand Prix,2023
PER,11.0,12,Monaco Grand Prix,2023
PER,12.0,21,Monaco Grand Prix,2023
PER,13.0,1,Monaco Grand Prix,2023
PER,14.0,12,Monaco Grand Prix,2023
PER,15.0,1,Monaco Grand Prix,2023
PER,16.0,1,Monaco Grand Prix,2023
PER,17.0,1,Monaco Grand Prix,2023
PER,18.0,1,Monaco Grand Prix,2023
PER,19.0,1,Monaco Grand Prix,2023
PER,20.0,1,Monaco Grand Prix,2023
PER,21.0,1,Monaco Grand Prix,2023
PER,22.0,1,Monaco Grand Prix,2023
PER,23.0,1,Monaco Grand Prix,2023
PER,24.0,1,Monaco Grand Prix,2023
PER,25.0,1,Monaco Grand Prix,2023
PER,26.0,1,Monaco Grand Prix,2023
PER,27.0,1,Monaco Grand Prix,2023
PER,28.0,1,Monaco Grand Prix,2023
PER,29.0,1,Monaco Grand Prix,2023
PER,30.0,1,Monaco Grand Prix,2023
PER,31.0,1,Monaco Grand Prix,2023
PER,32.0,1,Monaco Grand Prix,2023
PER,33.0,1,Monaco Grand Prix,2023
PER,34.0,1,Monaco Grand Prix,2023
PER,35.0,1,Monaco Grand Prix,2023
PER,36.0,1,Monaco Grand Prix,2023
PER,37.0,1,Monaco Grand Prix,2023
PER,38.0,1,Monaco Grand Prix,2023
PER,39.0,1,Monaco Grand Prix,2023
PER,40.0,1,Monaco Grand Prix,2023
PER,41.0,1,Monaco Grand Prix,2023
PER,42.0,1,Monaco Grand Prix,2023
PER,43.0,1,Monaco Grand Prix,2023
PER,44.0,1,Monaco Grand Prix,2023
PER,45.0,1,Monaco Grand Prix,2023
PER,46.0,1,Monaco Grand Prix,2023
PER,47.0,1,Monaco Grand Prix,2023
PER,48.0,1,Monaco Grand Prix,2023
PER,49.0,1,Monaco Grand Prix,2023
PER,50.0,1,Monaco Grand Prix,2023
PER,51.0,1,Monaco Grand Prix,2023
PER,52.0,1,Monaco Grand Prix,2023
PER,53.0,1,Monaco Grand Prix,2023
PER,54.0,12,Monaco Grand Prix,2023
PER,55.0,21,Monaco Grand Prix,2023
PER,56.0,1,Monaco Grand Prix,2023
PER,57.0,12,Monaco Grand Prix,2023
PER,58.0,12,Monaco Grand Prix,2023
PER,59.0,21,Monaco Grand Prix,2023
PER,60.0,12,Monaco Grand Prix,2023
PER,61.0,1,Monaco Grand Prix,2023
PER,62.0,1,Monaco Grand Prix,2023
PER,63.0,1,Monaco Grand Prix,2023
PER,64.0,1,Monaco Grand Prix,2023
PER,65.0,1,Monaco Grand Prix,2023
PER,66.0,1,Monaco Grand Prix,2023
PER,67.0,12,Monaco Grand Prix,2023
PER,68.0,21,Monaco Grand Prix,2023
PER,69.0,1,Monaco Grand Prix,2023
PER,70.0,1,Monaco Grand Prix,2023
PER,71.0,1,Monaco Grand Prix,2023
PER,72.0,1,Monaco Grand Prix,2023
PER,73.0,1,Monaco Grand Prix,2023
PER,74.0,1,Monaco Grand Prix,2023
PER,75.0,1,Monaco Grand Prix,2023
PER,76.0,1,Monaco Grand Prix,2023
ALO,1.0,12,Monaco Grand Prix,2023
ALO,2.0,1,Monaco Grand Prix,2023
ALO,3.0,1,Monaco Grand Prix,2023
ALO,4.0,1,Monaco Grand Prix,2023
ALO,5.0,1,Monaco Grand Prix,2023
ALO,6.0,1,Monaco Grand Prix,2023
ALO,7.0,1,Monaco Grand Prix,2023
ALO,8.0,1,Monaco Grand Prix,2023
ALO,9.0,1,Monaco Grand Prix,2023
ALO,10.0,1,Monaco Grand Prix,2023
ALO,11.0,1,Monaco Grand Prix,2023
ALO,12.0,12,Monaco Grand Prix,2023
ALO,13.0,21,Monaco Grand Prix,2023
ALO,14.0,12,Monaco Grand Prix,2023
ALO,15.0,1,Monaco Grand Prix,2023
ALO,16.0,1,Monaco Grand Prix,2023
ALO,17.0,1,Monaco Grand Prix,2023
ALO,18.0,1,Monaco Grand Prix,2023
ALO,19.0,1,Monaco Grand Prix,2023
ALO,20.0,1,Monaco Grand Prix,2023
ALO,21.0,1,Monaco Grand Prix,2023
ALO,22.0,1,Monaco Grand Prix,2023
ALO,23.0,1,Monaco Grand Prix,2023
ALO,24.0,1,Monaco Grand Prix,2023
ALO,25.0,1,Monaco Grand Prix,2023
ALO,26.0,1,Monaco Grand Prix,2023
ALO,27.0,1,Monaco Grand Prix,2023
ALO,28.0,1,Monaco Grand Prix,2023
ALO,29.0,1,Monaco Grand Prix,2023
ALO,30.0,1,Monaco Grand Prix,2023
ALO,31.0,1,Monaco Grand Prix,2023
ALO,32.0,1,Monaco Grand Prix,2023
ALO,33.0,1,Monaco Grand Prix,2023
ALO,34.0,1,Monaco Grand Prix,2023
ALO,35.0,1,Monaco Grand Prix,2023
ALO,36.0,1,Monaco Grand Prix,2023
ALO,37.0,1,Monaco Grand Prix,2023
ALO,38.0,1,Monaco Grand Prix,2023
ALO,39.0,1,Monaco Grand Prix,2023
ALO,40.0,1,Monaco Grand Prix,2023
ALO,41.0,1,Monaco Grand Prix,2023
ALO,42.0,1,Monaco Grand Prix,2023
ALO,43.0,1,Monaco Grand Prix,2023
ALO,44.0,1,Monaco Grand Prix,2023
ALO,45.0,1,Monaco Grand Prix,2023
ALO,46.0,1,Monaco Grand Prix,2023
ALO,47.0,1,Monaco Grand Prix,2023
ALO,48.0,1,Monaco Grand Prix,2023
ALO,49.0,1,Monaco Grand Prix,2023
ALO,50.0,1,Monaco Grand Prix,2023
ALO,51.0,1,Monaco Grand Prix,2023
ALO,52.0,1,Monaco Grand Prix,2023
ALO,53.0,1,Monaco Grand Prix,2023
ALO,54.0,1,Monaco Grand Prix,2023
ALO,55.0,12,Monaco Grand Prix,2023
ALO,56.0,21,Monaco Grand Prix,2023
ALO,57.0,1,Monaco Grand Prix,2023
ALO,58.0,12,Monaco Grand Prix,2023
ALO,59.0,21,Monaco Grand Prix,2023
ALO,60.0,12,Monaco Grand Prix,2023
ALO,61.0,12,Monaco Grand Prix,2023
ALO,62.0,1,Monaco Grand Prix,2023
ALO,63.0,1,Monaco Grand Prix,2023
ALO,64.0,1,Monaco Grand Prix,2023
ALO,65.0,1,Monaco Grand Prix,2023
ALO,66.0,1,Monaco Grand Prix,2023
ALO,67.0,1,Monaco Grand Prix,2023
ALO,68.0,1,Monaco Grand Prix,2023
ALO,69.0,12,Monaco Grand Prix,2023
ALO,70.0,1,Monaco Grand Prix,2023
ALO,71.0,1,Monaco Grand Prix,2023
ALO,72.0,1,Monaco Grand Prix,2023
ALO,73.0,1,Monaco Grand Prix,2023
ALO,74.0,1,Monaco Grand Prix,2023
ALO,75.0,1,Monaco Grand Prix,2023
ALO,76.0,1,Monaco Grand Prix,2023
ALO,77.0,1,Monaco Grand Prix,2023
ALO,78.0,1,Monaco Grand Prix,2023
LEC,1.0,12,Monaco Grand Prix,2023
LEC,2.0,1,Monaco Grand Prix,2023
LEC,3.0,1,Monaco Grand Prix,2023
LEC,4.0,1,Monaco Grand Prix,2023
LEC,5.0,1,Monaco Grand Prix,2023
LEC,6.0,1,Monaco Grand Prix,2023
LEC,7.0,1,Monaco Grand Prix,2023
LEC,8.0,1,Monaco Grand Prix,2023
LEC,9.0,1,Monaco Grand Prix,2023
LEC,10.0,1,Monaco Grand Prix,2023
LEC,11.0,1,Monaco Grand Prix,2023
LEC,12.0,12,Monaco Grand Prix,2023
LEC,13.0,1,Monaco Grand Prix,2023
LEC,14.0,12,Monaco Grand Prix,2023
LEC,15.0,1,Monaco Grand Prix,2023
LEC,16.0,1,Monaco Grand Prix,2023
LEC,17.0,1,Monaco Grand Prix,2023
LEC,18.0,1,Monaco Grand Prix,2023
LEC,19.0,1,Monaco Grand Prix,2023
LEC,20.0,1,Monaco Grand Prix,2023
LEC,21.0,1,Monaco Grand Prix,2023
LEC,22.0,1,Monaco Grand Prix,2023
LEC,23.0,1,Monaco Grand Prix,2023
LEC,24.0,1,Monaco Grand Prix,2023
LEC,25.0,1,Monaco Grand Prix,2023
LEC,26.0,1,Monaco Grand Prix,2023
LEC,27.0,1,Monaco Grand Prix,2023
LEC,28.0,1,Monaco Grand Prix,2023
LEC,29.0,1,Monaco Grand Prix,2023
LEC,30.0,1,Monaco Grand Prix,2023
LEC,31.0,1,Monaco Grand Prix,2023
LEC,32.0,1,Monaco Grand Prix,2023
LEC,33.0,1,Monaco Grand Prix,2023
LEC,34.0,1,Monaco Grand Prix,2023
LEC,35.0,1,Monaco Grand Prix,2023
LEC,36.0,1,Monaco Grand Prix,2023
LEC,37.0,1,Monaco Grand Prix,2023
LEC,38.0,1,Monaco Grand Prix,2023
LEC,39.0,1,Monaco Grand Prix,2023
LEC,40.0,1,Monaco Grand Prix,2023
LEC,41.0,1,Monaco Grand Prix,2023
LEC,42.0,1,Monaco Grand Prix,2023
LEC,43.0,1,Monaco Grand Prix,2023
LEC,44.0,1,Monaco Grand Prix,2023
LEC,45.0,1,Monaco Grand Prix,2023
LEC,46.0,1,Monaco Grand Prix,2023
LEC,47.0,1,Monaco Grand Prix,2023
LEC,48.0,1,Monaco Grand Prix,2023
LEC,49.0,1,Monaco Grand Prix,2023
LEC,50.0,1,Monaco Grand Prix,2023
LEC,51.0,1,Monaco Grand Prix,2023
LEC,52.0,1,Monaco Grand Prix,2023
LEC,53.0,1,Monaco Grand Prix,2023
LEC,54.0,1,Monaco Grand Prix,2023
LEC,55.0,12,Monaco Grand Prix,2023
LEC,56.0,21,Monaco Grand Prix,2023
LEC,57.0,1,Monaco Grand Prix,2023
LEC,58.0,12,Monaco Grand Prix,2023
LEC,59.0,12,Monaco Grand Prix,2023
LEC,60.0,21,Monaco Grand Prix,2023
LEC,61.0,12,Monaco Grand Prix,2023
LEC,62.0,1,Monaco Grand Prix,2023
LEC,63.0,1,Monaco Grand Prix,2023
LEC,64.0,1,Monaco Grand Prix,2023
LEC,65.0,1,Monaco Grand Prix,2023
LEC,66.0,1,Monaco Grand Prix,2023
LEC,67.0,1,Monaco Grand Prix,2023
LEC,68.0,12,Monaco Grand Prix,2023
LEC,69.0,21,Monaco Grand Prix,2023
LEC,70.0,1,Monaco Grand Prix,2023
LEC,71.0,1,Monaco Grand Prix,2023
LEC,72.0,1,Monaco Grand Prix,2023
LEC,73.0,1,Monaco Grand Prix,2023
LEC,74.0,1,Monaco Grand Prix,2023
LEC,75.0,1,Monaco Grand Prix,2023
LEC,76.0,1,Monaco Grand Prix,2023
LEC,77.0,1,Monaco Grand Prix,2023
LEC,78.0,1,Monaco Grand Prix,2023
STR,1.0,12,Monaco Grand Prix,2023
STR,2.0,1,Monaco Grand Prix,2023
STR,3.0,1,Monaco Grand Prix,2023
STR,4.0,1,Monaco Grand Prix,2023
STR,5.0,1,Monaco Grand Prix,2023
STR,6.0,1,Monaco Grand Prix,2023
STR,7.0,1,Monaco Grand Prix,2023
STR,8.0,1,Monaco Grand Prix,2023
STR,9.0,1,Monaco Grand Prix,2023
STR,10.0,1,Monaco Grand Prix,2023
STR,11.0,12,Monaco Grand Prix,2023
STR,12.0,21,Monaco Grand Prix,2023
STR,13.0,1,Monaco Grand Prix,2023
STR,14.0,12,Monaco Grand Prix,2023
STR,15.0,1,Monaco Grand Prix,2023
STR,16.0,1,Monaco Grand Prix,2023
STR,17.0,1,Monaco Grand Prix,2023
STR,18.0,1,Monaco Grand Prix,2023
STR,19.0,1,Monaco Grand Prix,2023
STR,20.0,1,Monaco Grand Prix,2023
STR,21.0,1,Monaco Grand Prix,2023
STR,22.0,1,Monaco Grand Prix,2023
STR,23.0,1,Monaco Grand Prix,2023
STR,24.0,1,Monaco Grand Prix,2023
STR,25.0,1,Monaco Grand Prix,2023
STR,26.0,1,Monaco Grand Prix,2023
STR,27.0,1,Monaco Grand Prix,2023
STR,28.0,1,Monaco Grand Prix,2023
STR,29.0,1,Monaco Grand Prix,2023
STR,30.0,1,Monaco Grand Prix,2023
STR,31.0,1,Monaco Grand Prix,2023
STR,32.0,1,Monaco Grand Prix,2023
STR,33.0,1,Monaco Grand Prix,2023
STR,34.0,1,Monaco Grand Prix,2023
STR,35.0,1,Monaco Grand Prix,2023
STR,36.0,1,Monaco Grand Prix,2023
STR,37.0,1,Monaco Grand Prix,2023
STR,38.0,1,Monaco Grand Prix,2023
STR,39.0,1,Monaco Grand Prix,2023
STR,40.0,1,Monaco Grand Prix,2023
STR,41.0,1,Monaco Grand Prix,2023
STR,42.0,1,Monaco Grand Prix,2023
STR,43.0,1,Monaco Grand Prix,2023
STR,44.0,1,Monaco Grand Prix,2023
STR,45.0,1,Monaco Grand Prix,2023
STR,46.0,1,Monaco Grand Prix,2023
STR,47.0,1,Monaco Grand Prix,2023
STR,48.0,1,Monaco Grand Prix,2023
STR,49.0,1,Monaco Grand Prix,2023
STR,50.0,1,Monaco Grand Prix,2023
STR,51.0,1,Monaco Grand Prix,2023
STR,52.0,1,Monaco Grand Prix,2023
STR,53.0,1,Monaco Grand Prix,2023
STR,54.0,12,Monaco Grand Prix,2023
SAR,1.0,12,Monaco Grand Prix,2023
SAR,2.0,1,Monaco Grand Prix,2023
SAR,3.0,1,Monaco Grand Prix,2023
SAR,4.0,1,Monaco Grand Prix,2023
SAR,5.0,1,Monaco Grand Prix,2023
SAR,6.0,1,Monaco Grand Prix,2023
SAR,7.0,1,Monaco Grand Prix,2023
SAR,8.0,1,Monaco Grand Prix,2023
SAR,9.0,1,Monaco Grand Prix,2023
SAR,10.0,1,Monaco Grand Prix,2023
SAR,11.0,12,Monaco Grand Prix,2023
SAR,12.0,21,Monaco Grand Prix,2023
SAR,13.0,1,Monaco Grand Prix,2023
SAR,14.0,12,Monaco Grand Prix,2023
SAR,15.0,1,Monaco Grand Prix,2023
SAR,16.0,1,Monaco Grand Prix,2023
SAR,17.0,1,Monaco Grand Prix,2023
SAR,18.0,1,Monaco Grand Prix,2023
SAR,19.0,1,Monaco Grand Prix,2023
SAR,20.0,1,Monaco Grand Prix,2023
SAR,21.0,1,Monaco Grand Prix,2023
SAR,22.0,1,Monaco Grand Prix,2023
SAR,23.0,1,Monaco Grand Prix,2023
SAR,24.0,1,Monaco Grand Prix,2023
SAR,25.0,1,Monaco Grand Prix,2023
SAR,26.0,1,Monaco Grand Prix,2023
SAR,27.0,1,Monaco Grand Prix,2023
SAR,28.0,1,Monaco Grand Prix,2023
SAR,29.0,1,Monaco Grand Prix,2023
SAR,30.0,1,Monaco Grand Prix,2023
SAR,31.0,1,Monaco Grand Prix,2023
SAR,32.0,1,Monaco Grand Prix,2023
SAR,33.0,1,Monaco Grand Prix,2023
SAR,34.0,1,Monaco Grand Prix,2023
SAR,35.0,1,Monaco Grand Prix,2023
SAR,36.0,1,Monaco Grand Prix,2023
SAR,37.0,1,Monaco Grand Prix,2023
SAR,38.0,1,Monaco Grand Prix,2023
SAR,39.0,1,Monaco Grand Prix,2023
SAR,40.0,1,Monaco Grand Prix,2023
SAR,41.0,1,Monaco Grand Prix,2023
SAR,42.0,1,Monaco Grand Prix,2023
SAR,43.0,1,Monaco Grand Prix,2023
SAR,44.0,1,Monaco Grand Prix,2023
SAR,45.0,1,Monaco Grand Prix,2023
SAR,46.0,1,Monaco Grand Prix,2023
SAR,47.0,1,Monaco Grand Prix,2023
SAR,48.0,1,Monaco Grand Prix,2023
SAR,49.0,1,Monaco Grand Prix,2023
SAR,50.0,1,Monaco Grand Prix,2023
SAR,51.0,1,Monaco Grand Prix,2023
SAR,52.0,1,Monaco Grand Prix,2023
SAR,53.0,12,Monaco Grand Prix,2023
SAR,54.0,21,Monaco Grand Prix,2023
SAR,55.0,1,Monaco Grand Prix,2023
SAR,56.0,12,Monaco Grand Prix,2023
SAR,57.0,12,Monaco Grand Prix,2023
SAR,58.0,12,Monaco Grand Prix,2023
SAR,59.0,12,Monaco Grand Prix,2023
SAR,60.0,1,Monaco Grand Prix,2023
SAR,61.0,1,Monaco Grand Prix,2023
SAR,62.0,1,Monaco Grand Prix,2023
SAR,63.0,1,Monaco Grand Prix,2023
SAR,64.0,1,Monaco Grand Prix,2023
SAR,65.0,1,Monaco Grand Prix,2023
SAR,66.0,1,Monaco Grand Prix,2023
SAR,67.0,12,Monaco Grand Prix,2023
SAR,68.0,1,Monaco Grand Prix,2023
SAR,69.0,1,Monaco Grand Prix,2023
SAR,70.0,1,Monaco Grand Prix,2023
SAR,71.0,1,Monaco Grand Prix,2023
SAR,72.0,1,Monaco Grand Prix,2023
SAR,73.0,1,Monaco Grand Prix,2023
SAR,74.0,1,Monaco Grand Prix,2023
SAR,75.0,1,Monaco Grand Prix,2023
SAR,76.0,1,Monaco Grand Prix,2023
MAG,1.0,12,Monaco Grand Prix,2023
MAG,2.0,1,Monaco Grand Prix,2023
MAG,3.0,1,Monaco Grand Prix,2023
MAG,4.0,1,Monaco Grand Prix,2023
MAG,5.0,1,Monaco Grand Prix,2023
MAG,6.0,1,Monaco Grand Prix,2023
MAG,7.0,1,Monaco Grand Prix,2023
MAG,8.0,1,Monaco Grand Prix,2023
MAG,9.0,1,Monaco Grand Prix,2023
MAG,10.0,1,Monaco Grand Prix,2023
MAG,11.0,12,Monaco Grand Prix,2023
MAG,12.0,21,Monaco Grand Prix,2023
MAG,13.0,1,Monaco Grand Prix,2023
MAG,14.0,12,Monaco Grand Prix,2023
MAG,15.0,1,Monaco Grand Prix,2023
MAG,16.0,1,Monaco Grand Prix,2023
MAG,17.0,1,Monaco Grand Prix,2023
MAG,18.0,1,Monaco Grand Prix,2023
MAG,19.0,1,Monaco Grand Prix,2023
MAG,20.0,1,Monaco Grand Prix,2023
MAG,21.0,1,Monaco Grand Prix,2023
MAG,22.0,1,Monaco Grand Prix,2023
MAG,23.0,1,Monaco Grand Prix,2023
MAG,24.0,1,Monaco Grand Prix,2023
MAG,25.0,1,Monaco Grand Prix,2023
MAG,26.0,1,Monaco Grand Prix,2023
MAG,27.0,1,Monaco Grand Prix,2023
MAG,28.0,1,Monaco Grand Prix,2023
MAG,29.0,1,Monaco Grand Prix,2023
MAG,30.0,1,Monaco Grand Prix,2023
MAG,31.0,1,Monaco Grand Prix,2023
MAG,32.0,1,Monaco Grand Prix,2023
MAG,33.0,1,Monaco Grand Prix,2023
MAG,34.0,1,Monaco Grand Prix,2023
MAG,35.0,1,Monaco Grand Prix,2023
MAG,36.0,1,Monaco Grand Prix,2023
MAG,37.0,1,Monaco Grand Prix,2023
MAG,38.0,1,Monaco Grand Prix,2023
MAG,39.0,1,Monaco Grand Prix,2023
MAG,40.0,1,Monaco Grand Prix,2023
MAG,41.0,1,Monaco Grand Prix,2023
MAG,42.0,1,Monaco Grand Prix,2023
MAG,43.0,1,Monaco Grand Prix,2023
MAG,44.0,1,Monaco Grand Prix,2023
MAG,45.0,1,Monaco Grand Prix,2023
MAG,46.0,1,Monaco Grand Prix,2023
MAG,47.0,1,Monaco Grand Prix,2023
MAG,48.0,1,Monaco Grand Prix,2023
MAG,49.0,1,Monaco Grand Prix,2023
MAG,50.0,1,Monaco Grand Prix,2023
MAG,51.0,1,Monaco Grand Prix,2023
MAG,52.0,1,Monaco Grand Prix,2023
MAG,53.0,1,Monaco Grand Prix,2023
MAG,54.0,12,Monaco Grand Prix,2023
MAG,55.0,21,Monaco Grand Prix,2023
MAG,56.0,12,Monaco Grand Prix,2023
MAG,57.0,21,Monaco Grand Prix,2023
MAG,58.0,12,Monaco Grand Prix,2023
MAG,59.0,12,Monaco Grand Prix,2023
MAG,60.0,1,Monaco Grand Prix,2023
MAG,61.0,1,Monaco Grand Prix,2023
MAG,62.0,1,Monaco Grand Prix,2023
MAG,63.0,1,Monaco Grand Prix,2023
MAG,64.0,1,Monaco Grand Prix,2023
MAG,65.0,1,Monaco Grand Prix,2023
MAG,66.0,12,Monaco Grand Prix,2023
MAG,67.0,1,Monaco Grand Prix,2023
MAG,68.0,1,Monaco Grand Prix,2023
MAG,69.0,1,Monaco Grand Prix,2023
MAG,70.0,1,Monaco Grand Prix,2023
MAG,71.0,1,Monaco Grand Prix,2023
DEV,1.0,12,Monaco Grand Prix,2023
DEV,2.0,1,Monaco Grand Prix,2023
DEV,3.0,1,Monaco Grand Prix,2023
DEV,4.0,1,Monaco Grand Prix,2023
DEV,5.0,1,Monaco Grand Prix,2023
DEV,6.0,1,Monaco Grand Prix,2023
DEV,7.0,1,Monaco Grand Prix,2023
DEV,8.0,1,Monaco Grand Prix,2023
DEV,9.0,1,Monaco Grand Prix,2023
DEV,10.0,1,Monaco Grand Prix,2023
DEV,11.0,12,Monaco Grand Prix,2023
DEV,12.0,21,Monaco Grand Prix,2023
DEV,13.0,1,Monaco Grand Prix,2023
DEV,14.0,12,Monaco Grand Prix,2023
DEV,15.0,1,Monaco Grand Prix,2023
DEV,16.0,1,Monaco Grand Prix,2023
DEV,17.0,1,Monaco Grand Prix,2023
DEV,18.0,1,Monaco Grand Prix,2023
DEV,19.0,1,Monaco Grand Prix,2023
DEV,20.0,1,Monaco Grand Prix,2023
DEV,21.0,1,Monaco Grand Prix,2023
DEV,22.0,1,Monaco Grand Prix,2023
DEV,23.0,1,Monaco Grand Prix,2023
DEV,24.0,1,Monaco Grand Prix,2023
DEV,25.0,1,Monaco Grand Prix,2023
DEV,26.0,1,Monaco Grand Prix,2023
DEV,27.0,1,Monaco Grand Prix,2023
DEV,28.0,1,Monaco Grand Prix,2023
DEV,29.0,1,Monaco Grand Prix,2023
DEV,30.0,1,Monaco Grand Prix,2023
DEV,31.0,1,Monaco Grand Prix,2023
DEV,32.0,1,Monaco Grand Prix,2023
DEV,33.0,1,Monaco Grand Prix,2023
DEV,34.0,1,Monaco Grand Prix,2023
DEV,35.0,1,Monaco Grand Prix,2023
DEV,36.0,1,Monaco Grand Prix,2023
DEV,37.0,1,Monaco Grand Prix,2023
DEV,38.0,1,Monaco Grand Prix,2023
DEV,39.0,1,Monaco Grand Prix,2023
DEV,40.0,1,Monaco Grand Prix,2023
DEV,41.0,1,Monaco Grand Prix,2023
DEV,42.0,1,Monaco Grand Prix,2023
DEV,43.0,1,Monaco Grand Prix,2023
DEV,44.0,1,Monaco Grand Prix,2023
DEV,45.0,1,Monaco Grand Prix,2023
DEV,46.0,1,Monaco Grand Prix,2023
DEV,47.0,1,Monaco Grand Prix,2023
DEV,48.0,1,Monaco Grand Prix,2023
DEV,49.0,1,Monaco Grand Prix,2023
DEV,50.0,1,Monaco Grand Prix,2023
DEV,51.0,1,Monaco Grand Prix,2023
DEV,52.0,1,Monaco Grand Prix,2023
DEV,53.0,1,Monaco Grand Prix,2023
DEV,54.0,12,Monaco Grand Prix,2023
DEV,55.0,21,Monaco Grand Prix,2023
DEV,56.0,1,Monaco Grand Prix,2023
DEV,57.0,12,Monaco Grand Prix,2023
DEV,58.0,21,Monaco Grand Prix,2023
DEV,59.0,12,Monaco Grand Prix,2023
DEV,60.0,12,Monaco Grand Prix,2023
DEV,61.0,1,Monaco Grand Prix,2023
DEV,62.0,1,Monaco Grand Prix,2023
DEV,63.0,1,Monaco Grand Prix,2023
DEV,64.0,1,Monaco Grand Prix,2023
DEV,65.0,1,Monaco Grand Prix,2023
DEV,66.0,1,Monaco Grand Prix,2023
DEV,67.0,1,Monaco Grand Prix,2023
DEV,68.0,12,Monaco Grand Prix,2023
DEV,69.0,1,Monaco Grand Prix,2023
DEV,70.0,1,Monaco Grand Prix,2023
DEV,71.0,1,Monaco Grand Prix,2023
DEV,72.0,1,Monaco Grand Prix,2023
DEV,73.0,1,Monaco Grand Prix,2023
DEV,74.0,1,Monaco Grand Prix,2023
DEV,75.0,1,Monaco Grand Prix,2023
DEV,76.0,1,Monaco Grand Prix,2023
DEV,77.0,1,Monaco Grand Prix,2023
TSU,1.0,12,Monaco Grand Prix,2023
TSU,2.0,1,Monaco Grand Prix,2023
TSU,3.0,1,Monaco Grand Prix,2023
TSU,4.0,1,Monaco Grand Prix,2023
TSU,5.0,1,Monaco Grand Prix,2023
TSU,6.0,1,Monaco Grand Prix,2023
TSU,7.0,1,Monaco Grand Prix,2023
TSU,8.0,1,Monaco Grand Prix,2023
TSU,9.0,1,Monaco Grand Prix,2023
TSU,10.0,1,Monaco Grand Prix,2023
TSU,11.0,1,Monaco Grand Prix,2023
TSU,12.0,12,Monaco Grand Prix,2023
TSU,13.0,1,Monaco Grand Prix,2023
TSU,14.0,12,Monaco Grand Prix,2023
TSU,15.0,1,Monaco Grand Prix,2023
TSU,16.0,1,Monaco Grand Prix,2023
TSU,17.0,1,Monaco Grand Prix,2023
TSU,18.0,1,Monaco Grand Prix,2023
TSU,19.0,1,Monaco Grand Prix,2023
TSU,20.0,1,Monaco Grand Prix,2023
TSU,21.0,1,Monaco Grand Prix,2023
TSU,22.0,1,Monaco Grand Prix,2023
TSU,23.0,1,Monaco Grand Prix,2023
TSU,24.0,1,Monaco Grand Prix,2023
TSU,25.0,1,Monaco Grand Prix,2023
TSU,26.0,1,Monaco Grand Prix,2023
TSU,27.0,1,Monaco Grand Prix,2023
TSU,28.0,1,Monaco Grand Prix,2023
TSU,29.0,1,Monaco Grand Prix,2023
TSU,30.0,1,Monaco Grand Prix,2023
TSU,31.0,1,Monaco Grand Prix,2023
TSU,32.0,1,Monaco Grand Prix,2023
TSU,33.0,1,Monaco Grand Prix,2023
TSU,34.0,1,Monaco Grand Prix,2023
TSU,35.0,1,Monaco Grand Prix,2023
TSU,36.0,1,Monaco Grand Prix,2023
TSU,37.0,1,Monaco Grand Prix,2023
TSU,38.0,1,Monaco Grand Prix,2023
TSU,39.0,1,Monaco Grand Prix,2023
TSU,40.0,1,Monaco Grand Prix,2023
TSU,41.0,1,Monaco Grand Prix,2023
TSU,42.0,1,Monaco Grand Prix,2023
TSU,43.0,1,Monaco Grand Prix,2023
TSU,44.0,1,Monaco Grand Prix,2023
TSU,45.0,1,Monaco Grand Prix,2023
TSU,46.0,1,Monaco Grand Prix,2023
TSU,47.0,1,Monaco Grand Prix,2023
TSU,48.0,1,Monaco Grand Prix,2023
TSU,49.0,1,Monaco Grand Prix,2023
TSU,50.0,1,Monaco Grand Prix,2023
TSU,51.0,1,Monaco Grand Prix,2023
TSU,52.0,1,Monaco Grand Prix,2023
TSU,53.0,1,Monaco Grand Prix,2023
TSU,54.0,12,Monaco Grand Prix,2023
TSU,55.0,12,Monaco Grand Prix,2023
TSU,56.0,1,Monaco Grand Prix,2023
TSU,57.0,12,Monaco Grand Prix,2023
TSU,58.0,12,Monaco Grand Prix,2023
TSU,59.0,12,Monaco Grand Prix,2023
TSU,60.0,12,Monaco Grand Prix,2023
TSU,61.0,1,Monaco Grand Prix,2023
TSU,62.0,1,Monaco Grand Prix,2023
TSU,63.0,1,Monaco Grand Prix,2023
TSU,64.0,1,Monaco Grand Prix,2023
TSU,65.0,1,Monaco Grand Prix,2023
TSU,66.0,1,Monaco Grand Prix,2023
TSU,67.0,1,Monaco Grand Prix,2023
TSU,68.0,12,Monaco Grand Prix,2023
TSU,69.0,1,Monaco Grand Prix,2023
TSU,70.0,1,Monaco Grand Prix,2023
TSU,71.0,1,Monaco Grand Prix,2023
TSU,72.0,1,Monaco Grand Prix,2023
TSU,73.0,1,Monaco Grand Prix,2023
TSU,74.0,1,Monaco Grand Prix,2023
TSU,75.0,1,Monaco Grand Prix,2023
TSU,76.0,1,Monaco Grand Prix,2023
ALB,1.0,12,Monaco Grand Prix,2023
ALB,2.0,1,Monaco Grand Prix,2023
ALB,3.0,1,Monaco Grand Prix,2023
ALB,4.0,1,Monaco Grand Prix,2023
ALB,5.0,1,Monaco Grand Prix,2023
ALB,6.0,1,Monaco Grand Prix,2023
ALB,7.0,1,Monaco Grand Prix,2023
ALB,8.0,1,Monaco Grand Prix,2023
ALB,9.0,1,Monaco Grand Prix,2023
ALB,10.0,1,Monaco Grand Prix,2023
ALB,11.0,12,Monaco Grand Prix,2023
ALB,12.0,21,Monaco Grand Prix,2023
ALB,13.0,1,Monaco Grand Prix,2023
ALB,14.0,12,Monaco Grand Prix,2023
ALB,15.0,1,Monaco Grand Prix,2023
ALB,16.0,1,Monaco Grand Prix,2023
ALB,17.0,1,Monaco Grand Prix,2023
ALB,18.0,1,Monaco Grand Prix,2023
ALB,19.0,1,Monaco Grand Prix,2023
ALB,20.0,1,Monaco Grand Prix,2023
ALB,21.0,1,Monaco Grand Prix,2023
ALB,22.0,1,Monaco Grand Prix,2023
ALB,23.0,1,Monaco Grand Prix,2023
ALB,24.0,1,Monaco Grand Prix,2023
ALB,25.0,1,Monaco Grand Prix,2023
ALB,26.0,1,Monaco Grand Prix,2023
ALB,27.0,1,Monaco Grand Prix,2023
ALB,28.0,1,Monaco Grand Prix,2023
ALB,29.0,1,Monaco Grand Prix,2023
ALB,30.0,1,Monaco Grand Prix,2023
ALB,31.0,1,Monaco Grand Prix,2023
ALB,32.0,1,Monaco Grand Prix,2023
ALB,33.0,1,Monaco Grand Prix,2023
ALB,34.0,1,Monaco Grand Prix,2023
ALB,35.0,1,Monaco Grand Prix,2023
ALB,36.0,1,Monaco Grand Prix,2023
ALB,37.0,1,Monaco Grand Prix,2023
ALB,38.0,1,Monaco Grand Prix,2023
ALB,39.0,1,Monaco Grand Prix,2023
ALB,40.0,1,Monaco Grand Prix,2023
ALB,41.0,1,Monaco Grand Prix,2023
ALB,42.0,1,Monaco Grand Prix,2023
ALB,43.0,1,Monaco Grand Prix,2023
ALB,44.0,1,Monaco Grand Prix,2023
ALB,45.0,1,Monaco Grand Prix,2023
ALB,46.0,1,Monaco Grand Prix,2023
ALB,47.0,1,Monaco Grand Prix,2023
ALB,48.0,1,Monaco Grand Prix,2023
ALB,49.0,1,Monaco Grand Prix,2023
ALB,50.0,1,Monaco Grand Prix,2023
ALB,51.0,1,Monaco Grand Prix,2023
ALB,52.0,1,Monaco Grand Prix,2023
ALB,53.0,1,Monaco Grand Prix,2023
ALB,54.0,12,Monaco Grand Prix,2023
ALB,55.0,21,Monaco Grand Prix,2023
ALB,56.0,1,Monaco Grand Prix,2023
ALB,57.0,12,Monaco Grand Prix,2023
ALB,58.0,12,Monaco Grand Prix,2023
ALB,59.0,21,Monaco Grand Prix,2023
ALB,60.0,12,Monaco Grand Prix,2023
ALB,61.0,1,Monaco Grand Prix,2023
ALB,62.0,1,Monaco Grand Prix,2023
ALB,63.0,1,Monaco Grand Prix,2023
ALB,64.0,1,Monaco Grand Prix,2023
ALB,65.0,1,Monaco Grand Prix,2023
ALB,66.0,1,Monaco Grand Prix,2023
ALB,67.0,12,Monaco Grand Prix,2023
ALB,68.0,21,Monaco Grand Prix,2023
ALB,69.0,1,Monaco Grand Prix,2023
ALB,70.0,1,Monaco Grand Prix,2023
ALB,71.0,1,Monaco Grand Prix,2023
ALB,72.0,1,Monaco Grand Prix,2023
ALB,73.0,1,Monaco Grand Prix,2023
ALB,74.0,1,Monaco Grand Prix,2023
ALB,75.0,1,Monaco Grand Prix,2023
ALB,76.0,1,Monaco Grand Prix,2023
ALB,77.0,1,Monaco Grand Prix,2023
ZHO,1.0,12,Monaco Grand Prix,2023
ZHO,2.0,1,Monaco Grand Prix,2023
ZHO,3.0,1,Monaco Grand Prix,2023
ZHO,4.0,1,Monaco Grand Prix,2023
ZHO,5.0,1,Monaco Grand Prix,2023
ZHO,6.0,1,Monaco Grand Prix,2023
ZHO,7.0,1,Monaco Grand Prix,2023
ZHO,8.0,1,Monaco Grand Prix,2023
ZHO,9.0,1,Monaco Grand Prix,2023
ZHO,10.0,1,Monaco Grand Prix,2023
ZHO,11.0,12,Monaco Grand Prix,2023
ZHO,12.0,21,Monaco Grand Prix,2023
ZHO,13.0,1,Monaco Grand Prix,2023
ZHO,14.0,12,Monaco Grand Prix,2023
ZHO,15.0,1,Monaco Grand Prix,2023
ZHO,16.0,1,Monaco Grand Prix,2023
ZHO,17.0,1,Monaco Grand Prix,2023
ZHO,18.0,1,Monaco Grand Prix,2023
ZHO,19.0,1,Monaco Grand Prix,2023
ZHO,20.0,1,Monaco Grand Prix,2023
ZHO,21.0,1,Monaco Grand Prix,2023
ZHO,22.0,1,Monaco Grand Prix,2023
ZHO,23.0,1,Monaco Grand Prix,2023
ZHO,24.0,1,Monaco Grand Prix,2023
ZHO,25.0,1,Monaco Grand Prix,2023
ZHO,26.0,1,Monaco Grand Prix,2023
ZHO,27.0,1,Monaco Grand Prix,2023
ZHO,28.0,1,Monaco Grand Prix,2023
ZHO,29.0,1,Monaco Grand Prix,2023
ZHO,30.0,1,Monaco Grand Prix,2023
ZHO,31.0,1,Monaco Grand Prix,2023
ZHO,32.0,1,Monaco Grand Prix,2023
ZHO,33.0,1,Monaco Grand Prix,2023
ZHO,34.0,1,Monaco Grand Prix,2023
ZHO,35.0,1,Monaco Grand Prix,2023
ZHO,36.0,1,Monaco Grand Prix,2023
ZHO,37.0,1,Monaco Grand Prix,2023
ZHO,38.0,1,Monaco Grand Prix,2023
ZHO,39.0,1,Monaco Grand Prix,2023
ZHO,40.0,1,Monaco Grand Prix,2023
ZHO,41.0,1,Monaco Grand Prix,2023
ZHO,42.0,1,Monaco Grand Prix,2023
ZHO,43.0,1,Monaco Grand Prix,2023
ZHO,44.0,1,Monaco Grand Prix,2023
ZHO,45.0,1,Monaco Grand Prix,2023
ZHO,46.0,1,Monaco Grand Prix,2023
ZHO,47.0,1,Monaco Grand Prix,2023
ZHO,48.0,1,Monaco Grand Prix,2023
ZHO,49.0,1,Monaco Grand Prix,2023
ZHO,50.0,1,Monaco Grand Prix,2023
ZHO,51.0,1,Monaco Grand Prix,2023
ZHO,52.0,1,Monaco Grand Prix,2023
ZHO,53.0,1,Monaco Grand Prix,2023
ZHO,54.0,12,Monaco Grand Prix,2023
ZHO,55.0,21,Monaco Grand Prix,2023
ZHO,56.0,1,Monaco Grand Prix,2023
ZHO,57.0,12,Monaco Grand Prix,2023
ZHO,58.0,12,Monaco Grand Prix,2023
ZHO,59.0,21,Monaco Grand Prix,2023
ZHO,60.0,12,Monaco Grand Prix,2023
ZHO,61.0,1,Monaco Grand Prix,2023
ZHO,62.0,1,Monaco Grand Prix,2023
ZHO,63.0,1,Monaco Grand Prix,2023
ZHO,64.0,1,Monaco Grand Prix,2023
ZHO,65.0,1,Monaco Grand Prix,2023
ZHO,66.0,1,Monaco Grand Prix,2023
ZHO,67.0,12,Monaco Grand Prix,2023
ZHO,68.0,21,Monaco Grand Prix,2023
ZHO,69.0,1,Monaco Grand Prix,2023
ZHO,70.0,1,Monaco Grand Prix,2023
ZHO,71.0,1,Monaco Grand Prix,2023
ZHO,72.0,1,Monaco Grand Prix,2023
ZHO,73.0,1,Monaco Grand Prix,2023
ZHO,74.0,1,Monaco Grand Prix,2023
ZHO,75.0,1,Monaco Grand Prix,2023
ZHO,76.0,1,Monaco Grand Prix,2023
ZHO,77.0,1,Monaco Grand Prix,2023
HUL,1.0,12,Monaco Grand Prix,2023
HUL,2.0,1,Monaco Grand Prix,2023
HUL,3.0,1,Monaco Grand Prix,2023
HUL,4.0,1,Monaco Grand Prix,2023
HUL,5.0,1,Monaco Grand Prix,2023
HUL,6.0,1,Monaco Grand Prix,2023
HUL,7.0,1,Monaco Grand Prix,2023
HUL,8.0,1,Monaco Grand Prix,2023
HUL,9.0,1,Monaco Grand Prix,2023
HUL,10.0,1,Monaco Grand Prix,2023
HUL,11.0,12,Monaco Grand Prix,2023
HUL,12.0,21,Monaco Grand Prix,2023
HUL,13.0,1,Monaco Grand Prix,2023
HUL,14.0,12,Monaco Grand Prix,2023
HUL,15.0,1,Monaco Grand Prix,2023
HUL,16.0,1,Monaco Grand Prix,2023
HUL,17.0,1,Monaco Grand Prix,2023
HUL,18.0,1,Monaco Grand Prix,2023
HUL,19.0,1,Monaco Grand Prix,2023
HUL,20.0,1,Monaco Grand Prix,2023
HUL,21.0,1,Monaco Grand Prix,2023
HUL,22.0,1,Monaco Grand Prix,2023
HUL,23.0,1,Monaco Grand Prix,2023
HUL,24.0,1,Monaco Grand Prix,2023
HUL,25.0,1,Monaco Grand Prix,2023
HUL,26.0,1,Monaco Grand Prix,2023
HUL,27.0,1,Monaco Grand Prix,2023
HUL,28.0,1,Monaco Grand Prix,2023
HUL,29.0,1,Monaco Grand Prix,2023
HUL,30.0,1,Monaco Grand Prix,2023
HUL,31.0,1,Monaco Grand Prix,2023
HUL,32.0,1,Monaco Grand Prix,2023
HUL,33.0,1,Monaco Grand Prix,2023
HUL,34.0,1,Monaco Grand Prix,2023
HUL,35.0,1,Monaco Grand Prix,2023
HUL,36.0,1,Monaco Grand Prix,2023
HUL,37.0,1,Monaco Grand Prix,2023
HUL,38.0,1,Monaco Grand Prix,2023
HUL,39.0,1,Monaco Grand Prix,2023
HUL,40.0,1,Monaco Grand Prix,2023
HUL,41.0,1,Monaco Grand Prix,2023
HUL,42.0,1,Monaco Grand Prix,2023
HUL,43.0,1,Monaco Grand Prix,2023
HUL,44.0,1,Monaco Grand Prix,2023
HUL,45.0,1,Monaco Grand Prix,2023
HUL,46.0,1,Monaco Grand Prix,2023
HUL,47.0,1,Monaco Grand Prix,2023
HUL,48.0,1,Monaco Grand Prix,2023
HUL,49.0,1,Monaco Grand Prix,2023
HUL,50.0,1,Monaco Grand Prix,2023
HUL,51.0,1,Monaco Grand Prix,2023
HUL,52.0,1,Monaco Grand Prix,2023
HUL,53.0,1,Monaco Grand Prix,2023
HUL,54.0,12,Monaco Grand Prix,2023
HUL,55.0,21,Monaco Grand Prix,2023
HUL,56.0,1,Monaco Grand Prix,2023
HUL,57.0,12,Monaco Grand Prix,2023
HUL,58.0,12,Monaco Grand Prix,2023
HUL,59.0,21,Monaco Grand Prix,2023
HUL,60.0,12,Monaco Grand Prix,2023
HUL,61.0,1,Monaco Grand Prix,2023
HUL,62.0,1,Monaco Grand Prix,2023
HUL,63.0,1,Monaco Grand Prix,2023
HUL,64.0,1,Monaco Grand Prix,2023
HUL,65.0,1,Monaco Grand Prix,2023
HUL,66.0,1,Monaco Grand Prix,2023
HUL,67.0,12,Monaco Grand Prix,2023
HUL,68.0,21,Monaco Grand Prix,2023
HUL,69.0,1,Monaco Grand Prix,2023
HUL,70.0,1,Monaco Grand Prix,2023
HUL,71.0,1,Monaco Grand Prix,2023
HUL,72.0,1,Monaco Grand Prix,2023
HUL,73.0,1,Monaco Grand Prix,2023
HUL,74.0,1,Monaco Grand Prix,2023
HUL,75.0,1,Monaco Grand Prix,2023
HUL,76.0,1,Monaco Grand Prix,2023
OCO,1.0,12,Monaco Grand Prix,2023
OCO,2.0,1,Monaco Grand Prix,2023
OCO,3.0,1,Monaco Grand Prix,2023
OCO,4.0,1,Monaco Grand Prix,2023
OCO,5.0,1,Monaco Grand Prix,2023
OCO,6.0,1,Monaco Grand Prix,2023
OCO,7.0,1,Monaco Grand Prix,2023
OCO,8.0,1,Monaco Grand Prix,2023
OCO,9.0,1,Monaco Grand Prix,2023
OCO,10.0,1,Monaco Grand Prix,2023
OCO,11.0,1,Monaco Grand Prix,2023
OCO,12.0,12,Monaco Grand Prix,2023
OCO,13.0,1,Monaco Grand Prix,2023
OCO,14.0,12,Monaco Grand Prix,2023
OCO,15.0,1,Monaco Grand Prix,2023
OCO,16.0,1,Monaco Grand Prix,2023
OCO,17.0,1,Monaco Grand Prix,2023
OCO,18.0,1,Monaco Grand Prix,2023
OCO,19.0,1,Monaco Grand Prix,2023
OCO,20.0,1,Monaco Grand Prix,2023
OCO,21.0,1,Monaco Grand Prix,2023
OCO,22.0,1,Monaco Grand Prix,2023
OCO,23.0,1,Monaco Grand Prix,2023
OCO,24.0,1,Monaco Grand Prix,2023
OCO,25.0,1,Monaco Grand Prix,2023
OCO,26.0,1,Monaco Grand Prix,2023
OCO,27.0,1,Monaco Grand Prix,2023
OCO,28.0,1,Monaco Grand Prix,2023
OCO,29.0,1,Monaco Grand Prix,2023
OCO,30.0,1,Monaco Grand Prix,2023
OCO,31.0,1,Monaco Grand Prix,2023
OCO,32.0,1,Monaco Grand Prix,2023
OCO,33.0,1,Monaco Grand Prix,2023
OCO,34.0,1,Monaco Grand Prix,2023
OCO,35.0,1,Monaco Grand Prix,2023
OCO,36.0,1,Monaco Grand Prix,2023
OCO,37.0,1,Monaco Grand Prix,2023
OCO,38.0,1,Monaco Grand Prix,2023
OCO,39.0,1,Monaco Grand Prix,2023
OCO,40.0,1,Monaco Grand Prix,2023
OCO,41.0,1,Monaco Grand Prix,2023
OCO,42.0,1,Monaco Grand Prix,2023
OCO,43.0,1,Monaco Grand Prix,2023
OCO,44.0,1,Monaco Grand Prix,2023
OCO,45.0,1,Monaco Grand Prix,2023
OCO,46.0,1,Monaco Grand Prix,2023
OCO,47.0,1,Monaco Grand Prix,2023
OCO,48.0,1,Monaco Grand Prix,2023
OCO,49.0,1,Monaco Grand Prix,2023
OCO,50.0,1,Monaco Grand Prix,2023
OCO,51.0,1,Monaco Grand Prix,2023
OCO,52.0,1,Monaco Grand Prix,2023
OCO,53.0,1,Monaco Grand Prix,2023
OCO,54.0,1,Monaco Grand Prix,2023
OCO,55.0,12,Monaco Grand Prix,2023
OCO,56.0,21,Monaco Grand Prix,2023
OCO,57.0,1,Monaco Grand Prix,2023
OCO,58.0,12,Monaco Grand Prix,2023
OCO,59.0,21,Monaco Grand Prix,2023
OCO,60.0,12,Monaco Grand Prix,2023
OCO,61.0,12,Monaco Grand Prix,2023
OCO,62.0,1,Monaco Grand Prix,2023
OCO,63.0,1,Monaco Grand Prix,2023
OCO,64.0,1,Monaco Grand Prix,2023
OCO,65.0,1,Monaco Grand Prix,2023
OCO,66.0,1,Monaco Grand Prix,2023
OCO,67.0,1,Monaco Grand Prix,2023
OCO,68.0,1,Monaco Grand Prix,2023
OCO,69.0,12,Monaco Grand Prix,2023
OCO,70.0,1,Monaco Grand Prix,2023
OCO,71.0,1,Monaco Grand Prix,2023
OCO,72.0,1,Monaco Grand Prix,2023
OCO,73.0,1,Monaco Grand Prix,2023
OCO,74.0,1,Monaco Grand Prix,2023
OCO,75.0,1,Monaco Grand Prix,2023
OCO,76.0,1,Monaco Grand Prix,2023
OCO,77.0,1,Monaco Grand Prix,2023
OCO,78.0,1,Monaco Grand Prix,2023
NOR,1.0,12,Monaco Grand Prix,2023
NOR,2.0,1,Monaco Grand Prix,2023
NOR,3.0,1,Monaco Grand Prix,2023
NOR,4.0,1,Monaco Grand Prix,2023
NOR,5.0,1,Monaco Grand Prix,2023
NOR,6.0,1,Monaco Grand Prix,2023
NOR,7.0,1,Monaco Grand Prix,2023
NOR,8.0,1,Monaco Grand Prix,2023
NOR,9.0,1,Monaco Grand Prix,2023
NOR,10.0,1,Monaco Grand Prix,2023
NOR,11.0,1,Monaco Grand Prix,2023
NOR,12.0,12,Monaco Grand Prix,2023
NOR,13.0,1,Monaco Grand Prix,2023
NOR,14.0,12,Monaco Grand Prix,2023
NOR,15.0,1,Monaco Grand Prix,2023
NOR,16.0,1,Monaco Grand Prix,2023
NOR,17.0,1,Monaco Grand Prix,2023
NOR,18.0,1,Monaco Grand Prix,2023
NOR,19.0,1,Monaco Grand Prix,2023
NOR,20.0,1,Monaco Grand Prix,2023
NOR,21.0,1,Monaco Grand Prix,2023
NOR,22.0,1,Monaco Grand Prix,2023
NOR,23.0,1,Monaco Grand Prix,2023
NOR,24.0,1,Monaco Grand Prix,2023
NOR,25.0,1,Monaco Grand Prix,2023
NOR,26.0,1,Monaco Grand Prix,2023
NOR,27.0,1,Monaco Grand Prix,2023
NOR,28.0,1,Monaco Grand Prix,2023
NOR,29.0,1,Monaco Grand Prix,2023
NOR,30.0,1,Monaco Grand Prix,2023
NOR,31.0,1,Monaco Grand Prix,2023
NOR,32.0,1,Monaco Grand Prix,2023
NOR,33.0,1,Monaco Grand Prix,2023
NOR,34.0,1,Monaco Grand Prix,2023
NOR,35.0,1,Monaco Grand Prix,2023
NOR,36.0,1,Monaco Grand Prix,2023
NOR,37.0,1,Monaco Grand Prix,2023
NOR,38.0,1,Monaco Grand Prix,2023
NOR,39.0,1,Monaco Grand Prix,2023
NOR,40.0,1,Monaco Grand Prix,2023
NOR,41.0,1,Monaco Grand Prix,2023
NOR,42.0,1,Monaco Grand Prix,2023
NOR,43.0,1,Monaco Grand Prix,2023
NOR,44.0,1,Monaco Grand Prix,2023
NOR,45.0,1,Monaco Grand Prix,2023
NOR,46.0,1,Monaco Grand Prix,2023
NOR,47.0,1,Monaco Grand Prix,2023
NOR,48.0,1,Monaco Grand Prix,2023
NOR,49.0,1,Monaco Grand Prix,2023
NOR,50.0,1,Monaco Grand Prix,2023
NOR,51.0,1,Monaco Grand Prix,2023
NOR,52.0,1,Monaco Grand Prix,2023
NOR,53.0,1,Monaco Grand Prix,2023
NOR,54.0,12,Monaco Grand Prix,2023
NOR,55.0,21,Monaco Grand Prix,2023
NOR,56.0,1,Monaco Grand Prix,2023
NOR,57.0,12,Monaco Grand Prix,2023
NOR,58.0,12,Monaco Grand Prix,2023
NOR,59.0,12,Monaco Grand Prix,2023
NOR,60.0,12,Monaco Grand Prix,2023
NOR,61.0,1,Monaco Grand Prix,2023
NOR,62.0,1,Monaco Grand Prix,2023
NOR,63.0,1,Monaco Grand Prix,2023
NOR,64.0,1,Monaco Grand Prix,2023
NOR,65.0,1,Monaco Grand Prix,2023
NOR,66.0,1,Monaco Grand Prix,2023
NOR,67.0,1,Monaco Grand Prix,2023
NOR,68.0,12,Monaco Grand Prix,2023
NOR,69.0,1,Monaco Grand Prix,2023
NOR,70.0,1,Monaco Grand Prix,2023
NOR,71.0,1,Monaco Grand Prix,2023
NOR,72.0,1,Monaco Grand Prix,2023
NOR,73.0,1,Monaco Grand Prix,2023
NOR,74.0,1,Monaco Grand Prix,2023
NOR,75.0,1,Monaco Grand Prix,2023
NOR,76.0,1,Monaco Grand Prix,2023
NOR,77.0,1,Monaco Grand Prix,2023
HAM,1.0,12,Monaco Grand Prix,2023
HAM,2.0,1,Monaco Grand Prix,2023
HAM,3.0,1,Monaco Grand Prix,2023
HAM,4.0,1,Monaco Grand Prix,2023
HAM,5.0,1,Monaco Grand Prix,2023
HAM,6.0,1,Monaco Grand Prix,2023
HAM,7.0,1,Monaco Grand Prix,2023
HAM,8.0,1,Monaco Grand Prix,2023
HAM,9.0,1,Monaco Grand Prix,2023
HAM,10.0,1,Monaco Grand Prix,2023
HAM,11.0,1,Monaco Grand Prix,2023
HAM,12.0,12,Monaco Grand Prix,2023
HAM,13.0,1,Monaco Grand Prix,2023
HAM,14.0,12,Monaco Grand Prix,2023
HAM,15.0,1,Monaco Grand Prix,2023
HAM,16.0,1,Monaco Grand Prix,2023
HAM,17.0,1,Monaco Grand Prix,2023
HAM,18.0,1,Monaco Grand Prix,2023
HAM,19.0,1,Monaco Grand Prix,2023
HAM,20.0,1,Monaco Grand Prix,2023
HAM,21.0,1,Monaco Grand Prix,2023
HAM,22.0,1,Monaco Grand Prix,2023
HAM,23.0,1,Monaco Grand Prix,2023
HAM,24.0,1,Monaco Grand Prix,2023
HAM,25.0,1,Monaco Grand Prix,2023
HAM,26.0,1,Monaco Grand Prix,2023
HAM,27.0,1,Monaco Grand Prix,2023
HAM,28.0,1,Monaco Grand Prix,2023
HAM,29.0,1,Monaco Grand Prix,2023
HAM,30.0,1,Monaco Grand Prix,2023
HAM,31.0,1,Monaco Grand Prix,2023
HAM,32.0,1,Monaco Grand Prix,2023
HAM,33.0,1,Monaco Grand Prix,2023
HAM,34.0,1,Monaco Grand Prix,2023
HAM,35.0,1,Monaco Grand Prix,2023
HAM,36.0,1,Monaco Grand Prix,2023
HAM,37.0,1,Monaco Grand Prix,2023
HAM,38.0,1,Monaco Grand Prix,2023
HAM,39.0,1,Monaco Grand Prix,2023
HAM,40.0,1,Monaco Grand Prix,2023
HAM,41.0,1,Monaco Grand Prix,2023
HAM,42.0,1,Monaco Grand Prix,2023
HAM,43.0,1,Monaco Grand Prix,2023
HAM,44.0,1,Monaco Grand Prix,2023
HAM,45.0,1,Monaco Grand Prix,2023
HAM,46.0,1,Monaco Grand Prix,2023
HAM,47.0,1,Monaco Grand Prix,2023
HAM,48.0,1,Monaco Grand Prix,2023
HAM,49.0,1,Monaco Grand Prix,2023
HAM,50.0,1,Monaco Grand Prix,2023
HAM,51.0,1,Monaco Grand Prix,2023
HAM,52.0,1,Monaco Grand Prix,2023
HAM,53.0,1,Monaco Grand Prix,2023
HAM,54.0,1,Monaco Grand Prix,2023
HAM,55.0,12,Monaco Grand Prix,2023
HAM,56.0,21,Monaco Grand Prix,2023
HAM,57.0,1,Monaco Grand Prix,2023
HAM,58.0,12,Monaco Grand Prix,2023
HAM,59.0,21,Monaco Grand Prix,2023
HAM,60.0,12,Monaco Grand Prix,2023
HAM,61.0,12,Monaco Grand Prix,2023
HAM,62.0,1,Monaco Grand Prix,2023
HAM,63.0,1,Monaco Grand Prix,2023
HAM,64.0,1,Monaco Grand Prix,2023
HAM,65.0,1,Monaco Grand Prix,2023
HAM,66.0,1,Monaco Grand Prix,2023
HAM,67.0,1,Monaco Grand Prix,2023
HAM,68.0,1,Monaco Grand Prix,2023
HAM,69.0,12,Monaco Grand Prix,2023
HAM,70.0,1,Monaco Grand Prix,2023
HAM,71.0,1,Monaco Grand Prix,2023
HAM,72.0,1,Monaco Grand Prix,2023
HAM,73.0,1,Monaco Grand Prix,2023
HAM,74.0,1,Monaco Grand Prix,2023
HAM,75.0,1,Monaco Grand Prix,2023
HAM,76.0,1,Monaco Grand Prix,2023
HAM,77.0,1,Monaco Grand Prix,2023
HAM,78.0,1,Monaco Grand Prix,2023
SAI,1.0,12,Monaco Grand Prix,2023
SAI,2.0,1,Monaco Grand Prix,2023
SAI,3.0,1,Monaco Grand Prix,2023
SAI,4.0,1,Monaco Grand Prix,2023
SAI,5.0,1,Monaco Grand Prix,2023
SAI,6.0,1,Monaco Grand Prix,2023
SAI,7.0,1,Monaco Grand Prix,2023
SAI,8.0,1,Monaco Grand Prix,2023
SAI,9.0,1,Monaco Grand Prix,2023
SAI,10.0,1,Monaco Grand Prix,2023
SAI,11.0,1,Monaco Grand Prix,2023
SAI,12.0,12,Monaco Grand Prix,2023
SAI,13.0,1,Monaco Grand Prix,2023
SAI,14.0,12,Monaco Grand Prix,2023
SAI,15.0,1,Monaco Grand Prix,2023
SAI,16.0,1,Monaco Grand Prix,2023
SAI,17.0,1,Monaco Grand Prix,2023
SAI,18.0,1,Monaco Grand Prix,2023
SAI,19.0,1,Monaco Grand Prix,2023
SAI,20.0,1,Monaco Grand Prix,2023
SAI,21.0,1,Monaco Grand Prix,2023
SAI,22.0,1,Monaco Grand Prix,2023
SAI,23.0,1,Monaco Grand Prix,2023
SAI,24.0,1,Monaco Grand Prix,2023
SAI,25.0,1,Monaco Grand Prix,2023
SAI,26.0,1,Monaco Grand Prix,2023
SAI,27.0,1,Monaco Grand Prix,2023
SAI,28.0,1,Monaco Grand Prix,2023
SAI,29.0,1,Monaco Grand Prix,2023
SAI,30.0,1,Monaco Grand Prix,2023
SAI,31.0,1,Monaco Grand Prix,2023
SAI,32.0,1,Monaco Grand Prix,2023
SAI,33.0,1,Monaco Grand Prix,2023
SAI,34.0,1,Monaco Grand Prix,2023
SAI,35.0,1,Monaco Grand Prix,2023
SAI,36.0,1,Monaco Grand Prix,2023
SAI,37.0,1,Monaco Grand Prix,2023
SAI,38.0,1,Monaco Grand Prix,2023
SAI,39.0,1,Monaco Grand Prix,2023
SAI,40.0,1,Monaco Grand Prix,2023
SAI,41.0,1,Monaco Grand Prix,2023
SAI,42.0,1,Monaco Grand Prix,2023
SAI,43.0,1,Monaco Grand Prix,2023
SAI,44.0,1,Monaco Grand Prix,2023
SAI,45.0,1,Monaco Grand Prix,2023
SAI,46.0,1,Monaco Grand Prix,2023
SAI,47.0,1,Monaco Grand Prix,2023
SAI,48.0,1,Monaco Grand Prix,2023
SAI,49.0,1,Monaco Grand Prix,2023
SAI,50.0,1,Monaco Grand Prix,2023
SAI,51.0,1,Monaco Grand Prix,2023
SAI,52.0,1,Monaco Grand Prix,2023
SAI,53.0,1,Monaco Grand Prix,2023
SAI,54.0,1,Monaco Grand Prix,2023
SAI,55.0,12,Monaco Grand Prix,2023
SAI,56.0,21,Monaco Grand Prix,2023
SAI,57.0,1,Monaco Grand Prix,2023
SAI,58.0,12,Monaco Grand Prix,2023
SAI,59.0,12,Monaco Grand Prix,2023
SAI,60.0,21,Monaco Grand Prix,2023
SAI,61.0,12,Monaco Grand Prix,2023
SAI,62.0,1,Monaco Grand Prix,2023
SAI,63.0,1,Monaco Grand Prix,2023
SAI,64.0,1,Monaco Grand Prix,2023
SAI,65.0,1,Monaco Grand Prix,2023
SAI,66.0,1,Monaco Grand Prix,2023
SAI,67.0,1,Monaco Grand Prix,2023
SAI,68.0,12,Monaco Grand Prix,2023
SAI,69.0,21,Monaco Grand Prix,2023
SAI,70.0,1,Monaco Grand Prix,2023
SAI,71.0,1,Monaco Grand Prix,2023
SAI,72.0,1,Monaco Grand Prix,2023
SAI,73.0,1,Monaco Grand Prix,2023
SAI,74.0,1,Monaco Grand Prix,2023
SAI,75.0,1,Monaco Grand Prix,2023
SAI,76.0,1,Monaco Grand Prix,2023
SAI,77.0,1,Monaco Grand Prix,2023
SAI,78.0,1,Monaco Grand Prix,2023
RUS,1.0,12,Monaco Grand Prix,2023
RUS,2.0,1,Monaco Grand Prix,2023
RUS,3.0,1,Monaco Grand Prix,2023
RUS,4.0,1,Monaco Grand Prix,2023
RUS,5.0,1,Monaco Grand Prix,2023
RUS,6.0,1,Monaco Grand Prix,2023
RUS,7.0,1,Monaco Grand Prix,2023
RUS,8.0,1,Monaco Grand Prix,2023
RUS,9.0,1,Monaco Grand Prix,2023
RUS,10.0,1,Monaco Grand Prix,2023
RUS,11.0,1,Monaco Grand Prix,2023
RUS,12.0,12,Monaco Grand Prix,2023
RUS,13.0,1,Monaco Grand Prix,2023
RUS,14.0,12,Monaco Grand Prix,2023
RUS,15.0,1,Monaco Grand Prix,2023
RUS,16.0,1,Monaco Grand Prix,2023
RUS,17.0,1,Monaco Grand Prix,2023
RUS,18.0,1,Monaco Grand Prix,2023
RUS,19.0,1,Monaco Grand Prix,2023
RUS,20.0,1,Monaco Grand Prix,2023
RUS,21.0,1,Monaco Grand Prix,2023
RUS,22.0,1,Monaco Grand Prix,2023
RUS,23.0,1,Monaco Grand Prix,2023
RUS,24.0,1,Monaco Grand Prix,2023
RUS,25.0,1,Monaco Grand Prix,2023
RUS,26.0,1,Monaco Grand Prix,2023
RUS,27.0,1,Monaco Grand Prix,2023
RUS,28.0,1,Monaco Grand Prix,2023
RUS,29.0,1,Monaco Grand Prix,2023
RUS,30.0,1,Monaco Grand Prix,2023
RUS,31.0,1,Monaco Grand Prix,2023
RUS,32.0,1,Monaco Grand Prix,2023
RUS,33.0,1,Monaco Grand Prix,2023
RUS,34.0,1,Monaco Grand Prix,2023
RUS,35.0,1,Monaco Grand Prix,2023
RUS,36.0,1,Monaco Grand Prix,2023
RUS,37.0,1,Monaco Grand Prix,2023
RUS,38.0,1,Monaco Grand Prix,2023
RUS,39.0,1,Monaco Grand Prix,2023
RUS,40.0,1,Monaco Grand Prix,2023
RUS,41.0,1,Monaco Grand Prix,2023
RUS,42.0,1,Monaco Grand Prix,2023
RUS,43.0,1,Monaco Grand Prix,2023
RUS,44.0,1,Monaco Grand Prix,2023
RUS,45.0,1,Monaco Grand Prix,2023
RUS,46.0,1,Monaco Grand Prix,2023
RUS,47.0,1,Monaco Grand Prix,2023
RUS,48.0,1,Monaco Grand Prix,2023
RUS,49.0,1,Monaco Grand Prix,2023
RUS,50.0,1,Monaco Grand Prix,2023
RUS,51.0,1,Monaco Grand Prix,2023
RUS,52.0,1,Monaco Grand Prix,2023
RUS,53.0,1,Monaco Grand Prix,2023
RUS,54.0,1,Monaco Grand Prix,2023
RUS,55.0,12,Monaco Grand Prix,2023
RUS,56.0,21,Monaco Grand Prix,2023
RUS,57.0,1,Monaco Grand Prix,2023
RUS,58.0,12,Monaco Grand Prix,2023
RUS,59.0,12,Monaco Grand Prix,2023
RUS,60.0,21,Monaco Grand Prix,2023
RUS,61.0,12,Monaco Grand Prix,2023
RUS,62.0,1,Monaco Grand Prix,2023
RUS,63.0,1,Monaco Grand Prix,2023
RUS,64.0,1,Monaco Grand Prix,2023
RUS,65.0,1,Monaco Grand Prix,2023
RUS,66.0,1,Monaco Grand Prix,2023
RUS,67.0,1,Monaco Grand Prix,2023
RUS,68.0,1,Monaco Grand Prix,2023
RUS,69.0,12,Monaco Grand Prix,2023
RUS,70.0,1,Monaco Grand Prix,2023
RUS,71.0,1,Monaco Grand Prix,2023
RUS,72.0,1,Monaco Grand Prix,2023
RUS,73.0,1,Monaco Grand Prix,2023
RUS,74.0,1,Monaco Grand Prix,2023
RUS,75.0,1,Monaco Grand Prix,2023
RUS,76.0,1,Monaco Grand Prix,2023
RUS,77.0,1,Monaco Grand Prix,2023
RUS,78.0,1,Monaco Grand Prix,2023
BOT,1.0,12,Monaco Grand Prix,2023
BOT,2.0,1,Monaco Grand Prix,2023
BOT,3.0,1,Monaco Grand Prix,2023
BOT,4.0,1,Monaco Grand Prix,2023
BOT,5.0,1,Monaco Grand Prix,2023
BOT,6.0,1,Monaco Grand Prix,2023
BOT,7.0,1,Monaco Grand Prix,2023
BOT,8.0,1,Monaco Grand Prix,2023
BOT,9.0,1,Monaco Grand Prix,2023
BOT,10.0,1,Monaco Grand Prix,2023
BOT,11.0,12,Monaco Grand Prix,2023
BOT,12.0,21,Monaco Grand Prix,2023
BOT,13.0,1,Monaco Grand Prix,2023
BOT,14.0,12,Monaco Grand Prix,2023
BOT,15.0,1,Monaco Grand Prix,2023
BOT,16.0,1,Monaco Grand Prix,2023
BOT,17.0,1,Monaco Grand Prix,2023
BOT,18.0,1,Monaco Grand Prix,2023
BOT,19.0,1,Monaco Grand Prix,2023
BOT,20.0,1,Monaco Grand Prix,2023
BOT,21.0,1,Monaco Grand Prix,2023
BOT,22.0,1,Monaco Grand Prix,2023
BOT,23.0,1,Monaco Grand Prix,2023
BOT,24.0,1,Monaco Grand Prix,2023
BOT,25.0,1,Monaco Grand Prix,2023
BOT,26.0,1,Monaco Grand Prix,2023
BOT,27.0,1,Monaco Grand Prix,2023
BOT,28.0,1,Monaco Grand Prix,2023
BOT,29.0,1,Monaco Grand Prix,2023
BOT,30.0,1,Monaco Grand Prix,2023
BOT,31.0,1,Monaco Grand Prix,2023
BOT,32.0,1,Monaco Grand Prix,2023
BOT,33.0,1,Monaco Grand Prix,2023
BOT,34.0,1,Monaco Grand Prix,2023
BOT,35.0,1,Monaco Grand Prix,2023
BOT,36.0,1,Monaco Grand Prix,2023
BOT,37.0,1,Monaco Grand Prix,2023
BOT,38.0,1,Monaco Grand Prix,2023
BOT,39.0,1,Monaco Grand Prix,2023
BOT,40.0,1,Monaco Grand Prix,2023
BOT,41.0,1,Monaco Grand Prix,2023
BOT,42.0,1,Monaco Grand Prix,2023
BOT,43.0,1,Monaco Grand Prix,2023
BOT,44.0,1,Monaco Grand Prix,2023
BOT,45.0,1,Monaco Grand Prix,2023
BOT,46.0,1,Monaco Grand Prix,2023
BOT,47.0,1,Monaco Grand Prix,2023
BOT,48.0,1,Monaco Grand Prix,2023
BOT,49.0,1,Monaco Grand Prix,2023
BOT,50.0,1,Monaco Grand Prix,2023
BOT,51.0,1,Monaco Grand Prix,2023
BOT,52.0,1,Monaco Grand Prix,2023
BOT,53.0,1,Monaco Grand Prix,2023
BOT,54.0,12,Monaco Grand Prix,2023
BOT,55.0,21,Monaco Grand Prix,2023
BOT,56.0,1,Monaco Grand Prix,2023
BOT,57.0,12,Monaco Grand Prix,2023
BOT,58.0,12,Monaco Grand Prix,2023
BOT,59.0,12,Monaco Grand Prix,2023
BOT,60.0,12,Monaco Grand Prix,2023
BOT,61.0,1,Monaco Grand Prix,2023
BOT,62.0,1,Monaco Grand Prix,2023
BOT,63.0,1,Monaco Grand Prix,2023
BOT,64.0,1,Monaco Grand Prix,2023
BOT,65.0,1,Monaco Grand Prix,2023
BOT,66.0,1,Monaco Grand Prix,2023
BOT,67.0,1,Monaco Grand Prix,2023
BOT,68.0,12,Monaco Grand Prix,2023
BOT,69.0,1,Monaco Grand Prix,2023
BOT,70.0,1,Monaco Grand Prix,2023
BOT,71.0,1,Monaco Grand Prix,2023
BOT,72.0,1,Monaco Grand Prix,2023
BOT,73.0,1,Monaco Grand Prix,2023
BOT,74.0,1,Monaco Grand Prix,2023
BOT,75.0,1,Monaco Grand Prix,2023
BOT,76.0,1,Monaco Grand Prix,2023
BOT,77.0,1,Monaco Grand Prix,2023
PIA,1.0,12,Monaco Grand Prix,2023
PIA,2.0,1,Monaco Grand Prix,2023
PIA,3.0,1,Monaco Grand Prix,2023
PIA,4.0,1,Monaco Grand Prix,2023
PIA,5.0,1,Monaco Grand Prix,2023
PIA,6.0,1,Monaco Grand Prix,2023
PIA,7.0,1,Monaco Grand Prix,2023
PIA,8.0,1,Monaco Grand Prix,2023
PIA,9.0,1,Monaco Grand Prix,2023
PIA,10.0,1,Monaco Grand Prix,2023
PIA,11.0,1,Monaco Grand Prix,2023
PIA,12.0,12,Monaco Grand Prix,2023
PIA,13.0,1,Monaco Grand Prix,2023
PIA,14.0,12,Monaco Grand Prix,2023
PIA,15.0,1,Monaco Grand Prix,2023
PIA,16.0,1,Monaco Grand Prix,2023
PIA,17.0,1,Monaco Grand Prix,2023
PIA,18.0,1,Monaco Grand Prix,2023
PIA,19.0,1,Monaco Grand Prix,2023
PIA,20.0,1,Monaco Grand Prix,2023
PIA,21.0,1,Monaco Grand Prix,2023
PIA,22.0,1,Monaco Grand Prix,2023
PIA,23.0,1,Monaco Grand Prix,2023
PIA,24.0,1,Monaco Grand Prix,2023
PIA,25.0,1,Monaco Grand Prix,2023
PIA,26.0,1,Monaco Grand Prix,2023
PIA,27.0,1,Monaco Grand Prix,2023
PIA,28.0,1,Monaco Grand Prix,2023
PIA,29.0,1,Monaco Grand Prix,2023
PIA,30.0,1,Monaco Grand Prix,2023
PIA,31.0,1,Monaco Grand Prix,2023
PIA,32.0,1,Monaco Grand Prix,2023
PIA,33.0,1,Monaco Grand Prix,2023
PIA,34.0,1,Monaco Grand Prix,2023
PIA,35.0,1,Monaco Grand Prix,2023
PIA,36.0,1,Monaco Grand Prix,2023
PIA,37.0,1,Monaco Grand Prix,2023
PIA,38.0,1,Monaco Grand Prix,2023
PIA,39.0,1,Monaco Grand Prix,2023
PIA,40.0,1,Monaco Grand Prix,2023
PIA,41.0,1,Monaco Grand Prix,2023
PIA,42.0,1,Monaco Grand Prix,2023
PIA,43.0,1,Monaco Grand Prix,2023
PIA,44.0,1,Monaco Grand Prix,2023
PIA,45.0,1,Monaco Grand Prix,2023
PIA,46.0,1,Monaco Grand Prix,2023
PIA,47.0,1,Monaco Grand Prix,2023
PIA,48.0,1,Monaco Grand Prix,2023
PIA,49.0,1,Monaco Grand Prix,2023
PIA,50.0,1,Monaco Grand Prix,2023
PIA,51.0,1,Monaco Grand Prix,2023
PIA,52.0,1,Monaco Grand Prix,2023
PIA,53.0,1,Monaco Grand Prix,2023
PIA,54.0,12,Monaco Grand Prix,2023
PIA,55.0,21,Monaco Grand Prix,2023
PIA,56.0,1,Monaco Grand Prix,2023
PIA,57.0,12,Monaco Grand Prix,2023
PIA,58.0,12,Monaco Grand Prix,2023
PIA,59.0,12,Monaco Grand Prix,2023
PIA,60.0,12,Monaco Grand Prix,2023
PIA,61.0,1,Monaco Grand Prix,2023
PIA,62.0,1,Monaco Grand Prix,2023
PIA,63.0,1,Monaco Grand Prix,2023
PIA,64.0,1,Monaco Grand Prix,2023
PIA,65.0,1,Monaco Grand Prix,2023
PIA,66.0,1,Monaco Grand Prix,2023
PIA,67.0,1,Monaco Grand Prix,2023
PIA,68.0,12,Monaco Grand Prix,2023
PIA,69.0,1,Monaco Grand Prix,2023
PIA,70.0,1,Monaco Grand Prix,2023
PIA,71.0,1,Monaco Grand Prix,2023
PIA,72.0,1,Monaco Grand Prix,2023
PIA,73.0,1,Monaco Grand Prix,2023
PIA,74.0,1,Monaco Grand Prix,2023
PIA,75.0,1,Monaco Grand Prix,2023
PIA,76.0,1,Monaco Grand Prix,2023
PIA,77.0,1,Monaco Grand Prix,2023
VER,1.0,1,Spanish Grand Prix,2023
VER,2.0,1,Spanish Grand Prix,2023
VER,3.0,1,Spanish Grand Prix,2023
VER,4.0,1,Spanish Grand Prix,2023
VER,5.0,1,Spanish Grand Prix,2023
VER,6.0,1,Spanish Grand Prix,2023
VER,7.0,1,Spanish Grand Prix,2023
VER,8.0,1,Spanish Grand Prix,2023
VER,9.0,1,Spanish Grand Prix,2023
VER,10.0,1,Spanish Grand Prix,2023
VER,11.0,1,Spanish Grand Prix,2023
VER,12.0,1,Spanish Grand Prix,2023
VER,13.0,1,Spanish Grand Prix,2023
VER,14.0,1,Spanish Grand Prix,2023
VER,15.0,1,Spanish Grand Prix,2023
VER,16.0,1,Spanish Grand Prix,2023
VER,17.0,1,Spanish Grand Prix,2023
VER,18.0,1,Spanish Grand Prix,2023
VER,19.0,1,Spanish Grand Prix,2023
VER,20.0,1,Spanish Grand Prix,2023
VER,21.0,1,Spanish Grand Prix,2023
VER,22.0,1,Spanish Grand Prix,2023
VER,23.0,1,Spanish Grand Prix,2023
VER,24.0,1,Spanish Grand Prix,2023
VER,25.0,1,Spanish Grand Prix,2023
VER,26.0,1,Spanish Grand Prix,2023
VER,27.0,1,Spanish Grand Prix,2023
VER,28.0,1,Spanish Grand Prix,2023
VER,29.0,1,Spanish Grand Prix,2023
VER,30.0,1,Spanish Grand Prix,2023
VER,31.0,1,Spanish Grand Prix,2023
VER,32.0,1,Spanish Grand Prix,2023
VER,33.0,1,Spanish Grand Prix,2023
VER,34.0,1,Spanish Grand Prix,2023
VER,35.0,1,Spanish Grand Prix,2023
VER,36.0,1,Spanish Grand Prix,2023
VER,37.0,1,Spanish Grand Prix,2023
VER,38.0,1,Spanish Grand Prix,2023
VER,39.0,1,Spanish Grand Prix,2023
VER,40.0,1,Spanish Grand Prix,2023
VER,41.0,1,Spanish Grand Prix,2023
VER,42.0,1,Spanish Grand Prix,2023
VER,43.0,1,Spanish Grand Prix,2023
VER,44.0,1,Spanish Grand Prix,2023
VER,45.0,1,Spanish Grand Prix,2023
VER,46.0,1,Spanish Grand Prix,2023
VER,47.0,1,Spanish Grand Prix,2023
VER,48.0,1,Spanish Grand Prix,2023
VER,49.0,1,Spanish Grand Prix,2023
VER,50.0,1,Spanish Grand Prix,2023
VER,51.0,1,Spanish Grand Prix,2023
VER,52.0,1,Spanish Grand Prix,2023
VER,53.0,1,Spanish Grand Prix,2023
VER,54.0,1,Spanish Grand Prix,2023
VER,55.0,1,Spanish Grand Prix,2023
VER,56.0,1,Spanish Grand Prix,2023
VER,57.0,1,Spanish Grand Prix,2023
VER,58.0,1,Spanish Grand Prix,2023
VER,59.0,1,Spanish Grand Prix,2023
VER,60.0,1,Spanish Grand Prix,2023
VER,61.0,1,Spanish Grand Prix,2023
VER,62.0,1,Spanish Grand Prix,2023
VER,63.0,1,Spanish Grand Prix,2023
VER,64.0,1,Spanish Grand Prix,2023
VER,65.0,1,Spanish Grand Prix,2023
VER,66.0,1,Spanish Grand Prix,2023
HAM,1.0,1,Spanish Grand Prix,2023
HAM,2.0,1,Spanish Grand Prix,2023
HAM,3.0,1,Spanish Grand Prix,2023
HAM,4.0,1,Spanish Grand Prix,2023
HAM,5.0,1,Spanish Grand Prix,2023
HAM,6.0,1,Spanish Grand Prix,2023
HAM,7.0,1,Spanish Grand Prix,2023
HAM,8.0,1,Spanish Grand Prix,2023
HAM,9.0,1,Spanish Grand Prix,2023
HAM,10.0,1,Spanish Grand Prix,2023
HAM,11.0,1,Spanish Grand Prix,2023
HAM,12.0,1,Spanish Grand Prix,2023
HAM,13.0,1,Spanish Grand Prix,2023
HAM,14.0,1,Spanish Grand Prix,2023
HAM,15.0,1,Spanish Grand Prix,2023
HAM,16.0,1,Spanish Grand Prix,2023
HAM,17.0,1,Spanish Grand Prix,2023
HAM,18.0,1,Spanish Grand Prix,2023
HAM,19.0,1,Spanish Grand Prix,2023
HAM,20.0,1,Spanish Grand Prix,2023
HAM,21.0,1,Spanish Grand Prix,2023
HAM,22.0,1,Spanish Grand Prix,2023
HAM,23.0,1,Spanish Grand Prix,2023
HAM,24.0,1,Spanish Grand Prix,2023
HAM,25.0,1,Spanish Grand Prix,2023
HAM,26.0,1,Spanish Grand Prix,2023
HAM,27.0,1,Spanish Grand Prix,2023
HAM,28.0,1,Spanish Grand Prix,2023
HAM,29.0,1,Spanish Grand Prix,2023
HAM,30.0,1,Spanish Grand Prix,2023
HAM,31.0,1,Spanish Grand Prix,2023
HAM,32.0,1,Spanish Grand Prix,2023
HAM,33.0,1,Spanish Grand Prix,2023
HAM,34.0,1,Spanish Grand Prix,2023
HAM,35.0,1,Spanish Grand Prix,2023
HAM,36.0,1,Spanish Grand Prix,2023
HAM,37.0,1,Spanish Grand Prix,2023
HAM,38.0,1,Spanish Grand Prix,2023
HAM,39.0,1,Spanish Grand Prix,2023
HAM,40.0,1,Spanish Grand Prix,2023
HAM,41.0,1,Spanish Grand Prix,2023
HAM,42.0,1,Spanish Grand Prix,2023
HAM,43.0,1,Spanish Grand Prix,2023
HAM,44.0,1,Spanish Grand Prix,2023
HAM,45.0,1,Spanish Grand Prix,2023
HAM,46.0,1,Spanish Grand Prix,2023
HAM,47.0,1,Spanish Grand Prix,2023
HAM,48.0,1,Spanish Grand Prix,2023
HAM,49.0,1,Spanish Grand Prix,2023
HAM,50.0,1,Spanish Grand Prix,2023
HAM,51.0,1,Spanish Grand Prix,2023
HAM,52.0,1,Spanish Grand Prix,2023
HAM,53.0,1,Spanish Grand Prix,2023
HAM,54.0,1,Spanish Grand Prix,2023
HAM,55.0,1,Spanish Grand Prix,2023
HAM,56.0,1,Spanish Grand Prix,2023
HAM,57.0,1,Spanish Grand Prix,2023
HAM,58.0,1,Spanish Grand Prix,2023
HAM,59.0,1,Spanish Grand Prix,2023
HAM,60.0,1,Spanish Grand Prix,2023
HAM,61.0,1,Spanish Grand Prix,2023
HAM,62.0,1,Spanish Grand Prix,2023
HAM,63.0,1,Spanish Grand Prix,2023
HAM,64.0,1,Spanish Grand Prix,2023
HAM,65.0,1,Spanish Grand Prix,2023
HAM,66.0,1,Spanish Grand Prix,2023
RUS,1.0,1,Spanish Grand Prix,2023
RUS,2.0,1,Spanish Grand Prix,2023
RUS,3.0,1,Spanish Grand Prix,2023
RUS,4.0,1,Spanish Grand Prix,2023
RUS,5.0,1,Spanish Grand Prix,2023
RUS,6.0,1,Spanish Grand Prix,2023
RUS,7.0,1,Spanish Grand Prix,2023
RUS,8.0,1,Spanish Grand Prix,2023
RUS,9.0,1,Spanish Grand Prix,2023
RUS,10.0,1,Spanish Grand Prix,2023
RUS,11.0,1,Spanish Grand Prix,2023
RUS,12.0,1,Spanish Grand Prix,2023
RUS,13.0,1,Spanish Grand Prix,2023
RUS,14.0,1,Spanish Grand Prix,2023
RUS,15.0,1,Spanish Grand Prix,2023
RUS,16.0,1,Spanish Grand Prix,2023
RUS,17.0,1,Spanish Grand Prix,2023
RUS,18.0,1,Spanish Grand Prix,2023
RUS,19.0,1,Spanish Grand Prix,2023
RUS,20.0,1,Spanish Grand Prix,2023
RUS,21.0,1,Spanish Grand Prix,2023
RUS,22.0,1,Spanish Grand Prix,2023
RUS,23.0,1,Spanish Grand Prix,2023
RUS,24.0,1,Spanish Grand Prix,2023
RUS,25.0,1,Spanish Grand Prix,2023
RUS,26.0,1,Spanish Grand Prix,2023
RUS,27.0,1,Spanish Grand Prix,2023
RUS,28.0,1,Spanish Grand Prix,2023
RUS,29.0,1,Spanish Grand Prix,2023
RUS,30.0,1,Spanish Grand Prix,2023
RUS,31.0,1,Spanish Grand Prix,2023
RUS,32.0,1,Spanish Grand Prix,2023
RUS,33.0,1,Spanish Grand Prix,2023
RUS,34.0,1,Spanish Grand Prix,2023
RUS,35.0,1,Spanish Grand Prix,2023
RUS,36.0,1,Spanish Grand Prix,2023
RUS,37.0,1,Spanish Grand Prix,2023
RUS,38.0,1,Spanish Grand Prix,2023
RUS,39.0,1,Spanish Grand Prix,2023
RUS,40.0,1,Spanish Grand Prix,2023
RUS,41.0,1,Spanish Grand Prix,2023
RUS,42.0,1,Spanish Grand Prix,2023
RUS,43.0,1,Spanish Grand Prix,2023
RUS,44.0,1,Spanish Grand Prix,2023
RUS,45.0,1,Spanish Grand Prix,2023
RUS,46.0,1,Spanish Grand Prix,2023
RUS,47.0,1,Spanish Grand Prix,2023
RUS,48.0,1,Spanish Grand Prix,2023
RUS,49.0,1,Spanish Grand Prix,2023
RUS,50.0,1,Spanish Grand Prix,2023
RUS,51.0,1,Spanish Grand Prix,2023
RUS,52.0,1,Spanish Grand Prix,2023
RUS,53.0,1,Spanish Grand Prix,2023
RUS,54.0,1,Spanish Grand Prix,2023
RUS,55.0,1,Spanish Grand Prix,2023
RUS,56.0,1,Spanish Grand Prix,2023
RUS,57.0,1,Spanish Grand Prix,2023
RUS,58.0,1,Spanish Grand Prix,2023
RUS,59.0,1,Spanish Grand Prix,2023
RUS,60.0,1,Spanish Grand Prix,2023
RUS,61.0,1,Spanish Grand Prix,2023
RUS,62.0,1,Spanish Grand Prix,2023
RUS,63.0,1,Spanish Grand Prix,2023
RUS,64.0,1,Spanish Grand Prix,2023
RUS,65.0,1,Spanish Grand Prix,2023
RUS,66.0,1,Spanish Grand Prix,2023
PER,1.0,1,Spanish Grand Prix,2023
PER,2.0,1,Spanish Grand Prix,2023
PER,3.0,1,Spanish Grand Prix,2023
PER,4.0,1,Spanish Grand Prix,2023
PER,5.0,1,Spanish Grand Prix,2023
PER,6.0,1,Spanish Grand Prix,2023
PER,7.0,1,Spanish Grand Prix,2023
PER,8.0,1,Spanish Grand Prix,2023
PER,9.0,1,Spanish Grand Prix,2023
PER,10.0,1,Spanish Grand Prix,2023
PER,11.0,1,Spanish Grand Prix,2023
PER,12.0,1,Spanish Grand Prix,2023
PER,13.0,1,Spanish Grand Prix,2023
PER,14.0,1,Spanish Grand Prix,2023
PER,15.0,1,Spanish Grand Prix,2023
PER,16.0,1,Spanish Grand Prix,2023
PER,17.0,1,Spanish Grand Prix,2023
PER,18.0,1,Spanish Grand Prix,2023
PER,19.0,1,Spanish Grand Prix,2023
PER,20.0,1,Spanish Grand Prix,2023
PER,21.0,1,Spanish Grand Prix,2023
PER,22.0,1,Spanish Grand Prix,2023
PER,23.0,1,Spanish Grand Prix,2023
PER,24.0,1,Spanish Grand Prix,2023
PER,25.0,1,Spanish Grand Prix,2023
PER,26.0,1,Spanish Grand Prix,2023
PER,27.0,1,Spanish Grand Prix,2023
PER,28.0,1,Spanish Grand Prix,2023
PER,29.0,1,Spanish Grand Prix,2023
PER,30.0,1,Spanish Grand Prix,2023
PER,31.0,1,Spanish Grand Prix,2023
PER,32.0,1,Spanish Grand Prix,2023
PER,33.0,1,Spanish Grand Prix,2023
PER,34.0,1,Spanish Grand Prix,2023
PER,35.0,1,Spanish Grand Prix,2023
PER,36.0,1,Spanish Grand Prix,2023
PER,37.0,1,Spanish Grand Prix,2023
PER,38.0,1,Spanish Grand Prix,2023
PER,39.0,1,Spanish Grand Prix,2023
PER,40.0,1,Spanish Grand Prix,2023
PER,41.0,1,Spanish Grand Prix,2023
PER,42.0,1,Spanish Grand Prix,2023
PER,43.0,1,Spanish Grand Prix,2023
PER,44.0,1,Spanish Grand Prix,2023
PER,45.0,1,Spanish Grand Prix,2023
PER,46.0,1,Spanish Grand Prix,2023
PER,47.0,1,Spanish Grand Prix,2023
PER,48.0,1,Spanish Grand Prix,2023
PER,49.0,1,Spanish Grand Prix,2023
PER,50.0,1,Spanish Grand Prix,2023
PER,51.0,1,Spanish Grand Prix,2023
PER,52.0,1,Spanish Grand Prix,2023
PER,53.0,1,Spanish Grand Prix,2023
PER,54.0,1,Spanish Grand Prix,2023
PER,55.0,1,Spanish Grand Prix,2023
PER,56.0,1,Spanish Grand Prix,2023
PER,57.0,1,Spanish Grand Prix,2023
PER,58.0,1,Spanish Grand Prix,2023
PER,59.0,1,Spanish Grand Prix,2023
PER,60.0,1,Spanish Grand Prix,2023
PER,61.0,1,Spanish Grand Prix,2023
PER,62.0,1,Spanish Grand Prix,2023
PER,63.0,1,Spanish Grand Prix,2023
PER,64.0,1,Spanish Grand Prix,2023
PER,65.0,1,Spanish Grand Prix,2023
PER,66.0,1,Spanish Grand Prix,2023
SAI,1.0,1,Spanish Grand Prix,2023
SAI,2.0,1,Spanish Grand Prix,2023
SAI,3.0,1,Spanish Grand Prix,2023
SAI,4.0,1,Spanish Grand Prix,2023
SAI,5.0,1,Spanish Grand Prix,2023
SAI,6.0,1,Spanish Grand Prix,2023
SAI,7.0,1,Spanish Grand Prix,2023
SAI,8.0,1,Spanish Grand Prix,2023
SAI,9.0,1,Spanish Grand Prix,2023
SAI,10.0,1,Spanish Grand Prix,2023
SAI,11.0,1,Spanish Grand Prix,2023
SAI,12.0,1,Spanish Grand Prix,2023
SAI,13.0,1,Spanish Grand Prix,2023
SAI,14.0,1,Spanish Grand Prix,2023
SAI,15.0,1,Spanish Grand Prix,2023
SAI,16.0,1,Spanish Grand Prix,2023
SAI,17.0,1,Spanish Grand Prix,2023
SAI,18.0,1,Spanish Grand Prix,2023
SAI,19.0,1,Spanish Grand Prix,2023
SAI,20.0,1,Spanish Grand Prix,2023
SAI,21.0,1,Spanish Grand Prix,2023
SAI,22.0,1,Spanish Grand Prix,2023
SAI,23.0,1,Spanish Grand Prix,2023
SAI,24.0,1,Spanish Grand Prix,2023
SAI,25.0,1,Spanish Grand Prix,2023
SAI,26.0,1,Spanish Grand Prix,2023
SAI,27.0,1,Spanish Grand Prix,2023
SAI,28.0,1,Spanish Grand Prix,2023
SAI,29.0,1,Spanish Grand Prix,2023
SAI,30.0,1,Spanish Grand Prix,2023
SAI,31.0,1,Spanish Grand Prix,2023
SAI,32.0,1,Spanish Grand Prix,2023
SAI,33.0,1,Spanish Grand Prix,2023
SAI,34.0,1,Spanish Grand Prix,2023
SAI,35.0,1,Spanish Grand Prix,2023
SAI,36.0,1,Spanish Grand Prix,2023
SAI,37.0,1,Spanish Grand Prix,2023
SAI,38.0,1,Spanish Grand Prix,2023
SAI,39.0,1,Spanish Grand Prix,2023
SAI,40.0,1,Spanish Grand Prix,2023
SAI,41.0,1,Spanish Grand Prix,2023
SAI,42.0,1,Spanish Grand Prix,2023
SAI,43.0,1,Spanish Grand Prix,2023
SAI,44.0,1,Spanish Grand Prix,2023
SAI,45.0,1,Spanish Grand Prix,2023
SAI,46.0,1,Spanish Grand Prix,2023
SAI,47.0,1,Spanish Grand Prix,2023
SAI,48.0,1,Spanish Grand Prix,2023
SAI,49.0,1,Spanish Grand Prix,2023
SAI,50.0,1,Spanish Grand Prix,2023
SAI,51.0,1,Spanish Grand Prix,2023
SAI,52.0,1,Spanish Grand Prix,2023
SAI,53.0,1,Spanish Grand Prix,2023
SAI,54.0,1,Spanish Grand Prix,2023
SAI,55.0,1,Spanish Grand Prix,2023
SAI,56.0,1,Spanish Grand Prix,2023
SAI,57.0,1,Spanish Grand Prix,2023
SAI,58.0,1,Spanish Grand Prix,2023
SAI,59.0,1,Spanish Grand Prix,2023
SAI,60.0,1,Spanish Grand Prix,2023
SAI,61.0,1,Spanish Grand Prix,2023
SAI,62.0,1,Spanish Grand Prix,2023
SAI,63.0,1,Spanish Grand Prix,2023
SAI,64.0,1,Spanish Grand Prix,2023
SAI,65.0,1,Spanish Grand Prix,2023
SAI,66.0,1,Spanish Grand Prix,2023
STR,1.0,1,Spanish Grand Prix,2023
STR,2.0,1,Spanish Grand Prix,2023
STR,3.0,1,Spanish Grand Prix,2023
STR,4.0,1,Spanish Grand Prix,2023
STR,5.0,1,Spanish Grand Prix,2023
STR,6.0,1,Spanish Grand Prix,2023
STR,7.0,1,Spanish Grand Prix,2023
STR,8.0,1,Spanish Grand Prix,2023
STR,9.0,1,Spanish Grand Prix,2023
STR,10.0,1,Spanish Grand Prix,2023
STR,11.0,1,Spanish Grand Prix,2023
STR,12.0,1,Spanish Grand Prix,2023
STR,13.0,1,Spanish Grand Prix,2023
STR,14.0,1,Spanish Grand Prix,2023
STR,15.0,1,Spanish Grand Prix,2023
STR,16.0,1,Spanish Grand Prix,2023
STR,17.0,1,Spanish Grand Prix,2023
STR,18.0,1,Spanish Grand Prix,2023
STR,19.0,1,Spanish Grand Prix,2023
STR,20.0,1,Spanish Grand Prix,2023
STR,21.0,1,Spanish Grand Prix,2023
STR,22.0,1,Spanish Grand Prix,2023
STR,23.0,1,Spanish Grand Prix,2023
STR,24.0,1,Spanish Grand Prix,2023
STR,25.0,1,Spanish Grand Prix,2023
STR,26.0,1,Spanish Grand Prix,2023
STR,27.0,1,Spanish Grand Prix,2023
STR,28.0,1,Spanish Grand Prix,2023
STR,29.0,1,Spanish Grand Prix,2023
STR,30.0,1,Spanish Grand Prix,2023
STR,31.0,1,Spanish Grand Prix,2023
STR,32.0,1,Spanish Grand Prix,2023
STR,33.0,1,Spanish Grand Prix,2023
STR,34.0,1,Spanish Grand Prix,2023
STR,35.0,1,Spanish Grand Prix,2023
STR,36.0,1,Spanish Grand Prix,2023
STR,37.0,1,Spanish Grand Prix,2023
STR,38.0,1,Spanish Grand Prix,2023
STR,39.0,1,Spanish Grand Prix,2023
STR,40.0,1,Spanish Grand Prix,2023
STR,41.0,1,Spanish Grand Prix,2023
STR,42.0,1,Spanish Grand Prix,2023
STR,43.0,1,Spanish Grand Prix,2023
STR,44.0,1,Spanish Grand Prix,2023
STR,45.0,1,Spanish Grand Prix,2023
STR,46.0,1,Spanish Grand Prix,2023
STR,47.0,1,Spanish Grand Prix,2023
STR,48.0,1,Spanish Grand Prix,2023
STR,49.0,1,Spanish Grand Prix,2023
STR,50.0,1,Spanish Grand Prix,2023
STR,51.0,1,Spanish Grand Prix,2023
STR,52.0,1,Spanish Grand Prix,2023
STR,53.0,1,Spanish Grand Prix,2023
STR,54.0,1,Spanish Grand Prix,2023
STR,55.0,1,Spanish Grand Prix,2023
STR,56.0,1,Spanish Grand Prix,2023
STR,57.0,1,Spanish Grand Prix,2023
STR,58.0,1,Spanish Grand Prix,2023
STR,59.0,1,Spanish Grand Prix,2023
STR,60.0,1,Spanish Grand Prix,2023
STR,61.0,1,Spanish Grand Prix,2023
STR,62.0,1,Spanish Grand Prix,2023
STR,63.0,1,Spanish Grand Prix,2023
STR,64.0,1,Spanish Grand Prix,2023
STR,65.0,1,Spanish Grand Prix,2023
STR,66.0,1,Spanish Grand Prix,2023
ALO,1.0,1,Spanish Grand Prix,2023
ALO,2.0,1,Spanish Grand Prix,2023
ALO,3.0,1,Spanish Grand Prix,2023
ALO,4.0,1,Spanish Grand Prix,2023
ALO,5.0,1,Spanish Grand Prix,2023
ALO,6.0,1,Spanish Grand Prix,2023
ALO,7.0,1,Spanish Grand Prix,2023
ALO,8.0,1,Spanish Grand Prix,2023
ALO,9.0,1,Spanish Grand Prix,2023
ALO,10.0,1,Spanish Grand Prix,2023
ALO,11.0,1,Spanish Grand Prix,2023
ALO,12.0,1,Spanish Grand Prix,2023
ALO,13.0,1,Spanish Grand Prix,2023
ALO,14.0,1,Spanish Grand Prix,2023
ALO,15.0,1,Spanish Grand Prix,2023
ALO,16.0,1,Spanish Grand Prix,2023
ALO,17.0,1,Spanish Grand Prix,2023
ALO,18.0,1,Spanish Grand Prix,2023
ALO,19.0,1,Spanish Grand Prix,2023
ALO,20.0,1,Spanish Grand Prix,2023
ALO,21.0,1,Spanish Grand Prix,2023
ALO,22.0,1,Spanish Grand Prix,2023
ALO,23.0,1,Spanish Grand Prix,2023
ALO,24.0,1,Spanish Grand Prix,2023
ALO,25.0,1,Spanish Grand Prix,2023
ALO,26.0,1,Spanish Grand Prix,2023
ALO,27.0,1,Spanish Grand Prix,2023
ALO,28.0,1,Spanish Grand Prix,2023
ALO,29.0,1,Spanish Grand Prix,2023
ALO,30.0,1,Spanish Grand Prix,2023
ALO,31.0,1,Spanish Grand Prix,2023
ALO,32.0,1,Spanish Grand Prix,2023
ALO,33.0,1,Spanish Grand Prix,2023
ALO,34.0,1,Spanish Grand Prix,2023
ALO,35.0,1,Spanish Grand Prix,2023
ALO,36.0,1,Spanish Grand Prix,2023
ALO,37.0,1,Spanish Grand Prix,2023
ALO,38.0,1,Spanish Grand Prix,2023
ALO,39.0,1,Spanish Grand Prix,2023
ALO,40.0,1,Spanish Grand Prix,2023
ALO,41.0,1,Spanish Grand Prix,2023
ALO,42.0,1,Spanish Grand Prix,2023
ALO,43.0,1,Spanish Grand Prix,2023
ALO,44.0,1,Spanish Grand Prix,2023
ALO,45.0,1,Spanish Grand Prix,2023
ALO,46.0,1,Spanish Grand Prix,2023
ALO,47.0,1,Spanish Grand Prix,2023
ALO,48.0,1,Spanish Grand Prix,2023
ALO,49.0,1,Spanish Grand Prix,2023
ALO,50.0,1,Spanish Grand Prix,2023
ALO,51.0,1,Spanish Grand Prix,2023
ALO,52.0,1,Spanish Grand Prix,2023
ALO,53.0,1,Spanish Grand Prix,2023
ALO,54.0,1,Spanish Grand Prix,2023
ALO,55.0,1,Spanish Grand Prix,2023
ALO,56.0,1,Spanish Grand Prix,2023
ALO,57.0,1,Spanish Grand Prix,2023
ALO,58.0,1,Spanish Grand Prix,2023
ALO,59.0,1,Spanish Grand Prix,2023
ALO,60.0,1,Spanish Grand Prix,2023
ALO,61.0,1,Spanish Grand Prix,2023
ALO,62.0,1,Spanish Grand Prix,2023
ALO,63.0,1,Spanish Grand Prix,2023
ALO,64.0,1,Spanish Grand Prix,2023
ALO,65.0,1,Spanish Grand Prix,2023
ALO,66.0,1,Spanish Grand Prix,2023
OCO,1.0,1,Spanish Grand Prix,2023
OCO,2.0,1,Spanish Grand Prix,2023
OCO,3.0,1,Spanish Grand Prix,2023
OCO,4.0,1,Spanish Grand Prix,2023
OCO,5.0,1,Spanish Grand Prix,2023
OCO,6.0,1,Spanish Grand Prix,2023
OCO,7.0,1,Spanish Grand Prix,2023
OCO,8.0,1,Spanish Grand Prix,2023
OCO,9.0,1,Spanish Grand Prix,2023
OCO,10.0,1,Spanish Grand Prix,2023
OCO,11.0,1,Spanish Grand Prix,2023
OCO,12.0,1,Spanish Grand Prix,2023
OCO,13.0,1,Spanish Grand Prix,2023
OCO,14.0,1,Spanish Grand Prix,2023
OCO,15.0,1,Spanish Grand Prix,2023
OCO,16.0,1,Spanish Grand Prix,2023
OCO,17.0,1,Spanish Grand Prix,2023
OCO,18.0,1,Spanish Grand Prix,2023
OCO,19.0,1,Spanish Grand Prix,2023
OCO,20.0,1,Spanish Grand Prix,2023
OCO,21.0,1,Spanish Grand Prix,2023
OCO,22.0,1,Spanish Grand Prix,2023
OCO,23.0,1,Spanish Grand Prix,2023
OCO,24.0,1,Spanish Grand Prix,2023
OCO,25.0,1,Spanish Grand Prix,2023
OCO,26.0,1,Spanish Grand Prix,2023
OCO,27.0,1,Spanish Grand Prix,2023
OCO,28.0,1,Spanish Grand Prix,2023
OCO,29.0,1,Spanish Grand Prix,2023
OCO,30.0,1,Spanish Grand Prix,2023
OCO,31.0,1,Spanish Grand Prix,2023
OCO,32.0,1,Spanish Grand Prix,2023
OCO,33.0,1,Spanish Grand Prix,2023
OCO,34.0,1,Spanish Grand Prix,2023
OCO,35.0,1,Spanish Grand Prix,2023
OCO,36.0,1,Spanish Grand Prix,2023
OCO,37.0,1,Spanish Grand Prix,2023
OCO,38.0,1,Spanish Grand Prix,2023
OCO,39.0,1,Spanish Grand Prix,2023
OCO,40.0,1,Spanish Grand Prix,2023
OCO,41.0,1,Spanish Grand Prix,2023
OCO,42.0,1,Spanish Grand Prix,2023
OCO,43.0,1,Spanish Grand Prix,2023
OCO,44.0,1,Spanish Grand Prix,2023
OCO,45.0,1,Spanish Grand Prix,2023
OCO,46.0,1,Spanish Grand Prix,2023
OCO,47.0,1,Spanish Grand Prix,2023
OCO,48.0,1,Spanish Grand Prix,2023
OCO,49.0,1,Spanish Grand Prix,2023
OCO,50.0,1,Spanish Grand Prix,2023
OCO,51.0,1,Spanish Grand Prix,2023
OCO,52.0,1,Spanish Grand Prix,2023
OCO,53.0,1,Spanish Grand Prix,2023
OCO,54.0,1,Spanish Grand Prix,2023
OCO,55.0,1,Spanish Grand Prix,2023
OCO,56.0,1,Spanish Grand Prix,2023
OCO,57.0,1,Spanish Grand Prix,2023
OCO,58.0,1,Spanish Grand Prix,2023
OCO,59.0,1,Spanish Grand Prix,2023
OCO,60.0,1,Spanish Grand Prix,2023
OCO,61.0,1,Spanish Grand Prix,2023
OCO,62.0,1,Spanish Grand Prix,2023
OCO,63.0,1,Spanish Grand Prix,2023
OCO,64.0,1,Spanish Grand Prix,2023
OCO,65.0,1,Spanish Grand Prix,2023
OCO,66.0,1,Spanish Grand Prix,2023
ZHO,1.0,1,Spanish Grand Prix,2023
ZHO,2.0,1,Spanish Grand Prix,2023
ZHO,3.0,1,Spanish Grand Prix,2023
ZHO,4.0,1,Spanish Grand Prix,2023
ZHO,5.0,1,Spanish Grand Prix,2023
ZHO,6.0,1,Spanish Grand Prix,2023
ZHO,7.0,1,Spanish Grand Prix,2023
ZHO,8.0,1,Spanish Grand Prix,2023
ZHO,9.0,1,Spanish Grand Prix,2023
ZHO,10.0,1,Spanish Grand Prix,2023
ZHO,11.0,1,Spanish Grand Prix,2023
ZHO,12.0,1,Spanish Grand Prix,2023
ZHO,13.0,1,Spanish Grand Prix,2023
ZHO,14.0,1,Spanish Grand Prix,2023
ZHO,15.0,1,Spanish Grand Prix,2023
ZHO,16.0,1,Spanish Grand Prix,2023
ZHO,17.0,1,Spanish Grand Prix,2023
ZHO,18.0,1,Spanish Grand Prix,2023
ZHO,19.0,1,Spanish Grand Prix,2023
ZHO,20.0,1,Spanish Grand Prix,2023
ZHO,21.0,1,Spanish Grand Prix,2023
ZHO,22.0,1,Spanish Grand Prix,2023
ZHO,23.0,1,Spanish Grand Prix,2023
ZHO,24.0,1,Spanish Grand Prix,2023
ZHO,25.0,1,Spanish Grand Prix,2023
ZHO,26.0,1,Spanish Grand Prix,2023
ZHO,27.0,1,Spanish Grand Prix,2023
ZHO,28.0,1,Spanish Grand Prix,2023
ZHO,29.0,1,Spanish Grand Prix,2023
ZHO,30.0,1,Spanish Grand Prix,2023
ZHO,31.0,1,Spanish Grand Prix,2023
ZHO,32.0,1,Spanish Grand Prix,2023
ZHO,33.0,1,Spanish Grand Prix,2023
ZHO,34.0,1,Spanish Grand Prix,2023
ZHO,35.0,1,Spanish Grand Prix,2023
ZHO,36.0,1,Spanish Grand Prix,2023
ZHO,37.0,1,Spanish Grand Prix,2023
ZHO,38.0,1,Spanish Grand Prix,2023
ZHO,39.0,1,Spanish Grand Prix,2023
ZHO,40.0,1,Spanish Grand Prix,2023
ZHO,41.0,1,Spanish Grand Prix,2023
ZHO,42.0,1,Spanish Grand Prix,2023
ZHO,43.0,1,Spanish Grand Prix,2023
ZHO,44.0,1,Spanish Grand Prix,2023
ZHO,45.0,1,Spanish Grand Prix,2023
ZHO,46.0,1,Spanish Grand Prix,2023
ZHO,47.0,1,Spanish Grand Prix,2023
ZHO,48.0,1,Spanish Grand Prix,2023
ZHO,49.0,1,Spanish Grand Prix,2023
ZHO,50.0,1,Spanish Grand Prix,2023
ZHO,51.0,1,Spanish Grand Prix,2023
ZHO,52.0,1,Spanish Grand Prix,2023
ZHO,53.0,1,Spanish Grand Prix,2023
ZHO,54.0,1,Spanish Grand Prix,2023
ZHO,55.0,1,Spanish Grand Prix,2023
ZHO,56.0,1,Spanish Grand Prix,2023
ZHO,57.0,1,Spanish Grand Prix,2023
ZHO,58.0,1,Spanish Grand Prix,2023
ZHO,59.0,1,Spanish Grand Prix,2023
ZHO,60.0,1,Spanish Grand Prix,2023
ZHO,61.0,1,Spanish Grand Prix,2023
ZHO,62.0,1,Spanish Grand Prix,2023
ZHO,63.0,1,Spanish Grand Prix,2023
ZHO,64.0,1,Spanish Grand Prix,2023
ZHO,65.0,1,Spanish Grand Prix,2023
ZHO,66.0,1,Spanish Grand Prix,2023
GAS,1.0,1,Spanish Grand Prix,2023
GAS,2.0,1,Spanish Grand Prix,2023
GAS,3.0,1,Spanish Grand Prix,2023
GAS,4.0,1,Spanish Grand Prix,2023
GAS,5.0,1,Spanish Grand Prix,2023
GAS,6.0,1,Spanish Grand Prix,2023
GAS,7.0,1,Spanish Grand Prix,2023
GAS,8.0,1,Spanish Grand Prix,2023
GAS,9.0,1,Spanish Grand Prix,2023
GAS,10.0,1,Spanish Grand Prix,2023
GAS,11.0,1,Spanish Grand Prix,2023
GAS,12.0,1,Spanish Grand Prix,2023
GAS,13.0,1,Spanish Grand Prix,2023
GAS,14.0,1,Spanish Grand Prix,2023
GAS,15.0,1,Spanish Grand Prix,2023
GAS,16.0,1,Spanish Grand Prix,2023
GAS,17.0,1,Spanish Grand Prix,2023
GAS,18.0,1,Spanish Grand Prix,2023
GAS,19.0,1,Spanish Grand Prix,2023
GAS,20.0,1,Spanish Grand Prix,2023
GAS,21.0,1,Spanish Grand Prix,2023
GAS,22.0,1,Spanish Grand Prix,2023
GAS,23.0,1,Spanish Grand Prix,2023
GAS,24.0,1,Spanish Grand Prix,2023
GAS,25.0,1,Spanish Grand Prix,2023
GAS,26.0,1,Spanish Grand Prix,2023
GAS,27.0,1,Spanish Grand Prix,2023
GAS,28.0,1,Spanish Grand Prix,2023
GAS,29.0,1,Spanish Grand Prix,2023
GAS,30.0,1,Spanish Grand Prix,2023
GAS,31.0,1,Spanish Grand Prix,2023
GAS,32.0,1,Spanish Grand Prix,2023
GAS,33.0,1,Spanish Grand Prix,2023
GAS,34.0,1,Spanish Grand Prix,2023
GAS,35.0,1,Spanish Grand Prix,2023
GAS,36.0,1,Spanish Grand Prix,2023
GAS,37.0,1,Spanish Grand Prix,2023
GAS,38.0,1,Spanish Grand Prix,2023
GAS,39.0,1,Spanish Grand Prix,2023
GAS,40.0,1,Spanish Grand Prix,2023
GAS,41.0,1,Spanish Grand Prix,2023
GAS,42.0,1,Spanish Grand Prix,2023
GAS,43.0,1,Spanish Grand Prix,2023
GAS,44.0,1,Spanish Grand Prix,2023
GAS,45.0,1,Spanish Grand Prix,2023
GAS,46.0,1,Spanish Grand Prix,2023
GAS,47.0,1,Spanish Grand Prix,2023
GAS,48.0,1,Spanish Grand Prix,2023
GAS,49.0,1,Spanish Grand Prix,2023
GAS,50.0,1,Spanish Grand Prix,2023
GAS,51.0,1,Spanish Grand Prix,2023
GAS,52.0,1,Spanish Grand Prix,2023
GAS,53.0,1,Spanish Grand Prix,2023
GAS,54.0,1,Spanish Grand Prix,2023
GAS,55.0,1,Spanish Grand Prix,2023
GAS,56.0,1,Spanish Grand Prix,2023
GAS,57.0,1,Spanish Grand Prix,2023
GAS,58.0,1,Spanish Grand Prix,2023
GAS,59.0,1,Spanish Grand Prix,2023
GAS,60.0,1,Spanish Grand Prix,2023
GAS,61.0,1,Spanish Grand Prix,2023
GAS,62.0,1,Spanish Grand Prix,2023
GAS,63.0,1,Spanish Grand Prix,2023
GAS,64.0,1,Spanish Grand Prix,2023
GAS,65.0,1,Spanish Grand Prix,2023
GAS,66.0,1,Spanish Grand Prix,2023
LEC,1.0,1,Spanish Grand Prix,2023
LEC,2.0,1,Spanish Grand Prix,2023
LEC,3.0,1,Spanish Grand Prix,2023
LEC,4.0,1,Spanish Grand Prix,2023
LEC,5.0,1,Spanish Grand Prix,2023
LEC,6.0,1,Spanish Grand Prix,2023
LEC,7.0,1,Spanish Grand Prix,2023
LEC,8.0,1,Spanish Grand Prix,2023
LEC,9.0,1,Spanish Grand Prix,2023
LEC,10.0,1,Spanish Grand Prix,2023
LEC,11.0,1,Spanish Grand Prix,2023
LEC,12.0,1,Spanish Grand Prix,2023
LEC,13.0,1,Spanish Grand Prix,2023
LEC,14.0,1,Spanish Grand Prix,2023
LEC,15.0,1,Spanish Grand Prix,2023
LEC,16.0,1,Spanish Grand Prix,2023
LEC,17.0,1,Spanish Grand Prix,2023
LEC,18.0,1,Spanish Grand Prix,2023
LEC,19.0,1,Spanish Grand Prix,2023
LEC,20.0,1,Spanish Grand Prix,2023
LEC,21.0,1,Spanish Grand Prix,2023
LEC,22.0,1,Spanish Grand Prix,2023
LEC,23.0,1,Spanish Grand Prix,2023
LEC,24.0,1,Spanish Grand Prix,2023
LEC,25.0,1,Spanish Grand Prix,2023
LEC,26.0,1,Spanish Grand Prix,2023
LEC,27.0,1,Spanish Grand Prix,2023
LEC,28.0,1,Spanish Grand Prix,2023
LEC,29.0,1,Spanish Grand Prix,2023
LEC,30.0,1,Spanish Grand Prix,2023
LEC,31.0,1,Spanish Grand Prix,2023
LEC,32.0,1,Spanish Grand Prix,2023
LEC,33.0,1,Spanish Grand Prix,2023
LEC,34.0,1,Spanish Grand Prix,2023
LEC,35.0,1,Spanish Grand Prix,2023
LEC,36.0,1,Spanish Grand Prix,2023
LEC,37.0,1,Spanish Grand Prix,2023
LEC,38.0,1,Spanish Grand Prix,2023
LEC,39.0,1,Spanish Grand Prix,2023
LEC,40.0,1,Spanish Grand Prix,2023
LEC,41.0,1,Spanish Grand Prix,2023
LEC,42.0,1,Spanish Grand Prix,2023
LEC,43.0,1,Spanish Grand Prix,2023
LEC,44.0,1,Spanish Grand Prix,2023
LEC,45.0,1,Spanish Grand Prix,2023
LEC,46.0,1,Spanish Grand Prix,2023
LEC,47.0,1,Spanish Grand Prix,2023
LEC,48.0,1,Spanish Grand Prix,2023
LEC,49.0,1,Spanish Grand Prix,2023
LEC,50.0,1,Spanish Grand Prix,2023
LEC,51.0,1,Spanish Grand Prix,2023
LEC,52.0,1,Spanish Grand Prix,2023
LEC,53.0,1,Spanish Grand Prix,2023
LEC,54.0,1,Spanish Grand Prix,2023
LEC,55.0,1,Spanish Grand Prix,2023
LEC,56.0,1,Spanish Grand Prix,2023
LEC,57.0,1,Spanish Grand Prix,2023
LEC,58.0,1,Spanish Grand Prix,2023
LEC,59.0,1,Spanish Grand Prix,2023
LEC,60.0,1,Spanish Grand Prix,2023
LEC,61.0,1,Spanish Grand Prix,2023
LEC,62.0,1,Spanish Grand Prix,2023
LEC,63.0,1,Spanish Grand Prix,2023
LEC,64.0,1,Spanish Grand Prix,2023
LEC,65.0,1,Spanish Grand Prix,2023
LEC,66.0,1,Spanish Grand Prix,2023
TSU,1.0,1,Spanish Grand Prix,2023
TSU,2.0,1,Spanish Grand Prix,2023
TSU,3.0,1,Spanish Grand Prix,2023
TSU,4.0,1,Spanish Grand Prix,2023
TSU,5.0,1,Spanish Grand Prix,2023
TSU,6.0,1,Spanish Grand Prix,2023
TSU,7.0,1,Spanish Grand Prix,2023
TSU,8.0,1,Spanish Grand Prix,2023
TSU,9.0,1,Spanish Grand Prix,2023
TSU,10.0,1,Spanish Grand Prix,2023
TSU,11.0,1,Spanish Grand Prix,2023
TSU,12.0,1,Spanish Grand Prix,2023
TSU,13.0,1,Spanish Grand Prix,2023
TSU,14.0,1,Spanish Grand Prix,2023
TSU,15.0,1,Spanish Grand Prix,2023
TSU,16.0,1,Spanish Grand Prix,2023
TSU,17.0,1,Spanish Grand Prix,2023
TSU,18.0,1,Spanish Grand Prix,2023
TSU,19.0,1,Spanish Grand Prix,2023
TSU,20.0,1,Spanish Grand Prix,2023
TSU,21.0,1,Spanish Grand Prix,2023
TSU,22.0,1,Spanish Grand Prix,2023
TSU,23.0,1,Spanish Grand Prix,2023
TSU,24.0,1,Spanish Grand Prix,2023
TSU,25.0,1,Spanish Grand Prix,2023
TSU,26.0,1,Spanish Grand Prix,2023
TSU,27.0,1,Spanish Grand Prix,2023
TSU,28.0,1,Spanish Grand Prix,2023
TSU,29.0,1,Spanish Grand Prix,2023
TSU,30.0,1,Spanish Grand Prix,2023
TSU,31.0,1,Spanish Grand Prix,2023
TSU,32.0,1,Spanish Grand Prix,2023
TSU,33.0,1,Spanish Grand Prix,2023
TSU,34.0,1,Spanish Grand Prix,2023
TSU,35.0,1,Spanish Grand Prix,2023
TSU,36.0,1,Spanish Grand Prix,2023
TSU,37.0,1,Spanish Grand Prix,2023
TSU,38.0,1,Spanish Grand Prix,2023
TSU,39.0,1,Spanish Grand Prix,2023
TSU,40.0,1,Spanish Grand Prix,2023
TSU,41.0,1,Spanish Grand Prix,2023
TSU,42.0,1,Spanish Grand Prix,2023
TSU,43.0,1,Spanish Grand Prix,2023
TSU,44.0,1,Spanish Grand Prix,2023
TSU,45.0,1,Spanish Grand Prix,2023
TSU,46.0,1,Spanish Grand Prix,2023
TSU,47.0,1,Spanish Grand Prix,2023
TSU,48.0,1,Spanish Grand Prix,2023
TSU,49.0,1,Spanish Grand Prix,2023
TSU,50.0,1,Spanish Grand Prix,2023
TSU,51.0,1,Spanish Grand Prix,2023
TSU,52.0,1,Spanish Grand Prix,2023
TSU,53.0,1,Spanish Grand Prix,2023
TSU,54.0,1,Spanish Grand Prix,2023
TSU,55.0,1,Spanish Grand Prix,2023
TSU,56.0,1,Spanish Grand Prix,2023
TSU,57.0,1,Spanish Grand Prix,2023
TSU,58.0,1,Spanish Grand Prix,2023
TSU,59.0,1,Spanish Grand Prix,2023
TSU,60.0,1,Spanish Grand Prix,2023
TSU,61.0,1,Spanish Grand Prix,2023
TSU,62.0,1,Spanish Grand Prix,2023
TSU,63.0,1,Spanish Grand Prix,2023
TSU,64.0,1,Spanish Grand Prix,2023
TSU,65.0,1,Spanish Grand Prix,2023
TSU,66.0,1,Spanish Grand Prix,2023
PIA,1.0,1,Spanish Grand Prix,2023
PIA,2.0,1,Spanish Grand Prix,2023
PIA,3.0,1,Spanish Grand Prix,2023
PIA,4.0,1,Spanish Grand Prix,2023
PIA,5.0,1,Spanish Grand Prix,2023
PIA,6.0,1,Spanish Grand Prix,2023
PIA,7.0,1,Spanish Grand Prix,2023
PIA,8.0,1,Spanish Grand Prix,2023
PIA,9.0,1,Spanish Grand Prix,2023
PIA,10.0,1,Spanish Grand Prix,2023
PIA,11.0,1,Spanish Grand Prix,2023
PIA,12.0,1,Spanish Grand Prix,2023
PIA,13.0,1,Spanish Grand Prix,2023
PIA,14.0,1,Spanish Grand Prix,2023
PIA,15.0,1,Spanish Grand Prix,2023
PIA,16.0,1,Spanish Grand Prix,2023
PIA,17.0,1,Spanish Grand Prix,2023
PIA,18.0,1,Spanish Grand Prix,2023
PIA,19.0,1,Spanish Grand Prix,2023
PIA,20.0,1,Spanish Grand Prix,2023
PIA,21.0,1,Spanish Grand Prix,2023
PIA,22.0,1,Spanish Grand Prix,2023
PIA,23.0,1,Spanish Grand Prix,2023
PIA,24.0,1,Spanish Grand Prix,2023
PIA,25.0,1,Spanish Grand Prix,2023
PIA,26.0,1,Spanish Grand Prix,2023
PIA,27.0,1,Spanish Grand Prix,2023
PIA,28.0,1,Spanish Grand Prix,2023
PIA,29.0,1,Spanish Grand Prix,2023
PIA,30.0,1,Spanish Grand Prix,2023
PIA,31.0,1,Spanish Grand Prix,2023
PIA,32.0,1,Spanish Grand Prix,2023
PIA,33.0,1,Spanish Grand Prix,2023
PIA,34.0,1,Spanish Grand Prix,2023
PIA,35.0,1,Spanish Grand Prix,2023
PIA,36.0,1,Spanish Grand Prix,2023
PIA,37.0,1,Spanish Grand Prix,2023
PIA,38.0,1,Spanish Grand Prix,2023
PIA,39.0,1,Spanish Grand Prix,2023
PIA,40.0,1,Spanish Grand Prix,2023
PIA,41.0,1,Spanish Grand Prix,2023
PIA,42.0,1,Spanish Grand Prix,2023
PIA,43.0,1,Spanish Grand Prix,2023
PIA,44.0,1,Spanish Grand Prix,2023
PIA,45.0,1,Spanish Grand Prix,2023
PIA,46.0,1,Spanish Grand Prix,2023
PIA,47.0,1,Spanish Grand Prix,2023
PIA,48.0,1,Spanish Grand Prix,2023
PIA,49.0,1,Spanish Grand Prix,2023
PIA,50.0,1,Spanish Grand Prix,2023
PIA,51.0,1,Spanish Grand Prix,2023
PIA,52.0,1,Spanish Grand Prix,2023
PIA,53.0,1,Spanish Grand Prix,2023
PIA,54.0,1,Spanish Grand Prix,2023
PIA,55.0,1,Spanish Grand Prix,2023
PIA,56.0,1,Spanish Grand Prix,2023
PIA,57.0,1,Spanish Grand Prix,2023
PIA,58.0,1,Spanish Grand Prix,2023
PIA,59.0,1,Spanish Grand Prix,2023
PIA,60.0,1,Spanish Grand Prix,2023
PIA,61.0,1,Spanish Grand Prix,2023
PIA,62.0,1,Spanish Grand Prix,2023
PIA,63.0,1,Spanish Grand Prix,2023
PIA,64.0,1,Spanish Grand Prix,2023
PIA,65.0,1,Spanish Grand Prix,2023
DEV,1.0,1,Spanish Grand Prix,2023
DEV,2.0,1,Spanish Grand Prix,2023
DEV,3.0,1,Spanish Grand Prix,2023
DEV,4.0,1,Spanish Grand Prix,2023
DEV,5.0,1,Spanish Grand Prix,2023
DEV,6.0,1,Spanish Grand Prix,2023
DEV,7.0,1,Spanish Grand Prix,2023
DEV,8.0,1,Spanish Grand Prix,2023
DEV,9.0,1,Spanish Grand Prix,2023
DEV,10.0,1,Spanish Grand Prix,2023
DEV,11.0,1,Spanish Grand Prix,2023
DEV,12.0,1,Spanish Grand Prix,2023
DEV,13.0,1,Spanish Grand Prix,2023
DEV,14.0,1,Spanish Grand Prix,2023
DEV,15.0,1,Spanish Grand Prix,2023
DEV,16.0,1,Spanish Grand Prix,2023
DEV,17.0,1,Spanish Grand Prix,2023
DEV,18.0,1,Spanish Grand Prix,2023
DEV,19.0,1,Spanish Grand Prix,2023
DEV,20.0,1,Spanish Grand Prix,2023
DEV,21.0,1,Spanish Grand Prix,2023
DEV,22.0,1,Spanish Grand Prix,2023
DEV,23.0,1,Spanish Grand Prix,2023
DEV,24.0,1,Spanish Grand Prix,2023
DEV,25.0,1,Spanish Grand Prix,2023
DEV,26.0,1,Spanish Grand Prix,2023
DEV,27.0,1,Spanish Grand Prix,2023
DEV,28.0,1,Spanish Grand Prix,2023
DEV,29.0,1,Spanish Grand Prix,2023
DEV,30.0,1,Spanish Grand Prix,2023
DEV,31.0,1,Spanish Grand Prix,2023
DEV,32.0,1,Spanish Grand Prix,2023
DEV,33.0,1,Spanish Grand Prix,2023
DEV,34.0,1,Spanish Grand Prix,2023
DEV,35.0,1,Spanish Grand Prix,2023
DEV,36.0,1,Spanish Grand Prix,2023
DEV,37.0,1,Spanish Grand Prix,2023
DEV,38.0,1,Spanish Grand Prix,2023
DEV,39.0,1,Spanish Grand Prix,2023
DEV,40.0,1,Spanish Grand Prix,2023
DEV,41.0,1,Spanish Grand Prix,2023
DEV,42.0,1,Spanish Grand Prix,2023
DEV,43.0,1,Spanish Grand Prix,2023
DEV,44.0,1,Spanish Grand Prix,2023
DEV,45.0,1,Spanish Grand Prix,2023
DEV,46.0,1,Spanish Grand Prix,2023
DEV,47.0,1,Spanish Grand Prix,2023
DEV,48.0,1,Spanish Grand Prix,2023
DEV,49.0,1,Spanish Grand Prix,2023
DEV,50.0,1,Spanish Grand Prix,2023
DEV,51.0,1,Spanish Grand Prix,2023
DEV,52.0,1,Spanish Grand Prix,2023
DEV,53.0,1,Spanish Grand Prix,2023
DEV,54.0,1,Spanish Grand Prix,2023
DEV,55.0,1,Spanish Grand Prix,2023
DEV,56.0,1,Spanish Grand Prix,2023
DEV,57.0,1,Spanish Grand Prix,2023
DEV,58.0,1,Spanish Grand Prix,2023
DEV,59.0,1,Spanish Grand Prix,2023
DEV,60.0,1,Spanish Grand Prix,2023
DEV,61.0,1,Spanish Grand Prix,2023
DEV,62.0,1,Spanish Grand Prix,2023
DEV,63.0,1,Spanish Grand Prix,2023
DEV,64.0,1,Spanish Grand Prix,2023
DEV,65.0,1,Spanish Grand Prix,2023
HUL,1.0,1,Spanish Grand Prix,2023
HUL,2.0,1,Spanish Grand Prix,2023
HUL,3.0,1,Spanish Grand Prix,2023
HUL,4.0,1,Spanish Grand Prix,2023
HUL,5.0,1,Spanish Grand Prix,2023
HUL,6.0,1,Spanish Grand Prix,2023
HUL,7.0,1,Spanish Grand Prix,2023
HUL,8.0,1,Spanish Grand Prix,2023
HUL,9.0,1,Spanish Grand Prix,2023
HUL,10.0,1,Spanish Grand Prix,2023
HUL,11.0,1,Spanish Grand Prix,2023
HUL,12.0,1,Spanish Grand Prix,2023
HUL,13.0,1,Spanish Grand Prix,2023
HUL,14.0,1,Spanish Grand Prix,2023
HUL,15.0,1,Spanish Grand Prix,2023
HUL,16.0,1,Spanish Grand Prix,2023
HUL,17.0,1,Spanish Grand Prix,2023
HUL,18.0,1,Spanish Grand Prix,2023
HUL,19.0,1,Spanish Grand Prix,2023
HUL,20.0,1,Spanish Grand Prix,2023
HUL,21.0,1,Spanish Grand Prix,2023
HUL,22.0,1,Spanish Grand Prix,2023
HUL,23.0,1,Spanish Grand Prix,2023
HUL,24.0,1,Spanish Grand Prix,2023
HUL,25.0,1,Spanish Grand Prix,2023
HUL,26.0,1,Spanish Grand Prix,2023
HUL,27.0,1,Spanish Grand Prix,2023
HUL,28.0,1,Spanish Grand Prix,2023
HUL,29.0,1,Spanish Grand Prix,2023
HUL,30.0,1,Spanish Grand Prix,2023
HUL,31.0,1,Spanish Grand Prix,2023
HUL,32.0,1,Spanish Grand Prix,2023
HUL,33.0,1,Spanish Grand Prix,2023
HUL,34.0,1,Spanish Grand Prix,2023
HUL,35.0,1,Spanish Grand Prix,2023
HUL,36.0,1,Spanish Grand Prix,2023
HUL,37.0,1,Spanish Grand Prix,2023
HUL,38.0,1,Spanish Grand Prix,2023
HUL,39.0,1,Spanish Grand Prix,2023
HUL,40.0,1,Spanish Grand Prix,2023
HUL,41.0,1,Spanish Grand Prix,2023
HUL,42.0,1,Spanish Grand Prix,2023
HUL,43.0,1,Spanish Grand Prix,2023
HUL,44.0,1,Spanish Grand Prix,2023
HUL,45.0,1,Spanish Grand Prix,2023
HUL,46.0,1,Spanish Grand Prix,2023
HUL,47.0,1,Spanish Grand Prix,2023
HUL,48.0,1,Spanish Grand Prix,2023
HUL,49.0,1,Spanish Grand Prix,2023
HUL,50.0,1,Spanish Grand Prix,2023
HUL,51.0,1,Spanish Grand Prix,2023
HUL,52.0,1,Spanish Grand Prix,2023
HUL,53.0,1,Spanish Grand Prix,2023
HUL,54.0,1,Spanish Grand Prix,2023
HUL,55.0,1,Spanish Grand Prix,2023
HUL,56.0,1,Spanish Grand Prix,2023
HUL,57.0,1,Spanish Grand Prix,2023
HUL,58.0,1,Spanish Grand Prix,2023
HUL,59.0,1,Spanish Grand Prix,2023
HUL,60.0,1,Spanish Grand Prix,2023
HUL,61.0,1,Spanish Grand Prix,2023
HUL,62.0,1,Spanish Grand Prix,2023
HUL,63.0,1,Spanish Grand Prix,2023
HUL,64.0,1,Spanish Grand Prix,2023
HUL,65.0,1,Spanish Grand Prix,2023
ALB,1.0,1,Spanish Grand Prix,2023
ALB,2.0,1,Spanish Grand Prix,2023
ALB,3.0,1,Spanish Grand Prix,2023
ALB,4.0,1,Spanish Grand Prix,2023
ALB,5.0,1,Spanish Grand Prix,2023
ALB,6.0,1,Spanish Grand Prix,2023
ALB,7.0,1,Spanish Grand Prix,2023
ALB,8.0,1,Spanish Grand Prix,2023
ALB,9.0,1,Spanish Grand Prix,2023
ALB,10.0,1,Spanish Grand Prix,2023
ALB,11.0,1,Spanish Grand Prix,2023
ALB,12.0,1,Spanish Grand Prix,2023
ALB,13.0,1,Spanish Grand Prix,2023
ALB,14.0,1,Spanish Grand Prix,2023
ALB,15.0,1,Spanish Grand Prix,2023
ALB,16.0,1,Spanish Grand Prix,2023
ALB,17.0,1,Spanish Grand Prix,2023
ALB,18.0,1,Spanish Grand Prix,2023
ALB,19.0,1,Spanish Grand Prix,2023
ALB,20.0,1,Spanish Grand Prix,2023
ALB,21.0,1,Spanish Grand Prix,2023
ALB,22.0,1,Spanish Grand Prix,2023
ALB,23.0,1,Spanish Grand Prix,2023
ALB,24.0,1,Spanish Grand Prix,2023
ALB,25.0,1,Spanish Grand Prix,2023
ALB,26.0,1,Spanish Grand Prix,2023
ALB,27.0,1,Spanish Grand Prix,2023
ALB,28.0,1,Spanish Grand Prix,2023
ALB,29.0,1,Spanish Grand Prix,2023
ALB,30.0,1,Spanish Grand Prix,2023
ALB,31.0,1,Spanish Grand Prix,2023
ALB,32.0,1,Spanish Grand Prix,2023
ALB,33.0,1,Spanish Grand Prix,2023
ALB,34.0,1,Spanish Grand Prix,2023
ALB,35.0,1,Spanish Grand Prix,2023
ALB,36.0,1,Spanish Grand Prix,2023
ALB,37.0,1,Spanish Grand Prix,2023
ALB,38.0,1,Spanish Grand Prix,2023
ALB,39.0,1,Spanish Grand Prix,2023
ALB,40.0,1,Spanish Grand Prix,2023
ALB,41.0,1,Spanish Grand Prix,2023
ALB,42.0,1,Spanish Grand Prix,2023
ALB,43.0,1,Spanish Grand Prix,2023
ALB,44.0,1,Spanish Grand Prix,2023
ALB,45.0,1,Spanish Grand Prix,2023
ALB,46.0,1,Spanish Grand Prix,2023
ALB,47.0,1,Spanish Grand Prix,2023
ALB,48.0,1,Spanish Grand Prix,2023
ALB,49.0,1,Spanish Grand Prix,2023
ALB,50.0,1,Spanish Grand Prix,2023
ALB,51.0,1,Spanish Grand Prix,2023
ALB,52.0,1,Spanish Grand Prix,2023
ALB,53.0,1,Spanish Grand Prix,2023
ALB,54.0,1,Spanish Grand Prix,2023
ALB,55.0,1,Spanish Grand Prix,2023
ALB,56.0,1,Spanish Grand Prix,2023
ALB,57.0,1,Spanish Grand Prix,2023
ALB,58.0,1,Spanish Grand Prix,2023
ALB,59.0,1,Spanish Grand Prix,2023
ALB,60.0,1,Spanish Grand Prix,2023
ALB,61.0,1,Spanish Grand Prix,2023
ALB,62.0,1,Spanish Grand Prix,2023
ALB,63.0,1,Spanish Grand Prix,2023
ALB,64.0,1,Spanish Grand Prix,2023
ALB,65.0,1,Spanish Grand Prix,2023
NOR,1.0,1,Spanish Grand Prix,2023
NOR,2.0,1,Spanish Grand Prix,2023
NOR,3.0,1,Spanish Grand Prix,2023
NOR,4.0,1,Spanish Grand Prix,2023
NOR,5.0,1,Spanish Grand Prix,2023
NOR,6.0,1,Spanish Grand Prix,2023
NOR,7.0,1,Spanish Grand Prix,2023
NOR,8.0,1,Spanish Grand Prix,2023
NOR,9.0,1,Spanish Grand Prix,2023
NOR,10.0,1,Spanish Grand Prix,2023
NOR,11.0,1,Spanish Grand Prix,2023
NOR,12.0,1,Spanish Grand Prix,2023
NOR,13.0,1,Spanish Grand Prix,2023
NOR,14.0,1,Spanish Grand Prix,2023
NOR,15.0,1,Spanish Grand Prix,2023
NOR,16.0,1,Spanish Grand Prix,2023
NOR,17.0,1,Spanish Grand Prix,2023
NOR,18.0,1,Spanish Grand Prix,2023
NOR,19.0,1,Spanish Grand Prix,2023
NOR,20.0,1,Spanish Grand Prix,2023
NOR,21.0,1,Spanish Grand Prix,2023
NOR,22.0,1,Spanish Grand Prix,2023
NOR,23.0,1,Spanish Grand Prix,2023
NOR,24.0,1,Spanish Grand Prix,2023
NOR,25.0,1,Spanish Grand Prix,2023
NOR,26.0,1,Spanish Grand Prix,2023
NOR,27.0,1,Spanish Grand Prix,2023
NOR,28.0,1,Spanish Grand Prix,2023
NOR,29.0,1,Spanish Grand Prix,2023
NOR,30.0,1,Spanish Grand Prix,2023
NOR,31.0,1,Spanish Grand Prix,2023
NOR,32.0,1,Spanish Grand Prix,2023
NOR,33.0,1,Spanish Grand Prix,2023
NOR,34.0,1,Spanish Grand Prix,2023
NOR,35.0,1,Spanish Grand Prix,2023
NOR,36.0,1,Spanish Grand Prix,2023
NOR,37.0,1,Spanish Grand Prix,2023
NOR,38.0,1,Spanish Grand Prix,2023
NOR,39.0,1,Spanish Grand Prix,2023
NOR,40.0,1,Spanish Grand Prix,2023
NOR,41.0,1,Spanish Grand Prix,2023
NOR,42.0,1,Spanish Grand Prix,2023
NOR,43.0,1,Spanish Grand Prix,2023
NOR,44.0,1,Spanish Grand Prix,2023
NOR,45.0,1,Spanish Grand Prix,2023
NOR,46.0,1,Spanish Grand Prix,2023
NOR,47.0,1,Spanish Grand Prix,2023
NOR,48.0,1,Spanish Grand Prix,2023
NOR,49.0,1,Spanish Grand Prix,2023
NOR,50.0,1,Spanish Grand Prix,2023
NOR,51.0,1,Spanish Grand Prix,2023
NOR,52.0,1,Spanish Grand Prix,2023
NOR,53.0,1,Spanish Grand Prix,2023
NOR,54.0,1,Spanish Grand Prix,2023
NOR,55.0,1,Spanish Grand Prix,2023
NOR,56.0,1,Spanish Grand Prix,2023
NOR,57.0,1,Spanish Grand Prix,2023
NOR,58.0,1,Spanish Grand Prix,2023
NOR,59.0,1,Spanish Grand Prix,2023
NOR,60.0,1,Spanish Grand Prix,2023
NOR,61.0,1,Spanish Grand Prix,2023
NOR,62.0,1,Spanish Grand Prix,2023
NOR,63.0,1,Spanish Grand Prix,2023
NOR,64.0,1,Spanish Grand Prix,2023
NOR,65.0,1,Spanish Grand Prix,2023
MAG,1.0,1,Spanish Grand Prix,2023
MAG,2.0,1,Spanish Grand Prix,2023
MAG,3.0,1,Spanish Grand Prix,2023
MAG,4.0,1,Spanish Grand Prix,2023
MAG,5.0,1,Spanish Grand Prix,2023
MAG,6.0,1,Spanish Grand Prix,2023
MAG,7.0,1,Spanish Grand Prix,2023
MAG,8.0,1,Spanish Grand Prix,2023
MAG,9.0,1,Spanish Grand Prix,2023
MAG,10.0,1,Spanish Grand Prix,2023
MAG,11.0,1,Spanish Grand Prix,2023
MAG,12.0,1,Spanish Grand Prix,2023
MAG,13.0,1,Spanish Grand Prix,2023
MAG,14.0,1,Spanish Grand Prix,2023
MAG,15.0,1,Spanish Grand Prix,2023
MAG,16.0,1,Spanish Grand Prix,2023
MAG,17.0,1,Spanish Grand Prix,2023
MAG,18.0,1,Spanish Grand Prix,2023
MAG,19.0,1,Spanish Grand Prix,2023
MAG,20.0,1,Spanish Grand Prix,2023
MAG,21.0,1,Spanish Grand Prix,2023
MAG,22.0,1,Spanish Grand Prix,2023
MAG,23.0,1,Spanish Grand Prix,2023
MAG,24.0,1,Spanish Grand Prix,2023
MAG,25.0,1,Spanish Grand Prix,2023
MAG,26.0,1,Spanish Grand Prix,2023
MAG,27.0,1,Spanish Grand Prix,2023
MAG,28.0,1,Spanish Grand Prix,2023
MAG,29.0,1,Spanish Grand Prix,2023
MAG,30.0,1,Spanish Grand Prix,2023
MAG,31.0,1,Spanish Grand Prix,2023
MAG,32.0,1,Spanish Grand Prix,2023
MAG,33.0,1,Spanish Grand Prix,2023
MAG,34.0,1,Spanish Grand Prix,2023
MAG,35.0,1,Spanish Grand Prix,2023
MAG,36.0,1,Spanish Grand Prix,2023
MAG,37.0,1,Spanish Grand Prix,2023
MAG,38.0,1,Spanish Grand Prix,2023
MAG,39.0,1,Spanish Grand Prix,2023
MAG,40.0,1,Spanish Grand Prix,2023
MAG,41.0,1,Spanish Grand Prix,2023
MAG,42.0,1,Spanish Grand Prix,2023
MAG,43.0,1,Spanish Grand Prix,2023
MAG,44.0,1,Spanish Grand Prix,2023
MAG,45.0,1,Spanish Grand Prix,2023
MAG,46.0,1,Spanish Grand Prix,2023
MAG,47.0,1,Spanish Grand Prix,2023
MAG,48.0,1,Spanish Grand Prix,2023
MAG,49.0,1,Spanish Grand Prix,2023
MAG,50.0,1,Spanish Grand Prix,2023
MAG,51.0,1,Spanish Grand Prix,2023
MAG,52.0,1,Spanish Grand Prix,2023
MAG,53.0,1,Spanish Grand Prix,2023
MAG,54.0,1,Spanish Grand Prix,2023
MAG,55.0,1,Spanish Grand Prix,2023
MAG,56.0,1,Spanish Grand Prix,2023
MAG,57.0,1,Spanish Grand Prix,2023
MAG,58.0,1,Spanish Grand Prix,2023
MAG,59.0,1,Spanish Grand Prix,2023
MAG,60.0,1,Spanish Grand Prix,2023
MAG,61.0,1,Spanish Grand Prix,2023
MAG,62.0,1,Spanish Grand Prix,2023
MAG,63.0,1,Spanish Grand Prix,2023
MAG,64.0,1,Spanish Grand Prix,2023
MAG,65.0,1,Spanish Grand Prix,2023
BOT,1.0,1,Spanish Grand Prix,2023
BOT,2.0,1,Spanish Grand Prix,2023
BOT,3.0,1,Spanish Grand Prix,2023
BOT,4.0,1,Spanish Grand Prix,2023
BOT,5.0,1,Spanish Grand Prix,2023
BOT,6.0,1,Spanish Grand Prix,2023
BOT,7.0,1,Spanish Grand Prix,2023
BOT,8.0,1,Spanish Grand Prix,2023
BOT,9.0,1,Spanish Grand Prix,2023
BOT,10.0,1,Spanish Grand Prix,2023
BOT,11.0,1,Spanish Grand Prix,2023
BOT,12.0,1,Spanish Grand Prix,2023
BOT,13.0,1,Spanish Grand Prix,2023
BOT,14.0,1,Spanish Grand Prix,2023
BOT,15.0,1,Spanish Grand Prix,2023
BOT,16.0,1,Spanish Grand Prix,2023
BOT,17.0,1,Spanish Grand Prix,2023
BOT,18.0,1,Spanish Grand Prix,2023
BOT,19.0,1,Spanish Grand Prix,2023
BOT,20.0,1,Spanish Grand Prix,2023
BOT,21.0,1,Spanish Grand Prix,2023
BOT,22.0,1,Spanish Grand Prix,2023
BOT,23.0,1,Spanish Grand Prix,2023
BOT,24.0,1,Spanish Grand Prix,2023
BOT,25.0,1,Spanish Grand Prix,2023
BOT,26.0,1,Spanish Grand Prix,2023
BOT,27.0,1,Spanish Grand Prix,2023
BOT,28.0,1,Spanish Grand Prix,2023
BOT,29.0,1,Spanish Grand Prix,2023
BOT,30.0,1,Spanish Grand Prix,2023
BOT,31.0,1,Spanish Grand Prix,2023
BOT,32.0,1,Spanish Grand Prix,2023
BOT,33.0,1,Spanish Grand Prix,2023
BOT,34.0,1,Spanish Grand Prix,2023
BOT,35.0,1,Spanish Grand Prix,2023
BOT,36.0,1,Spanish Grand Prix,2023
BOT,37.0,1,Spanish Grand Prix,2023
BOT,38.0,1,Spanish Grand Prix,2023
BOT,39.0,1,Spanish Grand Prix,2023
BOT,40.0,1,Spanish Grand Prix,2023
BOT,41.0,1,Spanish Grand Prix,2023
BOT,42.0,1,Spanish Grand Prix,2023
BOT,43.0,1,Spanish Grand Prix,2023
BOT,44.0,1,Spanish Grand Prix,2023
BOT,45.0,1,Spanish Grand Prix,2023
BOT,46.0,1,Spanish Grand Prix,2023
BOT,47.0,1,Spanish Grand Prix,2023
BOT,48.0,1,Spanish Grand Prix,2023
BOT,49.0,1,Spanish Grand Prix,2023
BOT,50.0,1,Spanish Grand Prix,2023
BOT,51.0,1,Spanish Grand Prix,2023
BOT,52.0,1,Spanish Grand Prix,2023
BOT,53.0,1,Spanish Grand Prix,2023
BOT,54.0,1,Spanish Grand Prix,2023
BOT,55.0,1,Spanish Grand Prix,2023
BOT,56.0,1,Spanish Grand Prix,2023
BOT,57.0,1,Spanish Grand Prix,2023
BOT,58.0,1,Spanish Grand Prix,2023
BOT,59.0,1,Spanish Grand Prix,2023
BOT,60.0,1,Spanish Grand Prix,2023
BOT,61.0,1,Spanish Grand Prix,2023
BOT,62.0,1,Spanish Grand Prix,2023
BOT,63.0,1,Spanish Grand Prix,2023
BOT,64.0,1,Spanish Grand Prix,2023
BOT,65.0,1,Spanish Grand Prix,2023
SAR,1.0,1,Spanish Grand Prix,2023
SAR,2.0,1,Spanish Grand Prix,2023
SAR,3.0,1,Spanish Grand Prix,2023
SAR,4.0,1,Spanish Grand Prix,2023
SAR,5.0,1,Spanish Grand Prix,2023
SAR,6.0,1,Spanish Grand Prix,2023
SAR,7.0,1,Spanish Grand Prix,2023
SAR,8.0,1,Spanish Grand Prix,2023
SAR,9.0,1,Spanish Grand Prix,2023
SAR,10.0,1,Spanish Grand Prix,2023
SAR,11.0,1,Spanish Grand Prix,2023
SAR,12.0,1,Spanish Grand Prix,2023
SAR,13.0,1,Spanish Grand Prix,2023
SAR,14.0,1,Spanish Grand Prix,2023
SAR,15.0,1,Spanish Grand Prix,2023
SAR,16.0,1,Spanish Grand Prix,2023
SAR,17.0,1,Spanish Grand Prix,2023
SAR,18.0,1,Spanish Grand Prix,2023
SAR,19.0,1,Spanish Grand Prix,2023
SAR,20.0,1,Spanish Grand Prix,2023
SAR,21.0,1,Spanish Grand Prix,2023
SAR,22.0,1,Spanish Grand Prix,2023
SAR,23.0,1,Spanish Grand Prix,2023
SAR,24.0,1,Spanish Grand Prix,2023
SAR,25.0,1,Spanish Grand Prix,2023
SAR,26.0,1,Spanish Grand Prix,2023
SAR,27.0,1,Spanish Grand Prix,2023
SAR,28.0,1,Spanish Grand Prix,2023
SAR,29.0,1,Spanish Grand Prix,2023
SAR,30.0,1,Spanish Grand Prix,2023
SAR,31.0,1,Spanish Grand Prix,2023
SAR,32.0,1,Spanish Grand Prix,2023
SAR,33.0,1,Spanish Grand Prix,2023
SAR,34.0,1,Spanish Grand Prix,2023
SAR,35.0,1,Spanish Grand Prix,2023
SAR,36.0,1,Spanish Grand Prix,2023
SAR,37.0,1,Spanish Grand Prix,2023
SAR,38.0,1,Spanish Grand Prix,2023
SAR,39.0,1,Spanish Grand Prix,2023
SAR,40.0,1,Spanish Grand Prix,2023
SAR,41.0,1,Spanish Grand Prix,2023
SAR,42.0,1,Spanish Grand Prix,2023
SAR,43.0,1,Spanish Grand Prix,2023
SAR,44.0,1,Spanish Grand Prix,2023
SAR,45.0,1,Spanish Grand Prix,2023
SAR,46.0,1,Spanish Grand Prix,2023
SAR,47.0,1,Spanish Grand Prix,2023
SAR,48.0,1,Spanish Grand Prix,2023
SAR,49.0,1,Spanish Grand Prix,2023
SAR,50.0,1,Spanish Grand Prix,2023
SAR,51.0,1,Spanish Grand Prix,2023
SAR,52.0,1,Spanish Grand Prix,2023
SAR,53.0,1,Spanish Grand Prix,2023
SAR,54.0,1,Spanish Grand Prix,2023
SAR,55.0,1,Spanish Grand Prix,2023
SAR,56.0,1,Spanish Grand Prix,2023
SAR,57.0,1,Spanish Grand Prix,2023
SAR,58.0,1,Spanish Grand Prix,2023
SAR,59.0,1,Spanish Grand Prix,2023
SAR,60.0,1,Spanish Grand Prix,2023
SAR,61.0,1,Spanish Grand Prix,2023
SAR,62.0,1,Spanish Grand Prix,2023
SAR,63.0,1,Spanish Grand Prix,2023
SAR,64.0,1,Spanish Grand Prix,2023
SAR,65.0,1,Spanish Grand Prix,2023
VER,1.0,1,Canadian Grand Prix,2023
VER,2.0,1,Canadian Grand Prix,2023
VER,3.0,1,Canadian Grand Prix,2023
VER,4.0,1,Canadian Grand Prix,2023
VER,5.0,1,Canadian Grand Prix,2023
VER,6.0,1,Canadian Grand Prix,2023
VER,7.0,12,Canadian Grand Prix,2023
VER,8.0,2671,Canadian Grand Prix,2023
VER,9.0,1,Canadian Grand Prix,2023
VER,10.0,1,Canadian Grand Prix,2023
VER,11.0,1,Canadian Grand Prix,2023
VER,12.0,124,Canadian Grand Prix,2023
VER,13.0,4,Canadian Grand Prix,2023
VER,14.0,4,Canadian Grand Prix,2023
VER,15.0,4,Canadian Grand Prix,2023
VER,16.0,41,Canadian Grand Prix,2023
VER,17.0,1,Canadian Grand Prix,2023
VER,18.0,1,Canadian Grand Prix,2023
VER,19.0,1,Canadian Grand Prix,2023
VER,20.0,1,Canadian Grand Prix,2023
VER,21.0,1,Canadian Grand Prix,2023
VER,22.0,1,Canadian Grand Prix,2023
VER,23.0,1,Canadian Grand Prix,2023
VER,24.0,1,Canadian Grand Prix,2023
VER,25.0,1,Canadian Grand Prix,2023
VER,26.0,1,Canadian Grand Prix,2023
VER,27.0,1,Canadian Grand Prix,2023
VER,28.0,1,Canadian Grand Prix,2023
VER,29.0,12,Canadian Grand Prix,2023
VER,30.0,1,Canadian Grand Prix,2023
VER,31.0,1,Canadian Grand Prix,2023
VER,32.0,1,Canadian Grand Prix,2023
VER,33.0,1,Canadian Grand Prix,2023
VER,34.0,1,Canadian Grand Prix,2023
VER,35.0,12,Canadian Grand Prix,2023
VER,36.0,21,Canadian Grand Prix,2023
VER,37.0,1,Canadian Grand Prix,2023
VER,38.0,1,Canadian Grand Prix,2023
VER,39.0,1,Canadian Grand Prix,2023
VER,40.0,1,Canadian Grand Prix,2023
VER,41.0,1,Canadian Grand Prix,2023
VER,42.0,1,Canadian Grand Prix,2023
VER,43.0,1,Canadian Grand Prix,2023
VER,44.0,1,Canadian Grand Prix,2023
VER,45.0,1,Canadian Grand Prix,2023
VER,46.0,1,Canadian Grand Prix,2023
VER,47.0,1,Canadian Grand Prix,2023
VER,48.0,1,Canadian Grand Prix,2023
VER,49.0,1,Canadian Grand Prix,2023
VER,50.0,1,Canadian Grand Prix,2023
VER,51.0,1,Canadian Grand Prix,2023
VER,52.0,1,Canadian Grand Prix,2023
VER,53.0,1,Canadian Grand Prix,2023
VER,54.0,1,Canadian Grand Prix,2023
VER,55.0,1,Canadian Grand Prix,2023
VER,56.0,1,Canadian Grand Prix,2023
VER,57.0,1,Canadian Grand Prix,2023
VER,58.0,1,Canadian Grand Prix,2023
VER,59.0,1,Canadian Grand Prix,2023
VER,60.0,1,Canadian Grand Prix,2023
VER,61.0,1,Canadian Grand Prix,2023
VER,62.0,1,Canadian Grand Prix,2023
VER,63.0,1,Canadian Grand Prix,2023
VER,64.0,1,Canadian Grand Prix,2023
VER,65.0,1,Canadian Grand Prix,2023
VER,66.0,1,Canadian Grand Prix,2023
VER,67.0,1,Canadian Grand Prix,2023
VER,68.0,1,Canadian Grand Prix,2023
VER,69.0,1,Canadian Grand Prix,2023
VER,70.0,1,Canadian Grand Prix,2023
GAS,1.0,1,Canadian Grand Prix,2023
GAS,2.0,1,Canadian Grand Prix,2023
GAS,3.0,1,Canadian Grand Prix,2023
GAS,4.0,1,Canadian Grand Prix,2023
GAS,5.0,1,Canadian Grand Prix,2023
GAS,6.0,1,Canadian Grand Prix,2023
GAS,7.0,126,Canadian Grand Prix,2023
GAS,8.0,671,Canadian Grand Prix,2023
GAS,9.0,1,Canadian Grand Prix,2023
GAS,10.0,1,Canadian Grand Prix,2023
GAS,11.0,1,Canadian Grand Prix,2023
GAS,12.0,124,Canadian Grand Prix,2023
GAS,13.0,4,Canadian Grand Prix,2023
GAS,14.0,4,Canadian Grand Prix,2023
GAS,15.0,4,Canadian Grand Prix,2023
GAS,16.0,41,Canadian Grand Prix,2023
GAS,17.0,1,Canadian Grand Prix,2023
GAS,18.0,1,Canadian Grand Prix,2023
GAS,19.0,1,Canadian Grand Prix,2023
GAS,20.0,1,Canadian Grand Prix,2023
GAS,21.0,1,Canadian Grand Prix,2023
GAS,22.0,1,Canadian Grand Prix,2023
GAS,23.0,1,Canadian Grand Prix,2023
GAS,24.0,1,Canadian Grand Prix,2023
GAS,25.0,1,Canadian Grand Prix,2023
GAS,26.0,1,Canadian Grand Prix,2023
GAS,27.0,1,Canadian Grand Prix,2023
GAS,28.0,12,Canadian Grand Prix,2023
GAS,29.0,1,Canadian Grand Prix,2023
GAS,30.0,1,Canadian Grand Prix,2023
GAS,31.0,1,Canadian Grand Prix,2023
GAS,32.0,1,Canadian Grand Prix,2023
GAS,33.0,1,Canadian Grand Prix,2023
GAS,34.0,12,Canadian Grand Prix,2023
GAS,35.0,21,Canadian Grand Prix,2023
GAS,36.0,1,Canadian Grand Prix,2023
GAS,37.0,1,Canadian Grand Prix,2023
GAS,38.0,1,Canadian Grand Prix,2023
GAS,39.0,1,Canadian Grand Prix,2023
GAS,40.0,1,Canadian Grand Prix,2023
GAS,41.0,1,Canadian Grand Prix,2023
GAS,42.0,1,Canadian Grand Prix,2023
GAS,43.0,1,Canadian Grand Prix,2023
GAS,44.0,1,Canadian Grand Prix,2023
GAS,45.0,1,Canadian Grand Prix,2023
GAS,46.0,1,Canadian Grand Prix,2023
GAS,47.0,1,Canadian Grand Prix,2023
GAS,48.0,1,Canadian Grand Prix,2023
GAS,49.0,1,Canadian Grand Prix,2023
GAS,50.0,1,Canadian Grand Prix,2023
GAS,51.0,1,Canadian Grand Prix,2023
GAS,52.0,1,Canadian Grand Prix,2023
GAS,53.0,1,Canadian Grand Prix,2023
GAS,54.0,1,Canadian Grand Prix,2023
GAS,55.0,1,Canadian Grand Prix,2023
GAS,56.0,1,Canadian Grand Prix,2023
GAS,57.0,1,Canadian Grand Prix,2023
GAS,58.0,1,Canadian Grand Prix,2023
GAS,59.0,1,Canadian Grand Prix,2023
GAS,60.0,1,Canadian Grand Prix,2023
GAS,61.0,1,Canadian Grand Prix,2023
GAS,62.0,1,Canadian Grand Prix,2023
GAS,63.0,1,Canadian Grand Prix,2023
GAS,64.0,1,Canadian Grand Prix,2023
GAS,65.0,1,Canadian Grand Prix,2023
GAS,66.0,1,Canadian Grand Prix,2023
GAS,67.0,1,Canadian Grand Prix,2023
GAS,68.0,1,Canadian Grand Prix,2023
GAS,69.0,1,Canadian Grand Prix,2023
GAS,70.0,1,Canadian Grand Prix,2023
PER,1.0,1,Canadian Grand Prix,2023
PER,2.0,1,Canadian Grand Prix,2023
PER,3.0,1,Canadian Grand Prix,2023
PER,4.0,1,Canadian Grand Prix,2023
PER,5.0,1,Canadian Grand Prix,2023
PER,6.0,1,Canadian Grand Prix,2023
PER,7.0,126,Canadian Grand Prix,2023
PER,8.0,671,Canadian Grand Prix,2023
PER,9.0,1,Canadian Grand Prix,2023
PER,10.0,1,Canadian Grand Prix,2023
PER,11.0,1,Canadian Grand Prix,2023
PER,12.0,124,Canadian Grand Prix,2023
PER,13.0,4,Canadian Grand Prix,2023
PER,14.0,4,Canadian Grand Prix,2023
PER,15.0,4,Canadian Grand Prix,2023
PER,16.0,41,Canadian Grand Prix,2023
PER,17.0,1,Canadian Grand Prix,2023
PER,18.0,1,Canadian Grand Prix,2023
PER,19.0,1,Canadian Grand Prix,2023
PER,20.0,1,Canadian Grand Prix,2023
PER,21.0,1,Canadian Grand Prix,2023
PER,22.0,1,Canadian Grand Prix,2023
PER,23.0,1,Canadian Grand Prix,2023
PER,24.0,1,Canadian Grand Prix,2023
PER,25.0,1,Canadian Grand Prix,2023
PER,26.0,1,Canadian Grand Prix,2023
PER,27.0,1,Canadian Grand Prix,2023
PER,28.0,1,Canadian Grand Prix,2023
PER,29.0,12,Canadian Grand Prix,2023
PER,30.0,1,Canadian Grand Prix,2023
PER,31.0,1,Canadian Grand Prix,2023
PER,32.0,1,Canadian Grand Prix,2023
PER,33.0,1,Canadian Grand Prix,2023
PER,34.0,1,Canadian Grand Prix,2023
PER,35.0,12,Canadian Grand Prix,2023
PER,36.0,21,Canadian Grand Prix,2023
PER,37.0,1,Canadian Grand Prix,2023
PER,38.0,1,Canadian Grand Prix,2023
PER,39.0,1,Canadian Grand Prix,2023
PER,40.0,1,Canadian Grand Prix,2023
PER,41.0,1,Canadian Grand Prix,2023
PER,42.0,1,Canadian Grand Prix,2023
PER,43.0,1,Canadian Grand Prix,2023
PER,44.0,1,Canadian Grand Prix,2023
PER,45.0,1,Canadian Grand Prix,2023
PER,46.0,1,Canadian Grand Prix,2023
PER,47.0,1,Canadian Grand Prix,2023
PER,48.0,1,Canadian Grand Prix,2023
PER,49.0,1,Canadian Grand Prix,2023
PER,50.0,1,Canadian Grand Prix,2023
PER,51.0,1,Canadian Grand Prix,2023
PER,52.0,1,Canadian Grand Prix,2023
PER,53.0,1,Canadian Grand Prix,2023
PER,54.0,1,Canadian Grand Prix,2023
PER,55.0,1,Canadian Grand Prix,2023
PER,56.0,1,Canadian Grand Prix,2023
PER,57.0,1,Canadian Grand Prix,2023
PER,58.0,1,Canadian Grand Prix,2023
PER,59.0,1,Canadian Grand Prix,2023
PER,60.0,1,Canadian Grand Prix,2023
PER,61.0,1,Canadian Grand Prix,2023
PER,62.0,1,Canadian Grand Prix,2023
PER,63.0,1,Canadian Grand Prix,2023
PER,64.0,1,Canadian Grand Prix,2023
PER,65.0,1,Canadian Grand Prix,2023
PER,66.0,1,Canadian Grand Prix,2023
PER,67.0,1,Canadian Grand Prix,2023
PER,68.0,1,Canadian Grand Prix,2023
PER,69.0,1,Canadian Grand Prix,2023
PER,70.0,1,Canadian Grand Prix,2023
ALO,1.0,1,Canadian Grand Prix,2023
ALO,2.0,1,Canadian Grand Prix,2023
ALO,3.0,1,Canadian Grand Prix,2023
ALO,4.0,1,Canadian Grand Prix,2023
ALO,5.0,1,Canadian Grand Prix,2023
ALO,6.0,1,Canadian Grand Prix,2023
ALO,7.0,12,Canadian Grand Prix,2023
ALO,8.0,2671,Canadian Grand Prix,2023
ALO,9.0,1,Canadian Grand Prix,2023
ALO,10.0,1,Canadian Grand Prix,2023
ALO,11.0,1,Canadian Grand Prix,2023
ALO,12.0,124,Canadian Grand Prix,2023
ALO,13.0,4,Canadian Grand Prix,2023
ALO,14.0,4,Canadian Grand Prix,2023
ALO,15.0,4,Canadian Grand Prix,2023
ALO,16.0,41,Canadian Grand Prix,2023
ALO,17.0,1,Canadian Grand Prix,2023
ALO,18.0,1,Canadian Grand Prix,2023
ALO,19.0,1,Canadian Grand Prix,2023
ALO,20.0,1,Canadian Grand Prix,2023
ALO,21.0,1,Canadian Grand Prix,2023
ALO,22.0,1,Canadian Grand Prix,2023
ALO,23.0,1,Canadian Grand Prix,2023
ALO,24.0,1,Canadian Grand Prix,2023
ALO,25.0,1,Canadian Grand Prix,2023
ALO,26.0,1,Canadian Grand Prix,2023
ALO,27.0,1,Canadian Grand Prix,2023
ALO,28.0,1,Canadian Grand Prix,2023
ALO,29.0,12,Canadian Grand Prix,2023
ALO,30.0,1,Canadian Grand Prix,2023
ALO,31.0,1,Canadian Grand Prix,2023
ALO,32.0,1,Canadian Grand Prix,2023
ALO,33.0,1,Canadian Grand Prix,2023
ALO,34.0,1,Canadian Grand Prix,2023
ALO,35.0,12,Canadian Grand Prix,2023
ALO,36.0,21,Canadian Grand Prix,2023
ALO,37.0,1,Canadian Grand Prix,2023
ALO,38.0,1,Canadian Grand Prix,2023
ALO,39.0,1,Canadian Grand Prix,2023
ALO,40.0,1,Canadian Grand Prix,2023
ALO,41.0,1,Canadian Grand Prix,2023
ALO,42.0,1,Canadian Grand Prix,2023
ALO,43.0,1,Canadian Grand Prix,2023
ALO,44.0,1,Canadian Grand Prix,2023
ALO,45.0,1,Canadian Grand Prix,2023
ALO,46.0,1,Canadian Grand Prix,2023
ALO,47.0,1,Canadian Grand Prix,2023
ALO,48.0,1,Canadian Grand Prix,2023
ALO,49.0,1,Canadian Grand Prix,2023
ALO,50.0,1,Canadian Grand Prix,2023
ALO,51.0,1,Canadian Grand Prix,2023
ALO,52.0,1,Canadian Grand Prix,2023
ALO,53.0,1,Canadian Grand Prix,2023
ALO,54.0,1,Canadian Grand Prix,2023
ALO,55.0,1,Canadian Grand Prix,2023
ALO,56.0,1,Canadian Grand Prix,2023
ALO,57.0,1,Canadian Grand Prix,2023
ALO,58.0,1,Canadian Grand Prix,2023
ALO,59.0,1,Canadian Grand Prix,2023
ALO,60.0,1,Canadian Grand Prix,2023
ALO,61.0,1,Canadian Grand Prix,2023
ALO,62.0,1,Canadian Grand Prix,2023
ALO,63.0,1,Canadian Grand Prix,2023
ALO,64.0,1,Canadian Grand Prix,2023
ALO,65.0,1,Canadian Grand Prix,2023
ALO,66.0,1,Canadian Grand Prix,2023
ALO,67.0,1,Canadian Grand Prix,2023
ALO,68.0,1,Canadian Grand Prix,2023
ALO,69.0,1,Canadian Grand Prix,2023
ALO,70.0,1,Canadian Grand Prix,2023
LEC,1.0,1,Canadian Grand Prix,2023
LEC,2.0,1,Canadian Grand Prix,2023
LEC,3.0,1,Canadian Grand Prix,2023
LEC,4.0,1,Canadian Grand Prix,2023
LEC,5.0,1,Canadian Grand Prix,2023
LEC,6.0,1,Canadian Grand Prix,2023
LEC,7.0,12,Canadian Grand Prix,2023
LEC,8.0,2671,Canadian Grand Prix,2023
LEC,9.0,1,Canadian Grand Prix,2023
LEC,10.0,1,Canadian Grand Prix,2023
LEC,11.0,1,Canadian Grand Prix,2023
LEC,12.0,124,Canadian Grand Prix,2023
LEC,13.0,4,Canadian Grand Prix,2023
LEC,14.0,4,Canadian Grand Prix,2023
LEC,15.0,4,Canadian Grand Prix,2023
LEC,16.0,41,Canadian Grand Prix,2023
LEC,17.0,1,Canadian Grand Prix,2023
LEC,18.0,1,Canadian Grand Prix,2023
LEC,19.0,1,Canadian Grand Prix,2023
LEC,20.0,1,Canadian Grand Prix,2023
LEC,21.0,1,Canadian Grand Prix,2023
LEC,22.0,1,Canadian Grand Prix,2023
LEC,23.0,1,Canadian Grand Prix,2023
LEC,24.0,1,Canadian Grand Prix,2023
LEC,25.0,1,Canadian Grand Prix,2023
LEC,26.0,1,Canadian Grand Prix,2023
LEC,27.0,1,Canadian Grand Prix,2023
LEC,28.0,1,Canadian Grand Prix,2023
LEC,29.0,12,Canadian Grand Prix,2023
LEC,30.0,1,Canadian Grand Prix,2023
LEC,31.0,1,Canadian Grand Prix,2023
LEC,32.0,1,Canadian Grand Prix,2023
LEC,33.0,1,Canadian Grand Prix,2023
LEC,34.0,1,Canadian Grand Prix,2023
LEC,35.0,12,Canadian Grand Prix,2023
LEC,36.0,21,Canadian Grand Prix,2023
LEC,37.0,1,Canadian Grand Prix,2023
LEC,38.0,1,Canadian Grand Prix,2023
LEC,39.0,1,Canadian Grand Prix,2023
LEC,40.0,1,Canadian Grand Prix,2023
LEC,41.0,1,Canadian Grand Prix,2023
LEC,42.0,1,Canadian Grand Prix,2023
LEC,43.0,1,Canadian Grand Prix,2023
LEC,44.0,1,Canadian Grand Prix,2023
LEC,45.0,1,Canadian Grand Prix,2023
LEC,46.0,1,Canadian Grand Prix,2023
LEC,47.0,1,Canadian Grand Prix,2023
LEC,48.0,1,Canadian Grand Prix,2023
LEC,49.0,1,Canadian Grand Prix,2023
LEC,50.0,1,Canadian Grand Prix,2023
LEC,51.0,1,Canadian Grand Prix,2023
LEC,52.0,1,Canadian Grand Prix,2023
LEC,53.0,1,Canadian Grand Prix,2023
LEC,54.0,1,Canadian Grand Prix,2023
LEC,55.0,1,Canadian Grand Prix,2023
LEC,56.0,1,Canadian Grand Prix,2023
LEC,57.0,1,Canadian Grand Prix,2023
LEC,58.0,1,Canadian Grand Prix,2023
LEC,59.0,1,Canadian Grand Prix,2023
LEC,60.0,1,Canadian Grand Prix,2023
LEC,61.0,1,Canadian Grand Prix,2023
LEC,62.0,1,Canadian Grand Prix,2023
LEC,63.0,1,Canadian Grand Prix,2023
LEC,64.0,1,Canadian Grand Prix,2023
LEC,65.0,1,Canadian Grand Prix,2023
LEC,66.0,1,Canadian Grand Prix,2023
LEC,67.0,1,Canadian Grand Prix,2023
LEC,68.0,1,Canadian Grand Prix,2023
LEC,69.0,1,Canadian Grand Prix,2023
LEC,70.0,1,Canadian Grand Prix,2023
STR,1.0,1,Canadian Grand Prix,2023
STR,2.0,1,Canadian Grand Prix,2023
STR,3.0,1,Canadian Grand Prix,2023
STR,4.0,1,Canadian Grand Prix,2023
STR,5.0,1,Canadian Grand Prix,2023
STR,6.0,1,Canadian Grand Prix,2023
STR,7.0,126,Canadian Grand Prix,2023
STR,8.0,671,Canadian Grand Prix,2023
STR,9.0,1,Canadian Grand Prix,2023
STR,10.0,1,Canadian Grand Prix,2023
STR,11.0,1,Canadian Grand Prix,2023
STR,12.0,124,Canadian Grand Prix,2023
STR,13.0,4,Canadian Grand Prix,2023
STR,14.0,4,Canadian Grand Prix,2023
STR,15.0,4,Canadian Grand Prix,2023
STR,16.0,41,Canadian Grand Prix,2023
STR,17.0,1,Canadian Grand Prix,2023
STR,18.0,1,Canadian Grand Prix,2023
STR,19.0,1,Canadian Grand Prix,2023
STR,20.0,1,Canadian Grand Prix,2023
STR,21.0,1,Canadian Grand Prix,2023
STR,22.0,1,Canadian Grand Prix,2023
STR,23.0,1,Canadian Grand Prix,2023
STR,24.0,1,Canadian Grand Prix,2023
STR,25.0,1,Canadian Grand Prix,2023
STR,26.0,1,Canadian Grand Prix,2023
STR,27.0,1,Canadian Grand Prix,2023
STR,28.0,12,Canadian Grand Prix,2023
STR,29.0,1,Canadian Grand Prix,2023
STR,30.0,1,Canadian Grand Prix,2023
STR,31.0,1,Canadian Grand Prix,2023
STR,32.0,1,Canadian Grand Prix,2023
STR,33.0,1,Canadian Grand Prix,2023
STR,34.0,1,Canadian Grand Prix,2023
STR,35.0,12,Canadian Grand Prix,2023
STR,36.0,1,Canadian Grand Prix,2023
STR,37.0,1,Canadian Grand Prix,2023
STR,38.0,1,Canadian Grand Prix,2023
STR,39.0,1,Canadian Grand Prix,2023
STR,40.0,1,Canadian Grand Prix,2023
STR,41.0,1,Canadian Grand Prix,2023
STR,42.0,1,Canadian Grand Prix,2023
STR,43.0,1,Canadian Grand Prix,2023
STR,44.0,1,Canadian Grand Prix,2023
STR,45.0,1,Canadian Grand Prix,2023
STR,46.0,1,Canadian Grand Prix,2023
STR,47.0,1,Canadian Grand Prix,2023
STR,48.0,1,Canadian Grand Prix,2023
STR,49.0,1,Canadian Grand Prix,2023
STR,50.0,1,Canadian Grand Prix,2023
STR,51.0,1,Canadian Grand Prix,2023
STR,52.0,1,Canadian Grand Prix,2023
STR,53.0,1,Canadian Grand Prix,2023
STR,54.0,1,Canadian Grand Prix,2023
STR,55.0,1,Canadian Grand Prix,2023
STR,56.0,1,Canadian Grand Prix,2023
STR,57.0,1,Canadian Grand Prix,2023
STR,58.0,1,Canadian Grand Prix,2023
STR,59.0,1,Canadian Grand Prix,2023
STR,60.0,1,Canadian Grand Prix,2023
STR,61.0,1,Canadian Grand Prix,2023
STR,62.0,1,Canadian Grand Prix,2023
STR,63.0,1,Canadian Grand Prix,2023
STR,64.0,1,Canadian Grand Prix,2023
STR,65.0,1,Canadian Grand Prix,2023
STR,66.0,1,Canadian Grand Prix,2023
STR,67.0,1,Canadian Grand Prix,2023
STR,68.0,1,Canadian Grand Prix,2023
STR,69.0,1,Canadian Grand Prix,2023
STR,70.0,1,Canadian Grand Prix,2023
SAR,1.0,1,Canadian Grand Prix,2023
SAR,2.0,1,Canadian Grand Prix,2023
SAR,3.0,1,Canadian Grand Prix,2023
SAR,4.0,1,Canadian Grand Prix,2023
SAR,5.0,1,Canadian Grand Prix,2023
SAR,6.0,1,Canadian Grand Prix,2023
SAR,7.0,12,Canadian Grand Prix,2023
MAG,1.0,1,Canadian Grand Prix,2023
MAG,2.0,1,Canadian Grand Prix,2023
MAG,3.0,1,Canadian Grand Prix,2023
MAG,4.0,1,Canadian Grand Prix,2023
MAG,5.0,1,Canadian Grand Prix,2023
MAG,6.0,1,Canadian Grand Prix,2023
MAG,7.0,126,Canadian Grand Prix,2023
MAG,8.0,671,Canadian Grand Prix,2023
MAG,9.0,1,Canadian Grand Prix,2023
MAG,10.0,1,Canadian Grand Prix,2023
MAG,11.0,1,Canadian Grand Prix,2023
MAG,12.0,124,Canadian Grand Prix,2023
MAG,13.0,4,Canadian Grand Prix,2023
MAG,14.0,4,Canadian Grand Prix,2023
MAG,15.0,4,Canadian Grand Prix,2023
MAG,16.0,41,Canadian Grand Prix,2023
MAG,17.0,1,Canadian Grand Prix,2023
MAG,18.0,1,Canadian Grand Prix,2023
MAG,19.0,1,Canadian Grand Prix,2023
MAG,20.0,1,Canadian Grand Prix,2023
MAG,21.0,1,Canadian Grand Prix,2023
MAG,22.0,1,Canadian Grand Prix,2023
MAG,23.0,1,Canadian Grand Prix,2023
MAG,24.0,1,Canadian Grand Prix,2023
MAG,25.0,1,Canadian Grand Prix,2023
MAG,26.0,1,Canadian Grand Prix,2023
MAG,27.0,1,Canadian Grand Prix,2023
MAG,28.0,12,Canadian Grand Prix,2023
MAG,29.0,1,Canadian Grand Prix,2023
MAG,30.0,1,Canadian Grand Prix,2023
MAG,31.0,1,Canadian Grand Prix,2023
MAG,32.0,1,Canadian Grand Prix,2023
MAG,33.0,1,Canadian Grand Prix,2023
MAG,34.0,1,Canadian Grand Prix,2023
MAG,35.0,12,Canadian Grand Prix,2023
MAG,36.0,1,Canadian Grand Prix,2023
MAG,37.0,1,Canadian Grand Prix,2023
MAG,38.0,1,Canadian Grand Prix,2023
MAG,39.0,1,Canadian Grand Prix,2023
MAG,40.0,1,Canadian Grand Prix,2023
MAG,41.0,1,Canadian Grand Prix,2023
MAG,42.0,1,Canadian Grand Prix,2023
MAG,43.0,1,Canadian Grand Prix,2023
MAG,44.0,1,Canadian Grand Prix,2023
MAG,45.0,1,Canadian Grand Prix,2023
MAG,46.0,1,Canadian Grand Prix,2023
MAG,47.0,1,Canadian Grand Prix,2023
MAG,48.0,1,Canadian Grand Prix,2023
MAG,49.0,1,Canadian Grand Prix,2023
MAG,50.0,1,Canadian Grand Prix,2023
MAG,51.0,1,Canadian Grand Prix,2023
MAG,52.0,1,Canadian Grand Prix,2023
MAG,53.0,1,Canadian Grand Prix,2023
MAG,54.0,1,Canadian Grand Prix,2023
MAG,55.0,1,Canadian Grand Prix,2023
MAG,56.0,1,Canadian Grand Prix,2023
MAG,57.0,1,Canadian Grand Prix,2023
MAG,58.0,1,Canadian Grand Prix,2023
MAG,59.0,1,Canadian Grand Prix,2023
MAG,60.0,1,Canadian Grand Prix,2023
MAG,61.0,1,Canadian Grand Prix,2023
MAG,62.0,1,Canadian Grand Prix,2023
MAG,63.0,1,Canadian Grand Prix,2023
MAG,64.0,1,Canadian Grand Prix,2023
MAG,65.0,1,Canadian Grand Prix,2023
MAG,66.0,1,Canadian Grand Prix,2023
MAG,67.0,1,Canadian Grand Prix,2023
MAG,68.0,1,Canadian Grand Prix,2023
MAG,69.0,1,Canadian Grand Prix,2023
DEV,1.0,1,Canadian Grand Prix,2023
DEV,2.0,1,Canadian Grand Prix,2023
DEV,3.0,1,Canadian Grand Prix,2023
DEV,4.0,1,Canadian Grand Prix,2023
DEV,5.0,1,Canadian Grand Prix,2023
DEV,6.0,1,Canadian Grand Prix,2023
DEV,7.0,126,Canadian Grand Prix,2023
DEV,8.0,671,Canadian Grand Prix,2023
DEV,9.0,1,Canadian Grand Prix,2023
DEV,10.0,1,Canadian Grand Prix,2023
DEV,11.0,1,Canadian Grand Prix,2023
DEV,12.0,124,Canadian Grand Prix,2023
DEV,13.0,4,Canadian Grand Prix,2023
DEV,14.0,4,Canadian Grand Prix,2023
DEV,15.0,4,Canadian Grand Prix,2023
DEV,16.0,41,Canadian Grand Prix,2023
DEV,17.0,1,Canadian Grand Prix,2023
DEV,18.0,1,Canadian Grand Prix,2023
DEV,19.0,1,Canadian Grand Prix,2023
DEV,20.0,1,Canadian Grand Prix,2023
DEV,21.0,1,Canadian Grand Prix,2023
DEV,22.0,1,Canadian Grand Prix,2023
DEV,23.0,1,Canadian Grand Prix,2023
DEV,24.0,1,Canadian Grand Prix,2023
DEV,25.0,1,Canadian Grand Prix,2023
DEV,26.0,1,Canadian Grand Prix,2023
DEV,27.0,1,Canadian Grand Prix,2023
DEV,28.0,12,Canadian Grand Prix,2023
DEV,29.0,1,Canadian Grand Prix,2023
DEV,30.0,1,Canadian Grand Prix,2023
DEV,31.0,1,Canadian Grand Prix,2023
DEV,32.0,1,Canadian Grand Prix,2023
DEV,33.0,1,Canadian Grand Prix,2023
DEV,34.0,1,Canadian Grand Prix,2023
DEV,35.0,12,Canadian Grand Prix,2023
DEV,36.0,1,Canadian Grand Prix,2023
DEV,37.0,1,Canadian Grand Prix,2023
DEV,38.0,1,Canadian Grand Prix,2023
DEV,39.0,1,Canadian Grand Prix,2023
DEV,40.0,1,Canadian Grand Prix,2023
DEV,41.0,1,Canadian Grand Prix,2023
DEV,42.0,1,Canadian Grand Prix,2023
DEV,43.0,1,Canadian Grand Prix,2023
DEV,44.0,1,Canadian Grand Prix,2023
DEV,45.0,1,Canadian Grand Prix,2023
DEV,46.0,1,Canadian Grand Prix,2023
DEV,47.0,1,Canadian Grand Prix,2023
DEV,48.0,1,Canadian Grand Prix,2023
DEV,49.0,1,Canadian Grand Prix,2023
DEV,50.0,1,Canadian Grand Prix,2023
DEV,51.0,1,Canadian Grand Prix,2023
DEV,52.0,1,Canadian Grand Prix,2023
DEV,53.0,1,Canadian Grand Prix,2023
DEV,54.0,1,Canadian Grand Prix,2023
DEV,55.0,1,Canadian Grand Prix,2023
DEV,56.0,1,Canadian Grand Prix,2023
DEV,57.0,1,Canadian Grand Prix,2023
DEV,58.0,1,Canadian Grand Prix,2023
DEV,59.0,1,Canadian Grand Prix,2023
DEV,60.0,1,Canadian Grand Prix,2023
DEV,61.0,1,Canadian Grand Prix,2023
DEV,62.0,1,Canadian Grand Prix,2023
DEV,63.0,1,Canadian Grand Prix,2023
DEV,64.0,1,Canadian Grand Prix,2023
DEV,65.0,1,Canadian Grand Prix,2023
DEV,66.0,1,Canadian Grand Prix,2023
DEV,67.0,1,Canadian Grand Prix,2023
DEV,68.0,1,Canadian Grand Prix,2023
DEV,69.0,1,Canadian Grand Prix,2023
TSU,1.0,1,Canadian Grand Prix,2023
TSU,2.0,1,Canadian Grand Prix,2023
TSU,3.0,1,Canadian Grand Prix,2023
TSU,4.0,1,Canadian Grand Prix,2023
TSU,5.0,1,Canadian Grand Prix,2023
TSU,6.0,1,Canadian Grand Prix,2023
TSU,7.0,126,Canadian Grand Prix,2023
TSU,8.0,671,Canadian Grand Prix,2023
TSU,9.0,1,Canadian Grand Prix,2023
TSU,10.0,1,Canadian Grand Prix,2023
TSU,11.0,1,Canadian Grand Prix,2023
TSU,12.0,124,Canadian Grand Prix,2023
TSU,13.0,4,Canadian Grand Prix,2023
TSU,14.0,4,Canadian Grand Prix,2023
TSU,15.0,4,Canadian Grand Prix,2023
TSU,16.0,41,Canadian Grand Prix,2023
TSU,17.0,1,Canadian Grand Prix,2023
TSU,18.0,1,Canadian Grand Prix,2023
TSU,19.0,1,Canadian Grand Prix,2023
TSU,20.0,1,Canadian Grand Prix,2023
TSU,21.0,1,Canadian Grand Prix,2023
TSU,22.0,1,Canadian Grand Prix,2023
TSU,23.0,1,Canadian Grand Prix,2023
TSU,24.0,1,Canadian Grand Prix,2023
TSU,25.0,1,Canadian Grand Prix,2023
TSU,26.0,1,Canadian Grand Prix,2023
TSU,27.0,1,Canadian Grand Prix,2023
TSU,28.0,12,Canadian Grand Prix,2023
TSU,29.0,1,Canadian Grand Prix,2023
TSU,30.0,1,Canadian Grand Prix,2023
TSU,31.0,1,Canadian Grand Prix,2023
TSU,32.0,1,Canadian Grand Prix,2023
TSU,33.0,1,Canadian Grand Prix,2023
TSU,34.0,12,Canadian Grand Prix,2023
TSU,35.0,21,Canadian Grand Prix,2023
TSU,36.0,1,Canadian Grand Prix,2023
TSU,37.0,1,Canadian Grand Prix,2023
TSU,38.0,1,Canadian Grand Prix,2023
TSU,39.0,1,Canadian Grand Prix,2023
TSU,40.0,1,Canadian Grand Prix,2023
TSU,41.0,1,Canadian Grand Prix,2023
TSU,42.0,1,Canadian Grand Prix,2023
TSU,43.0,1,Canadian Grand Prix,2023
TSU,44.0,1,Canadian Grand Prix,2023
TSU,45.0,1,Canadian Grand Prix,2023
TSU,46.0,1,Canadian Grand Prix,2023
TSU,47.0,1,Canadian Grand Prix,2023
TSU,48.0,1,Canadian Grand Prix,2023
TSU,49.0,1,Canadian Grand Prix,2023
TSU,50.0,1,Canadian Grand Prix,2023
TSU,51.0,1,Canadian Grand Prix,2023
TSU,52.0,1,Canadian Grand Prix,2023
TSU,53.0,1,Canadian Grand Prix,2023
TSU,54.0,1,Canadian Grand Prix,2023
TSU,55.0,1,Canadian Grand Prix,2023
TSU,56.0,1,Canadian Grand Prix,2023
TSU,57.0,1,Canadian Grand Prix,2023
TSU,58.0,1,Canadian Grand Prix,2023
TSU,59.0,1,Canadian Grand Prix,2023
TSU,60.0,1,Canadian Grand Prix,2023
TSU,61.0,1,Canadian Grand Prix,2023
TSU,62.0,1,Canadian Grand Prix,2023
TSU,63.0,1,Canadian Grand Prix,2023
TSU,64.0,1,Canadian Grand Prix,2023
TSU,65.0,1,Canadian Grand Prix,2023
TSU,66.0,1,Canadian Grand Prix,2023
TSU,67.0,1,Canadian Grand Prix,2023
TSU,68.0,1,Canadian Grand Prix,2023
TSU,69.0,1,Canadian Grand Prix,2023
TSU,70.0,1,Canadian Grand Prix,2023
ALB,1.0,1,Canadian Grand Prix,2023
ALB,2.0,1,Canadian Grand Prix,2023
ALB,3.0,1,Canadian Grand Prix,2023
ALB,4.0,1,Canadian Grand Prix,2023
ALB,5.0,1,Canadian Grand Prix,2023
ALB,6.0,1,Canadian Grand Prix,2023
ALB,7.0,126,Canadian Grand Prix,2023
ALB,8.0,671,Canadian Grand Prix,2023
ALB,9.0,1,Canadian Grand Prix,2023
ALB,10.0,1,Canadian Grand Prix,2023
ALB,11.0,1,Canadian Grand Prix,2023
ALB,12.0,124,Canadian Grand Prix,2023
ALB,13.0,4,Canadian Grand Prix,2023
ALB,14.0,4,Canadian Grand Prix,2023
ALB,15.0,4,Canadian Grand Prix,2023
ALB,16.0,41,Canadian Grand Prix,2023
ALB,17.0,1,Canadian Grand Prix,2023
ALB,18.0,1,Canadian Grand Prix,2023
ALB,19.0,1,Canadian Grand Prix,2023
ALB,20.0,1,Canadian Grand Prix,2023
ALB,21.0,1,Canadian Grand Prix,2023
ALB,22.0,1,Canadian Grand Prix,2023
ALB,23.0,1,Canadian Grand Prix,2023
ALB,24.0,1,Canadian Grand Prix,2023
ALB,25.0,1,Canadian Grand Prix,2023
ALB,26.0,1,Canadian Grand Prix,2023
ALB,27.0,1,Canadian Grand Prix,2023
ALB,28.0,12,Canadian Grand Prix,2023
ALB,29.0,1,Canadian Grand Prix,2023
ALB,30.0,1,Canadian Grand Prix,2023
ALB,31.0,1,Canadian Grand Prix,2023
ALB,32.0,1,Canadian Grand Prix,2023
ALB,33.0,1,Canadian Grand Prix,2023
ALB,34.0,1,Canadian Grand Prix,2023
ALB,35.0,12,Canadian Grand Prix,2023
ALB,36.0,21,Canadian Grand Prix,2023
ALB,37.0,1,Canadian Grand Prix,2023
ALB,38.0,1,Canadian Grand Prix,2023
ALB,39.0,1,Canadian Grand Prix,2023
ALB,40.0,1,Canadian Grand Prix,2023
ALB,41.0,1,Canadian Grand Prix,2023
ALB,42.0,1,Canadian Grand Prix,2023
ALB,43.0,1,Canadian Grand Prix,2023
ALB,44.0,1,Canadian Grand Prix,2023
ALB,45.0,1,Canadian Grand Prix,2023
ALB,46.0,1,Canadian Grand Prix,2023
ALB,47.0,1,Canadian Grand Prix,2023
ALB,48.0,1,Canadian Grand Prix,2023
ALB,49.0,1,Canadian Grand Prix,2023
ALB,50.0,1,Canadian Grand Prix,2023
ALB,51.0,1,Canadian Grand Prix,2023
ALB,52.0,1,Canadian Grand Prix,2023
ALB,53.0,1,Canadian Grand Prix,2023
ALB,54.0,1,Canadian Grand Prix,2023
ALB,55.0,1,Canadian Grand Prix,2023
ALB,56.0,1,Canadian Grand Prix,2023
ALB,57.0,1,Canadian Grand Prix,2023
ALB,58.0,1,Canadian Grand Prix,2023
ALB,59.0,1,Canadian Grand Prix,2023
ALB,60.0,1,Canadian Grand Prix,2023
ALB,61.0,1,Canadian Grand Prix,2023
ALB,62.0,1,Canadian Grand Prix,2023
ALB,63.0,1,Canadian Grand Prix,2023
ALB,64.0,1,Canadian Grand Prix,2023
ALB,65.0,1,Canadian Grand Prix,2023
ALB,66.0,1,Canadian Grand Prix,2023
ALB,67.0,1,Canadian Grand Prix,2023
ALB,68.0,1,Canadian Grand Prix,2023
ALB,69.0,1,Canadian Grand Prix,2023
ALB,70.0,1,Canadian Grand Prix,2023
ZHO,1.0,1,Canadian Grand Prix,2023
ZHO,2.0,1,Canadian Grand Prix,2023
ZHO,3.0,1,Canadian Grand Prix,2023
ZHO,4.0,1,Canadian Grand Prix,2023
ZHO,5.0,1,Canadian Grand Prix,2023
ZHO,6.0,1,Canadian Grand Prix,2023
ZHO,7.0,126,Canadian Grand Prix,2023
ZHO,8.0,671,Canadian Grand Prix,2023
ZHO,9.0,1,Canadian Grand Prix,2023
ZHO,10.0,1,Canadian Grand Prix,2023
ZHO,11.0,1,Canadian Grand Prix,2023
ZHO,12.0,124,Canadian Grand Prix,2023
ZHO,13.0,4,Canadian Grand Prix,2023
ZHO,14.0,4,Canadian Grand Prix,2023
ZHO,15.0,4,Canadian Grand Prix,2023
ZHO,16.0,41,Canadian Grand Prix,2023
ZHO,17.0,1,Canadian Grand Prix,2023
ZHO,18.0,1,Canadian Grand Prix,2023
ZHO,19.0,1,Canadian Grand Prix,2023
ZHO,20.0,1,Canadian Grand Prix,2023
ZHO,21.0,1,Canadian Grand Prix,2023
ZHO,22.0,1,Canadian Grand Prix,2023
ZHO,23.0,1,Canadian Grand Prix,2023
ZHO,24.0,1,Canadian Grand Prix,2023
ZHO,25.0,1,Canadian Grand Prix,2023
ZHO,26.0,1,Canadian Grand Prix,2023
ZHO,27.0,1,Canadian Grand Prix,2023
ZHO,28.0,12,Canadian Grand Prix,2023
ZHO,29.0,1,Canadian Grand Prix,2023
ZHO,30.0,1,Canadian Grand Prix,2023
ZHO,31.0,1,Canadian Grand Prix,2023
ZHO,32.0,1,Canadian Grand Prix,2023
ZHO,33.0,1,Canadian Grand Prix,2023
ZHO,34.0,12,Canadian Grand Prix,2023
ZHO,35.0,21,Canadian Grand Prix,2023
ZHO,36.0,1,Canadian Grand Prix,2023
ZHO,37.0,1,Canadian Grand Prix,2023
ZHO,38.0,1,Canadian Grand Prix,2023
ZHO,39.0,1,Canadian Grand Prix,2023
ZHO,40.0,1,Canadian Grand Prix,2023
ZHO,41.0,1,Canadian Grand Prix,2023
ZHO,42.0,1,Canadian Grand Prix,2023
ZHO,43.0,1,Canadian Grand Prix,2023
ZHO,44.0,1,Canadian Grand Prix,2023
ZHO,45.0,1,Canadian Grand Prix,2023
ZHO,46.0,1,Canadian Grand Prix,2023
ZHO,47.0,1,Canadian Grand Prix,2023
ZHO,48.0,1,Canadian Grand Prix,2023
ZHO,49.0,1,Canadian Grand Prix,2023
ZHO,50.0,1,Canadian Grand Prix,2023
ZHO,51.0,1,Canadian Grand Prix,2023
ZHO,52.0,1,Canadian Grand Prix,2023
ZHO,53.0,1,Canadian Grand Prix,2023
ZHO,54.0,1,Canadian Grand Prix,2023
ZHO,55.0,1,Canadian Grand Prix,2023
ZHO,56.0,1,Canadian Grand Prix,2023
ZHO,57.0,1,Canadian Grand Prix,2023
ZHO,58.0,1,Canadian Grand Prix,2023
ZHO,59.0,1,Canadian Grand Prix,2023
ZHO,60.0,1,Canadian Grand Prix,2023
ZHO,61.0,1,Canadian Grand Prix,2023
ZHO,62.0,1,Canadian Grand Prix,2023
ZHO,63.0,1,Canadian Grand Prix,2023
ZHO,64.0,1,Canadian Grand Prix,2023
ZHO,65.0,1,Canadian Grand Prix,2023
ZHO,66.0,1,Canadian Grand Prix,2023
ZHO,67.0,1,Canadian Grand Prix,2023
ZHO,68.0,1,Canadian Grand Prix,2023
ZHO,69.0,1,Canadian Grand Prix,2023
HUL,1.0,1,Canadian Grand Prix,2023
HUL,2.0,1,Canadian Grand Prix,2023
HUL,3.0,1,Canadian Grand Prix,2023
HUL,4.0,1,Canadian Grand Prix,2023
HUL,5.0,1,Canadian Grand Prix,2023
HUL,6.0,1,Canadian Grand Prix,2023
HUL,7.0,12,Canadian Grand Prix,2023
HUL,8.0,2671,Canadian Grand Prix,2023
HUL,9.0,1,Canadian Grand Prix,2023
HUL,10.0,1,Canadian Grand Prix,2023
HUL,11.0,1,Canadian Grand Prix,2023
HUL,12.0,124,Canadian Grand Prix,2023
HUL,13.0,4,Canadian Grand Prix,2023
HUL,14.0,4,Canadian Grand Prix,2023
HUL,15.0,4,Canadian Grand Prix,2023
HUL,16.0,41,Canadian Grand Prix,2023
HUL,17.0,1,Canadian Grand Prix,2023
HUL,18.0,1,Canadian Grand Prix,2023
HUL,19.0,1,Canadian Grand Prix,2023
HUL,20.0,1,Canadian Grand Prix,2023
HUL,21.0,1,Canadian Grand Prix,2023
HUL,22.0,1,Canadian Grand Prix,2023
HUL,23.0,1,Canadian Grand Prix,2023
HUL,24.0,1,Canadian Grand Prix,2023
HUL,25.0,1,Canadian Grand Prix,2023
HUL,26.0,1,Canadian Grand Prix,2023
HUL,27.0,1,Canadian Grand Prix,2023
HUL,28.0,12,Canadian Grand Prix,2023
HUL,29.0,1,Canadian Grand Prix,2023
HUL,30.0,1,Canadian Grand Prix,2023
HUL,31.0,1,Canadian Grand Prix,2023
HUL,32.0,1,Canadian Grand Prix,2023
HUL,33.0,1,Canadian Grand Prix,2023
HUL,34.0,1,Canadian Grand Prix,2023
HUL,35.0,12,Canadian Grand Prix,2023
HUL,36.0,1,Canadian Grand Prix,2023
HUL,37.0,1,Canadian Grand Prix,2023
HUL,38.0,1,Canadian Grand Prix,2023
HUL,39.0,1,Canadian Grand Prix,2023
HUL,40.0,1,Canadian Grand Prix,2023
HUL,41.0,1,Canadian Grand Prix,2023
HUL,42.0,1,Canadian Grand Prix,2023
HUL,43.0,1,Canadian Grand Prix,2023
HUL,44.0,1,Canadian Grand Prix,2023
HUL,45.0,1,Canadian Grand Prix,2023
HUL,46.0,1,Canadian Grand Prix,2023
HUL,47.0,1,Canadian Grand Prix,2023
HUL,48.0,1,Canadian Grand Prix,2023
HUL,49.0,1,Canadian Grand Prix,2023
HUL,50.0,1,Canadian Grand Prix,2023
HUL,51.0,1,Canadian Grand Prix,2023
HUL,52.0,1,Canadian Grand Prix,2023
HUL,53.0,1,Canadian Grand Prix,2023
HUL,54.0,1,Canadian Grand Prix,2023
HUL,55.0,1,Canadian Grand Prix,2023
HUL,56.0,1,Canadian Grand Prix,2023
HUL,57.0,1,Canadian Grand Prix,2023
HUL,58.0,1,Canadian Grand Prix,2023
HUL,59.0,1,Canadian Grand Prix,2023
HUL,60.0,1,Canadian Grand Prix,2023
HUL,61.0,1,Canadian Grand Prix,2023
HUL,62.0,1,Canadian Grand Prix,2023
HUL,63.0,1,Canadian Grand Prix,2023
HUL,64.0,1,Canadian Grand Prix,2023
HUL,65.0,1,Canadian Grand Prix,2023
HUL,66.0,1,Canadian Grand Prix,2023
HUL,67.0,1,Canadian Grand Prix,2023
HUL,68.0,1,Canadian Grand Prix,2023
HUL,69.0,1,Canadian Grand Prix,2023
OCO,1.0,1,Canadian Grand Prix,2023
OCO,2.0,1,Canadian Grand Prix,2023
OCO,3.0,1,Canadian Grand Prix,2023
OCO,4.0,1,Canadian Grand Prix,2023
OCO,5.0,1,Canadian Grand Prix,2023
OCO,6.0,1,Canadian Grand Prix,2023
OCO,7.0,12,Canadian Grand Prix,2023
OCO,8.0,2671,Canadian Grand Prix,2023
OCO,9.0,1,Canadian Grand Prix,2023
OCO,10.0,1,Canadian Grand Prix,2023
OCO,11.0,1,Canadian Grand Prix,2023
OCO,12.0,124,Canadian Grand Prix,2023
OCO,13.0,4,Canadian Grand Prix,2023
OCO,14.0,4,Canadian Grand Prix,2023
OCO,15.0,4,Canadian Grand Prix,2023
OCO,16.0,41,Canadian Grand Prix,2023
OCO,17.0,1,Canadian Grand Prix,2023
OCO,18.0,1,Canadian Grand Prix,2023
OCO,19.0,1,Canadian Grand Prix,2023
OCO,20.0,1,Canadian Grand Prix,2023
OCO,21.0,1,Canadian Grand Prix,2023
OCO,22.0,1,Canadian Grand Prix,2023
OCO,23.0,1,Canadian Grand Prix,2023
OCO,24.0,1,Canadian Grand Prix,2023
OCO,25.0,1,Canadian Grand Prix,2023
OCO,26.0,1,Canadian Grand Prix,2023
OCO,27.0,1,Canadian Grand Prix,2023
OCO,28.0,1,Canadian Grand Prix,2023
OCO,29.0,12,Canadian Grand Prix,2023
OCO,30.0,1,Canadian Grand Prix,2023
OCO,31.0,1,Canadian Grand Prix,2023
OCO,32.0,1,Canadian Grand Prix,2023
OCO,33.0,1,Canadian Grand Prix,2023
OCO,34.0,1,Canadian Grand Prix,2023
OCO,35.0,12,Canadian Grand Prix,2023
OCO,36.0,21,Canadian Grand Prix,2023
OCO,37.0,1,Canadian Grand Prix,2023
OCO,38.0,1,Canadian Grand Prix,2023
OCO,39.0,1,Canadian Grand Prix,2023
OCO,40.0,1,Canadian Grand Prix,2023
OCO,41.0,1,Canadian Grand Prix,2023
OCO,42.0,1,Canadian Grand Prix,2023
OCO,43.0,1,Canadian Grand Prix,2023
OCO,44.0,1,Canadian Grand Prix,2023
OCO,45.0,1,Canadian Grand Prix,2023
OCO,46.0,1,Canadian Grand Prix,2023
OCO,47.0,1,Canadian Grand Prix,2023
OCO,48.0,1,Canadian Grand Prix,2023
OCO,49.0,1,Canadian Grand Prix,2023
OCO,50.0,1,Canadian Grand Prix,2023
OCO,51.0,1,Canadian Grand Prix,2023
OCO,52.0,1,Canadian Grand Prix,2023
OCO,53.0,1,Canadian Grand Prix,2023
OCO,54.0,1,Canadian Grand Prix,2023
OCO,55.0,1,Canadian Grand Prix,2023
OCO,56.0,1,Canadian Grand Prix,2023
OCO,57.0,1,Canadian Grand Prix,2023
OCO,58.0,1,Canadian Grand Prix,2023
OCO,59.0,1,Canadian Grand Prix,2023
OCO,60.0,1,Canadian Grand Prix,2023
OCO,61.0,1,Canadian Grand Prix,2023
OCO,62.0,1,Canadian Grand Prix,2023
OCO,63.0,1,Canadian Grand Prix,2023
OCO,64.0,1,Canadian Grand Prix,2023
OCO,65.0,1,Canadian Grand Prix,2023
OCO,66.0,1,Canadian Grand Prix,2023
OCO,67.0,1,Canadian Grand Prix,2023
OCO,68.0,1,Canadian Grand Prix,2023
OCO,69.0,1,Canadian Grand Prix,2023
OCO,70.0,1,Canadian Grand Prix,2023
NOR,1.0,1,Canadian Grand Prix,2023
NOR,2.0,1,Canadian Grand Prix,2023
NOR,3.0,1,Canadian Grand Prix,2023
NOR,4.0,1,Canadian Grand Prix,2023
NOR,5.0,1,Canadian Grand Prix,2023
NOR,6.0,1,Canadian Grand Prix,2023
NOR,7.0,12,Canadian Grand Prix,2023
NOR,8.0,2671,Canadian Grand Prix,2023
NOR,9.0,1,Canadian Grand Prix,2023
NOR,10.0,1,Canadian Grand Prix,2023
NOR,11.0,1,Canadian Grand Prix,2023
NOR,12.0,124,Canadian Grand Prix,2023
NOR,13.0,4,Canadian Grand Prix,2023
NOR,14.0,4,Canadian Grand Prix,2023
NOR,15.0,4,Canadian Grand Prix,2023
NOR,16.0,41,Canadian Grand Prix,2023
NOR,17.0,1,Canadian Grand Prix,2023
NOR,18.0,1,Canadian Grand Prix,2023
NOR,19.0,1,Canadian Grand Prix,2023
NOR,20.0,1,Canadian Grand Prix,2023
NOR,21.0,1,Canadian Grand Prix,2023
NOR,22.0,1,Canadian Grand Prix,2023
NOR,23.0,1,Canadian Grand Prix,2023
NOR,24.0,1,Canadian Grand Prix,2023
NOR,25.0,1,Canadian Grand Prix,2023
NOR,26.0,1,Canadian Grand Prix,2023
NOR,27.0,1,Canadian Grand Prix,2023
NOR,28.0,12,Canadian Grand Prix,2023
NOR,29.0,21,Canadian Grand Prix,2023
NOR,30.0,1,Canadian Grand Prix,2023
NOR,31.0,1,Canadian Grand Prix,2023
NOR,32.0,1,Canadian Grand Prix,2023
NOR,33.0,1,Canadian Grand Prix,2023
NOR,34.0,1,Canadian Grand Prix,2023
NOR,35.0,12,Canadian Grand Prix,2023
NOR,36.0,1,Canadian Grand Prix,2023
NOR,37.0,1,Canadian Grand Prix,2023
NOR,38.0,1,Canadian Grand Prix,2023
NOR,39.0,1,Canadian Grand Prix,2023
NOR,40.0,1,Canadian Grand Prix,2023
NOR,41.0,1,Canadian Grand Prix,2023
NOR,42.0,1,Canadian Grand Prix,2023
NOR,43.0,1,Canadian Grand Prix,2023
NOR,44.0,1,Canadian Grand Prix,2023
NOR,45.0,1,Canadian Grand Prix,2023
NOR,46.0,1,Canadian Grand Prix,2023
NOR,47.0,1,Canadian Grand Prix,2023
NOR,48.0,1,Canadian Grand Prix,2023
NOR,49.0,1,Canadian Grand Prix,2023
NOR,50.0,1,Canadian Grand Prix,2023
NOR,51.0,1,Canadian Grand Prix,2023
NOR,52.0,1,Canadian Grand Prix,2023
NOR,53.0,1,Canadian Grand Prix,2023
NOR,54.0,1,Canadian Grand Prix,2023
NOR,55.0,1,Canadian Grand Prix,2023
NOR,56.0,1,Canadian Grand Prix,2023
NOR,57.0,1,Canadian Grand Prix,2023
NOR,58.0,1,Canadian Grand Prix,2023
NOR,59.0,1,Canadian Grand Prix,2023
NOR,60.0,1,Canadian Grand Prix,2023
NOR,61.0,1,Canadian Grand Prix,2023
NOR,62.0,1,Canadian Grand Prix,2023
NOR,63.0,1,Canadian Grand Prix,2023
NOR,64.0,1,Canadian Grand Prix,2023
NOR,65.0,1,Canadian Grand Prix,2023
NOR,66.0,1,Canadian Grand Prix,2023
NOR,67.0,1,Canadian Grand Prix,2023
NOR,68.0,1,Canadian Grand Prix,2023
NOR,69.0,1,Canadian Grand Prix,2023
NOR,70.0,1,Canadian Grand Prix,2023
HAM,1.0,1,Canadian Grand Prix,2023
HAM,2.0,1,Canadian Grand Prix,2023
HAM,3.0,1,Canadian Grand Prix,2023
HAM,4.0,1,Canadian Grand Prix,2023
HAM,5.0,1,Canadian Grand Prix,2023
HAM,6.0,1,Canadian Grand Prix,2023
HAM,7.0,12,Canadian Grand Prix,2023
HAM,8.0,2671,Canadian Grand Prix,2023
HAM,9.0,1,Canadian Grand Prix,2023
HAM,10.0,1,Canadian Grand Prix,2023
HAM,11.0,1,Canadian Grand Prix,2023
HAM,12.0,124,Canadian Grand Prix,2023
HAM,13.0,4,Canadian Grand Prix,2023
HAM,14.0,4,Canadian Grand Prix,2023
HAM,15.0,4,Canadian Grand Prix,2023
HAM,16.0,41,Canadian Grand Prix,2023
HAM,17.0,1,Canadian Grand Prix,2023
HAM,18.0,1,Canadian Grand Prix,2023
HAM,19.0,1,Canadian Grand Prix,2023
HAM,20.0,1,Canadian Grand Prix,2023
HAM,21.0,1,Canadian Grand Prix,2023
HAM,22.0,1,Canadian Grand Prix,2023
HAM,23.0,1,Canadian Grand Prix,2023
HAM,24.0,1,Canadian Grand Prix,2023
HAM,25.0,1,Canadian Grand Prix,2023
HAM,26.0,1,Canadian Grand Prix,2023
HAM,27.0,1,Canadian Grand Prix,2023
HAM,28.0,1,Canadian Grand Prix,2023
HAM,29.0,12,Canadian Grand Prix,2023
HAM,30.0,1,Canadian Grand Prix,2023
HAM,31.0,1,Canadian Grand Prix,2023
HAM,32.0,1,Canadian Grand Prix,2023
HAM,33.0,1,Canadian Grand Prix,2023
HAM,34.0,1,Canadian Grand Prix,2023
HAM,35.0,12,Canadian Grand Prix,2023
HAM,36.0,21,Canadian Grand Prix,2023
HAM,37.0,1,Canadian Grand Prix,2023
HAM,38.0,1,Canadian Grand Prix,2023
HAM,39.0,1,Canadian Grand Prix,2023
HAM,40.0,1,Canadian Grand Prix,2023
HAM,41.0,1,Canadian Grand Prix,2023
HAM,42.0,1,Canadian Grand Prix,2023
HAM,43.0,1,Canadian Grand Prix,2023
HAM,44.0,1,Canadian Grand Prix,2023
HAM,45.0,1,Canadian Grand Prix,2023
HAM,46.0,1,Canadian Grand Prix,2023
HAM,47.0,1,Canadian Grand Prix,2023
HAM,48.0,1,Canadian Grand Prix,2023
HAM,49.0,1,Canadian Grand Prix,2023
HAM,50.0,1,Canadian Grand Prix,2023
HAM,51.0,1,Canadian Grand Prix,2023
HAM,52.0,1,Canadian Grand Prix,2023
HAM,53.0,1,Canadian Grand Prix,2023
HAM,54.0,1,Canadian Grand Prix,2023
HAM,55.0,1,Canadian Grand Prix,2023
HAM,56.0,1,Canadian Grand Prix,2023
HAM,57.0,1,Canadian Grand Prix,2023
HAM,58.0,1,Canadian Grand Prix,2023
HAM,59.0,1,Canadian Grand Prix,2023
HAM,60.0,1,Canadian Grand Prix,2023
HAM,61.0,1,Canadian Grand Prix,2023
HAM,62.0,1,Canadian Grand Prix,2023
HAM,63.0,1,Canadian Grand Prix,2023
HAM,64.0,1,Canadian Grand Prix,2023
HAM,65.0,1,Canadian Grand Prix,2023
HAM,66.0,1,Canadian Grand Prix,2023
HAM,67.0,1,Canadian Grand Prix,2023
HAM,68.0,1,Canadian Grand Prix,2023
HAM,69.0,1,Canadian Grand Prix,2023
HAM,70.0,1,Canadian Grand Prix,2023
SAI,1.0,1,Canadian Grand Prix,2023
SAI,2.0,1,Canadian Grand Prix,2023
SAI,3.0,1,Canadian Grand Prix,2023
SAI,4.0,1,Canadian Grand Prix,2023
SAI,5.0,1,Canadian Grand Prix,2023
SAI,6.0,1,Canadian Grand Prix,2023
SAI,7.0,126,Canadian Grand Prix,2023
SAI,8.0,671,Canadian Grand Prix,2023
SAI,9.0,1,Canadian Grand Prix,2023
SAI,10.0,1,Canadian Grand Prix,2023
SAI,11.0,1,Canadian Grand Prix,2023
SAI,12.0,124,Canadian Grand Prix,2023
SAI,13.0,4,Canadian Grand Prix,2023
SAI,14.0,4,Canadian Grand Prix,2023
SAI,15.0,4,Canadian Grand Prix,2023
SAI,16.0,41,Canadian Grand Prix,2023
SAI,17.0,1,Canadian Grand Prix,2023
SAI,18.0,1,Canadian Grand Prix,2023
SAI,19.0,1,Canadian Grand Prix,2023
SAI,20.0,1,Canadian Grand Prix,2023
SAI,21.0,1,Canadian Grand Prix,2023
SAI,22.0,1,Canadian Grand Prix,2023
SAI,23.0,1,Canadian Grand Prix,2023
SAI,24.0,1,Canadian Grand Prix,2023
SAI,25.0,1,Canadian Grand Prix,2023
SAI,26.0,1,Canadian Grand Prix,2023
SAI,27.0,1,Canadian Grand Prix,2023
SAI,28.0,1,Canadian Grand Prix,2023
SAI,29.0,12,Canadian Grand Prix,2023
SAI,30.0,1,Canadian Grand Prix,2023
SAI,31.0,1,Canadian Grand Prix,2023
SAI,32.0,1,Canadian Grand Prix,2023
SAI,33.0,1,Canadian Grand Prix,2023
SAI,34.0,1,Canadian Grand Prix,2023
SAI,35.0,12,Canadian Grand Prix,2023
SAI,36.0,21,Canadian Grand Prix,2023
SAI,37.0,1,Canadian Grand Prix,2023
SAI,38.0,1,Canadian Grand Prix,2023
SAI,39.0,1,Canadian Grand Prix,2023
SAI,40.0,1,Canadian Grand Prix,2023
SAI,41.0,1,Canadian Grand Prix,2023
SAI,42.0,1,Canadian Grand Prix,2023
SAI,43.0,1,Canadian Grand Prix,2023
SAI,44.0,1,Canadian Grand Prix,2023
SAI,45.0,1,Canadian Grand Prix,2023
SAI,46.0,1,Canadian Grand Prix,2023
SAI,47.0,1,Canadian Grand Prix,2023
SAI,48.0,1,Canadian Grand Prix,2023
SAI,49.0,1,Canadian Grand Prix,2023
SAI,50.0,1,Canadian Grand Prix,2023
SAI,51.0,1,Canadian Grand Prix,2023
SAI,52.0,1,Canadian Grand Prix,2023
SAI,53.0,1,Canadian Grand Prix,2023
SAI,54.0,1,Canadian Grand Prix,2023
SAI,55.0,1,Canadian Grand Prix,2023
SAI,56.0,1,Canadian Grand Prix,2023
SAI,57.0,1,Canadian Grand Prix,2023
SAI,58.0,1,Canadian Grand Prix,2023
SAI,59.0,1,Canadian Grand Prix,2023
SAI,60.0,1,Canadian Grand Prix,2023
SAI,61.0,1,Canadian Grand Prix,2023
SAI,62.0,1,Canadian Grand Prix,2023
SAI,63.0,1,Canadian Grand Prix,2023
SAI,64.0,1,Canadian Grand Prix,2023
SAI,65.0,1,Canadian Grand Prix,2023
SAI,66.0,1,Canadian Grand Prix,2023
SAI,67.0,1,Canadian Grand Prix,2023
SAI,68.0,1,Canadian Grand Prix,2023
SAI,69.0,1,Canadian Grand Prix,2023
SAI,70.0,1,Canadian Grand Prix,2023
RUS,1.0,1,Canadian Grand Prix,2023
RUS,2.0,1,Canadian Grand Prix,2023
RUS,3.0,1,Canadian Grand Prix,2023
RUS,4.0,1,Canadian Grand Prix,2023
RUS,5.0,1,Canadian Grand Prix,2023
RUS,6.0,1,Canadian Grand Prix,2023
RUS,7.0,12,Canadian Grand Prix,2023
RUS,8.0,2671,Canadian Grand Prix,2023
RUS,9.0,1,Canadian Grand Prix,2023
RUS,10.0,1,Canadian Grand Prix,2023
RUS,11.0,1,Canadian Grand Prix,2023
RUS,12.0,124,Canadian Grand Prix,2023
RUS,13.0,4,Canadian Grand Prix,2023
RUS,14.0,4,Canadian Grand Prix,2023
RUS,15.0,4,Canadian Grand Prix,2023
RUS,16.0,41,Canadian Grand Prix,2023
RUS,17.0,1,Canadian Grand Prix,2023
RUS,18.0,1,Canadian Grand Prix,2023
RUS,19.0,1,Canadian Grand Prix,2023
RUS,20.0,1,Canadian Grand Prix,2023
RUS,21.0,1,Canadian Grand Prix,2023
RUS,22.0,1,Canadian Grand Prix,2023
RUS,23.0,1,Canadian Grand Prix,2023
RUS,24.0,1,Canadian Grand Prix,2023
RUS,25.0,1,Canadian Grand Prix,2023
RUS,26.0,1,Canadian Grand Prix,2023
RUS,27.0,1,Canadian Grand Prix,2023
RUS,28.0,12,Canadian Grand Prix,2023
RUS,29.0,1,Canadian Grand Prix,2023
RUS,30.0,1,Canadian Grand Prix,2023
RUS,31.0,1,Canadian Grand Prix,2023
RUS,32.0,1,Canadian Grand Prix,2023
RUS,33.0,1,Canadian Grand Prix,2023
RUS,34.0,1,Canadian Grand Prix,2023
RUS,35.0,12,Canadian Grand Prix,2023
RUS,36.0,1,Canadian Grand Prix,2023
RUS,37.0,1,Canadian Grand Prix,2023
RUS,38.0,1,Canadian Grand Prix,2023
RUS,39.0,1,Canadian Grand Prix,2023
RUS,40.0,1,Canadian Grand Prix,2023
RUS,41.0,1,Canadian Grand Prix,2023
RUS,42.0,1,Canadian Grand Prix,2023
RUS,43.0,1,Canadian Grand Prix,2023
RUS,44.0,1,Canadian Grand Prix,2023
RUS,45.0,1,Canadian Grand Prix,2023
RUS,46.0,1,Canadian Grand Prix,2023
RUS,47.0,1,Canadian Grand Prix,2023
RUS,48.0,1,Canadian Grand Prix,2023
RUS,49.0,1,Canadian Grand Prix,2023
RUS,50.0,1,Canadian Grand Prix,2023
RUS,51.0,1,Canadian Grand Prix,2023
RUS,52.0,1,Canadian Grand Prix,2023
RUS,53.0,1,Canadian Grand Prix,2023
RUS,54.0,1,Canadian Grand Prix,2023
BOT,1.0,1,Canadian Grand Prix,2023
BOT,2.0,1,Canadian Grand Prix,2023
BOT,3.0,1,Canadian Grand Prix,2023
BOT,4.0,1,Canadian Grand Prix,2023
BOT,5.0,1,Canadian Grand Prix,2023
BOT,6.0,1,Canadian Grand Prix,2023
BOT,7.0,126,Canadian Grand Prix,2023
BOT,8.0,671,Canadian Grand Prix,2023
BOT,9.0,1,Canadian Grand Prix,2023
BOT,10.0,1,Canadian Grand Prix,2023
BOT,11.0,1,Canadian Grand Prix,2023
BOT,12.0,124,Canadian Grand Prix,2023
BOT,13.0,4,Canadian Grand Prix,2023
BOT,14.0,4,Canadian Grand Prix,2023
BOT,15.0,4,Canadian Grand Prix,2023
BOT,16.0,41,Canadian Grand Prix,2023
BOT,17.0,1,Canadian Grand Prix,2023
BOT,18.0,1,Canadian Grand Prix,2023
BOT,19.0,1,Canadian Grand Prix,2023
BOT,20.0,1,Canadian Grand Prix,2023
BOT,21.0,1,Canadian Grand Prix,2023
BOT,22.0,1,Canadian Grand Prix,2023
BOT,23.0,1,Canadian Grand Prix,2023
BOT,24.0,1,Canadian Grand Prix,2023
BOT,25.0,1,Canadian Grand Prix,2023
BOT,26.0,1,Canadian Grand Prix,2023
BOT,27.0,1,Canadian Grand Prix,2023
BOT,28.0,1,Canadian Grand Prix,2023
BOT,29.0,12,Canadian Grand Prix,2023
BOT,30.0,1,Canadian Grand Prix,2023
BOT,31.0,1,Canadian Grand Prix,2023
BOT,32.0,1,Canadian Grand Prix,2023
BOT,33.0,1,Canadian Grand Prix,2023
BOT,34.0,1,Canadian Grand Prix,2023
BOT,35.0,12,Canadian Grand Prix,2023
BOT,36.0,21,Canadian Grand Prix,2023
BOT,37.0,1,Canadian Grand Prix,2023
BOT,38.0,1,Canadian Grand Prix,2023
BOT,39.0,1,Canadian Grand Prix,2023
BOT,40.0,1,Canadian Grand Prix,2023
BOT,41.0,1,Canadian Grand Prix,2023
BOT,42.0,1,Canadian Grand Prix,2023
BOT,43.0,1,Canadian Grand Prix,2023
BOT,44.0,1,Canadian Grand Prix,2023
BOT,45.0,1,Canadian Grand Prix,2023
BOT,46.0,1,Canadian Grand Prix,2023
BOT,47.0,1,Canadian Grand Prix,2023
BOT,48.0,1,Canadian Grand Prix,2023
BOT,49.0,1,Canadian Grand Prix,2023
BOT,50.0,1,Canadian Grand Prix,2023
BOT,51.0,1,Canadian Grand Prix,2023
BOT,52.0,1,Canadian Grand Prix,2023
BOT,53.0,1,Canadian Grand Prix,2023
BOT,54.0,1,Canadian Grand Prix,2023
BOT,55.0,1,Canadian Grand Prix,2023
BOT,56.0,1,Canadian Grand Prix,2023
BOT,57.0,1,Canadian Grand Prix,2023
BOT,58.0,1,Canadian Grand Prix,2023
BOT,59.0,1,Canadian Grand Prix,2023
BOT,60.0,1,Canadian Grand Prix,2023
BOT,61.0,1,Canadian Grand Prix,2023
BOT,62.0,1,Canadian Grand Prix,2023
BOT,63.0,1,Canadian Grand Prix,2023
BOT,64.0,1,Canadian Grand Prix,2023
BOT,65.0,1,Canadian Grand Prix,2023
BOT,66.0,1,Canadian Grand Prix,2023
BOT,67.0,1,Canadian Grand Prix,2023
BOT,68.0,1,Canadian Grand Prix,2023
BOT,69.0,1,Canadian Grand Prix,2023
BOT,70.0,1,Canadian Grand Prix,2023
PIA,1.0,1,Canadian Grand Prix,2023
PIA,2.0,1,Canadian Grand Prix,2023
PIA,3.0,1,Canadian Grand Prix,2023
PIA,4.0,1,Canadian Grand Prix,2023
PIA,5.0,1,Canadian Grand Prix,2023
PIA,6.0,1,Canadian Grand Prix,2023
PIA,7.0,12,Canadian Grand Prix,2023
PIA,8.0,2671,Canadian Grand Prix,2023
PIA,9.0,1,Canadian Grand Prix,2023
PIA,10.0,1,Canadian Grand Prix,2023
PIA,11.0,1,Canadian Grand Prix,2023
PIA,12.0,124,Canadian Grand Prix,2023
PIA,13.0,4,Canadian Grand Prix,2023
PIA,14.0,4,Canadian Grand Prix,2023
PIA,15.0,4,Canadian Grand Prix,2023
PIA,16.0,41,Canadian Grand Prix,2023
PIA,17.0,1,Canadian Grand Prix,2023
PIA,18.0,1,Canadian Grand Prix,2023
PIA,19.0,1,Canadian Grand Prix,2023
PIA,20.0,1,Canadian Grand Prix,2023
PIA,21.0,1,Canadian Grand Prix,2023
PIA,22.0,1,Canadian Grand Prix,2023
PIA,23.0,1,Canadian Grand Prix,2023
PIA,24.0,1,Canadian Grand Prix,2023
PIA,25.0,1,Canadian Grand Prix,2023
PIA,26.0,1,Canadian Grand Prix,2023
PIA,27.0,1,Canadian Grand Prix,2023
PIA,28.0,12,Canadian Grand Prix,2023
PIA,29.0,1,Canadian Grand Prix,2023
PIA,30.0,1,Canadian Grand Prix,2023
PIA,31.0,1,Canadian Grand Prix,2023
PIA,32.0,1,Canadian Grand Prix,2023
PIA,33.0,1,Canadian Grand Prix,2023
PIA,34.0,1,Canadian Grand Prix,2023
PIA,35.0,12,Canadian Grand Prix,2023
PIA,36.0,21,Canadian Grand Prix,2023
PIA,37.0,1,Canadian Grand Prix,2023
PIA,38.0,1,Canadian Grand Prix,2023
PIA,39.0,1,Canadian Grand Prix,2023
PIA,40.0,1,Canadian Grand Prix,2023
PIA,41.0,1,Canadian Grand Prix,2023
PIA,42.0,1,Canadian Grand Prix,2023
PIA,43.0,1,Canadian Grand Prix,2023
PIA,44.0,1,Canadian Grand Prix,2023
PIA,45.0,1,Canadian Grand Prix,2023
PIA,46.0,1,Canadian Grand Prix,2023
PIA,47.0,1,Canadian Grand Prix,2023
PIA,48.0,1,Canadian Grand Prix,2023
PIA,49.0,1,Canadian Grand Prix,2023
PIA,50.0,1,Canadian Grand Prix,2023
PIA,51.0,1,Canadian Grand Prix,2023
PIA,52.0,1,Canadian Grand Prix,2023
PIA,53.0,1,Canadian Grand Prix,2023
PIA,54.0,1,Canadian Grand Prix,2023
PIA,55.0,1,Canadian Grand Prix,2023
PIA,56.0,1,Canadian Grand Prix,2023
PIA,57.0,1,Canadian Grand Prix,2023
PIA,58.0,1,Canadian Grand Prix,2023
PIA,59.0,1,Canadian Grand Prix,2023
PIA,60.0,1,Canadian Grand Prix,2023
PIA,61.0,1,Canadian Grand Prix,2023
PIA,62.0,1,Canadian Grand Prix,2023
PIA,63.0,1,Canadian Grand Prix,2023
PIA,64.0,1,Canadian Grand Prix,2023
PIA,65.0,1,Canadian Grand Prix,2023
PIA,66.0,1,Canadian Grand Prix,2023
PIA,67.0,1,Canadian Grand Prix,2023
PIA,68.0,1,Canadian Grand Prix,2023
PIA,69.0,1,Canadian Grand Prix,2023
PIA,70.0,1,Canadian Grand Prix,2023
VER,1.0,124,Austrian Grand Prix,2023
VER,2.0,4,Austrian Grand Prix,2023
VER,3.0,41,Austrian Grand Prix,2023
VER,4.0,1,Austrian Grand Prix,2023
VER,5.0,1,Austrian Grand Prix,2023
VER,6.0,1,Austrian Grand Prix,2023
VER,7.0,1,Austrian Grand Prix,2023
VER,8.0,1,Austrian Grand Prix,2023
VER,9.0,1,Austrian Grand Prix,2023
VER,10.0,1,Austrian Grand Prix,2023
VER,11.0,1,Austrian Grand Prix,2023
VER,12.0,1,Austrian Grand Prix,2023
VER,13.0,12,Austrian Grand Prix,2023
VER,14.0,26,Austrian Grand Prix,2023
VER,15.0,6,Austrian Grand Prix,2023
VER,16.0,671,Austrian Grand Prix,2023
VER,17.0,1,Austrian Grand Prix,2023
VER,18.0,1,Austrian Grand Prix,2023
VER,19.0,1,Austrian Grand Prix,2023
VER,20.0,1,Austrian Grand Prix,2023
VER,21.0,1,Austrian Grand Prix,2023
VER,22.0,1,Austrian Grand Prix,2023
VER,23.0,1,Austrian Grand Prix,2023
VER,24.0,1,Austrian Grand Prix,2023
VER,25.0,1,Austrian Grand Prix,2023
VER,26.0,1,Austrian Grand Prix,2023
VER,27.0,1,Austrian Grand Prix,2023
VER,28.0,1,Austrian Grand Prix,2023
VER,29.0,1,Austrian Grand Prix,2023
VER,30.0,1,Austrian Grand Prix,2023
VER,31.0,1,Austrian Grand Prix,2023
VER,32.0,1,Austrian Grand Prix,2023
VER,33.0,1,Austrian Grand Prix,2023
VER,34.0,1,Austrian Grand Prix,2023
VER,35.0,1,Austrian Grand Prix,2023
VER,36.0,1,Austrian Grand Prix,2023
VER,37.0,1,Austrian Grand Prix,2023
VER,38.0,1,Austrian Grand Prix,2023
VER,39.0,1,Austrian Grand Prix,2023
VER,40.0,1,Austrian Grand Prix,2023
VER,41.0,1,Austrian Grand Prix,2023
VER,42.0,1,Austrian Grand Prix,2023
VER,43.0,1,Austrian Grand Prix,2023
VER,44.0,1,Austrian Grand Prix,2023
VER,45.0,1,Austrian Grand Prix,2023
VER,46.0,1,Austrian Grand Prix,2023
VER,47.0,1,Austrian Grand Prix,2023
VER,48.0,1,Austrian Grand Prix,2023
VER,49.0,1,Austrian Grand Prix,2023
VER,50.0,1,Austrian Grand Prix,2023
VER,51.0,1,Austrian Grand Prix,2023
VER,52.0,1,Austrian Grand Prix,2023
VER,53.0,1,Austrian Grand Prix,2023
VER,54.0,1,Austrian Grand Prix,2023
VER,55.0,1,Austrian Grand Prix,2023
VER,56.0,1,Austrian Grand Prix,2023
VER,57.0,1,Austrian Grand Prix,2023
VER,58.0,1,Austrian Grand Prix,2023
VER,59.0,1,Austrian Grand Prix,2023
VER,60.0,1,Austrian Grand Prix,2023
VER,61.0,1,Austrian Grand Prix,2023
VER,62.0,1,Austrian Grand Prix,2023
VER,63.0,1,Austrian Grand Prix,2023
VER,64.0,1,Austrian Grand Prix,2023
VER,65.0,1,Austrian Grand Prix,2023
VER,66.0,1,Austrian Grand Prix,2023
VER,67.0,1,Austrian Grand Prix,2023
VER,68.0,1,Austrian Grand Prix,2023
VER,69.0,1,Austrian Grand Prix,2023
VER,70.0,1,Austrian Grand Prix,2023
VER,71.0,1,Austrian Grand Prix,2023
GAS,1.0,124,Austrian Grand Prix,2023
GAS,2.0,4,Austrian Grand Prix,2023
GAS,3.0,41,Austrian Grand Prix,2023
GAS,4.0,1,Austrian Grand Prix,2023
GAS,5.0,1,Austrian Grand Prix,2023
GAS,6.0,1,Austrian Grand Prix,2023
GAS,7.0,1,Austrian Grand Prix,2023
GAS,8.0,1,Austrian Grand Prix,2023
GAS,9.0,1,Austrian Grand Prix,2023
GAS,10.0,1,Austrian Grand Prix,2023
GAS,11.0,1,Austrian Grand Prix,2023
GAS,12.0,1,Austrian Grand Prix,2023
GAS,13.0,12,Austrian Grand Prix,2023
GAS,14.0,26,Austrian Grand Prix,2023
GAS,15.0,67,Austrian Grand Prix,2023
GAS,16.0,71,Austrian Grand Prix,2023
GAS,17.0,1,Austrian Grand Prix,2023
GAS,18.0,1,Austrian Grand Prix,2023
GAS,19.0,1,Austrian Grand Prix,2023
GAS,20.0,1,Austrian Grand Prix,2023
GAS,21.0,1,Austrian Grand Prix,2023
GAS,22.0,1,Austrian Grand Prix,2023
GAS,23.0,1,Austrian Grand Prix,2023
GAS,24.0,1,Austrian Grand Prix,2023
GAS,25.0,1,Austrian Grand Prix,2023
GAS,26.0,1,Austrian Grand Prix,2023
GAS,27.0,1,Austrian Grand Prix,2023
GAS,28.0,1,Austrian Grand Prix,2023
GAS,29.0,1,Austrian Grand Prix,2023
GAS,30.0,1,Austrian Grand Prix,2023
GAS,31.0,1,Austrian Grand Prix,2023
GAS,32.0,1,Austrian Grand Prix,2023
GAS,33.0,1,Austrian Grand Prix,2023
GAS,34.0,1,Austrian Grand Prix,2023
GAS,35.0,1,Austrian Grand Prix,2023
GAS,36.0,1,Austrian Grand Prix,2023
GAS,37.0,1,Austrian Grand Prix,2023
GAS,38.0,1,Austrian Grand Prix,2023
GAS,39.0,1,Austrian Grand Prix,2023
GAS,40.0,1,Austrian Grand Prix,2023
GAS,41.0,1,Austrian Grand Prix,2023
GAS,42.0,1,Austrian Grand Prix,2023
GAS,43.0,1,Austrian Grand Prix,2023
GAS,44.0,1,Austrian Grand Prix,2023
GAS,45.0,1,Austrian Grand Prix,2023
GAS,46.0,1,Austrian Grand Prix,2023
GAS,47.0,1,Austrian Grand Prix,2023
GAS,48.0,1,Austrian Grand Prix,2023
GAS,49.0,1,Austrian Grand Prix,2023
GAS,50.0,1,Austrian Grand Prix,2023
GAS,51.0,1,Austrian Grand Prix,2023
GAS,52.0,1,Austrian Grand Prix,2023
GAS,53.0,1,Austrian Grand Prix,2023
GAS,54.0,1,Austrian Grand Prix,2023
GAS,55.0,1,Austrian Grand Prix,2023
GAS,56.0,1,Austrian Grand Prix,2023
GAS,57.0,1,Austrian Grand Prix,2023
GAS,58.0,1,Austrian Grand Prix,2023
GAS,59.0,1,Austrian Grand Prix,2023
GAS,60.0,1,Austrian Grand Prix,2023
GAS,61.0,1,Austrian Grand Prix,2023
GAS,62.0,1,Austrian Grand Prix,2023
GAS,63.0,1,Austrian Grand Prix,2023
GAS,64.0,1,Austrian Grand Prix,2023
GAS,65.0,1,Austrian Grand Prix,2023
GAS,66.0,1,Austrian Grand Prix,2023
GAS,67.0,1,Austrian Grand Prix,2023
GAS,68.0,1,Austrian Grand Prix,2023
GAS,69.0,1,Austrian Grand Prix,2023
GAS,70.0,1,Austrian Grand Prix,2023
GAS,71.0,1,Austrian Grand Prix,2023
PER,1.0,124,Austrian Grand Prix,2023
PER,2.0,4,Austrian Grand Prix,2023
PER,3.0,41,Austrian Grand Prix,2023
PER,4.0,1,Austrian Grand Prix,2023
PER,5.0,1,Austrian Grand Prix,2023
PER,6.0,1,Austrian Grand Prix,2023
PER,7.0,1,Austrian Grand Prix,2023
PER,8.0,1,Austrian Grand Prix,2023
PER,9.0,1,Austrian Grand Prix,2023
PER,10.0,1,Austrian Grand Prix,2023
PER,11.0,1,Austrian Grand Prix,2023
PER,12.0,1,Austrian Grand Prix,2023
PER,13.0,12,Austrian Grand Prix,2023
PER,14.0,26,Austrian Grand Prix,2023
PER,15.0,6,Austrian Grand Prix,2023
PER,16.0,671,Austrian Grand Prix,2023
PER,17.0,1,Austrian Grand Prix,2023
PER,18.0,1,Austrian Grand Prix,2023
PER,19.0,1,Austrian Grand Prix,2023
PER,20.0,1,Austrian Grand Prix,2023
PER,21.0,1,Austrian Grand Prix,2023
PER,22.0,1,Austrian Grand Prix,2023
PER,23.0,1,Austrian Grand Prix,2023
PER,24.0,1,Austrian Grand Prix,2023
PER,25.0,1,Austrian Grand Prix,2023
PER,26.0,1,Austrian Grand Prix,2023
PER,27.0,1,Austrian Grand Prix,2023
PER,28.0,1,Austrian Grand Prix,2023
PER,29.0,1,Austrian Grand Prix,2023
PER,30.0,1,Austrian Grand Prix,2023
PER,31.0,1,Austrian Grand Prix,2023
PER,32.0,1,Austrian Grand Prix,2023
PER,33.0,1,Austrian Grand Prix,2023
PER,34.0,1,Austrian Grand Prix,2023
PER,35.0,1,Austrian Grand Prix,2023
PER,36.0,1,Austrian Grand Prix,2023
PER,37.0,1,Austrian Grand Prix,2023
PER,38.0,1,Austrian Grand Prix,2023
PER,39.0,1,Austrian Grand Prix,2023
PER,40.0,1,Austrian Grand Prix,2023
PER,41.0,1,Austrian Grand Prix,2023
PER,42.0,1,Austrian Grand Prix,2023
PER,43.0,1,Austrian Grand Prix,2023
PER,44.0,1,Austrian Grand Prix,2023
PER,45.0,1,Austrian Grand Prix,2023
PER,46.0,1,Austrian Grand Prix,2023
PER,47.0,1,Austrian Grand Prix,2023
PER,48.0,1,Austrian Grand Prix,2023
PER,49.0,1,Austrian Grand Prix,2023
PER,50.0,1,Austrian Grand Prix,2023
PER,51.0,1,Austrian Grand Prix,2023
PER,52.0,1,Austrian Grand Prix,2023
PER,53.0,1,Austrian Grand Prix,2023
PER,54.0,1,Austrian Grand Prix,2023
PER,55.0,1,Austrian Grand Prix,2023
PER,56.0,1,Austrian Grand Prix,2023
PER,57.0,1,Austrian Grand Prix,2023
PER,58.0,1,Austrian Grand Prix,2023
PER,59.0,1,Austrian Grand Prix,2023
PER,60.0,1,Austrian Grand Prix,2023
PER,61.0,1,Austrian Grand Prix,2023
PER,62.0,1,Austrian Grand Prix,2023
PER,63.0,1,Austrian Grand Prix,2023
PER,64.0,1,Austrian Grand Prix,2023
PER,65.0,1,Austrian Grand Prix,2023
PER,66.0,1,Austrian Grand Prix,2023
PER,67.0,1,Austrian Grand Prix,2023
PER,68.0,1,Austrian Grand Prix,2023
PER,69.0,1,Austrian Grand Prix,2023
PER,70.0,1,Austrian Grand Prix,2023
PER,71.0,1,Austrian Grand Prix,2023
ALO,1.0,124,Austrian Grand Prix,2023
ALO,2.0,4,Austrian Grand Prix,2023
ALO,3.0,41,Austrian Grand Prix,2023
ALO,4.0,1,Austrian Grand Prix,2023
ALO,5.0,1,Austrian Grand Prix,2023
ALO,6.0,1,Austrian Grand Prix,2023
ALO,7.0,1,Austrian Grand Prix,2023
ALO,8.0,1,Austrian Grand Prix,2023
ALO,9.0,1,Austrian Grand Prix,2023
ALO,10.0,1,Austrian Grand Prix,2023
ALO,11.0,1,Austrian Grand Prix,2023
ALO,12.0,1,Austrian Grand Prix,2023
ALO,13.0,12,Austrian Grand Prix,2023
ALO,14.0,26,Austrian Grand Prix,2023
ALO,15.0,6,Austrian Grand Prix,2023
ALO,16.0,671,Austrian Grand Prix,2023
ALO,17.0,1,Austrian Grand Prix,2023
ALO,18.0,1,Austrian Grand Prix,2023
ALO,19.0,1,Austrian Grand Prix,2023
ALO,20.0,1,Austrian Grand Prix,2023
ALO,21.0,1,Austrian Grand Prix,2023
ALO,22.0,1,Austrian Grand Prix,2023
ALO,23.0,1,Austrian Grand Prix,2023
ALO,24.0,1,Austrian Grand Prix,2023
ALO,25.0,1,Austrian Grand Prix,2023
ALO,26.0,1,Austrian Grand Prix,2023
ALO,27.0,1,Austrian Grand Prix,2023
ALO,28.0,1,Austrian Grand Prix,2023
ALO,29.0,1,Austrian Grand Prix,2023
ALO,30.0,1,Austrian Grand Prix,2023
ALO,31.0,1,Austrian Grand Prix,2023
ALO,32.0,1,Austrian Grand Prix,2023
ALO,33.0,1,Austrian Grand Prix,2023
ALO,34.0,1,Austrian Grand Prix,2023
ALO,35.0,1,Austrian Grand Prix,2023
ALO,36.0,1,Austrian Grand Prix,2023
ALO,37.0,1,Austrian Grand Prix,2023
ALO,38.0,1,Austrian Grand Prix,2023
ALO,39.0,1,Austrian Grand Prix,2023
ALO,40.0,1,Austrian Grand Prix,2023
ALO,41.0,1,Austrian Grand Prix,2023
ALO,42.0,1,Austrian Grand Prix,2023
ALO,43.0,1,Austrian Grand Prix,2023
ALO,44.0,1,Austrian Grand Prix,2023
ALO,45.0,1,Austrian Grand Prix,2023
ALO,46.0,1,Austrian Grand Prix,2023
ALO,47.0,1,Austrian Grand Prix,2023
ALO,48.0,1,Austrian Grand Prix,2023
ALO,49.0,1,Austrian Grand Prix,2023
ALO,50.0,1,Austrian Grand Prix,2023
ALO,51.0,1,Austrian Grand Prix,2023
ALO,52.0,1,Austrian Grand Prix,2023
ALO,53.0,1,Austrian Grand Prix,2023
ALO,54.0,1,Austrian Grand Prix,2023
ALO,55.0,1,Austrian Grand Prix,2023
ALO,56.0,1,Austrian Grand Prix,2023
ALO,57.0,1,Austrian Grand Prix,2023
ALO,58.0,1,Austrian Grand Prix,2023
ALO,59.0,1,Austrian Grand Prix,2023
ALO,60.0,1,Austrian Grand Prix,2023
ALO,61.0,1,Austrian Grand Prix,2023
ALO,62.0,1,Austrian Grand Prix,2023
ALO,63.0,1,Austrian Grand Prix,2023
ALO,64.0,1,Austrian Grand Prix,2023
ALO,65.0,1,Austrian Grand Prix,2023
ALO,66.0,1,Austrian Grand Prix,2023
ALO,67.0,1,Austrian Grand Prix,2023
ALO,68.0,1,Austrian Grand Prix,2023
ALO,69.0,1,Austrian Grand Prix,2023
ALO,70.0,1,Austrian Grand Prix,2023
ALO,71.0,1,Austrian Grand Prix,2023
LEC,1.0,124,Austrian Grand Prix,2023
LEC,2.0,4,Austrian Grand Prix,2023
LEC,3.0,41,Austrian Grand Prix,2023
LEC,4.0,1,Austrian Grand Prix,2023
LEC,5.0,1,Austrian Grand Prix,2023
LEC,6.0,1,Austrian Grand Prix,2023
LEC,7.0,1,Austrian Grand Prix,2023
LEC,8.0,1,Austrian Grand Prix,2023
LEC,9.0,1,Austrian Grand Prix,2023
LEC,10.0,1,Austrian Grand Prix,2023
LEC,11.0,1,Austrian Grand Prix,2023
LEC,12.0,1,Austrian Grand Prix,2023
LEC,13.0,12,Austrian Grand Prix,2023
LEC,14.0,26,Austrian Grand Prix,2023
LEC,15.0,6,Austrian Grand Prix,2023
LEC,16.0,671,Austrian Grand Prix,2023
LEC,17.0,1,Austrian Grand Prix,2023
LEC,18.0,1,Austrian Grand Prix,2023
LEC,19.0,1,Austrian Grand Prix,2023
LEC,20.0,1,Austrian Grand Prix,2023
LEC,21.0,1,Austrian Grand Prix,2023
LEC,22.0,1,Austrian Grand Prix,2023
LEC,23.0,1,Austrian Grand Prix,2023
LEC,24.0,1,Austrian Grand Prix,2023
LEC,25.0,1,Austrian Grand Prix,2023
LEC,26.0,1,Austrian Grand Prix,2023
LEC,27.0,1,Austrian Grand Prix,2023
LEC,28.0,1,Austrian Grand Prix,2023
LEC,29.0,1,Austrian Grand Prix,2023
LEC,30.0,1,Austrian Grand Prix,2023
LEC,31.0,1,Austrian Grand Prix,2023
LEC,32.0,1,Austrian Grand Prix,2023
LEC,33.0,1,Austrian Grand Prix,2023
LEC,34.0,1,Austrian Grand Prix,2023
LEC,35.0,1,Austrian Grand Prix,2023
LEC,36.0,1,Austrian Grand Prix,2023
LEC,37.0,1,Austrian Grand Prix,2023
LEC,38.0,1,Austrian Grand Prix,2023
LEC,39.0,1,Austrian Grand Prix,2023
LEC,40.0,1,Austrian Grand Prix,2023
LEC,41.0,1,Austrian Grand Prix,2023
LEC,42.0,1,Austrian Grand Prix,2023
LEC,43.0,1,Austrian Grand Prix,2023
LEC,44.0,1,Austrian Grand Prix,2023
LEC,45.0,1,Austrian Grand Prix,2023
LEC,46.0,1,Austrian Grand Prix,2023
LEC,47.0,1,Austrian Grand Prix,2023
LEC,48.0,1,Austrian Grand Prix,2023
LEC,49.0,1,Austrian Grand Prix,2023
LEC,50.0,1,Austrian Grand Prix,2023
LEC,51.0,1,Austrian Grand Prix,2023
LEC,52.0,1,Austrian Grand Prix,2023
LEC,53.0,1,Austrian Grand Prix,2023
LEC,54.0,1,Austrian Grand Prix,2023
LEC,55.0,1,Austrian Grand Prix,2023
LEC,56.0,1,Austrian Grand Prix,2023
LEC,57.0,1,Austrian Grand Prix,2023
LEC,58.0,1,Austrian Grand Prix,2023
LEC,59.0,1,Austrian Grand Prix,2023
LEC,60.0,1,Austrian Grand Prix,2023
LEC,61.0,1,Austrian Grand Prix,2023
LEC,62.0,1,Austrian Grand Prix,2023
LEC,63.0,1,Austrian Grand Prix,2023
LEC,64.0,1,Austrian Grand Prix,2023
LEC,65.0,1,Austrian Grand Prix,2023
LEC,66.0,1,Austrian Grand Prix,2023
LEC,67.0,1,Austrian Grand Prix,2023
LEC,68.0,1,Austrian Grand Prix,2023
LEC,69.0,1,Austrian Grand Prix,2023
LEC,70.0,1,Austrian Grand Prix,2023
LEC,71.0,1,Austrian Grand Prix,2023
STR,1.0,124,Austrian Grand Prix,2023
STR,2.0,4,Austrian Grand Prix,2023
STR,3.0,41,Austrian Grand Prix,2023
STR,4.0,1,Austrian Grand Prix,2023
STR,5.0,1,Austrian Grand Prix,2023
STR,6.0,1,Austrian Grand Prix,2023
STR,7.0,1,Austrian Grand Prix,2023
STR,8.0,1,Austrian Grand Prix,2023
STR,9.0,1,Austrian Grand Prix,2023
STR,10.0,1,Austrian Grand Prix,2023
STR,11.0,1,Austrian Grand Prix,2023
STR,12.0,1,Austrian Grand Prix,2023
STR,13.0,12,Austrian Grand Prix,2023
STR,14.0,26,Austrian Grand Prix,2023
STR,15.0,6,Austrian Grand Prix,2023
STR,16.0,671,Austrian Grand Prix,2023
STR,17.0,1,Austrian Grand Prix,2023
STR,18.0,1,Austrian Grand Prix,2023
STR,19.0,1,Austrian Grand Prix,2023
STR,20.0,1,Austrian Grand Prix,2023
STR,21.0,1,Austrian Grand Prix,2023
STR,22.0,1,Austrian Grand Prix,2023
STR,23.0,1,Austrian Grand Prix,2023
STR,24.0,1,Austrian Grand Prix,2023
STR,25.0,1,Austrian Grand Prix,2023
STR,26.0,1,Austrian Grand Prix,2023
STR,27.0,1,Austrian Grand Prix,2023
STR,28.0,1,Austrian Grand Prix,2023
STR,29.0,1,Austrian Grand Prix,2023
STR,30.0,1,Austrian Grand Prix,2023
STR,31.0,1,Austrian Grand Prix,2023
STR,32.0,1,Austrian Grand Prix,2023
STR,33.0,1,Austrian Grand Prix,2023
STR,34.0,1,Austrian Grand Prix,2023
STR,35.0,1,Austrian Grand Prix,2023
STR,36.0,1,Austrian Grand Prix,2023
STR,37.0,1,Austrian Grand Prix,2023
STR,38.0,1,Austrian Grand Prix,2023
STR,39.0,1,Austrian Grand Prix,2023
STR,40.0,1,Austrian Grand Prix,2023
STR,41.0,1,Austrian Grand Prix,2023
STR,42.0,1,Austrian Grand Prix,2023
STR,43.0,1,Austrian Grand Prix,2023
STR,44.0,1,Austrian Grand Prix,2023
STR,45.0,1,Austrian Grand Prix,2023
STR,46.0,1,Austrian Grand Prix,2023
STR,47.0,1,Austrian Grand Prix,2023
STR,48.0,1,Austrian Grand Prix,2023
STR,49.0,1,Austrian Grand Prix,2023
STR,50.0,1,Austrian Grand Prix,2023
STR,51.0,1,Austrian Grand Prix,2023
STR,52.0,1,Austrian Grand Prix,2023
STR,53.0,1,Austrian Grand Prix,2023
STR,54.0,1,Austrian Grand Prix,2023
STR,55.0,1,Austrian Grand Prix,2023
STR,56.0,1,Austrian Grand Prix,2023
STR,57.0,1,Austrian Grand Prix,2023
STR,58.0,1,Austrian Grand Prix,2023
STR,59.0,1,Austrian Grand Prix,2023
STR,60.0,1,Austrian Grand Prix,2023
STR,61.0,1,Austrian Grand Prix,2023
STR,62.0,1,Austrian Grand Prix,2023
STR,63.0,1,Austrian Grand Prix,2023
STR,64.0,1,Austrian Grand Prix,2023
STR,65.0,1,Austrian Grand Prix,2023
STR,66.0,1,Austrian Grand Prix,2023
STR,67.0,1,Austrian Grand Prix,2023
STR,68.0,1,Austrian Grand Prix,2023
STR,69.0,1,Austrian Grand Prix,2023
STR,70.0,1,Austrian Grand Prix,2023
STR,71.0,1,Austrian Grand Prix,2023
SAR,1.0,124,Austrian Grand Prix,2023
SAR,2.0,4,Austrian Grand Prix,2023
SAR,3.0,41,Austrian Grand Prix,2023
SAR,4.0,1,Austrian Grand Prix,2023
SAR,5.0,1,Austrian Grand Prix,2023
SAR,6.0,1,Austrian Grand Prix,2023
SAR,7.0,1,Austrian Grand Prix,2023
SAR,8.0,1,Austrian Grand Prix,2023
SAR,9.0,1,Austrian Grand Prix,2023
SAR,10.0,1,Austrian Grand Prix,2023
SAR,11.0,1,Austrian Grand Prix,2023
SAR,12.0,1,Austrian Grand Prix,2023
SAR,13.0,12,Austrian Grand Prix,2023
SAR,14.0,26,Austrian Grand Prix,2023
SAR,15.0,671,Austrian Grand Prix,2023
SAR,16.0,1,Austrian Grand Prix,2023
SAR,17.0,1,Austrian Grand Prix,2023
SAR,18.0,1,Austrian Grand Prix,2023
SAR,19.0,1,Austrian Grand Prix,2023
SAR,20.0,1,Austrian Grand Prix,2023
SAR,21.0,1,Austrian Grand Prix,2023
SAR,22.0,1,Austrian Grand Prix,2023
SAR,23.0,1,Austrian Grand Prix,2023
SAR,24.0,1,Austrian Grand Prix,2023
SAR,25.0,1,Austrian Grand Prix,2023
SAR,26.0,1,Austrian Grand Prix,2023
SAR,27.0,1,Austrian Grand Prix,2023
SAR,28.0,1,Austrian Grand Prix,2023
SAR,29.0,1,Austrian Grand Prix,2023
SAR,30.0,1,Austrian Grand Prix,2023
SAR,31.0,1,Austrian Grand Prix,2023
SAR,32.0,1,Austrian Grand Prix,2023
SAR,33.0,1,Austrian Grand Prix,2023
SAR,34.0,1,Austrian Grand Prix,2023
SAR,35.0,1,Austrian Grand Prix,2023
SAR,36.0,1,Austrian Grand Prix,2023
SAR,37.0,1,Austrian Grand Prix,2023
SAR,38.0,1,Austrian Grand Prix,2023
SAR,39.0,1,Austrian Grand Prix,2023
SAR,40.0,1,Austrian Grand Prix,2023
SAR,41.0,1,Austrian Grand Prix,2023
SAR,42.0,1,Austrian Grand Prix,2023
SAR,43.0,1,Austrian Grand Prix,2023
SAR,44.0,1,Austrian Grand Prix,2023
SAR,45.0,1,Austrian Grand Prix,2023
SAR,46.0,1,Austrian Grand Prix,2023
SAR,47.0,1,Austrian Grand Prix,2023
SAR,48.0,1,Austrian Grand Prix,2023
SAR,49.0,1,Austrian Grand Prix,2023
SAR,50.0,1,Austrian Grand Prix,2023
SAR,51.0,1,Austrian Grand Prix,2023
SAR,52.0,1,Austrian Grand Prix,2023
SAR,53.0,1,Austrian Grand Prix,2023
SAR,54.0,1,Austrian Grand Prix,2023
SAR,55.0,1,Austrian Grand Prix,2023
SAR,56.0,1,Austrian Grand Prix,2023
SAR,57.0,1,Austrian Grand Prix,2023
SAR,58.0,1,Austrian Grand Prix,2023
SAR,59.0,1,Austrian Grand Prix,2023
SAR,60.0,1,Austrian Grand Prix,2023
SAR,61.0,1,Austrian Grand Prix,2023
SAR,62.0,1,Austrian Grand Prix,2023
SAR,63.0,1,Austrian Grand Prix,2023
SAR,64.0,1,Austrian Grand Prix,2023
SAR,65.0,1,Austrian Grand Prix,2023
SAR,66.0,1,Austrian Grand Prix,2023
SAR,67.0,1,Austrian Grand Prix,2023
SAR,68.0,1,Austrian Grand Prix,2023
SAR,69.0,1,Austrian Grand Prix,2023
SAR,70.0,1,Austrian Grand Prix,2023
MAG,1.0,124,Austrian Grand Prix,2023
MAG,2.0,4,Austrian Grand Prix,2023
MAG,3.0,41,Austrian Grand Prix,2023
MAG,4.0,1,Austrian Grand Prix,2023
MAG,5.0,1,Austrian Grand Prix,2023
MAG,6.0,1,Austrian Grand Prix,2023
MAG,7.0,1,Austrian Grand Prix,2023
MAG,8.0,1,Austrian Grand Prix,2023
MAG,9.0,1,Austrian Grand Prix,2023
MAG,10.0,1,Austrian Grand Prix,2023
MAG,11.0,1,Austrian Grand Prix,2023
MAG,12.0,1,Austrian Grand Prix,2023
MAG,13.0,12,Austrian Grand Prix,2023
MAG,14.0,26,Austrian Grand Prix,2023
MAG,15.0,671,Austrian Grand Prix,2023
MAG,16.0,1,Austrian Grand Prix,2023
MAG,17.0,1,Austrian Grand Prix,2023
MAG,18.0,1,Austrian Grand Prix,2023
MAG,19.0,1,Austrian Grand Prix,2023
MAG,20.0,1,Austrian Grand Prix,2023
MAG,21.0,1,Austrian Grand Prix,2023
MAG,22.0,1,Austrian Grand Prix,2023
MAG,23.0,1,Austrian Grand Prix,2023
MAG,24.0,1,Austrian Grand Prix,2023
MAG,25.0,1,Austrian Grand Prix,2023
MAG,26.0,1,Austrian Grand Prix,2023
MAG,27.0,1,Austrian Grand Prix,2023
MAG,28.0,1,Austrian Grand Prix,2023
MAG,29.0,1,Austrian Grand Prix,2023
MAG,30.0,1,Austrian Grand Prix,2023
MAG,31.0,1,Austrian Grand Prix,2023
MAG,32.0,1,Austrian Grand Prix,2023
MAG,33.0,1,Austrian Grand Prix,2023
MAG,34.0,1,Austrian Grand Prix,2023
MAG,35.0,1,Austrian Grand Prix,2023
MAG,36.0,1,Austrian Grand Prix,2023
MAG,37.0,1,Austrian Grand Prix,2023
MAG,38.0,1,Austrian Grand Prix,2023
MAG,39.0,1,Austrian Grand Prix,2023
MAG,40.0,1,Austrian Grand Prix,2023
MAG,41.0,1,Austrian Grand Prix,2023
MAG,42.0,1,Austrian Grand Prix,2023
MAG,43.0,1,Austrian Grand Prix,2023
MAG,44.0,1,Austrian Grand Prix,2023
MAG,45.0,1,Austrian Grand Prix,2023
MAG,46.0,1,Austrian Grand Prix,2023
MAG,47.0,1,Austrian Grand Prix,2023
MAG,48.0,1,Austrian Grand Prix,2023
MAG,49.0,1,Austrian Grand Prix,2023
MAG,50.0,1,Austrian Grand Prix,2023
MAG,51.0,1,Austrian Grand Prix,2023
MAG,52.0,1,Austrian Grand Prix,2023
MAG,53.0,1,Austrian Grand Prix,2023
MAG,54.0,1,Austrian Grand Prix,2023
MAG,55.0,1,Austrian Grand Prix,2023
MAG,56.0,1,Austrian Grand Prix,2023
MAG,57.0,1,Austrian Grand Prix,2023
MAG,58.0,1,Austrian Grand Prix,2023
MAG,59.0,1,Austrian Grand Prix,2023
MAG,60.0,1,Austrian Grand Prix,2023
MAG,61.0,1,Austrian Grand Prix,2023
MAG,62.0,1,Austrian Grand Prix,2023
MAG,63.0,1,Austrian Grand Prix,2023
MAG,64.0,1,Austrian Grand Prix,2023
MAG,65.0,1,Austrian Grand Prix,2023
MAG,66.0,1,Austrian Grand Prix,2023
MAG,67.0,1,Austrian Grand Prix,2023
MAG,68.0,1,Austrian Grand Prix,2023
MAG,69.0,1,Austrian Grand Prix,2023
MAG,70.0,1,Austrian Grand Prix,2023
DEV,1.0,124,Austrian Grand Prix,2023
DEV,2.0,4,Austrian Grand Prix,2023
DEV,3.0,41,Austrian Grand Prix,2023
DEV,4.0,1,Austrian Grand Prix,2023
DEV,5.0,1,Austrian Grand Prix,2023
DEV,6.0,1,Austrian Grand Prix,2023
DEV,7.0,1,Austrian Grand Prix,2023
DEV,8.0,1,Austrian Grand Prix,2023
DEV,9.0,1,Austrian Grand Prix,2023
DEV,10.0,1,Austrian Grand Prix,2023
DEV,11.0,1,Austrian Grand Prix,2023
DEV,12.0,1,Austrian Grand Prix,2023
DEV,13.0,12,Austrian Grand Prix,2023
DEV,14.0,26,Austrian Grand Prix,2023
DEV,15.0,671,Austrian Grand Prix,2023
DEV,16.0,1,Austrian Grand Prix,2023
DEV,17.0,1,Austrian Grand Prix,2023
DEV,18.0,1,Austrian Grand Prix,2023
DEV,19.0,1,Austrian Grand Prix,2023
DEV,20.0,1,Austrian Grand Prix,2023
DEV,21.0,1,Austrian Grand Prix,2023
DEV,22.0,1,Austrian Grand Prix,2023
DEV,23.0,1,Austrian Grand Prix,2023
DEV,24.0,1,Austrian Grand Prix,2023
DEV,25.0,1,Austrian Grand Prix,2023
DEV,26.0,1,Austrian Grand Prix,2023
DEV,27.0,1,Austrian Grand Prix,2023
DEV,28.0,1,Austrian Grand Prix,2023
DEV,29.0,1,Austrian Grand Prix,2023
DEV,30.0,1,Austrian Grand Prix,2023
DEV,31.0,1,Austrian Grand Prix,2023
DEV,32.0,1,Austrian Grand Prix,2023
DEV,33.0,1,Austrian Grand Prix,2023
DEV,34.0,1,Austrian Grand Prix,2023
DEV,35.0,1,Austrian Grand Prix,2023
DEV,36.0,1,Austrian Grand Prix,2023
DEV,37.0,1,Austrian Grand Prix,2023
DEV,38.0,1,Austrian Grand Prix,2023
DEV,39.0,1,Austrian Grand Prix,2023
DEV,40.0,1,Austrian Grand Prix,2023
DEV,41.0,1,Austrian Grand Prix,2023
DEV,42.0,1,Austrian Grand Prix,2023
DEV,43.0,1,Austrian Grand Prix,2023
DEV,44.0,1,Austrian Grand Prix,2023
DEV,45.0,1,Austrian Grand Prix,2023
DEV,46.0,1,Austrian Grand Prix,2023
DEV,47.0,1,Austrian Grand Prix,2023
DEV,48.0,1,Austrian Grand Prix,2023
DEV,49.0,1,Austrian Grand Prix,2023
DEV,50.0,1,Austrian Grand Prix,2023
DEV,51.0,1,Austrian Grand Prix,2023
DEV,52.0,1,Austrian Grand Prix,2023
DEV,53.0,1,Austrian Grand Prix,2023
DEV,54.0,1,Austrian Grand Prix,2023
DEV,55.0,1,Austrian Grand Prix,2023
DEV,56.0,1,Austrian Grand Prix,2023
DEV,57.0,1,Austrian Grand Prix,2023
DEV,58.0,1,Austrian Grand Prix,2023
DEV,59.0,1,Austrian Grand Prix,2023
DEV,60.0,1,Austrian Grand Prix,2023
DEV,61.0,1,Austrian Grand Prix,2023
DEV,62.0,1,Austrian Grand Prix,2023
DEV,63.0,1,Austrian Grand Prix,2023
DEV,64.0,1,Austrian Grand Prix,2023
DEV,65.0,1,Austrian Grand Prix,2023
DEV,66.0,1,Austrian Grand Prix,2023
DEV,67.0,1,Austrian Grand Prix,2023
DEV,68.0,1,Austrian Grand Prix,2023
DEV,69.0,1,Austrian Grand Prix,2023
DEV,70.0,1,Austrian Grand Prix,2023
TSU,1.0,124,Austrian Grand Prix,2023
TSU,2.0,4,Austrian Grand Prix,2023
TSU,3.0,41,Austrian Grand Prix,2023
TSU,4.0,1,Austrian Grand Prix,2023
TSU,5.0,1,Austrian Grand Prix,2023
TSU,6.0,1,Austrian Grand Prix,2023
TSU,7.0,1,Austrian Grand Prix,2023
TSU,8.0,1,Austrian Grand Prix,2023
TSU,9.0,1,Austrian Grand Prix,2023
TSU,10.0,1,Austrian Grand Prix,2023
TSU,11.0,1,Austrian Grand Prix,2023
TSU,12.0,1,Austrian Grand Prix,2023
TSU,13.0,12,Austrian Grand Prix,2023
TSU,14.0,26,Austrian Grand Prix,2023
TSU,15.0,67,Austrian Grand Prix,2023
TSU,16.0,71,Austrian Grand Prix,2023
TSU,17.0,1,Austrian Grand Prix,2023
TSU,18.0,1,Austrian Grand Prix,2023
TSU,19.0,1,Austrian Grand Prix,2023
TSU,20.0,1,Austrian Grand Prix,2023
TSU,21.0,1,Austrian Grand Prix,2023
TSU,22.0,1,Austrian Grand Prix,2023
TSU,23.0,1,Austrian Grand Prix,2023
TSU,24.0,1,Austrian Grand Prix,2023
TSU,25.0,1,Austrian Grand Prix,2023
TSU,26.0,1,Austrian Grand Prix,2023
TSU,27.0,1,Austrian Grand Prix,2023
TSU,28.0,1,Austrian Grand Prix,2023
TSU,29.0,1,Austrian Grand Prix,2023
TSU,30.0,1,Austrian Grand Prix,2023
TSU,31.0,1,Austrian Grand Prix,2023
TSU,32.0,1,Austrian Grand Prix,2023
TSU,33.0,1,Austrian Grand Prix,2023
TSU,34.0,1,Austrian Grand Prix,2023
TSU,35.0,1,Austrian Grand Prix,2023
TSU,36.0,1,Austrian Grand Prix,2023
TSU,37.0,1,Austrian Grand Prix,2023
TSU,38.0,1,Austrian Grand Prix,2023
TSU,39.0,1,Austrian Grand Prix,2023
TSU,40.0,1,Austrian Grand Prix,2023
TSU,41.0,1,Austrian Grand Prix,2023
TSU,42.0,1,Austrian Grand Prix,2023
TSU,43.0,1,Austrian Grand Prix,2023
TSU,44.0,1,Austrian Grand Prix,2023
TSU,45.0,1,Austrian Grand Prix,2023
TSU,46.0,1,Austrian Grand Prix,2023
TSU,47.0,1,Austrian Grand Prix,2023
TSU,48.0,1,Austrian Grand Prix,2023
TSU,49.0,1,Austrian Grand Prix,2023
TSU,50.0,1,Austrian Grand Prix,2023
TSU,51.0,1,Austrian Grand Prix,2023
TSU,52.0,1,Austrian Grand Prix,2023
TSU,53.0,1,Austrian Grand Prix,2023
TSU,54.0,1,Austrian Grand Prix,2023
TSU,55.0,1,Austrian Grand Prix,2023
TSU,56.0,1,Austrian Grand Prix,2023
TSU,57.0,1,Austrian Grand Prix,2023
TSU,58.0,1,Austrian Grand Prix,2023
TSU,59.0,1,Austrian Grand Prix,2023
TSU,60.0,1,Austrian Grand Prix,2023
TSU,61.0,1,Austrian Grand Prix,2023
TSU,62.0,1,Austrian Grand Prix,2023
TSU,63.0,1,Austrian Grand Prix,2023
TSU,64.0,1,Austrian Grand Prix,2023
TSU,65.0,1,Austrian Grand Prix,2023
TSU,66.0,1,Austrian Grand Prix,2023
TSU,67.0,1,Austrian Grand Prix,2023
TSU,68.0,1,Austrian Grand Prix,2023
TSU,69.0,1,Austrian Grand Prix,2023
TSU,70.0,1,Austrian Grand Prix,2023
ALB,1.0,124,Austrian Grand Prix,2023
ALB,2.0,4,Austrian Grand Prix,2023
ALB,3.0,41,Austrian Grand Prix,2023
ALB,4.0,1,Austrian Grand Prix,2023
ALB,5.0,1,Austrian Grand Prix,2023
ALB,6.0,1,Austrian Grand Prix,2023
ALB,7.0,1,Austrian Grand Prix,2023
ALB,8.0,1,Austrian Grand Prix,2023
ALB,9.0,1,Austrian Grand Prix,2023
ALB,10.0,1,Austrian Grand Prix,2023
ALB,11.0,1,Austrian Grand Prix,2023
ALB,12.0,1,Austrian Grand Prix,2023
ALB,13.0,12,Austrian Grand Prix,2023
ALB,14.0,26,Austrian Grand Prix,2023
ALB,15.0,671,Austrian Grand Prix,2023
ALB,16.0,1,Austrian Grand Prix,2023
ALB,17.0,1,Austrian Grand Prix,2023
ALB,18.0,1,Austrian Grand Prix,2023
ALB,19.0,1,Austrian Grand Prix,2023
ALB,20.0,1,Austrian Grand Prix,2023
ALB,21.0,1,Austrian Grand Prix,2023
ALB,22.0,1,Austrian Grand Prix,2023
ALB,23.0,1,Austrian Grand Prix,2023
ALB,24.0,1,Austrian Grand Prix,2023
ALB,25.0,1,Austrian Grand Prix,2023
ALB,26.0,1,Austrian Grand Prix,2023
ALB,27.0,1,Austrian Grand Prix,2023
ALB,28.0,1,Austrian Grand Prix,2023
ALB,29.0,1,Austrian Grand Prix,2023
ALB,30.0,1,Austrian Grand Prix,2023
ALB,31.0,1,Austrian Grand Prix,2023
ALB,32.0,1,Austrian Grand Prix,2023
ALB,33.0,1,Austrian Grand Prix,2023
ALB,34.0,1,Austrian Grand Prix,2023
ALB,35.0,1,Austrian Grand Prix,2023
ALB,36.0,1,Austrian Grand Prix,2023
ALB,37.0,1,Austrian Grand Prix,2023
ALB,38.0,1,Austrian Grand Prix,2023
ALB,39.0,1,Austrian Grand Prix,2023
ALB,40.0,1,Austrian Grand Prix,2023
ALB,41.0,1,Austrian Grand Prix,2023
ALB,42.0,1,Austrian Grand Prix,2023
ALB,43.0,1,Austrian Grand Prix,2023
ALB,44.0,1,Austrian Grand Prix,2023
ALB,45.0,1,Austrian Grand Prix,2023
ALB,46.0,1,Austrian Grand Prix,2023
ALB,47.0,1,Austrian Grand Prix,2023
ALB,48.0,1,Austrian Grand Prix,2023
ALB,49.0,1,Austrian Grand Prix,2023
ALB,50.0,1,Austrian Grand Prix,2023
ALB,51.0,1,Austrian Grand Prix,2023
ALB,52.0,1,Austrian Grand Prix,2023
ALB,53.0,1,Austrian Grand Prix,2023
ALB,54.0,1,Austrian Grand Prix,2023
ALB,55.0,1,Austrian Grand Prix,2023
ALB,56.0,1,Austrian Grand Prix,2023
ALB,57.0,1,Austrian Grand Prix,2023
ALB,58.0,1,Austrian Grand Prix,2023
ALB,59.0,1,Austrian Grand Prix,2023
ALB,60.0,1,Austrian Grand Prix,2023
ALB,61.0,1,Austrian Grand Prix,2023
ALB,62.0,1,Austrian Grand Prix,2023
ALB,63.0,1,Austrian Grand Prix,2023
ALB,64.0,1,Austrian Grand Prix,2023
ALB,65.0,1,Austrian Grand Prix,2023
ALB,66.0,1,Austrian Grand Prix,2023
ALB,67.0,1,Austrian Grand Prix,2023
ALB,68.0,1,Austrian Grand Prix,2023
ALB,69.0,1,Austrian Grand Prix,2023
ALB,70.0,1,Austrian Grand Prix,2023
ALB,71.0,1,Austrian Grand Prix,2023
ZHO,1.0,124,Austrian Grand Prix,2023
ZHO,2.0,4,Austrian Grand Prix,2023
ZHO,3.0,41,Austrian Grand Prix,2023
ZHO,4.0,1,Austrian Grand Prix,2023
ZHO,5.0,1,Austrian Grand Prix,2023
ZHO,6.0,1,Austrian Grand Prix,2023
ZHO,7.0,1,Austrian Grand Prix,2023
ZHO,8.0,1,Austrian Grand Prix,2023
ZHO,9.0,1,Austrian Grand Prix,2023
ZHO,10.0,1,Austrian Grand Prix,2023
ZHO,11.0,1,Austrian Grand Prix,2023
ZHO,12.0,1,Austrian Grand Prix,2023
ZHO,13.0,12,Austrian Grand Prix,2023
ZHO,14.0,26,Austrian Grand Prix,2023
ZHO,15.0,671,Austrian Grand Prix,2023
ZHO,16.0,1,Austrian Grand Prix,2023
ZHO,17.0,1,Austrian Grand Prix,2023
ZHO,18.0,1,Austrian Grand Prix,2023
ZHO,19.0,1,Austrian Grand Prix,2023
ZHO,20.0,1,Austrian Grand Prix,2023
ZHO,21.0,1,Austrian Grand Prix,2023
ZHO,22.0,1,Austrian Grand Prix,2023
ZHO,23.0,1,Austrian Grand Prix,2023
ZHO,24.0,1,Austrian Grand Prix,2023
ZHO,25.0,1,Austrian Grand Prix,2023
ZHO,26.0,1,Austrian Grand Prix,2023
ZHO,27.0,1,Austrian Grand Prix,2023
ZHO,28.0,1,Austrian Grand Prix,2023
ZHO,29.0,1,Austrian Grand Prix,2023
ZHO,30.0,1,Austrian Grand Prix,2023
ZHO,31.0,1,Austrian Grand Prix,2023
ZHO,32.0,1,Austrian Grand Prix,2023
ZHO,33.0,1,Austrian Grand Prix,2023
ZHO,34.0,1,Austrian Grand Prix,2023
ZHO,35.0,1,Austrian Grand Prix,2023
ZHO,36.0,1,Austrian Grand Prix,2023
ZHO,37.0,1,Austrian Grand Prix,2023
ZHO,38.0,1,Austrian Grand Prix,2023
ZHO,39.0,1,Austrian Grand Prix,2023
ZHO,40.0,1,Austrian Grand Prix,2023
ZHO,41.0,1,Austrian Grand Prix,2023
ZHO,42.0,1,Austrian Grand Prix,2023
ZHO,43.0,1,Austrian Grand Prix,2023
ZHO,44.0,1,Austrian Grand Prix,2023
ZHO,45.0,1,Austrian Grand Prix,2023
ZHO,46.0,1,Austrian Grand Prix,2023
ZHO,47.0,1,Austrian Grand Prix,2023
ZHO,48.0,1,Austrian Grand Prix,2023
ZHO,49.0,1,Austrian Grand Prix,2023
ZHO,50.0,1,Austrian Grand Prix,2023
ZHO,51.0,1,Austrian Grand Prix,2023
ZHO,52.0,1,Austrian Grand Prix,2023
ZHO,53.0,1,Austrian Grand Prix,2023
ZHO,54.0,1,Austrian Grand Prix,2023
ZHO,55.0,1,Austrian Grand Prix,2023
ZHO,56.0,1,Austrian Grand Prix,2023
ZHO,57.0,1,Austrian Grand Prix,2023
ZHO,58.0,1,Austrian Grand Prix,2023
ZHO,59.0,1,Austrian Grand Prix,2023
ZHO,60.0,1,Austrian Grand Prix,2023
ZHO,61.0,1,Austrian Grand Prix,2023
ZHO,62.0,1,Austrian Grand Prix,2023
ZHO,63.0,1,Austrian Grand Prix,2023
ZHO,64.0,1,Austrian Grand Prix,2023
ZHO,65.0,1,Austrian Grand Prix,2023
ZHO,66.0,1,Austrian Grand Prix,2023
ZHO,67.0,1,Austrian Grand Prix,2023
ZHO,68.0,1,Austrian Grand Prix,2023
ZHO,69.0,1,Austrian Grand Prix,2023
ZHO,70.0,1,Austrian Grand Prix,2023
HUL,1.0,124,Austrian Grand Prix,2023
HUL,2.0,4,Austrian Grand Prix,2023
HUL,3.0,41,Austrian Grand Prix,2023
HUL,4.0,1,Austrian Grand Prix,2023
HUL,5.0,1,Austrian Grand Prix,2023
HUL,6.0,1,Austrian Grand Prix,2023
HUL,7.0,1,Austrian Grand Prix,2023
HUL,8.0,1,Austrian Grand Prix,2023
HUL,9.0,1,Austrian Grand Prix,2023
HUL,10.0,1,Austrian Grand Prix,2023
HUL,11.0,1,Austrian Grand Prix,2023
HUL,12.0,1,Austrian Grand Prix,2023
HUL,13.0,12,Austrian Grand Prix,2023
OCO,1.0,124,Austrian Grand Prix,2023
OCO,2.0,4,Austrian Grand Prix,2023
OCO,3.0,41,Austrian Grand Prix,2023
OCO,4.0,1,Austrian Grand Prix,2023
OCO,5.0,1,Austrian Grand Prix,2023
OCO,6.0,1,Austrian Grand Prix,2023
OCO,7.0,1,Austrian Grand Prix,2023
OCO,8.0,1,Austrian Grand Prix,2023
OCO,9.0,1,Austrian Grand Prix,2023
OCO,10.0,1,Austrian Grand Prix,2023
OCO,11.0,1,Austrian Grand Prix,2023
OCO,12.0,1,Austrian Grand Prix,2023
OCO,13.0,12,Austrian Grand Prix,2023
OCO,14.0,26,Austrian Grand Prix,2023
OCO,15.0,671,Austrian Grand Prix,2023
OCO,16.0,1,Austrian Grand Prix,2023
OCO,17.0,1,Austrian Grand Prix,2023
OCO,18.0,1,Austrian Grand Prix,2023
OCO,19.0,1,Austrian Grand Prix,2023
OCO,20.0,1,Austrian Grand Prix,2023
OCO,21.0,1,Austrian Grand Prix,2023
OCO,22.0,1,Austrian Grand Prix,2023
OCO,23.0,1,Austrian Grand Prix,2023
OCO,24.0,1,Austrian Grand Prix,2023
OCO,25.0,1,Austrian Grand Prix,2023
OCO,26.0,1,Austrian Grand Prix,2023
OCO,27.0,1,Austrian Grand Prix,2023
OCO,28.0,1,Austrian Grand Prix,2023
OCO,29.0,1,Austrian Grand Prix,2023
OCO,30.0,1,Austrian Grand Prix,2023
OCO,31.0,1,Austrian Grand Prix,2023
OCO,32.0,1,Austrian Grand Prix,2023
OCO,33.0,1,Austrian Grand Prix,2023
OCO,34.0,1,Austrian Grand Prix,2023
OCO,35.0,1,Austrian Grand Prix,2023
OCO,36.0,1,Austrian Grand Prix,2023
OCO,37.0,1,Austrian Grand Prix,2023
OCO,38.0,1,Austrian Grand Prix,2023
OCO,39.0,1,Austrian Grand Prix,2023
OCO,40.0,1,Austrian Grand Prix,2023
OCO,41.0,1,Austrian Grand Prix,2023
OCO,42.0,1,Austrian Grand Prix,2023
OCO,43.0,1,Austrian Grand Prix,2023
OCO,44.0,1,Austrian Grand Prix,2023
OCO,45.0,1,Austrian Grand Prix,2023
OCO,46.0,1,Austrian Grand Prix,2023
OCO,47.0,1,Austrian Grand Prix,2023
OCO,48.0,1,Austrian Grand Prix,2023
OCO,49.0,1,Austrian Grand Prix,2023
OCO,50.0,1,Austrian Grand Prix,2023
OCO,51.0,1,Austrian Grand Prix,2023
OCO,52.0,1,Austrian Grand Prix,2023
OCO,53.0,1,Austrian Grand Prix,2023
OCO,54.0,1,Austrian Grand Prix,2023
OCO,55.0,1,Austrian Grand Prix,2023
OCO,56.0,1,Austrian Grand Prix,2023
OCO,57.0,1,Austrian Grand Prix,2023
OCO,58.0,1,Austrian Grand Prix,2023
OCO,59.0,1,Austrian Grand Prix,2023
OCO,60.0,1,Austrian Grand Prix,2023
OCO,61.0,1,Austrian Grand Prix,2023
OCO,62.0,1,Austrian Grand Prix,2023
OCO,63.0,1,Austrian Grand Prix,2023
OCO,64.0,1,Austrian Grand Prix,2023
OCO,65.0,1,Austrian Grand Prix,2023
OCO,66.0,1,Austrian Grand Prix,2023
OCO,67.0,1,Austrian Grand Prix,2023
OCO,68.0,1,Austrian Grand Prix,2023
OCO,69.0,1,Austrian Grand Prix,2023
OCO,70.0,1,Austrian Grand Prix,2023
NOR,1.0,124,Austrian Grand Prix,2023
NOR,2.0,4,Austrian Grand Prix,2023
NOR,3.0,41,Austrian Grand Prix,2023
NOR,4.0,1,Austrian Grand Prix,2023
NOR,5.0,1,Austrian Grand Prix,2023
NOR,6.0,1,Austrian Grand Prix,2023
NOR,7.0,1,Austrian Grand Prix,2023
NOR,8.0,1,Austrian Grand Prix,2023
NOR,9.0,1,Austrian Grand Prix,2023
NOR,10.0,1,Austrian Grand Prix,2023
NOR,11.0,1,Austrian Grand Prix,2023
NOR,12.0,1,Austrian Grand Prix,2023
NOR,13.0,12,Austrian Grand Prix,2023
NOR,14.0,26,Austrian Grand Prix,2023
NOR,15.0,67,Austrian Grand Prix,2023
NOR,16.0,71,Austrian Grand Prix,2023
NOR,17.0,1,Austrian Grand Prix,2023
NOR,18.0,1,Austrian Grand Prix,2023
NOR,19.0,1,Austrian Grand Prix,2023
NOR,20.0,1,Austrian Grand Prix,2023
NOR,21.0,1,Austrian Grand Prix,2023
NOR,22.0,1,Austrian Grand Prix,2023
NOR,23.0,1,Austrian Grand Prix,2023
NOR,24.0,1,Austrian Grand Prix,2023
NOR,25.0,1,Austrian Grand Prix,2023
NOR,26.0,1,Austrian Grand Prix,2023
NOR,27.0,1,Austrian Grand Prix,2023
NOR,28.0,1,Austrian Grand Prix,2023
NOR,29.0,1,Austrian Grand Prix,2023
NOR,30.0,1,Austrian Grand Prix,2023
NOR,31.0,1,Austrian Grand Prix,2023
NOR,32.0,1,Austrian Grand Prix,2023
NOR,33.0,1,Austrian Grand Prix,2023
NOR,34.0,1,Austrian Grand Prix,2023
NOR,35.0,1,Austrian Grand Prix,2023
NOR,36.0,1,Austrian Grand Prix,2023
NOR,37.0,1,Austrian Grand Prix,2023
NOR,38.0,1,Austrian Grand Prix,2023
NOR,39.0,1,Austrian Grand Prix,2023
NOR,40.0,1,Austrian Grand Prix,2023
NOR,41.0,1,Austrian Grand Prix,2023
NOR,42.0,1,Austrian Grand Prix,2023
NOR,43.0,1,Austrian Grand Prix,2023
NOR,44.0,1,Austrian Grand Prix,2023
NOR,45.0,1,Austrian Grand Prix,2023
NOR,46.0,1,Austrian Grand Prix,2023
NOR,47.0,1,Austrian Grand Prix,2023
NOR,48.0,1,Austrian Grand Prix,2023
NOR,49.0,1,Austrian Grand Prix,2023
NOR,50.0,1,Austrian Grand Prix,2023
NOR,51.0,1,Austrian Grand Prix,2023
NOR,52.0,1,Austrian Grand Prix,2023
NOR,53.0,1,Austrian Grand Prix,2023
NOR,54.0,1,Austrian Grand Prix,2023
NOR,55.0,1,Austrian Grand Prix,2023
NOR,56.0,1,Austrian Grand Prix,2023
NOR,57.0,1,Austrian Grand Prix,2023
NOR,58.0,1,Austrian Grand Prix,2023
NOR,59.0,1,Austrian Grand Prix,2023
NOR,60.0,1,Austrian Grand Prix,2023
NOR,61.0,1,Austrian Grand Prix,2023
NOR,62.0,1,Austrian Grand Prix,2023
NOR,63.0,1,Austrian Grand Prix,2023
NOR,64.0,1,Austrian Grand Prix,2023
NOR,65.0,1,Austrian Grand Prix,2023
NOR,66.0,1,Austrian Grand Prix,2023
NOR,67.0,1,Austrian Grand Prix,2023
NOR,68.0,1,Austrian Grand Prix,2023
NOR,69.0,1,Austrian Grand Prix,2023
NOR,70.0,1,Austrian Grand Prix,2023
NOR,71.0,1,Austrian Grand Prix,2023
HAM,1.0,124,Austrian Grand Prix,2023
HAM,2.0,4,Austrian Grand Prix,2023
HAM,3.0,41,Austrian Grand Prix,2023
HAM,4.0,1,Austrian Grand Prix,2023
HAM,5.0,1,Austrian Grand Prix,2023
HAM,6.0,1,Austrian Grand Prix,2023
HAM,7.0,1,Austrian Grand Prix,2023
HAM,8.0,1,Austrian Grand Prix,2023
HAM,9.0,1,Austrian Grand Prix,2023
HAM,10.0,1,Austrian Grand Prix,2023
HAM,11.0,1,Austrian Grand Prix,2023
HAM,12.0,1,Austrian Grand Prix,2023
HAM,13.0,12,Austrian Grand Prix,2023
HAM,14.0,26,Austrian Grand Prix,2023
HAM,15.0,67,Austrian Grand Prix,2023
HAM,16.0,71,Austrian Grand Prix,2023
HAM,17.0,1,Austrian Grand Prix,2023
HAM,18.0,1,Austrian Grand Prix,2023
HAM,19.0,1,Austrian Grand Prix,2023
HAM,20.0,1,Austrian Grand Prix,2023
HAM,21.0,1,Austrian Grand Prix,2023
HAM,22.0,1,Austrian Grand Prix,2023
HAM,23.0,1,Austrian Grand Prix,2023
HAM,24.0,1,Austrian Grand Prix,2023
HAM,25.0,1,Austrian Grand Prix,2023
HAM,26.0,1,Austrian Grand Prix,2023
HAM,27.0,1,Austrian Grand Prix,2023
HAM,28.0,1,Austrian Grand Prix,2023
HAM,29.0,1,Austrian Grand Prix,2023
HAM,30.0,1,Austrian Grand Prix,2023
HAM,31.0,1,Austrian Grand Prix,2023
HAM,32.0,1,Austrian Grand Prix,2023
HAM,33.0,1,Austrian Grand Prix,2023
HAM,34.0,1,Austrian Grand Prix,2023
HAM,35.0,1,Austrian Grand Prix,2023
HAM,36.0,1,Austrian Grand Prix,2023
HAM,37.0,1,Austrian Grand Prix,2023
HAM,38.0,1,Austrian Grand Prix,2023
HAM,39.0,1,Austrian Grand Prix,2023
HAM,40.0,1,Austrian Grand Prix,2023
HAM,41.0,1,Austrian Grand Prix,2023
HAM,42.0,1,Austrian Grand Prix,2023
HAM,43.0,1,Austrian Grand Prix,2023
HAM,44.0,1,Austrian Grand Prix,2023
HAM,45.0,1,Austrian Grand Prix,2023
HAM,46.0,1,Austrian Grand Prix,2023
HAM,47.0,1,Austrian Grand Prix,2023
HAM,48.0,1,Austrian Grand Prix,2023
HAM,49.0,1,Austrian Grand Prix,2023
HAM,50.0,1,Austrian Grand Prix,2023
HAM,51.0,1,Austrian Grand Prix,2023
HAM,52.0,1,Austrian Grand Prix,2023
HAM,53.0,1,Austrian Grand Prix,2023
HAM,54.0,1,Austrian Grand Prix,2023
HAM,55.0,1,Austrian Grand Prix,2023
HAM,56.0,1,Austrian Grand Prix,2023
HAM,57.0,1,Austrian Grand Prix,2023
HAM,58.0,1,Austrian Grand Prix,2023
HAM,59.0,1,Austrian Grand Prix,2023
HAM,60.0,1,Austrian Grand Prix,2023
HAM,61.0,1,Austrian Grand Prix,2023
HAM,62.0,1,Austrian Grand Prix,2023
HAM,63.0,1,Austrian Grand Prix,2023
HAM,64.0,1,Austrian Grand Prix,2023
HAM,65.0,1,Austrian Grand Prix,2023
HAM,66.0,1,Austrian Grand Prix,2023
HAM,67.0,1,Austrian Grand Prix,2023
HAM,68.0,1,Austrian Grand Prix,2023
HAM,69.0,1,Austrian Grand Prix,2023
HAM,70.0,1,Austrian Grand Prix,2023
HAM,71.0,1,Austrian Grand Prix,2023
SAI,1.0,124,Austrian Grand Prix,2023
SAI,2.0,4,Austrian Grand Prix,2023
SAI,3.0,41,Austrian Grand Prix,2023
SAI,4.0,1,Austrian Grand Prix,2023
SAI,5.0,1,Austrian Grand Prix,2023
SAI,6.0,1,Austrian Grand Prix,2023
SAI,7.0,1,Austrian Grand Prix,2023
SAI,8.0,1,Austrian Grand Prix,2023
SAI,9.0,1,Austrian Grand Prix,2023
SAI,10.0,1,Austrian Grand Prix,2023
SAI,11.0,1,Austrian Grand Prix,2023
SAI,12.0,1,Austrian Grand Prix,2023
SAI,13.0,12,Austrian Grand Prix,2023
SAI,14.0,26,Austrian Grand Prix,2023
SAI,15.0,6,Austrian Grand Prix,2023
SAI,16.0,671,Austrian Grand Prix,2023
SAI,17.0,1,Austrian Grand Prix,2023
SAI,18.0,1,Austrian Grand Prix,2023
SAI,19.0,1,Austrian Grand Prix,2023
SAI,20.0,1,Austrian Grand Prix,2023
SAI,21.0,1,Austrian Grand Prix,2023
SAI,22.0,1,Austrian Grand Prix,2023
SAI,23.0,1,Austrian Grand Prix,2023
SAI,24.0,1,Austrian Grand Prix,2023
SAI,25.0,1,Austrian Grand Prix,2023
SAI,26.0,1,Austrian Grand Prix,2023
SAI,27.0,1,Austrian Grand Prix,2023
SAI,28.0,1,Austrian Grand Prix,2023
SAI,29.0,1,Austrian Grand Prix,2023
SAI,30.0,1,Austrian Grand Prix,2023
SAI,31.0,1,Austrian Grand Prix,2023
SAI,32.0,1,Austrian Grand Prix,2023
SAI,33.0,1,Austrian Grand Prix,2023
SAI,34.0,1,Austrian Grand Prix,2023
SAI,35.0,1,Austrian Grand Prix,2023
SAI,36.0,1,Austrian Grand Prix,2023
SAI,37.0,1,Austrian Grand Prix,2023
SAI,38.0,1,Austrian Grand Prix,2023
SAI,39.0,1,Austrian Grand Prix,2023
SAI,40.0,1,Austrian Grand Prix,2023
SAI,41.0,1,Austrian Grand Prix,2023
SAI,42.0,1,Austrian Grand Prix,2023
SAI,43.0,1,Austrian Grand Prix,2023
SAI,44.0,1,Austrian Grand Prix,2023
SAI,45.0,1,Austrian Grand Prix,2023
SAI,46.0,1,Austrian Grand Prix,2023
SAI,47.0,1,Austrian Grand Prix,2023
SAI,48.0,1,Austrian Grand Prix,2023
SAI,49.0,1,Austrian Grand Prix,2023
SAI,50.0,1,Austrian Grand Prix,2023
SAI,51.0,1,Austrian Grand Prix,2023
SAI,52.0,1,Austrian Grand Prix,2023
SAI,53.0,1,Austrian Grand Prix,2023
SAI,54.0,1,Austrian Grand Prix,2023
SAI,55.0,1,Austrian Grand Prix,2023
SAI,56.0,1,Austrian Grand Prix,2023
SAI,57.0,1,Austrian Grand Prix,2023
SAI,58.0,1,Austrian Grand Prix,2023
SAI,59.0,1,Austrian Grand Prix,2023
SAI,60.0,1,Austrian Grand Prix,2023
SAI,61.0,1,Austrian Grand Prix,2023
SAI,62.0,1,Austrian Grand Prix,2023
SAI,63.0,1,Austrian Grand Prix,2023
SAI,64.0,1,Austrian Grand Prix,2023
SAI,65.0,1,Austrian Grand Prix,2023
SAI,66.0,1,Austrian Grand Prix,2023
SAI,67.0,1,Austrian Grand Prix,2023
SAI,68.0,1,Austrian Grand Prix,2023
SAI,69.0,1,Austrian Grand Prix,2023
SAI,70.0,1,Austrian Grand Prix,2023
SAI,71.0,1,Austrian Grand Prix,2023
RUS,1.0,124,Austrian Grand Prix,2023
RUS,2.0,4,Austrian Grand Prix,2023
RUS,3.0,41,Austrian Grand Prix,2023
RUS,4.0,1,Austrian Grand Prix,2023
RUS,5.0,1,Austrian Grand Prix,2023
RUS,6.0,1,Austrian Grand Prix,2023
RUS,7.0,1,Austrian Grand Prix,2023
RUS,8.0,1,Austrian Grand Prix,2023
RUS,9.0,1,Austrian Grand Prix,2023
RUS,10.0,1,Austrian Grand Prix,2023
RUS,11.0,1,Austrian Grand Prix,2023
RUS,12.0,1,Austrian Grand Prix,2023
RUS,13.0,12,Austrian Grand Prix,2023
RUS,14.0,26,Austrian Grand Prix,2023
RUS,15.0,671,Austrian Grand Prix,2023
RUS,16.0,1,Austrian Grand Prix,2023
RUS,17.0,1,Austrian Grand Prix,2023
RUS,18.0,1,Austrian Grand Prix,2023
RUS,19.0,1,Austrian Grand Prix,2023
RUS,20.0,1,Austrian Grand Prix,2023
RUS,21.0,1,Austrian Grand Prix,2023
RUS,22.0,1,Austrian Grand Prix,2023
RUS,23.0,1,Austrian Grand Prix,2023
RUS,24.0,1,Austrian Grand Prix,2023
RUS,25.0,1,Austrian Grand Prix,2023
RUS,26.0,1,Austrian Grand Prix,2023
RUS,27.0,1,Austrian Grand Prix,2023
RUS,28.0,1,Austrian Grand Prix,2023
RUS,29.0,1,Austrian Grand Prix,2023
RUS,30.0,1,Austrian Grand Prix,2023
RUS,31.0,1,Austrian Grand Prix,2023
RUS,32.0,1,Austrian Grand Prix,2023
RUS,33.0,1,Austrian Grand Prix,2023
RUS,34.0,1,Austrian Grand Prix,2023
RUS,35.0,1,Austrian Grand Prix,2023
RUS,36.0,1,Austrian Grand Prix,2023
RUS,37.0,1,Austrian Grand Prix,2023
RUS,38.0,1,Austrian Grand Prix,2023
RUS,39.0,1,Austrian Grand Prix,2023
RUS,40.0,1,Austrian Grand Prix,2023
RUS,41.0,1,Austrian Grand Prix,2023
RUS,42.0,1,Austrian Grand Prix,2023
RUS,43.0,1,Austrian Grand Prix,2023
RUS,44.0,1,Austrian Grand Prix,2023
RUS,45.0,1,Austrian Grand Prix,2023
RUS,46.0,1,Austrian Grand Prix,2023
RUS,47.0,1,Austrian Grand Prix,2023
RUS,48.0,1,Austrian Grand Prix,2023
RUS,49.0,1,Austrian Grand Prix,2023
RUS,50.0,1,Austrian Grand Prix,2023
RUS,51.0,1,Austrian Grand Prix,2023
RUS,52.0,1,Austrian Grand Prix,2023
RUS,53.0,1,Austrian Grand Prix,2023
RUS,54.0,1,Austrian Grand Prix,2023
RUS,55.0,1,Austrian Grand Prix,2023
RUS,56.0,1,Austrian Grand Prix,2023
RUS,57.0,1,Austrian Grand Prix,2023
RUS,58.0,1,Austrian Grand Prix,2023
RUS,59.0,1,Austrian Grand Prix,2023
RUS,60.0,1,Austrian Grand Prix,2023
RUS,61.0,1,Austrian Grand Prix,2023
RUS,62.0,1,Austrian Grand Prix,2023
RUS,63.0,1,Austrian Grand Prix,2023
RUS,64.0,1,Austrian Grand Prix,2023
RUS,65.0,1,Austrian Grand Prix,2023
RUS,66.0,1,Austrian Grand Prix,2023
RUS,67.0,1,Austrian Grand Prix,2023
RUS,68.0,1,Austrian Grand Prix,2023
RUS,69.0,1,Austrian Grand Prix,2023
RUS,70.0,1,Austrian Grand Prix,2023
RUS,71.0,1,Austrian Grand Prix,2023
BOT,1.0,124,Austrian Grand Prix,2023
BOT,2.0,4,Austrian Grand Prix,2023
BOT,3.0,41,Austrian Grand Prix,2023
BOT,4.0,1,Austrian Grand Prix,2023
BOT,5.0,1,Austrian Grand Prix,2023
BOT,6.0,1,Austrian Grand Prix,2023
BOT,7.0,1,Austrian Grand Prix,2023
BOT,8.0,1,Austrian Grand Prix,2023
BOT,9.0,1,Austrian Grand Prix,2023
BOT,10.0,1,Austrian Grand Prix,2023
BOT,11.0,1,Austrian Grand Prix,2023
BOT,12.0,1,Austrian Grand Prix,2023
BOT,13.0,12,Austrian Grand Prix,2023
BOT,14.0,26,Austrian Grand Prix,2023
BOT,15.0,67,Austrian Grand Prix,2023
BOT,16.0,71,Austrian Grand Prix,2023
BOT,17.0,1,Austrian Grand Prix,2023
BOT,18.0,1,Austrian Grand Prix,2023
BOT,19.0,1,Austrian Grand Prix,2023
BOT,20.0,1,Austrian Grand Prix,2023
BOT,21.0,1,Austrian Grand Prix,2023
BOT,22.0,1,Austrian Grand Prix,2023
BOT,23.0,1,Austrian Grand Prix,2023
BOT,24.0,1,Austrian Grand Prix,2023
BOT,25.0,1,Austrian Grand Prix,2023
BOT,26.0,1,Austrian Grand Prix,2023
BOT,27.0,1,Austrian Grand Prix,2023
BOT,28.0,1,Austrian Grand Prix,2023
BOT,29.0,1,Austrian Grand Prix,2023
BOT,30.0,1,Austrian Grand Prix,2023
BOT,31.0,1,Austrian Grand Prix,2023
BOT,32.0,1,Austrian Grand Prix,2023
BOT,33.0,1,Austrian Grand Prix,2023
BOT,34.0,1,Austrian Grand Prix,2023
BOT,35.0,1,Austrian Grand Prix,2023
BOT,36.0,1,Austrian Grand Prix,2023
BOT,37.0,1,Austrian Grand Prix,2023
BOT,38.0,1,Austrian Grand Prix,2023
BOT,39.0,1,Austrian Grand Prix,2023
BOT,40.0,1,Austrian Grand Prix,2023
BOT,41.0,1,Austrian Grand Prix,2023
BOT,42.0,1,Austrian Grand Prix,2023
BOT,43.0,1,Austrian Grand Prix,2023
BOT,44.0,1,Austrian Grand Prix,2023
BOT,45.0,1,Austrian Grand Prix,2023
BOT,46.0,1,Austrian Grand Prix,2023
BOT,47.0,1,Austrian Grand Prix,2023
BOT,48.0,1,Austrian Grand Prix,2023
BOT,49.0,1,Austrian Grand Prix,2023
BOT,50.0,1,Austrian Grand Prix,2023
BOT,51.0,1,Austrian Grand Prix,2023
BOT,52.0,1,Austrian Grand Prix,2023
BOT,53.0,1,Austrian Grand Prix,2023
BOT,54.0,1,Austrian Grand Prix,2023
BOT,55.0,1,Austrian Grand Prix,2023
BOT,56.0,1,Austrian Grand Prix,2023
BOT,57.0,1,Austrian Grand Prix,2023
BOT,58.0,1,Austrian Grand Prix,2023
BOT,59.0,1,Austrian Grand Prix,2023
BOT,60.0,1,Austrian Grand Prix,2023
BOT,61.0,1,Austrian Grand Prix,2023
BOT,62.0,1,Austrian Grand Prix,2023
BOT,63.0,1,Austrian Grand Prix,2023
BOT,64.0,1,Austrian Grand Prix,2023
BOT,65.0,1,Austrian Grand Prix,2023
BOT,66.0,1,Austrian Grand Prix,2023
BOT,67.0,1,Austrian Grand Prix,2023
BOT,68.0,1,Austrian Grand Prix,2023
BOT,69.0,1,Austrian Grand Prix,2023
BOT,70.0,1,Austrian Grand Prix,2023
PIA,1.0,124,Austrian Grand Prix,2023
PIA,2.0,4,Austrian Grand Prix,2023
PIA,3.0,41,Austrian Grand Prix,2023
PIA,4.0,1,Austrian Grand Prix,2023
PIA,5.0,1,Austrian Grand Prix,2023
PIA,6.0,1,Austrian Grand Prix,2023
PIA,7.0,1,Austrian Grand Prix,2023
PIA,8.0,1,Austrian Grand Prix,2023
PIA,9.0,1,Austrian Grand Prix,2023
PIA,10.0,1,Austrian Grand Prix,2023
PIA,11.0,1,Austrian Grand Prix,2023
PIA,12.0,1,Austrian Grand Prix,2023
PIA,13.0,12,Austrian Grand Prix,2023
PIA,14.0,26,Austrian Grand Prix,2023
PIA,15.0,671,Austrian Grand Prix,2023
PIA,16.0,1,Austrian Grand Prix,2023
PIA,17.0,1,Austrian Grand Prix,2023
PIA,18.0,1,Austrian Grand Prix,2023
PIA,19.0,1,Austrian Grand Prix,2023
PIA,20.0,1,Austrian Grand Prix,2023
PIA,21.0,1,Austrian Grand Prix,2023
PIA,22.0,1,Austrian Grand Prix,2023
PIA,23.0,1,Austrian Grand Prix,2023
PIA,24.0,1,Austrian Grand Prix,2023
PIA,25.0,1,Austrian Grand Prix,2023
PIA,26.0,1,Austrian Grand Prix,2023
PIA,27.0,1,Austrian Grand Prix,2023
PIA,28.0,1,Austrian Grand Prix,2023
PIA,29.0,1,Austrian Grand Prix,2023
PIA,30.0,1,Austrian Grand Prix,2023
PIA,31.0,1,Austrian Grand Prix,2023
PIA,32.0,1,Austrian Grand Prix,2023
PIA,33.0,1,Austrian Grand Prix,2023
PIA,34.0,1,Austrian Grand Prix,2023
PIA,35.0,1,Austrian Grand Prix,2023
PIA,36.0,1,Austrian Grand Prix,2023
PIA,37.0,1,Austrian Grand Prix,2023
PIA,38.0,1,Austrian Grand Prix,2023
PIA,39.0,1,Austrian Grand Prix,2023
PIA,40.0,1,Austrian Grand Prix,2023
PIA,41.0,1,Austrian Grand Prix,2023
PIA,42.0,1,Austrian Grand Prix,2023
PIA,43.0,1,Austrian Grand Prix,2023
PIA,44.0,1,Austrian Grand Prix,2023
PIA,45.0,1,Austrian Grand Prix,2023
PIA,46.0,1,Austrian Grand Prix,2023
PIA,47.0,1,Austrian Grand Prix,2023
PIA,48.0,1,Austrian Grand Prix,2023
PIA,49.0,1,Austrian Grand Prix,2023
PIA,50.0,1,Austrian Grand Prix,2023
PIA,51.0,1,Austrian Grand Prix,2023
PIA,52.0,1,Austrian Grand Prix,2023
PIA,53.0,1,Austrian Grand Prix,2023
PIA,54.0,1,Austrian Grand Prix,2023
PIA,55.0,1,Austrian Grand Prix,2023
PIA,56.0,1,Austrian Grand Prix,2023
PIA,57.0,1,Austrian Grand Prix,2023
PIA,58.0,1,Austrian Grand Prix,2023
PIA,59.0,1,Austrian Grand Prix,2023
PIA,60.0,1,Austrian Grand Prix,2023
PIA,61.0,1,Austrian Grand Prix,2023
PIA,62.0,1,Austrian Grand Prix,2023
PIA,63.0,1,Austrian Grand Prix,2023
PIA,64.0,1,Austrian Grand Prix,2023
PIA,65.0,1,Austrian Grand Prix,2023
PIA,66.0,1,Austrian Grand Prix,2023
PIA,67.0,1,Austrian Grand Prix,2023
PIA,68.0,1,Austrian Grand Prix,2023
PIA,69.0,1,Austrian Grand Prix,2023
PIA,70.0,1,Austrian Grand Prix,2023
VER,1.0,1,British Grand Prix,2023
VER,2.0,1,British Grand Prix,2023
VER,3.0,1,British Grand Prix,2023
VER,4.0,1,British Grand Prix,2023
VER,5.0,1,British Grand Prix,2023
VER,6.0,1,British Grand Prix,2023
VER,7.0,1,British Grand Prix,2023
VER,8.0,1,British Grand Prix,2023
VER,9.0,1,British Grand Prix,2023
VER,10.0,1,British Grand Prix,2023
VER,11.0,1,British Grand Prix,2023
VER,12.0,1,British Grand Prix,2023
VER,13.0,1,British Grand Prix,2023
VER,14.0,1,British Grand Prix,2023
VER,15.0,1,British Grand Prix,2023
VER,16.0,1,British Grand Prix,2023
VER,17.0,1,British Grand Prix,2023
VER,18.0,1,British Grand Prix,2023
VER,19.0,1,British Grand Prix,2023
VER,20.0,1,British Grand Prix,2023
VER,21.0,1,British Grand Prix,2023
VER,22.0,1,British Grand Prix,2023
VER,23.0,1,British Grand Prix,2023
VER,24.0,1,British Grand Prix,2023
VER,25.0,1,British Grand Prix,2023
VER,26.0,1,British Grand Prix,2023
VER,27.0,1,British Grand Prix,2023
VER,28.0,1,British Grand Prix,2023
VER,29.0,1,British Grand Prix,2023
VER,30.0,1,British Grand Prix,2023
VER,31.0,1,British Grand Prix,2023
VER,32.0,1,British Grand Prix,2023
VER,33.0,1264,British Grand Prix,2023
VER,34.0,4,British Grand Prix,2023
VER,35.0,4,British Grand Prix,2023
VER,36.0,4,British Grand Prix,2023
VER,37.0,4,British Grand Prix,2023
VER,38.0,41,British Grand Prix,2023
VER,39.0,1,British Grand Prix,2023
VER,40.0,1,British Grand Prix,2023
VER,41.0,1,British Grand Prix,2023
VER,42.0,1,British Grand Prix,2023
VER,43.0,1,British Grand Prix,2023
VER,44.0,1,British Grand Prix,2023
VER,45.0,1,British Grand Prix,2023
VER,46.0,1,British Grand Prix,2023
VER,47.0,1,British Grand Prix,2023
VER,48.0,1,British Grand Prix,2023
VER,49.0,1,British Grand Prix,2023
VER,50.0,1,British Grand Prix,2023
VER,51.0,1,British Grand Prix,2023
VER,52.0,1,British Grand Prix,2023
GAS,1.0,1,British Grand Prix,2023
GAS,2.0,1,British Grand Prix,2023
GAS,3.0,1,British Grand Prix,2023
GAS,4.0,1,British Grand Prix,2023
GAS,5.0,1,British Grand Prix,2023
GAS,6.0,1,British Grand Prix,2023
GAS,7.0,1,British Grand Prix,2023
GAS,8.0,1,British Grand Prix,2023
GAS,9.0,1,British Grand Prix,2023
GAS,10.0,1,British Grand Prix,2023
GAS,11.0,1,British Grand Prix,2023
GAS,12.0,1,British Grand Prix,2023
GAS,13.0,1,British Grand Prix,2023
GAS,14.0,1,British Grand Prix,2023
GAS,15.0,1,British Grand Prix,2023
GAS,16.0,1,British Grand Prix,2023
GAS,17.0,1,British Grand Prix,2023
GAS,18.0,1,British Grand Prix,2023
GAS,19.0,1,British Grand Prix,2023
GAS,20.0,1,British Grand Prix,2023
GAS,21.0,1,British Grand Prix,2023
GAS,22.0,1,British Grand Prix,2023
GAS,23.0,1,British Grand Prix,2023
GAS,24.0,1,British Grand Prix,2023
GAS,25.0,1,British Grand Prix,2023
GAS,26.0,1,British Grand Prix,2023
GAS,27.0,1,British Grand Prix,2023
GAS,28.0,1,British Grand Prix,2023
GAS,29.0,1,British Grand Prix,2023
GAS,30.0,1,British Grand Prix,2023
GAS,31.0,1,British Grand Prix,2023
GAS,32.0,126,British Grand Prix,2023
GAS,33.0,64,British Grand Prix,2023
GAS,34.0,4,British Grand Prix,2023
GAS,35.0,4,British Grand Prix,2023
GAS,36.0,4,British Grand Prix,2023
GAS,37.0,4,British Grand Prix,2023
GAS,38.0,41,British Grand Prix,2023
GAS,39.0,1,British Grand Prix,2023
GAS,40.0,1,British Grand Prix,2023
GAS,41.0,1,British Grand Prix,2023
GAS,42.0,1,British Grand Prix,2023
GAS,43.0,1,British Grand Prix,2023
GAS,44.0,1,British Grand Prix,2023
GAS,45.0,1,British Grand Prix,2023
GAS,46.0,1,British Grand Prix,2023
PER,1.0,1,British Grand Prix,2023
PER,2.0,1,British Grand Prix,2023
PER,3.0,1,British Grand Prix,2023
PER,4.0,1,British Grand Prix,2023
PER,5.0,1,British Grand Prix,2023
PER,6.0,1,British Grand Prix,2023
PER,7.0,1,British Grand Prix,2023
PER,8.0,1,British Grand Prix,2023
PER,9.0,1,British Grand Prix,2023
PER,10.0,1,British Grand Prix,2023
PER,11.0,1,British Grand Prix,2023
PER,12.0,1,British Grand Prix,2023
PER,13.0,1,British Grand Prix,2023
PER,14.0,1,British Grand Prix,2023
PER,15.0,1,British Grand Prix,2023
PER,16.0,1,British Grand Prix,2023
PER,17.0,1,British Grand Prix,2023
PER,18.0,1,British Grand Prix,2023
PER,19.0,1,British Grand Prix,2023
PER,20.0,1,British Grand Prix,2023
PER,21.0,1,British Grand Prix,2023
PER,22.0,1,British Grand Prix,2023
PER,23.0,1,British Grand Prix,2023
PER,24.0,1,British Grand Prix,2023
PER,25.0,1,British Grand Prix,2023
PER,26.0,1,British Grand Prix,2023
PER,27.0,1,British Grand Prix,2023
PER,28.0,1,British Grand Prix,2023
PER,29.0,1,British Grand Prix,2023
PER,30.0,1,British Grand Prix,2023
PER,31.0,1,British Grand Prix,2023
PER,32.0,126,British Grand Prix,2023
PER,33.0,64,British Grand Prix,2023
PER,34.0,4,British Grand Prix,2023
PER,35.0,4,British Grand Prix,2023
PER,36.0,4,British Grand Prix,2023
PER,37.0,4,British Grand Prix,2023
PER,38.0,41,British Grand Prix,2023
PER,39.0,1,British Grand Prix,2023
PER,40.0,1,British Grand Prix,2023
PER,41.0,1,British Grand Prix,2023
PER,42.0,1,British Grand Prix,2023
PER,43.0,1,British Grand Prix,2023
PER,44.0,1,British Grand Prix,2023
PER,45.0,1,British Grand Prix,2023
PER,46.0,1,British Grand Prix,2023
PER,47.0,1,British Grand Prix,2023
PER,48.0,1,British Grand Prix,2023
PER,49.0,1,British Grand Prix,2023
PER,50.0,1,British Grand Prix,2023
PER,51.0,1,British Grand Prix,2023
PER,52.0,1,British Grand Prix,2023
ALO,1.0,1,British Grand Prix,2023
ALO,2.0,1,British Grand Prix,2023
ALO,3.0,1,British Grand Prix,2023
ALO,4.0,1,British Grand Prix,2023
ALO,5.0,1,British Grand Prix,2023
ALO,6.0,1,British Grand Prix,2023
ALO,7.0,1,British Grand Prix,2023
ALO,8.0,1,British Grand Prix,2023
ALO,9.0,1,British Grand Prix,2023
ALO,10.0,1,British Grand Prix,2023
ALO,11.0,1,British Grand Prix,2023
ALO,12.0,1,British Grand Prix,2023
ALO,13.0,1,British Grand Prix,2023
ALO,14.0,1,British Grand Prix,2023
ALO,15.0,1,British Grand Prix,2023
ALO,16.0,1,British Grand Prix,2023
ALO,17.0,1,British Grand Prix,2023
ALO,18.0,1,British Grand Prix,2023
ALO,19.0,1,British Grand Prix,2023
ALO,20.0,1,British Grand Prix,2023
ALO,21.0,1,British Grand Prix,2023
ALO,22.0,1,British Grand Prix,2023
ALO,23.0,1,British Grand Prix,2023
ALO,24.0,1,British Grand Prix,2023
ALO,25.0,1,British Grand Prix,2023
ALO,26.0,1,British Grand Prix,2023
ALO,27.0,1,British Grand Prix,2023
ALO,28.0,1,British Grand Prix,2023
ALO,29.0,1,British Grand Prix,2023
ALO,30.0,1,British Grand Prix,2023
ALO,31.0,1,British Grand Prix,2023
ALO,32.0,126,British Grand Prix,2023
ALO,33.0,64,British Grand Prix,2023
ALO,34.0,4,British Grand Prix,2023
ALO,35.0,4,British Grand Prix,2023
ALO,36.0,4,British Grand Prix,2023
ALO,37.0,4,British Grand Prix,2023
ALO,38.0,41,British Grand Prix,2023
ALO,39.0,1,British Grand Prix,2023
ALO,40.0,1,British Grand Prix,2023
ALO,41.0,1,British Grand Prix,2023
ALO,42.0,1,British Grand Prix,2023
ALO,43.0,1,British Grand Prix,2023
ALO,44.0,1,British Grand Prix,2023
ALO,45.0,1,British Grand Prix,2023
ALO,46.0,1,British Grand Prix,2023
ALO,47.0,1,British Grand Prix,2023
ALO,48.0,1,British Grand Prix,2023
ALO,49.0,1,British Grand Prix,2023
ALO,50.0,1,British Grand Prix,2023
ALO,51.0,1,British Grand Prix,2023
ALO,52.0,1,British Grand Prix,2023
LEC,1.0,1,British Grand Prix,2023
LEC,2.0,1,British Grand Prix,2023
LEC,3.0,1,British Grand Prix,2023
LEC,4.0,1,British Grand Prix,2023
LEC,5.0,1,British Grand Prix,2023
LEC,6.0,1,British Grand Prix,2023
LEC,7.0,1,British Grand Prix,2023
LEC,8.0,1,British Grand Prix,2023
LEC,9.0,1,British Grand Prix,2023
LEC,10.0,1,British Grand Prix,2023
LEC,11.0,1,British Grand Prix,2023
LEC,12.0,1,British Grand Prix,2023
LEC,13.0,1,British Grand Prix,2023
LEC,14.0,1,British Grand Prix,2023
LEC,15.0,1,British Grand Prix,2023
LEC,16.0,1,British Grand Prix,2023
LEC,17.0,1,British Grand Prix,2023
LEC,18.0,1,British Grand Prix,2023
LEC,19.0,1,British Grand Prix,2023
LEC,20.0,1,British Grand Prix,2023
LEC,21.0,1,British Grand Prix,2023
LEC,22.0,1,British Grand Prix,2023
LEC,23.0,1,British Grand Prix,2023
LEC,24.0,1,British Grand Prix,2023
LEC,25.0,1,British Grand Prix,2023
LEC,26.0,1,British Grand Prix,2023
LEC,27.0,1,British Grand Prix,2023
LEC,28.0,1,British Grand Prix,2023
LEC,29.0,1,British Grand Prix,2023
LEC,30.0,1,British Grand Prix,2023
LEC,31.0,1,British Grand Prix,2023
LEC,32.0,126,British Grand Prix,2023
LEC,33.0,64,British Grand Prix,2023
LEC,34.0,4,British Grand Prix,2023
LEC,35.0,4,British Grand Prix,2023
LEC,36.0,4,British Grand Prix,2023
LEC,37.0,4,British Grand Prix,2023
LEC,38.0,41,British Grand Prix,2023
LEC,39.0,1,British Grand Prix,2023
LEC,40.0,1,British Grand Prix,2023
LEC,41.0,1,British Grand Prix,2023
LEC,42.0,1,British Grand Prix,2023
LEC,43.0,1,British Grand Prix,2023
LEC,44.0,1,British Grand Prix,2023
LEC,45.0,1,British Grand Prix,2023
LEC,46.0,1,British Grand Prix,2023
LEC,47.0,1,British Grand Prix,2023
LEC,48.0,1,British Grand Prix,2023
LEC,49.0,1,British Grand Prix,2023
LEC,50.0,1,British Grand Prix,2023
LEC,51.0,1,British Grand Prix,2023
LEC,52.0,1,British Grand Prix,2023
STR,1.0,1,British Grand Prix,2023
STR,2.0,1,British Grand Prix,2023
STR,3.0,1,British Grand Prix,2023
STR,4.0,1,British Grand Prix,2023
STR,5.0,1,British Grand Prix,2023
STR,6.0,1,British Grand Prix,2023
STR,7.0,1,British Grand Prix,2023
STR,8.0,1,British Grand Prix,2023
STR,9.0,1,British Grand Prix,2023
STR,10.0,1,British Grand Prix,2023
STR,11.0,1,British Grand Prix,2023
STR,12.0,1,British Grand Prix,2023
STR,13.0,1,British Grand Prix,2023
STR,14.0,1,British Grand Prix,2023
STR,15.0,1,British Grand Prix,2023
STR,16.0,1,British Grand Prix,2023
STR,17.0,1,British Grand Prix,2023
STR,18.0,1,British Grand Prix,2023
STR,19.0,1,British Grand Prix,2023
STR,20.0,1,British Grand Prix,2023
STR,21.0,1,British Grand Prix,2023
STR,22.0,1,British Grand Prix,2023
STR,23.0,1,British Grand Prix,2023
STR,24.0,1,British Grand Prix,2023
STR,25.0,1,British Grand Prix,2023
STR,26.0,1,British Grand Prix,2023
STR,27.0,1,British Grand Prix,2023
STR,28.0,1,British Grand Prix,2023
STR,29.0,1,British Grand Prix,2023
STR,30.0,1,British Grand Prix,2023
STR,31.0,1,British Grand Prix,2023
STR,32.0,126,British Grand Prix,2023
STR,33.0,64,British Grand Prix,2023
STR,34.0,4,British Grand Prix,2023
STR,35.0,4,British Grand Prix,2023
STR,36.0,4,British Grand Prix,2023
STR,37.0,4,British Grand Prix,2023
STR,38.0,41,British Grand Prix,2023
STR,39.0,1,British Grand Prix,2023
STR,40.0,1,British Grand Prix,2023
STR,41.0,1,British Grand Prix,2023
STR,42.0,1,British Grand Prix,2023
STR,43.0,1,British Grand Prix,2023
STR,44.0,1,British Grand Prix,2023
STR,45.0,1,British Grand Prix,2023
STR,46.0,1,British Grand Prix,2023
STR,47.0,1,British Grand Prix,2023
STR,48.0,1,British Grand Prix,2023
STR,49.0,1,British Grand Prix,2023
STR,50.0,1,British Grand Prix,2023
STR,51.0,1,British Grand Prix,2023
STR,52.0,1,British Grand Prix,2023
SAR,1.0,1,British Grand Prix,2023
SAR,2.0,1,British Grand Prix,2023
SAR,3.0,1,British Grand Prix,2023
SAR,4.0,1,British Grand Prix,2023
SAR,5.0,1,British Grand Prix,2023
SAR,6.0,1,British Grand Prix,2023
SAR,7.0,1,British Grand Prix,2023
SAR,8.0,1,British Grand Prix,2023
SAR,9.0,1,British Grand Prix,2023
SAR,10.0,1,British Grand Prix,2023
SAR,11.0,1,British Grand Prix,2023
SAR,12.0,1,British Grand Prix,2023
SAR,13.0,1,British Grand Prix,2023
SAR,14.0,1,British Grand Prix,2023
SAR,15.0,1,British Grand Prix,2023
SAR,16.0,1,British Grand Prix,2023
SAR,17.0,1,British Grand Prix,2023
SAR,18.0,1,British Grand Prix,2023
SAR,19.0,1,British Grand Prix,2023
SAR,20.0,1,British Grand Prix,2023
SAR,21.0,1,British Grand Prix,2023
SAR,22.0,1,British Grand Prix,2023
SAR,23.0,1,British Grand Prix,2023
SAR,24.0,1,British Grand Prix,2023
SAR,25.0,1,British Grand Prix,2023
SAR,26.0,1,British Grand Prix,2023
SAR,27.0,1,British Grand Prix,2023
SAR,28.0,1,British Grand Prix,2023
SAR,29.0,1,British Grand Prix,2023
SAR,30.0,1,British Grand Prix,2023
SAR,31.0,1,British Grand Prix,2023
SAR,32.0,126,British Grand Prix,2023
SAR,33.0,64,British Grand Prix,2023
SAR,34.0,4,British Grand Prix,2023
SAR,35.0,4,British Grand Prix,2023
SAR,36.0,4,British Grand Prix,2023
SAR,37.0,4,British Grand Prix,2023
SAR,38.0,41,British Grand Prix,2023
SAR,39.0,1,British Grand Prix,2023
SAR,40.0,1,British Grand Prix,2023
SAR,41.0,1,British Grand Prix,2023
SAR,42.0,1,British Grand Prix,2023
SAR,43.0,1,British Grand Prix,2023
SAR,44.0,1,British Grand Prix,2023
SAR,45.0,1,British Grand Prix,2023
SAR,46.0,1,British Grand Prix,2023
SAR,47.0,1,British Grand Prix,2023
SAR,48.0,1,British Grand Prix,2023
SAR,49.0,1,British Grand Prix,2023
SAR,50.0,1,British Grand Prix,2023
SAR,51.0,1,British Grand Prix,2023
SAR,52.0,1,British Grand Prix,2023
MAG,1.0,1,British Grand Prix,2023
MAG,2.0,1,British Grand Prix,2023
MAG,3.0,1,British Grand Prix,2023
MAG,4.0,1,British Grand Prix,2023
MAG,5.0,1,British Grand Prix,2023
MAG,6.0,1,British Grand Prix,2023
MAG,7.0,1,British Grand Prix,2023
MAG,8.0,1,British Grand Prix,2023
MAG,9.0,1,British Grand Prix,2023
MAG,10.0,1,British Grand Prix,2023
MAG,11.0,1,British Grand Prix,2023
MAG,12.0,1,British Grand Prix,2023
MAG,13.0,1,British Grand Prix,2023
MAG,14.0,1,British Grand Prix,2023
MAG,15.0,1,British Grand Prix,2023
MAG,16.0,1,British Grand Prix,2023
MAG,17.0,1,British Grand Prix,2023
MAG,18.0,1,British Grand Prix,2023
MAG,19.0,1,British Grand Prix,2023
MAG,20.0,1,British Grand Prix,2023
MAG,21.0,1,British Grand Prix,2023
MAG,22.0,1,British Grand Prix,2023
MAG,23.0,1,British Grand Prix,2023
MAG,24.0,1,British Grand Prix,2023
MAG,25.0,1,British Grand Prix,2023
MAG,26.0,1,British Grand Prix,2023
MAG,27.0,1,British Grand Prix,2023
MAG,28.0,1,British Grand Prix,2023
MAG,29.0,1,British Grand Prix,2023
MAG,30.0,1,British Grand Prix,2023
MAG,31.0,1,British Grand Prix,2023
MAG,32.0,1,British Grand Prix,2023
DEV,1.0,1,British Grand Prix,2023
DEV,2.0,1,British Grand Prix,2023
DEV,3.0,1,British Grand Prix,2023
DEV,4.0,1,British Grand Prix,2023
DEV,5.0,1,British Grand Prix,2023
DEV,6.0,1,British Grand Prix,2023
DEV,7.0,1,British Grand Prix,2023
DEV,8.0,1,British Grand Prix,2023
DEV,9.0,1,British Grand Prix,2023
DEV,10.0,1,British Grand Prix,2023
DEV,11.0,1,British Grand Prix,2023
DEV,12.0,1,British Grand Prix,2023
DEV,13.0,1,British Grand Prix,2023
DEV,14.0,1,British Grand Prix,2023
DEV,15.0,1,British Grand Prix,2023
DEV,16.0,1,British Grand Prix,2023
DEV,17.0,1,British Grand Prix,2023
DEV,18.0,1,British Grand Prix,2023
DEV,19.0,1,British Grand Prix,2023
DEV,20.0,1,British Grand Prix,2023
DEV,21.0,1,British Grand Prix,2023
DEV,22.0,1,British Grand Prix,2023
DEV,23.0,1,British Grand Prix,2023
DEV,24.0,1,British Grand Prix,2023
DEV,25.0,1,British Grand Prix,2023
DEV,26.0,1,British Grand Prix,2023
DEV,27.0,1,British Grand Prix,2023
DEV,28.0,1,British Grand Prix,2023
DEV,29.0,1,British Grand Prix,2023
DEV,30.0,1,British Grand Prix,2023
DEV,31.0,1,British Grand Prix,2023
DEV,32.0,126,British Grand Prix,2023
DEV,33.0,64,British Grand Prix,2023
DEV,34.0,4,British Grand Prix,2023
DEV,35.0,4,British Grand Prix,2023
DEV,36.0,4,British Grand Prix,2023
DEV,37.0,4,British Grand Prix,2023
DEV,38.0,41,British Grand Prix,2023
DEV,39.0,1,British Grand Prix,2023
DEV,40.0,1,British Grand Prix,2023
DEV,41.0,1,British Grand Prix,2023
DEV,42.0,1,British Grand Prix,2023
DEV,43.0,1,British Grand Prix,2023
DEV,44.0,1,British Grand Prix,2023
DEV,45.0,1,British Grand Prix,2023
DEV,46.0,1,British Grand Prix,2023
DEV,47.0,1,British Grand Prix,2023
DEV,48.0,1,British Grand Prix,2023
DEV,49.0,1,British Grand Prix,2023
DEV,50.0,1,British Grand Prix,2023
DEV,51.0,1,British Grand Prix,2023
DEV,52.0,1,British Grand Prix,2023
TSU,1.0,1,British Grand Prix,2023
TSU,2.0,1,British Grand Prix,2023
TSU,3.0,1,British Grand Prix,2023
TSU,4.0,1,British Grand Prix,2023
TSU,5.0,1,British Grand Prix,2023
TSU,6.0,1,British Grand Prix,2023
TSU,7.0,1,British Grand Prix,2023
TSU,8.0,1,British Grand Prix,2023
TSU,9.0,1,British Grand Prix,2023
TSU,10.0,1,British Grand Prix,2023
TSU,11.0,1,British Grand Prix,2023
TSU,12.0,1,British Grand Prix,2023
TSU,13.0,1,British Grand Prix,2023
TSU,14.0,1,British Grand Prix,2023
TSU,15.0,1,British Grand Prix,2023
TSU,16.0,1,British Grand Prix,2023
TSU,17.0,1,British Grand Prix,2023
TSU,18.0,1,British Grand Prix,2023
TSU,19.0,1,British Grand Prix,2023
TSU,20.0,1,British Grand Prix,2023
TSU,21.0,1,British Grand Prix,2023
TSU,22.0,1,British Grand Prix,2023
TSU,23.0,1,British Grand Prix,2023
TSU,24.0,1,British Grand Prix,2023
TSU,25.0,1,British Grand Prix,2023
TSU,26.0,1,British Grand Prix,2023
TSU,27.0,1,British Grand Prix,2023
TSU,28.0,1,British Grand Prix,2023
TSU,29.0,1,British Grand Prix,2023
TSU,30.0,1,British Grand Prix,2023
TSU,31.0,1,British Grand Prix,2023
TSU,32.0,126,British Grand Prix,2023
TSU,33.0,64,British Grand Prix,2023
TSU,34.0,4,British Grand Prix,2023
TSU,35.0,4,British Grand Prix,2023
TSU,36.0,4,British Grand Prix,2023
TSU,37.0,4,British Grand Prix,2023
TSU,38.0,41,British Grand Prix,2023
TSU,39.0,1,British Grand Prix,2023
TSU,40.0,1,British Grand Prix,2023
TSU,41.0,1,British Grand Prix,2023
TSU,42.0,1,British Grand Prix,2023
TSU,43.0,1,British Grand Prix,2023
TSU,44.0,1,British Grand Prix,2023
TSU,45.0,1,British Grand Prix,2023
TSU,46.0,1,British Grand Prix,2023
TSU,47.0,1,British Grand Prix,2023
TSU,48.0,1,British Grand Prix,2023
TSU,49.0,1,British Grand Prix,2023
TSU,50.0,1,British Grand Prix,2023
TSU,51.0,1,British Grand Prix,2023
TSU,52.0,1,British Grand Prix,2023
ALB,1.0,1,British Grand Prix,2023
ALB,2.0,1,British Grand Prix,2023
ALB,3.0,1,British Grand Prix,2023
ALB,4.0,1,British Grand Prix,2023
ALB,5.0,1,British Grand Prix,2023
ALB,6.0,1,British Grand Prix,2023
ALB,7.0,1,British Grand Prix,2023
ALB,8.0,1,British Grand Prix,2023
ALB,9.0,1,British Grand Prix,2023
ALB,10.0,1,British Grand Prix,2023
ALB,11.0,1,British Grand Prix,2023
ALB,12.0,1,British Grand Prix,2023
ALB,13.0,1,British Grand Prix,2023
ALB,14.0,1,British Grand Prix,2023
ALB,15.0,1,British Grand Prix,2023
ALB,16.0,1,British Grand Prix,2023
ALB,17.0,1,British Grand Prix,2023
ALB,18.0,1,British Grand Prix,2023
ALB,19.0,1,British Grand Prix,2023
ALB,20.0,1,British Grand Prix,2023
ALB,21.0,1,British Grand Prix,2023
ALB,22.0,1,British Grand Prix,2023
ALB,23.0,1,British Grand Prix,2023
ALB,24.0,1,British Grand Prix,2023
ALB,25.0,1,British Grand Prix,2023
ALB,26.0,1,British Grand Prix,2023
ALB,27.0,1,British Grand Prix,2023
ALB,28.0,1,British Grand Prix,2023
ALB,29.0,1,British Grand Prix,2023
ALB,30.0,1,British Grand Prix,2023
ALB,31.0,1,British Grand Prix,2023
ALB,32.0,126,British Grand Prix,2023
ALB,33.0,64,British Grand Prix,2023
ALB,34.0,4,British Grand Prix,2023
ALB,35.0,4,British Grand Prix,2023
ALB,36.0,4,British Grand Prix,2023
ALB,37.0,4,British Grand Prix,2023
ALB,38.0,41,British Grand Prix,2023
ALB,39.0,1,British Grand Prix,2023
ALB,40.0,1,British Grand Prix,2023
ALB,41.0,1,British Grand Prix,2023
ALB,42.0,1,British Grand Prix,2023
ALB,43.0,1,British Grand Prix,2023
ALB,44.0,1,British Grand Prix,2023
ALB,45.0,1,British Grand Prix,2023
ALB,46.0,1,British Grand Prix,2023
ALB,47.0,1,British Grand Prix,2023
ALB,48.0,1,British Grand Prix,2023
ALB,49.0,1,British Grand Prix,2023
ALB,50.0,1,British Grand Prix,2023
ALB,51.0,1,British Grand Prix,2023
ALB,52.0,1,British Grand Prix,2023
ZHO,1.0,1,British Grand Prix,2023
ZHO,2.0,1,British Grand Prix,2023
ZHO,3.0,1,British Grand Prix,2023
ZHO,4.0,1,British Grand Prix,2023
ZHO,5.0,1,British Grand Prix,2023
ZHO,6.0,1,British Grand Prix,2023
ZHO,7.0,1,British Grand Prix,2023
ZHO,8.0,1,British Grand Prix,2023
ZHO,9.0,1,British Grand Prix,2023
ZHO,10.0,1,British Grand Prix,2023
ZHO,11.0,1,British Grand Prix,2023
ZHO,12.0,1,British Grand Prix,2023
ZHO,13.0,1,British Grand Prix,2023
ZHO,14.0,1,British Grand Prix,2023
ZHO,15.0,1,British Grand Prix,2023
ZHO,16.0,1,British Grand Prix,2023
ZHO,17.0,1,British Grand Prix,2023
ZHO,18.0,1,British Grand Prix,2023
ZHO,19.0,1,British Grand Prix,2023
ZHO,20.0,1,British Grand Prix,2023
ZHO,21.0,1,British Grand Prix,2023
ZHO,22.0,1,British Grand Prix,2023
ZHO,23.0,1,British Grand Prix,2023
ZHO,24.0,1,British Grand Prix,2023
ZHO,25.0,1,British Grand Prix,2023
ZHO,26.0,1,British Grand Prix,2023
ZHO,27.0,1,British Grand Prix,2023
ZHO,28.0,1,British Grand Prix,2023
ZHO,29.0,1,British Grand Prix,2023
ZHO,30.0,1,British Grand Prix,2023
ZHO,31.0,1,British Grand Prix,2023
ZHO,32.0,126,British Grand Prix,2023
ZHO,33.0,64,British Grand Prix,2023
ZHO,34.0,4,British Grand Prix,2023
ZHO,35.0,4,British Grand Prix,2023
ZHO,36.0,4,British Grand Prix,2023
ZHO,37.0,4,British Grand Prix,2023
ZHO,38.0,41,British Grand Prix,2023
ZHO,39.0,1,British Grand Prix,2023
ZHO,40.0,1,British Grand Prix,2023
ZHO,41.0,1,British Grand Prix,2023
ZHO,42.0,1,British Grand Prix,2023
ZHO,43.0,1,British Grand Prix,2023
ZHO,44.0,1,British Grand Prix,2023
ZHO,45.0,1,British Grand Prix,2023
ZHO,46.0,1,British Grand Prix,2023
ZHO,47.0,1,British Grand Prix,2023
ZHO,48.0,1,British Grand Prix,2023
ZHO,49.0,1,British Grand Prix,2023
ZHO,50.0,1,British Grand Prix,2023
ZHO,51.0,1,British Grand Prix,2023
ZHO,52.0,1,British Grand Prix,2023
HUL,1.0,1,British Grand Prix,2023
HUL,2.0,1,British Grand Prix,2023
HUL,3.0,1,British Grand Prix,2023
HUL,4.0,1,British Grand Prix,2023
HUL,5.0,1,British Grand Prix,2023
HUL,6.0,1,British Grand Prix,2023
HUL,7.0,1,British Grand Prix,2023
HUL,8.0,1,British Grand Prix,2023
HUL,9.0,1,British Grand Prix,2023
HUL,10.0,1,British Grand Prix,2023
HUL,11.0,1,British Grand Prix,2023
HUL,12.0,1,British Grand Prix,2023
HUL,13.0,1,British Grand Prix,2023
HUL,14.0,1,British Grand Prix,2023
HUL,15.0,1,British Grand Prix,2023
HUL,16.0,1,British Grand Prix,2023
HUL,17.0,1,British Grand Prix,2023
HUL,18.0,1,British Grand Prix,2023
HUL,19.0,1,British Grand Prix,2023
HUL,20.0,1,British Grand Prix,2023
HUL,21.0,1,British Grand Prix,2023
HUL,22.0,1,British Grand Prix,2023
HUL,23.0,1,British Grand Prix,2023
HUL,24.0,1,British Grand Prix,2023
HUL,25.0,1,British Grand Prix,2023
HUL,26.0,1,British Grand Prix,2023
HUL,27.0,1,British Grand Prix,2023
HUL,28.0,1,British Grand Prix,2023
HUL,29.0,1,British Grand Prix,2023
HUL,30.0,1,British Grand Prix,2023
HUL,31.0,1,British Grand Prix,2023
HUL,32.0,126,British Grand Prix,2023
HUL,33.0,64,British Grand Prix,2023
HUL,34.0,4,British Grand Prix,2023
HUL,35.0,4,British Grand Prix,2023
HUL,36.0,4,British Grand Prix,2023
HUL,37.0,4,British Grand Prix,2023
HUL,38.0,41,British Grand Prix,2023
HUL,39.0,1,British Grand Prix,2023
HUL,40.0,1,British Grand Prix,2023
HUL,41.0,1,British Grand Prix,2023
HUL,42.0,1,British Grand Prix,2023
HUL,43.0,1,British Grand Prix,2023
HUL,44.0,1,British Grand Prix,2023
HUL,45.0,1,British Grand Prix,2023
HUL,46.0,1,British Grand Prix,2023
HUL,47.0,1,British Grand Prix,2023
HUL,48.0,1,British Grand Prix,2023
HUL,49.0,1,British Grand Prix,2023
HUL,50.0,1,British Grand Prix,2023
HUL,51.0,1,British Grand Prix,2023
HUL,52.0,1,British Grand Prix,2023
OCO,1.0,1,British Grand Prix,2023
OCO,2.0,1,British Grand Prix,2023
OCO,3.0,1,British Grand Prix,2023
OCO,4.0,1,British Grand Prix,2023
OCO,5.0,1,British Grand Prix,2023
OCO,6.0,1,British Grand Prix,2023
OCO,7.0,1,British Grand Prix,2023
OCO,8.0,1,British Grand Prix,2023
OCO,9.0,1,British Grand Prix,2023
NOR,1.0,1,British Grand Prix,2023
NOR,2.0,1,British Grand Prix,2023
NOR,3.0,1,British Grand Prix,2023
NOR,4.0,1,British Grand Prix,2023
NOR,5.0,1,British Grand Prix,2023
NOR,6.0,1,British Grand Prix,2023
NOR,7.0,1,British Grand Prix,2023
NOR,8.0,1,British Grand Prix,2023
NOR,9.0,1,British Grand Prix,2023
NOR,10.0,1,British Grand Prix,2023
NOR,11.0,1,British Grand Prix,2023
NOR,12.0,1,British Grand Prix,2023
NOR,13.0,1,British Grand Prix,2023
NOR,14.0,1,British Grand Prix,2023
NOR,15.0,1,British Grand Prix,2023
NOR,16.0,1,British Grand Prix,2023
NOR,17.0,1,British Grand Prix,2023
NOR,18.0,1,British Grand Prix,2023
NOR,19.0,1,British Grand Prix,2023
NOR,20.0,1,British Grand Prix,2023
NOR,21.0,1,British Grand Prix,2023
NOR,22.0,1,British Grand Prix,2023
NOR,23.0,1,British Grand Prix,2023
NOR,24.0,1,British Grand Prix,2023
NOR,25.0,1,British Grand Prix,2023
NOR,26.0,1,British Grand Prix,2023
NOR,27.0,1,British Grand Prix,2023
NOR,28.0,1,British Grand Prix,2023
NOR,29.0,1,British Grand Prix,2023
NOR,30.0,1,British Grand Prix,2023
NOR,31.0,1,British Grand Prix,2023
NOR,32.0,1,British Grand Prix,2023
NOR,33.0,1264,British Grand Prix,2023
NOR,34.0,4,British Grand Prix,2023
NOR,35.0,4,British Grand Prix,2023
NOR,36.0,4,British Grand Prix,2023
NOR,37.0,4,British Grand Prix,2023
NOR,38.0,41,British Grand Prix,2023
NOR,39.0,1,British Grand Prix,2023
NOR,40.0,1,British Grand Prix,2023
NOR,41.0,1,British Grand Prix,2023
NOR,42.0,1,British Grand Prix,2023
NOR,43.0,1,British Grand Prix,2023
NOR,44.0,1,British Grand Prix,2023
NOR,45.0,1,British Grand Prix,2023
NOR,46.0,1,British Grand Prix,2023
NOR,47.0,1,British Grand Prix,2023
NOR,48.0,1,British Grand Prix,2023
NOR,49.0,1,British Grand Prix,2023
NOR,50.0,1,British Grand Prix,2023
NOR,51.0,1,British Grand Prix,2023
NOR,52.0,1,British Grand Prix,2023
HAM,1.0,1,British Grand Prix,2023
HAM,2.0,1,British Grand Prix,2023
HAM,3.0,1,British Grand Prix,2023
HAM,4.0,1,British Grand Prix,2023
HAM,5.0,1,British Grand Prix,2023
HAM,6.0,1,British Grand Prix,2023
HAM,7.0,1,British Grand Prix,2023
HAM,8.0,1,British Grand Prix,2023
HAM,9.0,1,British Grand Prix,2023
HAM,10.0,1,British Grand Prix,2023
HAM,11.0,1,British Grand Prix,2023
HAM,12.0,1,British Grand Prix,2023
HAM,13.0,1,British Grand Prix,2023
HAM,14.0,1,British Grand Prix,2023
HAM,15.0,1,British Grand Prix,2023
HAM,16.0,1,British Grand Prix,2023
HAM,17.0,1,British Grand Prix,2023
HAM,18.0,1,British Grand Prix,2023
HAM,19.0,1,British Grand Prix,2023
HAM,20.0,1,British Grand Prix,2023
HAM,21.0,1,British Grand Prix,2023
HAM,22.0,1,British Grand Prix,2023
HAM,23.0,1,British Grand Prix,2023
HAM,24.0,1,British Grand Prix,2023
HAM,25.0,1,British Grand Prix,2023
HAM,26.0,1,British Grand Prix,2023
HAM,27.0,1,British Grand Prix,2023
HAM,28.0,1,British Grand Prix,2023
HAM,29.0,1,British Grand Prix,2023
HAM,30.0,1,British Grand Prix,2023
HAM,31.0,1,British Grand Prix,2023
HAM,32.0,126,British Grand Prix,2023
HAM,33.0,64,British Grand Prix,2023
HAM,34.0,4,British Grand Prix,2023
HAM,35.0,4,British Grand Prix,2023
HAM,36.0,4,British Grand Prix,2023
HAM,37.0,4,British Grand Prix,2023
HAM,38.0,41,British Grand Prix,2023
HAM,39.0,1,British Grand Prix,2023
HAM,40.0,1,British Grand Prix,2023
HAM,41.0,1,British Grand Prix,2023
HAM,42.0,1,British Grand Prix,2023
HAM,43.0,1,British Grand Prix,2023
HAM,44.0,1,British Grand Prix,2023
HAM,45.0,1,British Grand Prix,2023
HAM,46.0,1,British Grand Prix,2023
HAM,47.0,1,British Grand Prix,2023
HAM,48.0,1,British Grand Prix,2023
HAM,49.0,1,British Grand Prix,2023
HAM,50.0,1,British Grand Prix,2023
HAM,51.0,1,British Grand Prix,2023
HAM,52.0,1,British Grand Prix,2023
SAI,1.0,1,British Grand Prix,2023
SAI,2.0,1,British Grand Prix,2023
SAI,3.0,1,British Grand Prix,2023
SAI,4.0,1,British Grand Prix,2023
SAI,5.0,1,British Grand Prix,2023
SAI,6.0,1,British Grand Prix,2023
SAI,7.0,1,British Grand Prix,2023
SAI,8.0,1,British Grand Prix,2023
SAI,9.0,1,British Grand Prix,2023
SAI,10.0,1,British Grand Prix,2023
SAI,11.0,1,British Grand Prix,2023
SAI,12.0,1,British Grand Prix,2023
SAI,13.0,1,British Grand Prix,2023
SAI,14.0,1,British Grand Prix,2023
SAI,15.0,1,British Grand Prix,2023
SAI,16.0,1,British Grand Prix,2023
SAI,17.0,1,British Grand Prix,2023
SAI,18.0,1,British Grand Prix,2023
SAI,19.0,1,British Grand Prix,2023
SAI,20.0,1,British Grand Prix,2023
SAI,21.0,1,British Grand Prix,2023
SAI,22.0,1,British Grand Prix,2023
SAI,23.0,1,British Grand Prix,2023
SAI,24.0,1,British Grand Prix,2023
SAI,25.0,1,British Grand Prix,2023
SAI,26.0,1,British Grand Prix,2023
SAI,27.0,1,British Grand Prix,2023
SAI,28.0,1,British Grand Prix,2023
SAI,29.0,1,British Grand Prix,2023
SAI,30.0,1,British Grand Prix,2023
SAI,31.0,1,British Grand Prix,2023
SAI,32.0,126,British Grand Prix,2023
SAI,33.0,64,British Grand Prix,2023
SAI,34.0,4,British Grand Prix,2023
SAI,35.0,4,British Grand Prix,2023
SAI,36.0,4,British Grand Prix,2023
SAI,37.0,4,British Grand Prix,2023
SAI,38.0,41,British Grand Prix,2023
SAI,39.0,1,British Grand Prix,2023
SAI,40.0,1,British Grand Prix,2023
SAI,41.0,1,British Grand Prix,2023
SAI,42.0,1,British Grand Prix,2023
SAI,43.0,1,British Grand Prix,2023
SAI,44.0,1,British Grand Prix,2023
SAI,45.0,1,British Grand Prix,2023
SAI,46.0,1,British Grand Prix,2023
SAI,47.0,1,British Grand Prix,2023
SAI,48.0,1,British Grand Prix,2023
SAI,49.0,1,British Grand Prix,2023
SAI,50.0,1,British Grand Prix,2023
SAI,51.0,1,British Grand Prix,2023
SAI,52.0,1,British Grand Prix,2023
RUS,1.0,1,British Grand Prix,2023
RUS,2.0,1,British Grand Prix,2023
RUS,3.0,1,British Grand Prix,2023
RUS,4.0,1,British Grand Prix,2023
RUS,5.0,1,British Grand Prix,2023
RUS,6.0,1,British Grand Prix,2023
RUS,7.0,1,British Grand Prix,2023
RUS,8.0,1,British Grand Prix,2023
RUS,9.0,1,British Grand Prix,2023
RUS,10.0,1,British Grand Prix,2023
RUS,11.0,1,British Grand Prix,2023
RUS,12.0,1,British Grand Prix,2023
RUS,13.0,1,British Grand Prix,2023
RUS,14.0,1,British Grand Prix,2023
RUS,15.0,1,British Grand Prix,2023
RUS,16.0,1,British Grand Prix,2023
RUS,17.0,1,British Grand Prix,2023
RUS,18.0,1,British Grand Prix,2023
RUS,19.0,1,British Grand Prix,2023
RUS,20.0,1,British Grand Prix,2023
RUS,21.0,1,British Grand Prix,2023
RUS,22.0,1,British Grand Prix,2023
RUS,23.0,1,British Grand Prix,2023
RUS,24.0,1,British Grand Prix,2023
RUS,25.0,1,British Grand Prix,2023
RUS,26.0,1,British Grand Prix,2023
RUS,27.0,1,British Grand Prix,2023
RUS,28.0,1,British Grand Prix,2023
RUS,29.0,1,British Grand Prix,2023
RUS,30.0,1,British Grand Prix,2023
RUS,31.0,1,British Grand Prix,2023
RUS,32.0,126,British Grand Prix,2023
RUS,33.0,64,British Grand Prix,2023
RUS,34.0,4,British Grand Prix,2023
RUS,35.0,4,British Grand Prix,2023
RUS,36.0,4,British Grand Prix,2023
RUS,37.0,4,British Grand Prix,2023
RUS,38.0,41,British Grand Prix,2023
RUS,39.0,1,British Grand Prix,2023
RUS,40.0,1,British Grand Prix,2023
RUS,41.0,1,British Grand Prix,2023
RUS,42.0,1,British Grand Prix,2023
RUS,43.0,1,British Grand Prix,2023
RUS,44.0,1,British Grand Prix,2023
RUS,45.0,1,British Grand Prix,2023
RUS,46.0,1,British Grand Prix,2023
RUS,47.0,1,British Grand Prix,2023
RUS,48.0,1,British Grand Prix,2023
RUS,49.0,1,British Grand Prix,2023
RUS,50.0,1,British Grand Prix,2023
RUS,51.0,1,British Grand Prix,2023
RUS,52.0,1,British Grand Prix,2023
BOT,1.0,1,British Grand Prix,2023
BOT,2.0,1,British Grand Prix,2023
BOT,3.0,1,British Grand Prix,2023
BOT,4.0,1,British Grand Prix,2023
BOT,5.0,1,British Grand Prix,2023
BOT,6.0,1,British Grand Prix,2023
BOT,7.0,1,British Grand Prix,2023
BOT,8.0,1,British Grand Prix,2023
BOT,9.0,1,British Grand Prix,2023
BOT,10.0,1,British Grand Prix,2023
BOT,11.0,1,British Grand Prix,2023
BOT,12.0,1,British Grand Prix,2023
BOT,13.0,1,British Grand Prix,2023
BOT,14.0,1,British Grand Prix,2023
BOT,15.0,1,British Grand Prix,2023
BOT,16.0,1,British Grand Prix,2023
BOT,17.0,1,British Grand Prix,2023
BOT,18.0,1,British Grand Prix,2023
BOT,19.0,1,British Grand Prix,2023
BOT,20.0,1,British Grand Prix,2023
BOT,21.0,1,British Grand Prix,2023
BOT,22.0,1,British Grand Prix,2023
BOT,23.0,1,British Grand Prix,2023
BOT,24.0,1,British Grand Prix,2023
BOT,25.0,1,British Grand Prix,2023
BOT,26.0,1,British Grand Prix,2023
BOT,27.0,1,British Grand Prix,2023
BOT,28.0,1,British Grand Prix,2023
BOT,29.0,1,British Grand Prix,2023
BOT,30.0,1,British Grand Prix,2023
BOT,31.0,1,British Grand Prix,2023
BOT,32.0,126,British Grand Prix,2023
BOT,33.0,64,British Grand Prix,2023
BOT,34.0,4,British Grand Prix,2023
BOT,35.0,4,British Grand Prix,2023
BOT,36.0,4,British Grand Prix,2023
BOT,37.0,4,British Grand Prix,2023
BOT,38.0,41,British Grand Prix,2023
BOT,39.0,1,British Grand Prix,2023
BOT,40.0,1,British Grand Prix,2023
BOT,41.0,1,British Grand Prix,2023
BOT,42.0,1,British Grand Prix,2023
BOT,43.0,1,British Grand Prix,2023
BOT,44.0,1,British Grand Prix,2023
BOT,45.0,1,British Grand Prix,2023
BOT,46.0,1,British Grand Prix,2023
BOT,47.0,1,British Grand Prix,2023
BOT,48.0,1,British Grand Prix,2023
BOT,49.0,1,British Grand Prix,2023
BOT,50.0,1,British Grand Prix,2023
BOT,51.0,1,British Grand Prix,2023
BOT,52.0,1,British Grand Prix,2023
PIA,1.0,1,British Grand Prix,2023
PIA,2.0,1,British Grand Prix,2023
PIA,3.0,1,British Grand Prix,2023
PIA,4.0,1,British Grand Prix,2023
PIA,5.0,1,British Grand Prix,2023
PIA,6.0,1,British Grand Prix,2023
PIA,7.0,1,British Grand Prix,2023
PIA,8.0,1,British Grand Prix,2023
PIA,9.0,1,British Grand Prix,2023
PIA,10.0,1,British Grand Prix,2023
PIA,11.0,1,British Grand Prix,2023
PIA,12.0,1,British Grand Prix,2023
PIA,13.0,1,British Grand Prix,2023
PIA,14.0,1,British Grand Prix,2023
PIA,15.0,1,British Grand Prix,2023
PIA,16.0,1,British Grand Prix,2023
PIA,17.0,1,British Grand Prix,2023
PIA,18.0,1,British Grand Prix,2023
PIA,19.0,1,British Grand Prix,2023
PIA,20.0,1,British Grand Prix,2023
PIA,21.0,1,British Grand Prix,2023
PIA,22.0,1,British Grand Prix,2023
PIA,23.0,1,British Grand Prix,2023
PIA,24.0,1,British Grand Prix,2023
PIA,25.0,1,British Grand Prix,2023
PIA,26.0,1,British Grand Prix,2023
PIA,27.0,1,British Grand Prix,2023
PIA,28.0,1,British Grand Prix,2023
PIA,29.0,1,British Grand Prix,2023
PIA,30.0,1,British Grand Prix,2023
PIA,31.0,1,British Grand Prix,2023
PIA,32.0,126,British Grand Prix,2023
PIA,33.0,64,British Grand Prix,2023
PIA,34.0,4,British Grand Prix,2023
PIA,35.0,4,British Grand Prix,2023
PIA,36.0,4,British Grand Prix,2023
PIA,37.0,4,British Grand Prix,2023
PIA,38.0,41,British Grand Prix,2023
PIA,39.0,1,British Grand Prix,2023
PIA,40.0,1,British Grand Prix,2023
PIA,41.0,1,British Grand Prix,2023
PIA,42.0,1,British Grand Prix,2023
PIA,43.0,1,British Grand Prix,2023
PIA,44.0,1,British Grand Prix,2023
PIA,45.0,1,British Grand Prix,2023
PIA,46.0,1,British Grand Prix,2023
PIA,47.0,1,British Grand Prix,2023
PIA,48.0,1,British Grand Prix,2023
PIA,49.0,1,British Grand Prix,2023
PIA,50.0,1,British Grand Prix,2023
PIA,51.0,1,British Grand Prix,2023
PIA,52.0,1,British Grand Prix,2023
VER,1.0,12,Hungarian Grand Prix,2023
VER,2.0,1,Hungarian Grand Prix,2023
VER,3.0,1,Hungarian Grand Prix,2023
VER,4.0,1,Hungarian Grand Prix,2023
VER,5.0,1,Hungarian Grand Prix,2023
VER,6.0,1,Hungarian Grand Prix,2023
VER,7.0,1,Hungarian Grand Prix,2023
VER,8.0,1,Hungarian Grand Prix,2023
VER,9.0,1,Hungarian Grand Prix,2023
VER,10.0,1,Hungarian Grand Prix,2023
VER,11.0,1,Hungarian Grand Prix,2023
VER,12.0,1,Hungarian Grand Prix,2023
VER,13.0,1,Hungarian Grand Prix,2023
VER,14.0,1,Hungarian Grand Prix,2023
VER,15.0,1,Hungarian Grand Prix,2023
VER,16.0,1,Hungarian Grand Prix,2023
VER,17.0,1,Hungarian Grand Prix,2023
VER,18.0,1,Hungarian Grand Prix,2023
VER,19.0,1,Hungarian Grand Prix,2023
VER,20.0,1,Hungarian Grand Prix,2023
VER,21.0,1,Hungarian Grand Prix,2023
VER,22.0,1,Hungarian Grand Prix,2023
VER,23.0,1,Hungarian Grand Prix,2023
VER,24.0,1,Hungarian Grand Prix,2023
VER,25.0,1,Hungarian Grand Prix,2023
VER,26.0,1,Hungarian Grand Prix,2023
VER,27.0,1,Hungarian Grand Prix,2023
VER,28.0,1,Hungarian Grand Prix,2023
VER,29.0,1,Hungarian Grand Prix,2023
VER,30.0,1,Hungarian Grand Prix,2023
VER,31.0,1,Hungarian Grand Prix,2023
VER,32.0,1,Hungarian Grand Prix,2023
VER,33.0,1,Hungarian Grand Prix,2023
VER,34.0,1,Hungarian Grand Prix,2023
VER,35.0,1,Hungarian Grand Prix,2023
VER,36.0,1,Hungarian Grand Prix,2023
VER,37.0,1,Hungarian Grand Prix,2023
VER,38.0,1,Hungarian Grand Prix,2023
VER,39.0,1,Hungarian Grand Prix,2023
VER,40.0,1,Hungarian Grand Prix,2023
VER,41.0,1,Hungarian Grand Prix,2023
VER,42.0,1,Hungarian Grand Prix,2023
VER,43.0,1,Hungarian Grand Prix,2023
VER,44.0,1,Hungarian Grand Prix,2023
VER,45.0,1,Hungarian Grand Prix,2023
VER,46.0,1,Hungarian Grand Prix,2023
VER,47.0,1,Hungarian Grand Prix,2023
VER,48.0,1,Hungarian Grand Prix,2023
VER,49.0,1,Hungarian Grand Prix,2023
VER,50.0,1,Hungarian Grand Prix,2023
VER,51.0,1,Hungarian Grand Prix,2023
VER,52.0,1,Hungarian Grand Prix,2023
VER,53.0,1,Hungarian Grand Prix,2023
VER,54.0,1,Hungarian Grand Prix,2023
VER,55.0,1,Hungarian Grand Prix,2023
VER,56.0,1,Hungarian Grand Prix,2023
VER,57.0,1,Hungarian Grand Prix,2023
VER,58.0,1,Hungarian Grand Prix,2023
VER,59.0,1,Hungarian Grand Prix,2023
VER,60.0,1,Hungarian Grand Prix,2023
VER,61.0,1,Hungarian Grand Prix,2023
VER,62.0,1,Hungarian Grand Prix,2023
VER,63.0,1,Hungarian Grand Prix,2023
VER,64.0,1,Hungarian Grand Prix,2023
VER,65.0,1,Hungarian Grand Prix,2023
VER,66.0,1,Hungarian Grand Prix,2023
VER,67.0,1,Hungarian Grand Prix,2023
VER,68.0,1,Hungarian Grand Prix,2023
VER,69.0,12,Hungarian Grand Prix,2023
VER,70.0,1,Hungarian Grand Prix,2023
NOR,1.0,12,Hungarian Grand Prix,2023
NOR,2.0,1,Hungarian Grand Prix,2023
NOR,3.0,1,Hungarian Grand Prix,2023
NOR,4.0,1,Hungarian Grand Prix,2023
NOR,5.0,1,Hungarian Grand Prix,2023
NOR,6.0,1,Hungarian Grand Prix,2023
NOR,7.0,1,Hungarian Grand Prix,2023
NOR,8.0,1,Hungarian Grand Prix,2023
NOR,9.0,1,Hungarian Grand Prix,2023
NOR,10.0,1,Hungarian Grand Prix,2023
NOR,11.0,1,Hungarian Grand Prix,2023
NOR,12.0,1,Hungarian Grand Prix,2023
NOR,13.0,1,Hungarian Grand Prix,2023
NOR,14.0,1,Hungarian Grand Prix,2023
NOR,15.0,1,Hungarian Grand Prix,2023
NOR,16.0,1,Hungarian Grand Prix,2023
NOR,17.0,1,Hungarian Grand Prix,2023
NOR,18.0,1,Hungarian Grand Prix,2023
NOR,19.0,1,Hungarian Grand Prix,2023
NOR,20.0,1,Hungarian Grand Prix,2023
NOR,21.0,1,Hungarian Grand Prix,2023
NOR,22.0,1,Hungarian Grand Prix,2023
NOR,23.0,1,Hungarian Grand Prix,2023
NOR,24.0,1,Hungarian Grand Prix,2023
NOR,25.0,1,Hungarian Grand Prix,2023
NOR,26.0,1,Hungarian Grand Prix,2023
NOR,27.0,1,Hungarian Grand Prix,2023
NOR,28.0,1,Hungarian Grand Prix,2023
NOR,29.0,1,Hungarian Grand Prix,2023
NOR,30.0,1,Hungarian Grand Prix,2023
NOR,31.0,1,Hungarian Grand Prix,2023
NOR,32.0,1,Hungarian Grand Prix,2023
NOR,33.0,1,Hungarian Grand Prix,2023
NOR,34.0,1,Hungarian Grand Prix,2023
NOR,35.0,1,Hungarian Grand Prix,2023
NOR,36.0,1,Hungarian Grand Prix,2023
NOR,37.0,1,Hungarian Grand Prix,2023
NOR,38.0,1,Hungarian Grand Prix,2023
NOR,39.0,1,Hungarian Grand Prix,2023
NOR,40.0,1,Hungarian Grand Prix,2023
NOR,41.0,1,Hungarian Grand Prix,2023
NOR,42.0,1,Hungarian Grand Prix,2023
NOR,43.0,1,Hungarian Grand Prix,2023
NOR,44.0,1,Hungarian Grand Prix,2023
NOR,45.0,1,Hungarian Grand Prix,2023
NOR,46.0,1,Hungarian Grand Prix,2023
NOR,47.0,1,Hungarian Grand Prix,2023
NOR,48.0,1,Hungarian Grand Prix,2023
NOR,49.0,1,Hungarian Grand Prix,2023
NOR,50.0,1,Hungarian Grand Prix,2023
NOR,51.0,1,Hungarian Grand Prix,2023
NOR,52.0,1,Hungarian Grand Prix,2023
NOR,53.0,1,Hungarian Grand Prix,2023
NOR,54.0,1,Hungarian Grand Prix,2023
NOR,55.0,1,Hungarian Grand Prix,2023
NOR,56.0,1,Hungarian Grand Prix,2023
NOR,57.0,1,Hungarian Grand Prix,2023
NOR,58.0,1,Hungarian Grand Prix,2023
NOR,59.0,1,Hungarian Grand Prix,2023
NOR,60.0,1,Hungarian Grand Prix,2023
NOR,61.0,1,Hungarian Grand Prix,2023
NOR,62.0,1,Hungarian Grand Prix,2023
NOR,63.0,1,Hungarian Grand Prix,2023
NOR,64.0,1,Hungarian Grand Prix,2023
NOR,65.0,1,Hungarian Grand Prix,2023
NOR,66.0,1,Hungarian Grand Prix,2023
NOR,67.0,1,Hungarian Grand Prix,2023
NOR,68.0,12,Hungarian Grand Prix,2023
NOR,69.0,1,Hungarian Grand Prix,2023
NOR,70.0,1,Hungarian Grand Prix,2023
PER,1.0,12,Hungarian Grand Prix,2023
PER,2.0,1,Hungarian Grand Prix,2023
PER,3.0,1,Hungarian Grand Prix,2023
PER,4.0,1,Hungarian Grand Prix,2023
PER,5.0,1,Hungarian Grand Prix,2023
PER,6.0,1,Hungarian Grand Prix,2023
PER,7.0,1,Hungarian Grand Prix,2023
PER,8.0,1,Hungarian Grand Prix,2023
PER,9.0,1,Hungarian Grand Prix,2023
PER,10.0,1,Hungarian Grand Prix,2023
PER,11.0,1,Hungarian Grand Prix,2023
PER,12.0,1,Hungarian Grand Prix,2023
PER,13.0,1,Hungarian Grand Prix,2023
PER,14.0,1,Hungarian Grand Prix,2023
PER,15.0,1,Hungarian Grand Prix,2023
PER,16.0,1,Hungarian Grand Prix,2023
PER,17.0,1,Hungarian Grand Prix,2023
PER,18.0,1,Hungarian Grand Prix,2023
PER,19.0,1,Hungarian Grand Prix,2023
PER,20.0,1,Hungarian Grand Prix,2023
PER,21.0,1,Hungarian Grand Prix,2023
PER,22.0,1,Hungarian Grand Prix,2023
PER,23.0,1,Hungarian Grand Prix,2023
PER,24.0,1,Hungarian Grand Prix,2023
PER,25.0,1,Hungarian Grand Prix,2023
PER,26.0,1,Hungarian Grand Prix,2023
PER,27.0,1,Hungarian Grand Prix,2023
PER,28.0,1,Hungarian Grand Prix,2023
PER,29.0,1,Hungarian Grand Prix,2023
PER,30.0,1,Hungarian Grand Prix,2023
PER,31.0,1,Hungarian Grand Prix,2023
PER,32.0,1,Hungarian Grand Prix,2023
PER,33.0,1,Hungarian Grand Prix,2023
PER,34.0,1,Hungarian Grand Prix,2023
PER,35.0,1,Hungarian Grand Prix,2023
PER,36.0,1,Hungarian Grand Prix,2023
PER,37.0,1,Hungarian Grand Prix,2023
PER,38.0,1,Hungarian Grand Prix,2023
PER,39.0,1,Hungarian Grand Prix,2023
PER,40.0,1,Hungarian Grand Prix,2023
PER,41.0,1,Hungarian Grand Prix,2023
PER,42.0,1,Hungarian Grand Prix,2023
PER,43.0,1,Hungarian Grand Prix,2023
PER,44.0,1,Hungarian Grand Prix,2023
PER,45.0,1,Hungarian Grand Prix,2023
PER,46.0,1,Hungarian Grand Prix,2023
PER,47.0,1,Hungarian Grand Prix,2023
PER,48.0,1,Hungarian Grand Prix,2023
PER,49.0,1,Hungarian Grand Prix,2023
PER,50.0,1,Hungarian Grand Prix,2023
PER,51.0,1,Hungarian Grand Prix,2023
PER,52.0,1,Hungarian Grand Prix,2023
PER,53.0,1,Hungarian Grand Prix,2023
PER,54.0,1,Hungarian Grand Prix,2023
PER,55.0,1,Hungarian Grand Prix,2023
PER,56.0,1,Hungarian Grand Prix,2023
PER,57.0,1,Hungarian Grand Prix,2023
PER,58.0,1,Hungarian Grand Prix,2023
PER,59.0,1,Hungarian Grand Prix,2023
PER,60.0,1,Hungarian Grand Prix,2023
PER,61.0,1,Hungarian Grand Prix,2023
PER,62.0,1,Hungarian Grand Prix,2023
PER,63.0,1,Hungarian Grand Prix,2023
PER,64.0,1,Hungarian Grand Prix,2023
PER,65.0,1,Hungarian Grand Prix,2023
PER,66.0,1,Hungarian Grand Prix,2023
PER,67.0,1,Hungarian Grand Prix,2023
PER,68.0,12,Hungarian Grand Prix,2023
PER,69.0,1,Hungarian Grand Prix,2023
PER,70.0,1,Hungarian Grand Prix,2023
HAM,1.0,12,Hungarian Grand Prix,2023
HAM,2.0,1,Hungarian Grand Prix,2023
HAM,3.0,1,Hungarian Grand Prix,2023
HAM,4.0,1,Hungarian Grand Prix,2023
HAM,5.0,1,Hungarian Grand Prix,2023
HAM,6.0,1,Hungarian Grand Prix,2023
HAM,7.0,1,Hungarian Grand Prix,2023
HAM,8.0,1,Hungarian Grand Prix,2023
HAM,9.0,1,Hungarian Grand Prix,2023
HAM,10.0,1,Hungarian Grand Prix,2023
HAM,11.0,1,Hungarian Grand Prix,2023
HAM,12.0,1,Hungarian Grand Prix,2023
HAM,13.0,1,Hungarian Grand Prix,2023
HAM,14.0,1,Hungarian Grand Prix,2023
HAM,15.0,1,Hungarian Grand Prix,2023
HAM,16.0,1,Hungarian Grand Prix,2023
HAM,17.0,1,Hungarian Grand Prix,2023
HAM,18.0,1,Hungarian Grand Prix,2023
HAM,19.0,1,Hungarian Grand Prix,2023
HAM,20.0,1,Hungarian Grand Prix,2023
HAM,21.0,1,Hungarian Grand Prix,2023
HAM,22.0,1,Hungarian Grand Prix,2023
HAM,23.0,1,Hungarian Grand Prix,2023
HAM,24.0,1,Hungarian Grand Prix,2023
HAM,25.0,1,Hungarian Grand Prix,2023
HAM,26.0,1,Hungarian Grand Prix,2023
HAM,27.0,1,Hungarian Grand Prix,2023
HAM,28.0,1,Hungarian Grand Prix,2023
HAM,29.0,1,Hungarian Grand Prix,2023
HAM,30.0,1,Hungarian Grand Prix,2023
HAM,31.0,1,Hungarian Grand Prix,2023
HAM,32.0,1,Hungarian Grand Prix,2023
HAM,33.0,1,Hungarian Grand Prix,2023
HAM,34.0,1,Hungarian Grand Prix,2023
HAM,35.0,1,Hungarian Grand Prix,2023
HAM,36.0,1,Hungarian Grand Prix,2023
HAM,37.0,1,Hungarian Grand Prix,2023
HAM,38.0,1,Hungarian Grand Prix,2023
HAM,39.0,1,Hungarian Grand Prix,2023
HAM,40.0,1,Hungarian Grand Prix,2023
HAM,41.0,1,Hungarian Grand Prix,2023
HAM,42.0,1,Hungarian Grand Prix,2023
HAM,43.0,1,Hungarian Grand Prix,2023
HAM,44.0,1,Hungarian Grand Prix,2023
HAM,45.0,1,Hungarian Grand Prix,2023
HAM,46.0,1,Hungarian Grand Prix,2023
HAM,47.0,1,Hungarian Grand Prix,2023
HAM,48.0,1,Hungarian Grand Prix,2023
HAM,49.0,1,Hungarian Grand Prix,2023
HAM,50.0,1,Hungarian Grand Prix,2023
HAM,51.0,1,Hungarian Grand Prix,2023
HAM,52.0,1,Hungarian Grand Prix,2023
HAM,53.0,1,Hungarian Grand Prix,2023
HAM,54.0,1,Hungarian Grand Prix,2023
HAM,55.0,1,Hungarian Grand Prix,2023
HAM,56.0,1,Hungarian Grand Prix,2023
HAM,57.0,1,Hungarian Grand Prix,2023
HAM,58.0,1,Hungarian Grand Prix,2023
HAM,59.0,1,Hungarian Grand Prix,2023
HAM,60.0,1,Hungarian Grand Prix,2023
HAM,61.0,1,Hungarian Grand Prix,2023
HAM,62.0,1,Hungarian Grand Prix,2023
HAM,63.0,1,Hungarian Grand Prix,2023
HAM,64.0,1,Hungarian Grand Prix,2023
HAM,65.0,1,Hungarian Grand Prix,2023
HAM,66.0,1,Hungarian Grand Prix,2023
HAM,67.0,1,Hungarian Grand Prix,2023
HAM,68.0,12,Hungarian Grand Prix,2023
HAM,69.0,1,Hungarian Grand Prix,2023
HAM,70.0,1,Hungarian Grand Prix,2023
PIA,1.0,12,Hungarian Grand Prix,2023
PIA,2.0,1,Hungarian Grand Prix,2023
PIA,3.0,1,Hungarian Grand Prix,2023
PIA,4.0,1,Hungarian Grand Prix,2023
PIA,5.0,1,Hungarian Grand Prix,2023
PIA,6.0,1,Hungarian Grand Prix,2023
PIA,7.0,1,Hungarian Grand Prix,2023
PIA,8.0,1,Hungarian Grand Prix,2023
PIA,9.0,1,Hungarian Grand Prix,2023
PIA,10.0,1,Hungarian Grand Prix,2023
PIA,11.0,1,Hungarian Grand Prix,2023
PIA,12.0,1,Hungarian Grand Prix,2023
PIA,13.0,1,Hungarian Grand Prix,2023
PIA,14.0,1,Hungarian Grand Prix,2023
PIA,15.0,1,Hungarian Grand Prix,2023
PIA,16.0,1,Hungarian Grand Prix,2023
PIA,17.0,1,Hungarian Grand Prix,2023
PIA,18.0,1,Hungarian Grand Prix,2023
PIA,19.0,1,Hungarian Grand Prix,2023
PIA,20.0,1,Hungarian Grand Prix,2023
PIA,21.0,1,Hungarian Grand Prix,2023
PIA,22.0,1,Hungarian Grand Prix,2023
PIA,23.0,1,Hungarian Grand Prix,2023
PIA,24.0,1,Hungarian Grand Prix,2023
PIA,25.0,1,Hungarian Grand Prix,2023
PIA,26.0,1,Hungarian Grand Prix,2023
PIA,27.0,1,Hungarian Grand Prix,2023
PIA,28.0,1,Hungarian Grand Prix,2023
PIA,29.0,1,Hungarian Grand Prix,2023
PIA,30.0,1,Hungarian Grand Prix,2023
PIA,31.0,1,Hungarian Grand Prix,2023
PIA,32.0,1,Hungarian Grand Prix,2023
PIA,33.0,1,Hungarian Grand Prix,2023
PIA,34.0,1,Hungarian Grand Prix,2023
PIA,35.0,1,Hungarian Grand Prix,2023
PIA,36.0,1,Hungarian Grand Prix,2023
PIA,37.0,1,Hungarian Grand Prix,2023
PIA,38.0,1,Hungarian Grand Prix,2023
PIA,39.0,1,Hungarian Grand Prix,2023
PIA,40.0,1,Hungarian Grand Prix,2023
PIA,41.0,1,Hungarian Grand Prix,2023
PIA,42.0,1,Hungarian Grand Prix,2023
PIA,43.0,1,Hungarian Grand Prix,2023
PIA,44.0,1,Hungarian Grand Prix,2023
PIA,45.0,1,Hungarian Grand Prix,2023
PIA,46.0,1,Hungarian Grand Prix,2023
PIA,47.0,1,Hungarian Grand Prix,2023
PIA,48.0,1,Hungarian Grand Prix,2023
PIA,49.0,1,Hungarian Grand Prix,2023
PIA,50.0,1,Hungarian Grand Prix,2023
PIA,51.0,1,Hungarian Grand Prix,2023
PIA,52.0,1,Hungarian Grand Prix,2023
PIA,53.0,1,Hungarian Grand Prix,2023
PIA,54.0,1,Hungarian Grand Prix,2023
PIA,55.0,1,Hungarian Grand Prix,2023
PIA,56.0,1,Hungarian Grand Prix,2023
PIA,57.0,1,Hungarian Grand Prix,2023
PIA,58.0,1,Hungarian Grand Prix,2023
PIA,59.0,1,Hungarian Grand Prix,2023
PIA,60.0,1,Hungarian Grand Prix,2023
PIA,61.0,1,Hungarian Grand Prix,2023
PIA,62.0,1,Hungarian Grand Prix,2023
PIA,63.0,1,Hungarian Grand Prix,2023
PIA,64.0,1,Hungarian Grand Prix,2023
PIA,65.0,1,Hungarian Grand Prix,2023
PIA,66.0,1,Hungarian Grand Prix,2023
PIA,67.0,1,Hungarian Grand Prix,2023
PIA,68.0,12,Hungarian Grand Prix,2023
PIA,69.0,1,Hungarian Grand Prix,2023
PIA,70.0,1,Hungarian Grand Prix,2023
RUS,1.0,12,Hungarian Grand Prix,2023
RUS,2.0,1,Hungarian Grand Prix,2023
RUS,3.0,1,Hungarian Grand Prix,2023
RUS,4.0,1,Hungarian Grand Prix,2023
RUS,5.0,1,Hungarian Grand Prix,2023
RUS,6.0,1,Hungarian Grand Prix,2023
RUS,7.0,1,Hungarian Grand Prix,2023
RUS,8.0,1,Hungarian Grand Prix,2023
RUS,9.0,1,Hungarian Grand Prix,2023
RUS,10.0,1,Hungarian Grand Prix,2023
RUS,11.0,1,Hungarian Grand Prix,2023
RUS,12.0,1,Hungarian Grand Prix,2023
RUS,13.0,1,Hungarian Grand Prix,2023
RUS,14.0,1,Hungarian Grand Prix,2023
RUS,15.0,1,Hungarian Grand Prix,2023
RUS,16.0,1,Hungarian Grand Prix,2023
RUS,17.0,1,Hungarian Grand Prix,2023
RUS,18.0,1,Hungarian Grand Prix,2023
RUS,19.0,1,Hungarian Grand Prix,2023
RUS,20.0,1,Hungarian Grand Prix,2023
RUS,21.0,1,Hungarian Grand Prix,2023
RUS,22.0,1,Hungarian Grand Prix,2023
RUS,23.0,1,Hungarian Grand Prix,2023
RUS,24.0,1,Hungarian Grand Prix,2023
RUS,25.0,1,Hungarian Grand Prix,2023
RUS,26.0,1,Hungarian Grand Prix,2023
RUS,27.0,1,Hungarian Grand Prix,2023
RUS,28.0,1,Hungarian Grand Prix,2023
RUS,29.0,1,Hungarian Grand Prix,2023
RUS,30.0,1,Hungarian Grand Prix,2023
RUS,31.0,1,Hungarian Grand Prix,2023
RUS,32.0,1,Hungarian Grand Prix,2023
RUS,33.0,1,Hungarian Grand Prix,2023
RUS,34.0,1,Hungarian Grand Prix,2023
RUS,35.0,1,Hungarian Grand Prix,2023
RUS,36.0,1,Hungarian Grand Prix,2023
RUS,37.0,1,Hungarian Grand Prix,2023
RUS,38.0,1,Hungarian Grand Prix,2023
RUS,39.0,1,Hungarian Grand Prix,2023
RUS,40.0,1,Hungarian Grand Prix,2023
RUS,41.0,1,Hungarian Grand Prix,2023
RUS,42.0,1,Hungarian Grand Prix,2023
RUS,43.0,1,Hungarian Grand Prix,2023
RUS,44.0,1,Hungarian Grand Prix,2023
RUS,45.0,1,Hungarian Grand Prix,2023
RUS,46.0,1,Hungarian Grand Prix,2023
RUS,47.0,1,Hungarian Grand Prix,2023
RUS,48.0,1,Hungarian Grand Prix,2023
RUS,49.0,1,Hungarian Grand Prix,2023
RUS,50.0,1,Hungarian Grand Prix,2023
RUS,51.0,1,Hungarian Grand Prix,2023
RUS,52.0,1,Hungarian Grand Prix,2023
RUS,53.0,1,Hungarian Grand Prix,2023
RUS,54.0,1,Hungarian Grand Prix,2023
RUS,55.0,1,Hungarian Grand Prix,2023
RUS,56.0,1,Hungarian Grand Prix,2023
RUS,57.0,1,Hungarian Grand Prix,2023
RUS,58.0,1,Hungarian Grand Prix,2023
RUS,59.0,1,Hungarian Grand Prix,2023
RUS,60.0,1,Hungarian Grand Prix,2023
RUS,61.0,1,Hungarian Grand Prix,2023
RUS,62.0,1,Hungarian Grand Prix,2023
RUS,63.0,1,Hungarian Grand Prix,2023
RUS,64.0,1,Hungarian Grand Prix,2023
RUS,65.0,1,Hungarian Grand Prix,2023
RUS,66.0,1,Hungarian Grand Prix,2023
RUS,67.0,1,Hungarian Grand Prix,2023
RUS,68.0,12,Hungarian Grand Prix,2023
RUS,69.0,1,Hungarian Grand Prix,2023
RUS,70.0,1,Hungarian Grand Prix,2023
LEC,1.0,12,Hungarian Grand Prix,2023
LEC,2.0,1,Hungarian Grand Prix,2023
LEC,3.0,1,Hungarian Grand Prix,2023
LEC,4.0,1,Hungarian Grand Prix,2023
LEC,5.0,1,Hungarian Grand Prix,2023
LEC,6.0,1,Hungarian Grand Prix,2023
LEC,7.0,1,Hungarian Grand Prix,2023
LEC,8.0,1,Hungarian Grand Prix,2023
LEC,9.0,1,Hungarian Grand Prix,2023
LEC,10.0,1,Hungarian Grand Prix,2023
LEC,11.0,1,Hungarian Grand Prix,2023
LEC,12.0,1,Hungarian Grand Prix,2023
LEC,13.0,1,Hungarian Grand Prix,2023
LEC,14.0,1,Hungarian Grand Prix,2023
LEC,15.0,1,Hungarian Grand Prix,2023
LEC,16.0,1,Hungarian Grand Prix,2023
LEC,17.0,1,Hungarian Grand Prix,2023
LEC,18.0,1,Hungarian Grand Prix,2023
LEC,19.0,1,Hungarian Grand Prix,2023
LEC,20.0,1,Hungarian Grand Prix,2023
LEC,21.0,1,Hungarian Grand Prix,2023
LEC,22.0,1,Hungarian Grand Prix,2023
LEC,23.0,1,Hungarian Grand Prix,2023
LEC,24.0,1,Hungarian Grand Prix,2023
LEC,25.0,1,Hungarian Grand Prix,2023
LEC,26.0,1,Hungarian Grand Prix,2023
LEC,27.0,1,Hungarian Grand Prix,2023
LEC,28.0,1,Hungarian Grand Prix,2023
LEC,29.0,1,Hungarian Grand Prix,2023
LEC,30.0,1,Hungarian Grand Prix,2023
LEC,31.0,1,Hungarian Grand Prix,2023
LEC,32.0,1,Hungarian Grand Prix,2023
LEC,33.0,1,Hungarian Grand Prix,2023
LEC,34.0,1,Hungarian Grand Prix,2023
LEC,35.0,1,Hungarian Grand Prix,2023
LEC,36.0,1,Hungarian Grand Prix,2023
LEC,37.0,1,Hungarian Grand Prix,2023
LEC,38.0,1,Hungarian Grand Prix,2023
LEC,39.0,1,Hungarian Grand Prix,2023
LEC,40.0,1,Hungarian Grand Prix,2023
LEC,41.0,1,Hungarian Grand Prix,2023
LEC,42.0,1,Hungarian Grand Prix,2023
LEC,43.0,1,Hungarian Grand Prix,2023
LEC,44.0,1,Hungarian Grand Prix,2023
LEC,45.0,1,Hungarian Grand Prix,2023
LEC,46.0,1,Hungarian Grand Prix,2023
LEC,47.0,1,Hungarian Grand Prix,2023
LEC,48.0,1,Hungarian Grand Prix,2023
LEC,49.0,1,Hungarian Grand Prix,2023
LEC,50.0,1,Hungarian Grand Prix,2023
LEC,51.0,1,Hungarian Grand Prix,2023
LEC,52.0,1,Hungarian Grand Prix,2023
LEC,53.0,1,Hungarian Grand Prix,2023
LEC,54.0,1,Hungarian Grand Prix,2023
LEC,55.0,1,Hungarian Grand Prix,2023
LEC,56.0,1,Hungarian Grand Prix,2023
LEC,57.0,1,Hungarian Grand Prix,2023
LEC,58.0,1,Hungarian Grand Prix,2023
LEC,59.0,1,Hungarian Grand Prix,2023
LEC,60.0,1,Hungarian Grand Prix,2023
LEC,61.0,1,Hungarian Grand Prix,2023
LEC,62.0,1,Hungarian Grand Prix,2023
LEC,63.0,1,Hungarian Grand Prix,2023
LEC,64.0,1,Hungarian Grand Prix,2023
LEC,65.0,1,Hungarian Grand Prix,2023
LEC,66.0,1,Hungarian Grand Prix,2023
LEC,67.0,1,Hungarian Grand Prix,2023
LEC,68.0,12,Hungarian Grand Prix,2023
LEC,69.0,1,Hungarian Grand Prix,2023
LEC,70.0,1,Hungarian Grand Prix,2023
SAI,1.0,12,Hungarian Grand Prix,2023
SAI,2.0,1,Hungarian Grand Prix,2023
SAI,3.0,1,Hungarian Grand Prix,2023
SAI,4.0,1,Hungarian Grand Prix,2023
SAI,5.0,1,Hungarian Grand Prix,2023
SAI,6.0,1,Hungarian Grand Prix,2023
SAI,7.0,1,Hungarian Grand Prix,2023
SAI,8.0,1,Hungarian Grand Prix,2023
SAI,9.0,1,Hungarian Grand Prix,2023
SAI,10.0,1,Hungarian Grand Prix,2023
SAI,11.0,1,Hungarian Grand Prix,2023
SAI,12.0,1,Hungarian Grand Prix,2023
SAI,13.0,1,Hungarian Grand Prix,2023
SAI,14.0,1,Hungarian Grand Prix,2023
SAI,15.0,1,Hungarian Grand Prix,2023
SAI,16.0,1,Hungarian Grand Prix,2023
SAI,17.0,1,Hungarian Grand Prix,2023
SAI,18.0,1,Hungarian Grand Prix,2023
SAI,19.0,1,Hungarian Grand Prix,2023
SAI,20.0,1,Hungarian Grand Prix,2023
SAI,21.0,1,Hungarian Grand Prix,2023
SAI,22.0,1,Hungarian Grand Prix,2023
SAI,23.0,1,Hungarian Grand Prix,2023
SAI,24.0,1,Hungarian Grand Prix,2023
SAI,25.0,1,Hungarian Grand Prix,2023
SAI,26.0,1,Hungarian Grand Prix,2023
SAI,27.0,1,Hungarian Grand Prix,2023
SAI,28.0,1,Hungarian Grand Prix,2023
SAI,29.0,1,Hungarian Grand Prix,2023
SAI,30.0,1,Hungarian Grand Prix,2023
SAI,31.0,1,Hungarian Grand Prix,2023
SAI,32.0,1,Hungarian Grand Prix,2023
SAI,33.0,1,Hungarian Grand Prix,2023
SAI,34.0,1,Hungarian Grand Prix,2023
SAI,35.0,1,Hungarian Grand Prix,2023
SAI,36.0,1,Hungarian Grand Prix,2023
SAI,37.0,1,Hungarian Grand Prix,2023
SAI,38.0,1,Hungarian Grand Prix,2023
SAI,39.0,1,Hungarian Grand Prix,2023
SAI,40.0,1,Hungarian Grand Prix,2023
SAI,41.0,1,Hungarian Grand Prix,2023
SAI,42.0,1,Hungarian Grand Prix,2023
SAI,43.0,1,Hungarian Grand Prix,2023
SAI,44.0,1,Hungarian Grand Prix,2023
SAI,45.0,1,Hungarian Grand Prix,2023
SAI,46.0,1,Hungarian Grand Prix,2023
SAI,47.0,1,Hungarian Grand Prix,2023
SAI,48.0,1,Hungarian Grand Prix,2023
SAI,49.0,1,Hungarian Grand Prix,2023
SAI,50.0,1,Hungarian Grand Prix,2023
SAI,51.0,1,Hungarian Grand Prix,2023
SAI,52.0,1,Hungarian Grand Prix,2023
SAI,53.0,1,Hungarian Grand Prix,2023
SAI,54.0,1,Hungarian Grand Prix,2023
SAI,55.0,1,Hungarian Grand Prix,2023
SAI,56.0,1,Hungarian Grand Prix,2023
SAI,57.0,1,Hungarian Grand Prix,2023
SAI,58.0,1,Hungarian Grand Prix,2023
SAI,59.0,1,Hungarian Grand Prix,2023
SAI,60.0,1,Hungarian Grand Prix,2023
SAI,61.0,1,Hungarian Grand Prix,2023
SAI,62.0,1,Hungarian Grand Prix,2023
SAI,63.0,1,Hungarian Grand Prix,2023
SAI,64.0,1,Hungarian Grand Prix,2023
SAI,65.0,1,Hungarian Grand Prix,2023
SAI,66.0,1,Hungarian Grand Prix,2023
SAI,67.0,1,Hungarian Grand Prix,2023
SAI,68.0,12,Hungarian Grand Prix,2023
SAI,69.0,1,Hungarian Grand Prix,2023
SAI,70.0,1,Hungarian Grand Prix,2023
ALO,1.0,12,Hungarian Grand Prix,2023
ALO,2.0,1,Hungarian Grand Prix,2023
ALO,3.0,1,Hungarian Grand Prix,2023
ALO,4.0,1,Hungarian Grand Prix,2023
ALO,5.0,1,Hungarian Grand Prix,2023
ALO,6.0,1,Hungarian Grand Prix,2023
ALO,7.0,1,Hungarian Grand Prix,2023
ALO,8.0,1,Hungarian Grand Prix,2023
ALO,9.0,1,Hungarian Grand Prix,2023
ALO,10.0,1,Hungarian Grand Prix,2023
ALO,11.0,1,Hungarian Grand Prix,2023
ALO,12.0,1,Hungarian Grand Prix,2023
ALO,13.0,1,Hungarian Grand Prix,2023
ALO,14.0,1,Hungarian Grand Prix,2023
ALO,15.0,1,Hungarian Grand Prix,2023
ALO,16.0,1,Hungarian Grand Prix,2023
ALO,17.0,1,Hungarian Grand Prix,2023
ALO,18.0,1,Hungarian Grand Prix,2023
ALO,19.0,1,Hungarian Grand Prix,2023
ALO,20.0,1,Hungarian Grand Prix,2023
ALO,21.0,1,Hungarian Grand Prix,2023
ALO,22.0,1,Hungarian Grand Prix,2023
ALO,23.0,1,Hungarian Grand Prix,2023
ALO,24.0,1,Hungarian Grand Prix,2023
ALO,25.0,1,Hungarian Grand Prix,2023
ALO,26.0,1,Hungarian Grand Prix,2023
ALO,27.0,1,Hungarian Grand Prix,2023
ALO,28.0,1,Hungarian Grand Prix,2023
ALO,29.0,1,Hungarian Grand Prix,2023
ALO,30.0,1,Hungarian Grand Prix,2023
ALO,31.0,1,Hungarian Grand Prix,2023
ALO,32.0,1,Hungarian Grand Prix,2023
ALO,33.0,1,Hungarian Grand Prix,2023
ALO,34.0,1,Hungarian Grand Prix,2023
ALO,35.0,1,Hungarian Grand Prix,2023
ALO,36.0,1,Hungarian Grand Prix,2023
ALO,37.0,1,Hungarian Grand Prix,2023
ALO,38.0,1,Hungarian Grand Prix,2023
ALO,39.0,1,Hungarian Grand Prix,2023
ALO,40.0,1,Hungarian Grand Prix,2023
ALO,41.0,1,Hungarian Grand Prix,2023
ALO,42.0,1,Hungarian Grand Prix,2023
ALO,43.0,1,Hungarian Grand Prix,2023
ALO,44.0,1,Hungarian Grand Prix,2023
ALO,45.0,1,Hungarian Grand Prix,2023
ALO,46.0,1,Hungarian Grand Prix,2023
ALO,47.0,1,Hungarian Grand Prix,2023
ALO,48.0,1,Hungarian Grand Prix,2023
ALO,49.0,1,Hungarian Grand Prix,2023
ALO,50.0,1,Hungarian Grand Prix,2023
ALO,51.0,1,Hungarian Grand Prix,2023
ALO,52.0,1,Hungarian Grand Prix,2023
ALO,53.0,1,Hungarian Grand Prix,2023
ALO,54.0,1,Hungarian Grand Prix,2023
ALO,55.0,1,Hungarian Grand Prix,2023
ALO,56.0,1,Hungarian Grand Prix,2023
ALO,57.0,1,Hungarian Grand Prix,2023
ALO,58.0,1,Hungarian Grand Prix,2023
ALO,59.0,1,Hungarian Grand Prix,2023
ALO,60.0,1,Hungarian Grand Prix,2023
ALO,61.0,1,Hungarian Grand Prix,2023
ALO,62.0,1,Hungarian Grand Prix,2023
ALO,63.0,1,Hungarian Grand Prix,2023
ALO,64.0,1,Hungarian Grand Prix,2023
ALO,65.0,1,Hungarian Grand Prix,2023
ALO,66.0,1,Hungarian Grand Prix,2023
ALO,67.0,1,Hungarian Grand Prix,2023
ALO,68.0,12,Hungarian Grand Prix,2023
ALO,69.0,1,Hungarian Grand Prix,2023
ALO,70.0,1,Hungarian Grand Prix,2023
STR,1.0,12,Hungarian Grand Prix,2023
STR,2.0,1,Hungarian Grand Prix,2023
STR,3.0,1,Hungarian Grand Prix,2023
STR,4.0,1,Hungarian Grand Prix,2023
STR,5.0,1,Hungarian Grand Prix,2023
STR,6.0,1,Hungarian Grand Prix,2023
STR,7.0,1,Hungarian Grand Prix,2023
STR,8.0,1,Hungarian Grand Prix,2023
STR,9.0,1,Hungarian Grand Prix,2023
STR,10.0,1,Hungarian Grand Prix,2023
STR,11.0,1,Hungarian Grand Prix,2023
STR,12.0,1,Hungarian Grand Prix,2023
STR,13.0,1,Hungarian Grand Prix,2023
STR,14.0,1,Hungarian Grand Prix,2023
STR,15.0,1,Hungarian Grand Prix,2023
STR,16.0,1,Hungarian Grand Prix,2023
STR,17.0,1,Hungarian Grand Prix,2023
STR,18.0,1,Hungarian Grand Prix,2023
STR,19.0,1,Hungarian Grand Prix,2023
STR,20.0,1,Hungarian Grand Prix,2023
STR,21.0,1,Hungarian Grand Prix,2023
STR,22.0,1,Hungarian Grand Prix,2023
STR,23.0,1,Hungarian Grand Prix,2023
STR,24.0,1,Hungarian Grand Prix,2023
STR,25.0,1,Hungarian Grand Prix,2023
STR,26.0,1,Hungarian Grand Prix,2023
STR,27.0,1,Hungarian Grand Prix,2023
STR,28.0,1,Hungarian Grand Prix,2023
STR,29.0,1,Hungarian Grand Prix,2023
STR,30.0,1,Hungarian Grand Prix,2023
STR,31.0,1,Hungarian Grand Prix,2023
STR,32.0,1,Hungarian Grand Prix,2023
STR,33.0,1,Hungarian Grand Prix,2023
STR,34.0,1,Hungarian Grand Prix,2023
STR,35.0,1,Hungarian Grand Prix,2023
STR,36.0,1,Hungarian Grand Prix,2023
STR,37.0,1,Hungarian Grand Prix,2023
STR,38.0,1,Hungarian Grand Prix,2023
STR,39.0,1,Hungarian Grand Prix,2023
STR,40.0,1,Hungarian Grand Prix,2023
STR,41.0,1,Hungarian Grand Prix,2023
STR,42.0,1,Hungarian Grand Prix,2023
STR,43.0,1,Hungarian Grand Prix,2023
STR,44.0,1,Hungarian Grand Prix,2023
STR,45.0,1,Hungarian Grand Prix,2023
STR,46.0,1,Hungarian Grand Prix,2023
STR,47.0,1,Hungarian Grand Prix,2023
STR,48.0,1,Hungarian Grand Prix,2023
STR,49.0,1,Hungarian Grand Prix,2023
STR,50.0,1,Hungarian Grand Prix,2023
STR,51.0,1,Hungarian Grand Prix,2023
STR,52.0,1,Hungarian Grand Prix,2023
STR,53.0,1,Hungarian Grand Prix,2023
STR,54.0,1,Hungarian Grand Prix,2023
STR,55.0,1,Hungarian Grand Prix,2023
STR,56.0,1,Hungarian Grand Prix,2023
STR,57.0,1,Hungarian Grand Prix,2023
STR,58.0,1,Hungarian Grand Prix,2023
STR,59.0,1,Hungarian Grand Prix,2023
STR,60.0,1,Hungarian Grand Prix,2023
STR,61.0,1,Hungarian Grand Prix,2023
STR,62.0,1,Hungarian Grand Prix,2023
STR,63.0,1,Hungarian Grand Prix,2023
STR,64.0,1,Hungarian Grand Prix,2023
STR,65.0,1,Hungarian Grand Prix,2023
STR,66.0,1,Hungarian Grand Prix,2023
STR,67.0,12,Hungarian Grand Prix,2023
STR,68.0,21,Hungarian Grand Prix,2023
STR,69.0,1,Hungarian Grand Prix,2023
ALB,1.0,12,Hungarian Grand Prix,2023
ALB,2.0,1,Hungarian Grand Prix,2023
ALB,3.0,1,Hungarian Grand Prix,2023
ALB,4.0,1,Hungarian Grand Prix,2023
ALB,5.0,1,Hungarian Grand Prix,2023
ALB,6.0,1,Hungarian Grand Prix,2023
ALB,7.0,1,Hungarian Grand Prix,2023
ALB,8.0,1,Hungarian Grand Prix,2023
ALB,9.0,1,Hungarian Grand Prix,2023
ALB,10.0,1,Hungarian Grand Prix,2023
ALB,11.0,1,Hungarian Grand Prix,2023
ALB,12.0,1,Hungarian Grand Prix,2023
ALB,13.0,1,Hungarian Grand Prix,2023
ALB,14.0,1,Hungarian Grand Prix,2023
ALB,15.0,1,Hungarian Grand Prix,2023
ALB,16.0,1,Hungarian Grand Prix,2023
ALB,17.0,1,Hungarian Grand Prix,2023
ALB,18.0,1,Hungarian Grand Prix,2023
ALB,19.0,1,Hungarian Grand Prix,2023
ALB,20.0,1,Hungarian Grand Prix,2023
ALB,21.0,1,Hungarian Grand Prix,2023
ALB,22.0,1,Hungarian Grand Prix,2023
ALB,23.0,1,Hungarian Grand Prix,2023
ALB,24.0,1,Hungarian Grand Prix,2023
ALB,25.0,1,Hungarian Grand Prix,2023
ALB,26.0,1,Hungarian Grand Prix,2023
ALB,27.0,1,Hungarian Grand Prix,2023
ALB,28.0,1,Hungarian Grand Prix,2023
ALB,29.0,1,Hungarian Grand Prix,2023
ALB,30.0,1,Hungarian Grand Prix,2023
ALB,31.0,1,Hungarian Grand Prix,2023
ALB,32.0,1,Hungarian Grand Prix,2023
ALB,33.0,1,Hungarian Grand Prix,2023
ALB,34.0,1,Hungarian Grand Prix,2023
ALB,35.0,1,Hungarian Grand Prix,2023
ALB,36.0,1,Hungarian Grand Prix,2023
ALB,37.0,1,Hungarian Grand Prix,2023
ALB,38.0,1,Hungarian Grand Prix,2023
ALB,39.0,1,Hungarian Grand Prix,2023
ALB,40.0,1,Hungarian Grand Prix,2023
ALB,41.0,1,Hungarian Grand Prix,2023
ALB,42.0,1,Hungarian Grand Prix,2023
ALB,43.0,1,Hungarian Grand Prix,2023
ALB,44.0,1,Hungarian Grand Prix,2023
ALB,45.0,1,Hungarian Grand Prix,2023
ALB,46.0,1,Hungarian Grand Prix,2023
ALB,47.0,1,Hungarian Grand Prix,2023
ALB,48.0,1,Hungarian Grand Prix,2023
ALB,49.0,1,Hungarian Grand Prix,2023
ALB,50.0,1,Hungarian Grand Prix,2023
ALB,51.0,1,Hungarian Grand Prix,2023
ALB,52.0,1,Hungarian Grand Prix,2023
ALB,53.0,1,Hungarian Grand Prix,2023
ALB,54.0,1,Hungarian Grand Prix,2023
ALB,55.0,1,Hungarian Grand Prix,2023
ALB,56.0,1,Hungarian Grand Prix,2023
ALB,57.0,1,Hungarian Grand Prix,2023
ALB,58.0,1,Hungarian Grand Prix,2023
ALB,59.0,1,Hungarian Grand Prix,2023
ALB,60.0,1,Hungarian Grand Prix,2023
ALB,61.0,1,Hungarian Grand Prix,2023
ALB,62.0,1,Hungarian Grand Prix,2023
ALB,63.0,1,Hungarian Grand Prix,2023
ALB,64.0,1,Hungarian Grand Prix,2023
ALB,65.0,1,Hungarian Grand Prix,2023
ALB,66.0,1,Hungarian Grand Prix,2023
ALB,67.0,12,Hungarian Grand Prix,2023
ALB,68.0,1,Hungarian Grand Prix,2023
ALB,69.0,1,Hungarian Grand Prix,2023
BOT,1.0,12,Hungarian Grand Prix,2023
BOT,2.0,1,Hungarian Grand Prix,2023
BOT,3.0,1,Hungarian Grand Prix,2023
BOT,4.0,1,Hungarian Grand Prix,2023
BOT,5.0,1,Hungarian Grand Prix,2023
BOT,6.0,1,Hungarian Grand Prix,2023
BOT,7.0,1,Hungarian Grand Prix,2023
BOT,8.0,1,Hungarian Grand Prix,2023
BOT,9.0,1,Hungarian Grand Prix,2023
BOT,10.0,1,Hungarian Grand Prix,2023
BOT,11.0,1,Hungarian Grand Prix,2023
BOT,12.0,1,Hungarian Grand Prix,2023
BOT,13.0,1,Hungarian Grand Prix,2023
BOT,14.0,1,Hungarian Grand Prix,2023
BOT,15.0,1,Hungarian Grand Prix,2023
BOT,16.0,1,Hungarian Grand Prix,2023
BOT,17.0,1,Hungarian Grand Prix,2023
BOT,18.0,1,Hungarian Grand Prix,2023
BOT,19.0,1,Hungarian Grand Prix,2023
BOT,20.0,1,Hungarian Grand Prix,2023
BOT,21.0,1,Hungarian Grand Prix,2023
BOT,22.0,1,Hungarian Grand Prix,2023
BOT,23.0,1,Hungarian Grand Prix,2023
BOT,24.0,1,Hungarian Grand Prix,2023
BOT,25.0,1,Hungarian Grand Prix,2023
BOT,26.0,1,Hungarian Grand Prix,2023
BOT,27.0,1,Hungarian Grand Prix,2023
BOT,28.0,1,Hungarian Grand Prix,2023
BOT,29.0,1,Hungarian Grand Prix,2023
BOT,30.0,1,Hungarian Grand Prix,2023
BOT,31.0,1,Hungarian Grand Prix,2023
BOT,32.0,1,Hungarian Grand Prix,2023
BOT,33.0,1,Hungarian Grand Prix,2023
BOT,34.0,1,Hungarian Grand Prix,2023
BOT,35.0,1,Hungarian Grand Prix,2023
BOT,36.0,1,Hungarian Grand Prix,2023
BOT,37.0,1,Hungarian Grand Prix,2023
BOT,38.0,1,Hungarian Grand Prix,2023
BOT,39.0,1,Hungarian Grand Prix,2023
BOT,40.0,1,Hungarian Grand Prix,2023
BOT,41.0,1,Hungarian Grand Prix,2023
BOT,42.0,1,Hungarian Grand Prix,2023
BOT,43.0,1,Hungarian Grand Prix,2023
BOT,44.0,1,Hungarian Grand Prix,2023
BOT,45.0,1,Hungarian Grand Prix,2023
BOT,46.0,1,Hungarian Grand Prix,2023
BOT,47.0,1,Hungarian Grand Prix,2023
BOT,48.0,1,Hungarian Grand Prix,2023
BOT,49.0,1,Hungarian Grand Prix,2023
BOT,50.0,1,Hungarian Grand Prix,2023
BOT,51.0,1,Hungarian Grand Prix,2023
BOT,52.0,1,Hungarian Grand Prix,2023
BOT,53.0,1,Hungarian Grand Prix,2023
BOT,54.0,1,Hungarian Grand Prix,2023
BOT,55.0,1,Hungarian Grand Prix,2023
BOT,56.0,1,Hungarian Grand Prix,2023
BOT,57.0,1,Hungarian Grand Prix,2023
BOT,58.0,1,Hungarian Grand Prix,2023
BOT,59.0,1,Hungarian Grand Prix,2023
BOT,60.0,1,Hungarian Grand Prix,2023
BOT,61.0,1,Hungarian Grand Prix,2023
BOT,62.0,1,Hungarian Grand Prix,2023
BOT,63.0,1,Hungarian Grand Prix,2023
BOT,64.0,1,Hungarian Grand Prix,2023
BOT,65.0,1,Hungarian Grand Prix,2023
BOT,66.0,1,Hungarian Grand Prix,2023
BOT,67.0,12,Hungarian Grand Prix,2023
BOT,68.0,1,Hungarian Grand Prix,2023
BOT,69.0,1,Hungarian Grand Prix,2023
RIC,1.0,12,Hungarian Grand Prix,2023
RIC,2.0,1,Hungarian Grand Prix,2023
RIC,3.0,1,Hungarian Grand Prix,2023
RIC,4.0,1,Hungarian Grand Prix,2023
RIC,5.0,1,Hungarian Grand Prix,2023
RIC,6.0,1,Hungarian Grand Prix,2023
RIC,7.0,1,Hungarian Grand Prix,2023
RIC,8.0,1,Hungarian Grand Prix,2023
RIC,9.0,1,Hungarian Grand Prix,2023
RIC,10.0,1,Hungarian Grand Prix,2023
RIC,11.0,1,Hungarian Grand Prix,2023
RIC,12.0,1,Hungarian Grand Prix,2023
RIC,13.0,1,Hungarian Grand Prix,2023
RIC,14.0,1,Hungarian Grand Prix,2023
RIC,15.0,1,Hungarian Grand Prix,2023
RIC,16.0,1,Hungarian Grand Prix,2023
RIC,17.0,1,Hungarian Grand Prix,2023
RIC,18.0,1,Hungarian Grand Prix,2023
RIC,19.0,1,Hungarian Grand Prix,2023
RIC,20.0,1,Hungarian Grand Prix,2023
RIC,21.0,1,Hungarian Grand Prix,2023
RIC,22.0,1,Hungarian Grand Prix,2023
RIC,23.0,1,Hungarian Grand Prix,2023
RIC,24.0,1,Hungarian Grand Prix,2023
RIC,25.0,1,Hungarian Grand Prix,2023
RIC,26.0,1,Hungarian Grand Prix,2023
RIC,27.0,1,Hungarian Grand Prix,2023
RIC,28.0,1,Hungarian Grand Prix,2023
RIC,29.0,1,Hungarian Grand Prix,2023
RIC,30.0,1,Hungarian Grand Prix,2023
RIC,31.0,1,Hungarian Grand Prix,2023
RIC,32.0,1,Hungarian Grand Prix,2023
RIC,33.0,1,Hungarian Grand Prix,2023
RIC,34.0,1,Hungarian Grand Prix,2023
RIC,35.0,1,Hungarian Grand Prix,2023
RIC,36.0,1,Hungarian Grand Prix,2023
RIC,37.0,1,Hungarian Grand Prix,2023
RIC,38.0,1,Hungarian Grand Prix,2023
RIC,39.0,1,Hungarian Grand Prix,2023
RIC,40.0,1,Hungarian Grand Prix,2023
RIC,41.0,1,Hungarian Grand Prix,2023
RIC,42.0,1,Hungarian Grand Prix,2023
RIC,43.0,1,Hungarian Grand Prix,2023
RIC,44.0,1,Hungarian Grand Prix,2023
RIC,45.0,1,Hungarian Grand Prix,2023
RIC,46.0,1,Hungarian Grand Prix,2023
RIC,47.0,1,Hungarian Grand Prix,2023
RIC,48.0,1,Hungarian Grand Prix,2023
RIC,49.0,1,Hungarian Grand Prix,2023
RIC,50.0,1,Hungarian Grand Prix,2023
RIC,51.0,1,Hungarian Grand Prix,2023
RIC,52.0,1,Hungarian Grand Prix,2023
RIC,53.0,1,Hungarian Grand Prix,2023
RIC,54.0,1,Hungarian Grand Prix,2023
RIC,55.0,1,Hungarian Grand Prix,2023
RIC,56.0,1,Hungarian Grand Prix,2023
RIC,57.0,1,Hungarian Grand Prix,2023
RIC,58.0,1,Hungarian Grand Prix,2023
RIC,59.0,1,Hungarian Grand Prix,2023
RIC,60.0,1,Hungarian Grand Prix,2023
RIC,61.0,1,Hungarian Grand Prix,2023
RIC,62.0,1,Hungarian Grand Prix,2023
RIC,63.0,1,Hungarian Grand Prix,2023
RIC,64.0,1,Hungarian Grand Prix,2023
RIC,65.0,1,Hungarian Grand Prix,2023
RIC,66.0,1,Hungarian Grand Prix,2023
RIC,67.0,12,Hungarian Grand Prix,2023
RIC,68.0,1,Hungarian Grand Prix,2023
RIC,69.0,1,Hungarian Grand Prix,2023
HUL,1.0,12,Hungarian Grand Prix,2023
HUL,2.0,1,Hungarian Grand Prix,2023
HUL,3.0,1,Hungarian Grand Prix,2023
HUL,4.0,1,Hungarian Grand Prix,2023
HUL,5.0,1,Hungarian Grand Prix,2023
HUL,6.0,1,Hungarian Grand Prix,2023
HUL,7.0,1,Hungarian Grand Prix,2023
HUL,8.0,1,Hungarian Grand Prix,2023
HUL,9.0,1,Hungarian Grand Prix,2023
HUL,10.0,1,Hungarian Grand Prix,2023
HUL,11.0,1,Hungarian Grand Prix,2023
HUL,12.0,1,Hungarian Grand Prix,2023
HUL,13.0,1,Hungarian Grand Prix,2023
HUL,14.0,1,Hungarian Grand Prix,2023
HUL,15.0,1,Hungarian Grand Prix,2023
HUL,16.0,1,Hungarian Grand Prix,2023
HUL,17.0,1,Hungarian Grand Prix,2023
HUL,18.0,1,Hungarian Grand Prix,2023
HUL,19.0,1,Hungarian Grand Prix,2023
HUL,20.0,1,Hungarian Grand Prix,2023
HUL,21.0,1,Hungarian Grand Prix,2023
HUL,22.0,1,Hungarian Grand Prix,2023
HUL,23.0,1,Hungarian Grand Prix,2023
HUL,24.0,1,Hungarian Grand Prix,2023
HUL,25.0,1,Hungarian Grand Prix,2023
HUL,26.0,1,Hungarian Grand Prix,2023
HUL,27.0,1,Hungarian Grand Prix,2023
HUL,28.0,1,Hungarian Grand Prix,2023
HUL,29.0,1,Hungarian Grand Prix,2023
HUL,30.0,1,Hungarian Grand Prix,2023
HUL,31.0,1,Hungarian Grand Prix,2023
HUL,32.0,1,Hungarian Grand Prix,2023
HUL,33.0,1,Hungarian Grand Prix,2023
HUL,34.0,1,Hungarian Grand Prix,2023
HUL,35.0,1,Hungarian Grand Prix,2023
HUL,36.0,1,Hungarian Grand Prix,2023
HUL,37.0,1,Hungarian Grand Prix,2023
HUL,38.0,1,Hungarian Grand Prix,2023
HUL,39.0,1,Hungarian Grand Prix,2023
HUL,40.0,1,Hungarian Grand Prix,2023
HUL,41.0,1,Hungarian Grand Prix,2023
HUL,42.0,1,Hungarian Grand Prix,2023
HUL,43.0,1,Hungarian Grand Prix,2023
HUL,44.0,1,Hungarian Grand Prix,2023
HUL,45.0,1,Hungarian Grand Prix,2023
HUL,46.0,1,Hungarian Grand Prix,2023
HUL,47.0,1,Hungarian Grand Prix,2023
HUL,48.0,1,Hungarian Grand Prix,2023
HUL,49.0,1,Hungarian Grand Prix,2023
HUL,50.0,1,Hungarian Grand Prix,2023
HUL,51.0,1,Hungarian Grand Prix,2023
HUL,52.0,1,Hungarian Grand Prix,2023
HUL,53.0,1,Hungarian Grand Prix,2023
HUL,54.0,1,Hungarian Grand Prix,2023
HUL,55.0,1,Hungarian Grand Prix,2023
HUL,56.0,1,Hungarian Grand Prix,2023
HUL,57.0,1,Hungarian Grand Prix,2023
HUL,58.0,1,Hungarian Grand Prix,2023
HUL,59.0,1,Hungarian Grand Prix,2023
HUL,60.0,1,Hungarian Grand Prix,2023
HUL,61.0,1,Hungarian Grand Prix,2023
HUL,62.0,1,Hungarian Grand Prix,2023
HUL,63.0,1,Hungarian Grand Prix,2023
HUL,64.0,1,Hungarian Grand Prix,2023
HUL,65.0,1,Hungarian Grand Prix,2023
HUL,66.0,1,Hungarian Grand Prix,2023
HUL,67.0,12,Hungarian Grand Prix,2023
HUL,68.0,1,Hungarian Grand Prix,2023
HUL,69.0,1,Hungarian Grand Prix,2023
TSU,1.0,12,Hungarian Grand Prix,2023
TSU,2.0,1,Hungarian Grand Prix,2023
TSU,3.0,1,Hungarian Grand Prix,2023
TSU,4.0,1,Hungarian Grand Prix,2023
TSU,5.0,1,Hungarian Grand Prix,2023
TSU,6.0,1,Hungarian Grand Prix,2023
TSU,7.0,1,Hungarian Grand Prix,2023
TSU,8.0,1,Hungarian Grand Prix,2023
TSU,9.0,1,Hungarian Grand Prix,2023
TSU,10.0,1,Hungarian Grand Prix,2023
TSU,11.0,1,Hungarian Grand Prix,2023
TSU,12.0,1,Hungarian Grand Prix,2023
TSU,13.0,1,Hungarian Grand Prix,2023
TSU,14.0,1,Hungarian Grand Prix,2023
TSU,15.0,1,Hungarian Grand Prix,2023
TSU,16.0,1,Hungarian Grand Prix,2023
TSU,17.0,1,Hungarian Grand Prix,2023
TSU,18.0,1,Hungarian Grand Prix,2023
TSU,19.0,1,Hungarian Grand Prix,2023
TSU,20.0,1,Hungarian Grand Prix,2023
TSU,21.0,1,Hungarian Grand Prix,2023
TSU,22.0,1,Hungarian Grand Prix,2023
TSU,23.0,1,Hungarian Grand Prix,2023
TSU,24.0,1,Hungarian Grand Prix,2023
TSU,25.0,1,Hungarian Grand Prix,2023
TSU,26.0,1,Hungarian Grand Prix,2023
TSU,27.0,1,Hungarian Grand Prix,2023
TSU,28.0,1,Hungarian Grand Prix,2023
TSU,29.0,1,Hungarian Grand Prix,2023
TSU,30.0,1,Hungarian Grand Prix,2023
TSU,31.0,1,Hungarian Grand Prix,2023
TSU,32.0,1,Hungarian Grand Prix,2023
TSU,33.0,1,Hungarian Grand Prix,2023
TSU,34.0,1,Hungarian Grand Prix,2023
TSU,35.0,1,Hungarian Grand Prix,2023
TSU,36.0,1,Hungarian Grand Prix,2023
TSU,37.0,1,Hungarian Grand Prix,2023
TSU,38.0,1,Hungarian Grand Prix,2023
TSU,39.0,1,Hungarian Grand Prix,2023
TSU,40.0,1,Hungarian Grand Prix,2023
TSU,41.0,1,Hungarian Grand Prix,2023
TSU,42.0,1,Hungarian Grand Prix,2023
TSU,43.0,1,Hungarian Grand Prix,2023
TSU,44.0,1,Hungarian Grand Prix,2023
TSU,45.0,1,Hungarian Grand Prix,2023
TSU,46.0,1,Hungarian Grand Prix,2023
TSU,47.0,1,Hungarian Grand Prix,2023
TSU,48.0,1,Hungarian Grand Prix,2023
TSU,49.0,1,Hungarian Grand Prix,2023
TSU,50.0,1,Hungarian Grand Prix,2023
TSU,51.0,1,Hungarian Grand Prix,2023
TSU,52.0,1,Hungarian Grand Prix,2023
TSU,53.0,1,Hungarian Grand Prix,2023
TSU,54.0,1,Hungarian Grand Prix,2023
TSU,55.0,1,Hungarian Grand Prix,2023
TSU,56.0,1,Hungarian Grand Prix,2023
TSU,57.0,1,Hungarian Grand Prix,2023
TSU,58.0,1,Hungarian Grand Prix,2023
TSU,59.0,1,Hungarian Grand Prix,2023
TSU,60.0,1,Hungarian Grand Prix,2023
TSU,61.0,1,Hungarian Grand Prix,2023
TSU,62.0,1,Hungarian Grand Prix,2023
TSU,63.0,1,Hungarian Grand Prix,2023
TSU,64.0,1,Hungarian Grand Prix,2023
TSU,65.0,1,Hungarian Grand Prix,2023
TSU,66.0,1,Hungarian Grand Prix,2023
TSU,67.0,12,Hungarian Grand Prix,2023
TSU,68.0,1,Hungarian Grand Prix,2023
TSU,69.0,1,Hungarian Grand Prix,2023
ZHO,1.0,12,Hungarian Grand Prix,2023
ZHO,2.0,1,Hungarian Grand Prix,2023
ZHO,3.0,1,Hungarian Grand Prix,2023
ZHO,4.0,1,Hungarian Grand Prix,2023
ZHO,5.0,1,Hungarian Grand Prix,2023
ZHO,6.0,1,Hungarian Grand Prix,2023
ZHO,7.0,1,Hungarian Grand Prix,2023
ZHO,8.0,1,Hungarian Grand Prix,2023
ZHO,9.0,1,Hungarian Grand Prix,2023
ZHO,10.0,1,Hungarian Grand Prix,2023
ZHO,11.0,1,Hungarian Grand Prix,2023
ZHO,12.0,1,Hungarian Grand Prix,2023
ZHO,13.0,1,Hungarian Grand Prix,2023
ZHO,14.0,1,Hungarian Grand Prix,2023
ZHO,15.0,1,Hungarian Grand Prix,2023
ZHO,16.0,1,Hungarian Grand Prix,2023
ZHO,17.0,1,Hungarian Grand Prix,2023
ZHO,18.0,1,Hungarian Grand Prix,2023
ZHO,19.0,1,Hungarian Grand Prix,2023
ZHO,20.0,1,Hungarian Grand Prix,2023
ZHO,21.0,1,Hungarian Grand Prix,2023
ZHO,22.0,1,Hungarian Grand Prix,2023
ZHO,23.0,1,Hungarian Grand Prix,2023
ZHO,24.0,1,Hungarian Grand Prix,2023
ZHO,25.0,1,Hungarian Grand Prix,2023
ZHO,26.0,1,Hungarian Grand Prix,2023
ZHO,27.0,1,Hungarian Grand Prix,2023
ZHO,28.0,1,Hungarian Grand Prix,2023
ZHO,29.0,1,Hungarian Grand Prix,2023
ZHO,30.0,1,Hungarian Grand Prix,2023
ZHO,31.0,1,Hungarian Grand Prix,2023
ZHO,32.0,1,Hungarian Grand Prix,2023
ZHO,33.0,1,Hungarian Grand Prix,2023
ZHO,34.0,1,Hungarian Grand Prix,2023
ZHO,35.0,1,Hungarian Grand Prix,2023
ZHO,36.0,1,Hungarian Grand Prix,2023
ZHO,37.0,1,Hungarian Grand Prix,2023
ZHO,38.0,1,Hungarian Grand Prix,2023
ZHO,39.0,1,Hungarian Grand Prix,2023
ZHO,40.0,1,Hungarian Grand Prix,2023
ZHO,41.0,1,Hungarian Grand Prix,2023
ZHO,42.0,1,Hungarian Grand Prix,2023
ZHO,43.0,1,Hungarian Grand Prix,2023
ZHO,44.0,1,Hungarian Grand Prix,2023
ZHO,45.0,1,Hungarian Grand Prix,2023
ZHO,46.0,1,Hungarian Grand Prix,2023
ZHO,47.0,1,Hungarian Grand Prix,2023
ZHO,48.0,1,Hungarian Grand Prix,2023
ZHO,49.0,1,Hungarian Grand Prix,2023
ZHO,50.0,1,Hungarian Grand Prix,2023
ZHO,51.0,1,Hungarian Grand Prix,2023
ZHO,52.0,1,Hungarian Grand Prix,2023
ZHO,53.0,1,Hungarian Grand Prix,2023
ZHO,54.0,1,Hungarian Grand Prix,2023
ZHO,55.0,1,Hungarian Grand Prix,2023
ZHO,56.0,1,Hungarian Grand Prix,2023
ZHO,57.0,1,Hungarian Grand Prix,2023
ZHO,58.0,1,Hungarian Grand Prix,2023
ZHO,59.0,1,Hungarian Grand Prix,2023
ZHO,60.0,1,Hungarian Grand Prix,2023
ZHO,61.0,1,Hungarian Grand Prix,2023
ZHO,62.0,1,Hungarian Grand Prix,2023
ZHO,63.0,1,Hungarian Grand Prix,2023
ZHO,64.0,1,Hungarian Grand Prix,2023
ZHO,65.0,1,Hungarian Grand Prix,2023
ZHO,66.0,1,Hungarian Grand Prix,2023
ZHO,67.0,12,Hungarian Grand Prix,2023
ZHO,68.0,1,Hungarian Grand Prix,2023
ZHO,69.0,1,Hungarian Grand Prix,2023
MAG,1.0,12,Hungarian Grand Prix,2023
MAG,2.0,1,Hungarian Grand Prix,2023
MAG,3.0,1,Hungarian Grand Prix,2023
MAG,4.0,1,Hungarian Grand Prix,2023
MAG,5.0,1,Hungarian Grand Prix,2023
MAG,6.0,1,Hungarian Grand Prix,2023
MAG,7.0,1,Hungarian Grand Prix,2023
MAG,8.0,1,Hungarian Grand Prix,2023
MAG,9.0,1,Hungarian Grand Prix,2023
MAG,10.0,1,Hungarian Grand Prix,2023
MAG,11.0,1,Hungarian Grand Prix,2023
MAG,12.0,1,Hungarian Grand Prix,2023
MAG,13.0,1,Hungarian Grand Prix,2023
MAG,14.0,1,Hungarian Grand Prix,2023
MAG,15.0,1,Hungarian Grand Prix,2023
MAG,16.0,1,Hungarian Grand Prix,2023
MAG,17.0,1,Hungarian Grand Prix,2023
MAG,18.0,1,Hungarian Grand Prix,2023
MAG,19.0,1,Hungarian Grand Prix,2023
MAG,20.0,1,Hungarian Grand Prix,2023
MAG,21.0,1,Hungarian Grand Prix,2023
MAG,22.0,1,Hungarian Grand Prix,2023
MAG,23.0,1,Hungarian Grand Prix,2023
MAG,24.0,1,Hungarian Grand Prix,2023
MAG,25.0,1,Hungarian Grand Prix,2023
MAG,26.0,1,Hungarian Grand Prix,2023
MAG,27.0,1,Hungarian Grand Prix,2023
MAG,28.0,1,Hungarian Grand Prix,2023
MAG,29.0,1,Hungarian Grand Prix,2023
MAG,30.0,1,Hungarian Grand Prix,2023
MAG,31.0,1,Hungarian Grand Prix,2023
MAG,32.0,1,Hungarian Grand Prix,2023
MAG,33.0,1,Hungarian Grand Prix,2023
MAG,34.0,1,Hungarian Grand Prix,2023
MAG,35.0,1,Hungarian Grand Prix,2023
MAG,36.0,1,Hungarian Grand Prix,2023
MAG,37.0,1,Hungarian Grand Prix,2023
MAG,38.0,1,Hungarian Grand Prix,2023
MAG,39.0,1,Hungarian Grand Prix,2023
MAG,40.0,1,Hungarian Grand Prix,2023
MAG,41.0,1,Hungarian Grand Prix,2023
MAG,42.0,1,Hungarian Grand Prix,2023
MAG,43.0,1,Hungarian Grand Prix,2023
MAG,44.0,1,Hungarian Grand Prix,2023
MAG,45.0,1,Hungarian Grand Prix,2023
MAG,46.0,1,Hungarian Grand Prix,2023
MAG,47.0,1,Hungarian Grand Prix,2023
MAG,48.0,1,Hungarian Grand Prix,2023
MAG,49.0,1,Hungarian Grand Prix,2023
MAG,50.0,1,Hungarian Grand Prix,2023
MAG,51.0,1,Hungarian Grand Prix,2023
MAG,52.0,1,Hungarian Grand Prix,2023
MAG,53.0,1,Hungarian Grand Prix,2023
MAG,54.0,1,Hungarian Grand Prix,2023
MAG,55.0,1,Hungarian Grand Prix,2023
MAG,56.0,1,Hungarian Grand Prix,2023
MAG,57.0,1,Hungarian Grand Prix,2023
MAG,58.0,1,Hungarian Grand Prix,2023
MAG,59.0,1,Hungarian Grand Prix,2023
MAG,60.0,1,Hungarian Grand Prix,2023
MAG,61.0,1,Hungarian Grand Prix,2023
MAG,62.0,1,Hungarian Grand Prix,2023
MAG,63.0,1,Hungarian Grand Prix,2023
MAG,64.0,1,Hungarian Grand Prix,2023
MAG,65.0,1,Hungarian Grand Prix,2023
MAG,66.0,1,Hungarian Grand Prix,2023
MAG,67.0,12,Hungarian Grand Prix,2023
MAG,68.0,1,Hungarian Grand Prix,2023
MAG,69.0,1,Hungarian Grand Prix,2023
SAR,1.0,12,Hungarian Grand Prix,2023
SAR,2.0,1,Hungarian Grand Prix,2023
SAR,3.0,1,Hungarian Grand Prix,2023
SAR,4.0,1,Hungarian Grand Prix,2023
SAR,5.0,1,Hungarian Grand Prix,2023
SAR,6.0,1,Hungarian Grand Prix,2023
SAR,7.0,1,Hungarian Grand Prix,2023
SAR,8.0,1,Hungarian Grand Prix,2023
SAR,9.0,1,Hungarian Grand Prix,2023
SAR,10.0,1,Hungarian Grand Prix,2023
SAR,11.0,1,Hungarian Grand Prix,2023
SAR,12.0,1,Hungarian Grand Prix,2023
SAR,13.0,1,Hungarian Grand Prix,2023
SAR,14.0,1,Hungarian Grand Prix,2023
SAR,15.0,1,Hungarian Grand Prix,2023
SAR,16.0,1,Hungarian Grand Prix,2023
SAR,17.0,1,Hungarian Grand Prix,2023
SAR,18.0,1,Hungarian Grand Prix,2023
SAR,19.0,1,Hungarian Grand Prix,2023
SAR,20.0,1,Hungarian Grand Prix,2023
SAR,21.0,1,Hungarian Grand Prix,2023
SAR,22.0,1,Hungarian Grand Prix,2023
SAR,23.0,1,Hungarian Grand Prix,2023
SAR,24.0,1,Hungarian Grand Prix,2023
SAR,25.0,1,Hungarian Grand Prix,2023
SAR,26.0,1,Hungarian Grand Prix,2023
SAR,27.0,1,Hungarian Grand Prix,2023
SAR,28.0,1,Hungarian Grand Prix,2023
SAR,29.0,1,Hungarian Grand Prix,2023
SAR,30.0,1,Hungarian Grand Prix,2023
SAR,31.0,1,Hungarian Grand Prix,2023
SAR,32.0,1,Hungarian Grand Prix,2023
SAR,33.0,1,Hungarian Grand Prix,2023
SAR,34.0,1,Hungarian Grand Prix,2023
SAR,35.0,1,Hungarian Grand Prix,2023
SAR,36.0,1,Hungarian Grand Prix,2023
SAR,37.0,1,Hungarian Grand Prix,2023
SAR,38.0,1,Hungarian Grand Prix,2023
SAR,39.0,1,Hungarian Grand Prix,2023
SAR,40.0,1,Hungarian Grand Prix,2023
SAR,41.0,1,Hungarian Grand Prix,2023
SAR,42.0,1,Hungarian Grand Prix,2023
SAR,43.0,1,Hungarian Grand Prix,2023
SAR,44.0,1,Hungarian Grand Prix,2023
SAR,45.0,1,Hungarian Grand Prix,2023
SAR,46.0,1,Hungarian Grand Prix,2023
SAR,47.0,1,Hungarian Grand Prix,2023
SAR,48.0,1,Hungarian Grand Prix,2023
SAR,49.0,1,Hungarian Grand Prix,2023
SAR,50.0,1,Hungarian Grand Prix,2023
SAR,51.0,1,Hungarian Grand Prix,2023
SAR,52.0,1,Hungarian Grand Prix,2023
SAR,53.0,1,Hungarian Grand Prix,2023
SAR,54.0,1,Hungarian Grand Prix,2023
SAR,55.0,1,Hungarian Grand Prix,2023
SAR,56.0,1,Hungarian Grand Prix,2023
SAR,57.0,1,Hungarian Grand Prix,2023
SAR,58.0,1,Hungarian Grand Prix,2023
SAR,59.0,1,Hungarian Grand Prix,2023
SAR,60.0,1,Hungarian Grand Prix,2023
SAR,61.0,1,Hungarian Grand Prix,2023
SAR,62.0,1,Hungarian Grand Prix,2023
SAR,63.0,1,Hungarian Grand Prix,2023
SAR,64.0,1,Hungarian Grand Prix,2023
SAR,65.0,1,Hungarian Grand Prix,2023
SAR,66.0,1,Hungarian Grand Prix,2023
SAR,67.0,12,Hungarian Grand Prix,2023
OCO,1.0,12,Hungarian Grand Prix,2023
OCO,2.0,1,Hungarian Grand Prix,2023
GAS,1.0,12,Hungarian Grand Prix,2023
VER,1.0,1,Belgian Grand Prix,2023
VER,2.0,12,Belgian Grand Prix,2023
VER,3.0,21,Belgian Grand Prix,2023
VER,4.0,1,Belgian Grand Prix,2023
VER,5.0,1,Belgian Grand Prix,2023
VER,6.0,1,Belgian Grand Prix,2023
VER,7.0,1,Belgian Grand Prix,2023
VER,8.0,1,Belgian Grand Prix,2023
VER,9.0,1,Belgian Grand Prix,2023
VER,10.0,1,Belgian Grand Prix,2023
VER,11.0,1,Belgian Grand Prix,2023
VER,12.0,1,Belgian Grand Prix,2023
VER,13.0,1,Belgian Grand Prix,2023
VER,14.0,1,Belgian Grand Prix,2023
VER,15.0,1,Belgian Grand Prix,2023
VER,16.0,1,Belgian Grand Prix,2023
VER,17.0,1,Belgian Grand Prix,2023
VER,18.0,1,Belgian Grand Prix,2023
VER,19.0,1,Belgian Grand Prix,2023
VER,20.0,1,Belgian Grand Prix,2023
VER,21.0,1,Belgian Grand Prix,2023
VER,22.0,1,Belgian Grand Prix,2023
VER,23.0,1,Belgian Grand Prix,2023
VER,24.0,1,Belgian Grand Prix,2023
VER,25.0,1,Belgian Grand Prix,2023
VER,26.0,1,Belgian Grand Prix,2023
VER,27.0,1,Belgian Grand Prix,2023
VER,28.0,1,Belgian Grand Prix,2023
VER,29.0,1,Belgian Grand Prix,2023
VER,30.0,1,Belgian Grand Prix,2023
VER,31.0,1,Belgian Grand Prix,2023
VER,32.0,1,Belgian Grand Prix,2023
VER,33.0,1,Belgian Grand Prix,2023
VER,34.0,1,Belgian Grand Prix,2023
VER,35.0,1,Belgian Grand Prix,2023
VER,36.0,1,Belgian Grand Prix,2023
VER,37.0,1,Belgian Grand Prix,2023
VER,38.0,1,Belgian Grand Prix,2023
VER,39.0,1,Belgian Grand Prix,2023
VER,40.0,1,Belgian Grand Prix,2023
VER,41.0,1,Belgian Grand Prix,2023
VER,42.0,1,Belgian Grand Prix,2023
VER,43.0,1,Belgian Grand Prix,2023
VER,44.0,1,Belgian Grand Prix,2023
PER,1.0,1,Belgian Grand Prix,2023
PER,2.0,12,Belgian Grand Prix,2023
PER,3.0,21,Belgian Grand Prix,2023
PER,4.0,1,Belgian Grand Prix,2023
PER,5.0,1,Belgian Grand Prix,2023
PER,6.0,1,Belgian Grand Prix,2023
PER,7.0,1,Belgian Grand Prix,2023
PER,8.0,1,Belgian Grand Prix,2023
PER,9.0,1,Belgian Grand Prix,2023
PER,10.0,1,Belgian Grand Prix,2023
PER,11.0,1,Belgian Grand Prix,2023
PER,12.0,1,Belgian Grand Prix,2023
PER,13.0,1,Belgian Grand Prix,2023
PER,14.0,1,Belgian Grand Prix,2023
PER,15.0,1,Belgian Grand Prix,2023
PER,16.0,1,Belgian Grand Prix,2023
PER,17.0,1,Belgian Grand Prix,2023
PER,18.0,1,Belgian Grand Prix,2023
PER,19.0,1,Belgian Grand Prix,2023
PER,20.0,1,Belgian Grand Prix,2023
PER,21.0,1,Belgian Grand Prix,2023
PER,22.0,1,Belgian Grand Prix,2023
PER,23.0,1,Belgian Grand Prix,2023
PER,24.0,1,Belgian Grand Prix,2023
PER,25.0,1,Belgian Grand Prix,2023
PER,26.0,1,Belgian Grand Prix,2023
PER,27.0,1,Belgian Grand Prix,2023
PER,28.0,1,Belgian Grand Prix,2023
PER,29.0,1,Belgian Grand Prix,2023
PER,30.0,1,Belgian Grand Prix,2023
PER,31.0,1,Belgian Grand Prix,2023
PER,32.0,1,Belgian Grand Prix,2023
PER,33.0,1,Belgian Grand Prix,2023
PER,34.0,1,Belgian Grand Prix,2023
PER,35.0,1,Belgian Grand Prix,2023
PER,36.0,1,Belgian Grand Prix,2023
PER,37.0,1,Belgian Grand Prix,2023
PER,38.0,1,Belgian Grand Prix,2023
PER,39.0,1,Belgian Grand Prix,2023
PER,40.0,1,Belgian Grand Prix,2023
PER,41.0,1,Belgian Grand Prix,2023
PER,42.0,1,Belgian Grand Prix,2023
PER,43.0,1,Belgian Grand Prix,2023
PER,44.0,12,Belgian Grand Prix,2023
LEC,1.0,1,Belgian Grand Prix,2023
LEC,2.0,12,Belgian Grand Prix,2023
LEC,3.0,21,Belgian Grand Prix,2023
LEC,4.0,1,Belgian Grand Prix,2023
LEC,5.0,1,Belgian Grand Prix,2023
LEC,6.0,1,Belgian Grand Prix,2023
LEC,7.0,1,Belgian Grand Prix,2023
LEC,8.0,1,Belgian Grand Prix,2023
LEC,9.0,1,Belgian Grand Prix,2023
LEC,10.0,1,Belgian Grand Prix,2023
LEC,11.0,1,Belgian Grand Prix,2023
LEC,12.0,1,Belgian Grand Prix,2023
LEC,13.0,1,Belgian Grand Prix,2023
LEC,14.0,1,Belgian Grand Prix,2023
LEC,15.0,1,Belgian Grand Prix,2023
LEC,16.0,1,Belgian Grand Prix,2023
LEC,17.0,1,Belgian Grand Prix,2023
LEC,18.0,1,Belgian Grand Prix,2023
LEC,19.0,1,Belgian Grand Prix,2023
LEC,20.0,1,Belgian Grand Prix,2023
LEC,21.0,1,Belgian Grand Prix,2023
LEC,22.0,1,Belgian Grand Prix,2023
LEC,23.0,1,Belgian Grand Prix,2023
LEC,24.0,1,Belgian Grand Prix,2023
LEC,25.0,1,Belgian Grand Prix,2023
LEC,26.0,1,Belgian Grand Prix,2023
LEC,27.0,1,Belgian Grand Prix,2023
LEC,28.0,1,Belgian Grand Prix,2023
LEC,29.0,1,Belgian Grand Prix,2023
LEC,30.0,1,Belgian Grand Prix,2023
LEC,31.0,1,Belgian Grand Prix,2023
LEC,32.0,1,Belgian Grand Prix,2023
LEC,33.0,1,Belgian Grand Prix,2023
LEC,34.0,1,Belgian Grand Prix,2023
LEC,35.0,1,Belgian Grand Prix,2023
LEC,36.0,1,Belgian Grand Prix,2023
LEC,37.0,1,Belgian Grand Prix,2023
LEC,38.0,1,Belgian Grand Prix,2023
LEC,39.0,1,Belgian Grand Prix,2023
LEC,40.0,1,Belgian Grand Prix,2023
LEC,41.0,1,Belgian Grand Prix,2023
LEC,42.0,1,Belgian Grand Prix,2023
LEC,43.0,1,Belgian Grand Prix,2023
LEC,44.0,12,Belgian Grand Prix,2023
HAM,1.0,1,Belgian Grand Prix,2023
HAM,2.0,12,Belgian Grand Prix,2023
HAM,3.0,21,Belgian Grand Prix,2023
HAM,4.0,1,Belgian Grand Prix,2023
HAM,5.0,1,Belgian Grand Prix,2023
HAM,6.0,1,Belgian Grand Prix,2023
HAM,7.0,1,Belgian Grand Prix,2023
HAM,8.0,1,Belgian Grand Prix,2023
HAM,9.0,1,Belgian Grand Prix,2023
HAM,10.0,1,Belgian Grand Prix,2023
HAM,11.0,1,Belgian Grand Prix,2023
HAM,12.0,1,Belgian Grand Prix,2023
HAM,13.0,1,Belgian Grand Prix,2023
HAM,14.0,1,Belgian Grand Prix,2023
HAM,15.0,1,Belgian Grand Prix,2023
HAM,16.0,1,Belgian Grand Prix,2023
HAM,17.0,1,Belgian Grand Prix,2023
HAM,18.0,1,Belgian Grand Prix,2023
HAM,19.0,1,Belgian Grand Prix,2023
HAM,20.0,1,Belgian Grand Prix,2023
HAM,21.0,1,Belgian Grand Prix,2023
HAM,22.0,1,Belgian Grand Prix,2023
HAM,23.0,1,Belgian Grand Prix,2023
HAM,24.0,1,Belgian Grand Prix,2023
HAM,25.0,1,Belgian Grand Prix,2023
HAM,26.0,1,Belgian Grand Prix,2023
HAM,27.0,1,Belgian Grand Prix,2023
HAM,28.0,1,Belgian Grand Prix,2023
HAM,29.0,1,Belgian Grand Prix,2023
HAM,30.0,1,Belgian Grand Prix,2023
HAM,31.0,1,Belgian Grand Prix,2023
HAM,32.0,1,Belgian Grand Prix,2023
HAM,33.0,1,Belgian Grand Prix,2023
HAM,34.0,1,Belgian Grand Prix,2023
HAM,35.0,1,Belgian Grand Prix,2023
HAM,36.0,1,Belgian Grand Prix,2023
HAM,37.0,1,Belgian Grand Prix,2023
HAM,38.0,1,Belgian Grand Prix,2023
HAM,39.0,1,Belgian Grand Prix,2023
HAM,40.0,1,Belgian Grand Prix,2023
HAM,41.0,1,Belgian Grand Prix,2023
HAM,42.0,1,Belgian Grand Prix,2023
HAM,43.0,1,Belgian Grand Prix,2023
HAM,44.0,12,Belgian Grand Prix,2023
ALO,1.0,1,Belgian Grand Prix,2023
ALO,2.0,12,Belgian Grand Prix,2023
ALO,3.0,21,Belgian Grand Prix,2023
ALO,4.0,1,Belgian Grand Prix,2023
ALO,5.0,1,Belgian Grand Prix,2023
ALO,6.0,1,Belgian Grand Prix,2023
ALO,7.0,1,Belgian Grand Prix,2023
ALO,8.0,1,Belgian Grand Prix,2023
ALO,9.0,1,Belgian Grand Prix,2023
ALO,10.0,1,Belgian Grand Prix,2023
ALO,11.0,1,Belgian Grand Prix,2023
ALO,12.0,1,Belgian Grand Prix,2023
ALO,13.0,1,Belgian Grand Prix,2023
ALO,14.0,1,Belgian Grand Prix,2023
ALO,15.0,1,Belgian Grand Prix,2023
ALO,16.0,1,Belgian Grand Prix,2023
ALO,17.0,1,Belgian Grand Prix,2023
ALO,18.0,1,Belgian Grand Prix,2023
ALO,19.0,1,Belgian Grand Prix,2023
ALO,20.0,1,Belgian Grand Prix,2023
ALO,21.0,1,Belgian Grand Prix,2023
ALO,22.0,1,Belgian Grand Prix,2023
ALO,23.0,1,Belgian Grand Prix,2023
ALO,24.0,1,Belgian Grand Prix,2023
ALO,25.0,1,Belgian Grand Prix,2023
ALO,26.0,1,Belgian Grand Prix,2023
ALO,27.0,1,Belgian Grand Prix,2023
ALO,28.0,1,Belgian Grand Prix,2023
ALO,29.0,1,Belgian Grand Prix,2023
ALO,30.0,1,Belgian Grand Prix,2023
ALO,31.0,1,Belgian Grand Prix,2023
ALO,32.0,1,Belgian Grand Prix,2023
ALO,33.0,1,Belgian Grand Prix,2023
ALO,34.0,1,Belgian Grand Prix,2023
ALO,35.0,1,Belgian Grand Prix,2023
ALO,36.0,1,Belgian Grand Prix,2023
ALO,37.0,1,Belgian Grand Prix,2023
ALO,38.0,1,Belgian Grand Prix,2023
ALO,39.0,1,Belgian Grand Prix,2023
ALO,40.0,1,Belgian Grand Prix,2023
ALO,41.0,1,Belgian Grand Prix,2023
ALO,42.0,1,Belgian Grand Prix,2023
ALO,43.0,1,Belgian Grand Prix,2023
ALO,44.0,12,Belgian Grand Prix,2023
RUS,1.0,1,Belgian Grand Prix,2023
RUS,2.0,12,Belgian Grand Prix,2023
RUS,3.0,21,Belgian Grand Prix,2023
RUS,4.0,1,Belgian Grand Prix,2023
RUS,5.0,1,Belgian Grand Prix,2023
RUS,6.0,1,Belgian Grand Prix,2023
RUS,7.0,1,Belgian Grand Prix,2023
RUS,8.0,1,Belgian Grand Prix,2023
RUS,9.0,1,Belgian Grand Prix,2023
RUS,10.0,1,Belgian Grand Prix,2023
RUS,11.0,1,Belgian Grand Prix,2023
RUS,12.0,1,Belgian Grand Prix,2023
RUS,13.0,1,Belgian Grand Prix,2023
RUS,14.0,1,Belgian Grand Prix,2023
RUS,15.0,1,Belgian Grand Prix,2023
RUS,16.0,1,Belgian Grand Prix,2023
RUS,17.0,1,Belgian Grand Prix,2023
RUS,18.0,1,Belgian Grand Prix,2023
RUS,19.0,1,Belgian Grand Prix,2023
RUS,20.0,1,Belgian Grand Prix,2023
RUS,21.0,1,Belgian Grand Prix,2023
RUS,22.0,1,Belgian Grand Prix,2023
RUS,23.0,1,Belgian Grand Prix,2023
RUS,24.0,1,Belgian Grand Prix,2023
RUS,25.0,1,Belgian Grand Prix,2023
RUS,26.0,1,Belgian Grand Prix,2023
RUS,27.0,1,Belgian Grand Prix,2023
RUS,28.0,1,Belgian Grand Prix,2023
RUS,29.0,1,Belgian Grand Prix,2023
RUS,30.0,1,Belgian Grand Prix,2023
RUS,31.0,1,Belgian Grand Prix,2023
RUS,32.0,1,Belgian Grand Prix,2023
RUS,33.0,1,Belgian Grand Prix,2023
RUS,34.0,1,Belgian Grand Prix,2023
RUS,35.0,1,Belgian Grand Prix,2023
RUS,36.0,1,Belgian Grand Prix,2023
RUS,37.0,1,Belgian Grand Prix,2023
RUS,38.0,1,Belgian Grand Prix,2023
RUS,39.0,1,Belgian Grand Prix,2023
RUS,40.0,1,Belgian Grand Prix,2023
RUS,41.0,1,Belgian Grand Prix,2023
RUS,42.0,1,Belgian Grand Prix,2023
RUS,43.0,1,Belgian Grand Prix,2023
RUS,44.0,12,Belgian Grand Prix,2023
NOR,1.0,1,Belgian Grand Prix,2023
NOR,2.0,12,Belgian Grand Prix,2023
NOR,3.0,21,Belgian Grand Prix,2023
NOR,4.0,1,Belgian Grand Prix,2023
NOR,5.0,1,Belgian Grand Prix,2023
NOR,6.0,1,Belgian Grand Prix,2023
NOR,7.0,1,Belgian Grand Prix,2023
NOR,8.0,1,Belgian Grand Prix,2023
NOR,9.0,1,Belgian Grand Prix,2023
NOR,10.0,1,Belgian Grand Prix,2023
NOR,11.0,1,Belgian Grand Prix,2023
NOR,12.0,1,Belgian Grand Prix,2023
NOR,13.0,1,Belgian Grand Prix,2023
NOR,14.0,1,Belgian Grand Prix,2023
NOR,15.0,1,Belgian Grand Prix,2023
NOR,16.0,1,Belgian Grand Prix,2023
NOR,17.0,1,Belgian Grand Prix,2023
NOR,18.0,1,Belgian Grand Prix,2023
NOR,19.0,1,Belgian Grand Prix,2023
NOR,20.0,1,Belgian Grand Prix,2023
NOR,21.0,1,Belgian Grand Prix,2023
NOR,22.0,1,Belgian Grand Prix,2023
NOR,23.0,1,Belgian Grand Prix,2023
NOR,24.0,1,Belgian Grand Prix,2023
NOR,25.0,1,Belgian Grand Prix,2023
NOR,26.0,1,Belgian Grand Prix,2023
NOR,27.0,1,Belgian Grand Prix,2023
NOR,28.0,1,Belgian Grand Prix,2023
NOR,29.0,1,Belgian Grand Prix,2023
NOR,30.0,1,Belgian Grand Prix,2023
NOR,31.0,1,Belgian Grand Prix,2023
NOR,32.0,1,Belgian Grand Prix,2023
NOR,33.0,1,Belgian Grand Prix,2023
NOR,34.0,1,Belgian Grand Prix,2023
NOR,35.0,1,Belgian Grand Prix,2023
NOR,36.0,1,Belgian Grand Prix,2023
NOR,37.0,1,Belgian Grand Prix,2023
NOR,38.0,1,Belgian Grand Prix,2023
NOR,39.0,1,Belgian Grand Prix,2023
NOR,40.0,1,Belgian Grand Prix,2023
NOR,41.0,1,Belgian Grand Prix,2023
NOR,42.0,1,Belgian Grand Prix,2023
NOR,43.0,1,Belgian Grand Prix,2023
NOR,44.0,12,Belgian Grand Prix,2023
OCO,1.0,1,Belgian Grand Prix,2023
OCO,2.0,12,Belgian Grand Prix,2023
OCO,3.0,21,Belgian Grand Prix,2023
OCO,4.0,1,Belgian Grand Prix,2023
OCO,5.0,1,Belgian Grand Prix,2023
OCO,6.0,1,Belgian Grand Prix,2023
OCO,7.0,1,Belgian Grand Prix,2023
OCO,8.0,1,Belgian Grand Prix,2023
OCO,9.0,1,Belgian Grand Prix,2023
OCO,10.0,1,Belgian Grand Prix,2023
OCO,11.0,1,Belgian Grand Prix,2023
OCO,12.0,1,Belgian Grand Prix,2023
OCO,13.0,1,Belgian Grand Prix,2023
OCO,14.0,1,Belgian Grand Prix,2023
OCO,15.0,1,Belgian Grand Prix,2023
OCO,16.0,1,Belgian Grand Prix,2023
OCO,17.0,1,Belgian Grand Prix,2023
OCO,18.0,1,Belgian Grand Prix,2023
OCO,19.0,1,Belgian Grand Prix,2023
OCO,20.0,1,Belgian Grand Prix,2023
OCO,21.0,1,Belgian Grand Prix,2023
OCO,22.0,1,Belgian Grand Prix,2023
OCO,23.0,1,Belgian Grand Prix,2023
OCO,24.0,1,Belgian Grand Prix,2023
OCO,25.0,1,Belgian Grand Prix,2023
OCO,26.0,1,Belgian Grand Prix,2023
OCO,27.0,1,Belgian Grand Prix,2023
OCO,28.0,1,Belgian Grand Prix,2023
OCO,29.0,1,Belgian Grand Prix,2023
OCO,30.0,1,Belgian Grand Prix,2023
OCO,31.0,1,Belgian Grand Prix,2023
OCO,32.0,1,Belgian Grand Prix,2023
OCO,33.0,1,Belgian Grand Prix,2023
OCO,34.0,1,Belgian Grand Prix,2023
OCO,35.0,1,Belgian Grand Prix,2023
OCO,36.0,1,Belgian Grand Prix,2023
OCO,37.0,1,Belgian Grand Prix,2023
OCO,38.0,1,Belgian Grand Prix,2023
OCO,39.0,1,Belgian Grand Prix,2023
OCO,40.0,1,Belgian Grand Prix,2023
OCO,41.0,1,Belgian Grand Prix,2023
OCO,42.0,1,Belgian Grand Prix,2023
OCO,43.0,1,Belgian Grand Prix,2023
OCO,44.0,12,Belgian Grand Prix,2023
STR,1.0,1,Belgian Grand Prix,2023
STR,2.0,12,Belgian Grand Prix,2023
STR,3.0,21,Belgian Grand Prix,2023
STR,4.0,1,Belgian Grand Prix,2023
STR,5.0,1,Belgian Grand Prix,2023
STR,6.0,1,Belgian Grand Prix,2023
STR,7.0,1,Belgian Grand Prix,2023
STR,8.0,1,Belgian Grand Prix,2023
STR,9.0,1,Belgian Grand Prix,2023
STR,10.0,1,Belgian Grand Prix,2023
STR,11.0,1,Belgian Grand Prix,2023
STR,12.0,1,Belgian Grand Prix,2023
STR,13.0,1,Belgian Grand Prix,2023
STR,14.0,1,Belgian Grand Prix,2023
STR,15.0,1,Belgian Grand Prix,2023
STR,16.0,1,Belgian Grand Prix,2023
STR,17.0,1,Belgian Grand Prix,2023
STR,18.0,1,Belgian Grand Prix,2023
STR,19.0,1,Belgian Grand Prix,2023
STR,20.0,1,Belgian Grand Prix,2023
STR,21.0,1,Belgian Grand Prix,2023
STR,22.0,1,Belgian Grand Prix,2023
STR,23.0,1,Belgian Grand Prix,2023
STR,24.0,1,Belgian Grand Prix,2023
STR,25.0,1,Belgian Grand Prix,2023
STR,26.0,1,Belgian Grand Prix,2023
STR,27.0,1,Belgian Grand Prix,2023
STR,28.0,1,Belgian Grand Prix,2023
STR,29.0,1,Belgian Grand Prix,2023
STR,30.0,1,Belgian Grand Prix,2023
STR,31.0,1,Belgian Grand Prix,2023
STR,32.0,1,Belgian Grand Prix,2023
STR,33.0,1,Belgian Grand Prix,2023
STR,34.0,1,Belgian Grand Prix,2023
STR,35.0,1,Belgian Grand Prix,2023
STR,36.0,1,Belgian Grand Prix,2023
STR,37.0,1,Belgian Grand Prix,2023
STR,38.0,1,Belgian Grand Prix,2023
STR,39.0,1,Belgian Grand Prix,2023
STR,40.0,1,Belgian Grand Prix,2023
STR,41.0,1,Belgian Grand Prix,2023
STR,42.0,1,Belgian Grand Prix,2023
STR,43.0,1,Belgian Grand Prix,2023
STR,44.0,12,Belgian Grand Prix,2023
TSU,1.0,1,Belgian Grand Prix,2023
TSU,2.0,12,Belgian Grand Prix,2023
TSU,3.0,21,Belgian Grand Prix,2023
TSU,4.0,1,Belgian Grand Prix,2023
TSU,5.0,1,Belgian Grand Prix,2023
TSU,6.0,1,Belgian Grand Prix,2023
TSU,7.0,1,Belgian Grand Prix,2023
TSU,8.0,1,Belgian Grand Prix,2023
TSU,9.0,1,Belgian Grand Prix,2023
TSU,10.0,1,Belgian Grand Prix,2023
TSU,11.0,1,Belgian Grand Prix,2023
TSU,12.0,1,Belgian Grand Prix,2023
TSU,13.0,1,Belgian Grand Prix,2023
TSU,14.0,1,Belgian Grand Prix,2023
TSU,15.0,1,Belgian Grand Prix,2023
TSU,16.0,1,Belgian Grand Prix,2023
TSU,17.0,1,Belgian Grand Prix,2023
TSU,18.0,1,Belgian Grand Prix,2023
TSU,19.0,1,Belgian Grand Prix,2023
TSU,20.0,1,Belgian Grand Prix,2023
TSU,21.0,1,Belgian Grand Prix,2023
TSU,22.0,1,Belgian Grand Prix,2023
TSU,23.0,1,Belgian Grand Prix,2023
TSU,24.0,1,Belgian Grand Prix,2023
TSU,25.0,1,Belgian Grand Prix,2023
TSU,26.0,1,Belgian Grand Prix,2023
TSU,27.0,1,Belgian Grand Prix,2023
TSU,28.0,1,Belgian Grand Prix,2023
TSU,29.0,1,Belgian Grand Prix,2023
TSU,30.0,1,Belgian Grand Prix,2023
TSU,31.0,1,Belgian Grand Prix,2023
TSU,32.0,1,Belgian Grand Prix,2023
TSU,33.0,1,Belgian Grand Prix,2023
TSU,34.0,1,Belgian Grand Prix,2023
TSU,35.0,1,Belgian Grand Prix,2023
TSU,36.0,1,Belgian Grand Prix,2023
TSU,37.0,1,Belgian Grand Prix,2023
TSU,38.0,1,Belgian Grand Prix,2023
TSU,39.0,1,Belgian Grand Prix,2023
TSU,40.0,1,Belgian Grand Prix,2023
TSU,41.0,1,Belgian Grand Prix,2023
TSU,42.0,1,Belgian Grand Prix,2023
TSU,43.0,1,Belgian Grand Prix,2023
TSU,44.0,12,Belgian Grand Prix,2023
GAS,1.0,1,Belgian Grand Prix,2023
GAS,2.0,12,Belgian Grand Prix,2023
GAS,3.0,21,Belgian Grand Prix,2023
GAS,4.0,1,Belgian Grand Prix,2023
GAS,5.0,1,Belgian Grand Prix,2023
GAS,6.0,1,Belgian Grand Prix,2023
GAS,7.0,1,Belgian Grand Prix,2023
GAS,8.0,1,Belgian Grand Prix,2023
GAS,9.0,1,Belgian Grand Prix,2023
GAS,10.0,1,Belgian Grand Prix,2023
GAS,11.0,1,Belgian Grand Prix,2023
GAS,12.0,1,Belgian Grand Prix,2023
GAS,13.0,1,Belgian Grand Prix,2023
GAS,14.0,1,Belgian Grand Prix,2023
GAS,15.0,1,Belgian Grand Prix,2023
GAS,16.0,1,Belgian Grand Prix,2023
GAS,17.0,1,Belgian Grand Prix,2023
GAS,18.0,1,Belgian Grand Prix,2023
GAS,19.0,1,Belgian Grand Prix,2023
GAS,20.0,1,Belgian Grand Prix,2023
GAS,21.0,1,Belgian Grand Prix,2023
GAS,22.0,1,Belgian Grand Prix,2023
GAS,23.0,1,Belgian Grand Prix,2023
GAS,24.0,1,Belgian Grand Prix,2023
GAS,25.0,1,Belgian Grand Prix,2023
GAS,26.0,1,Belgian Grand Prix,2023
GAS,27.0,1,Belgian Grand Prix,2023
GAS,28.0,1,Belgian Grand Prix,2023
GAS,29.0,1,Belgian Grand Prix,2023
GAS,30.0,1,Belgian Grand Prix,2023
GAS,31.0,1,Belgian Grand Prix,2023
GAS,32.0,1,Belgian Grand Prix,2023
GAS,33.0,1,Belgian Grand Prix,2023
GAS,34.0,1,Belgian Grand Prix,2023
GAS,35.0,1,Belgian Grand Prix,2023
GAS,36.0,1,Belgian Grand Prix,2023
GAS,37.0,1,Belgian Grand Prix,2023
GAS,38.0,1,Belgian Grand Prix,2023
GAS,39.0,1,Belgian Grand Prix,2023
GAS,40.0,1,Belgian Grand Prix,2023
GAS,41.0,1,Belgian Grand Prix,2023
GAS,42.0,1,Belgian Grand Prix,2023
GAS,43.0,1,Belgian Grand Prix,2023
GAS,44.0,12,Belgian Grand Prix,2023
BOT,1.0,1,Belgian Grand Prix,2023
BOT,2.0,12,Belgian Grand Prix,2023
BOT,3.0,21,Belgian Grand Prix,2023
BOT,4.0,1,Belgian Grand Prix,2023
BOT,5.0,1,Belgian Grand Prix,2023
BOT,6.0,1,Belgian Grand Prix,2023
BOT,7.0,1,Belgian Grand Prix,2023
BOT,8.0,1,Belgian Grand Prix,2023
BOT,9.0,1,Belgian Grand Prix,2023
BOT,10.0,1,Belgian Grand Prix,2023
BOT,11.0,1,Belgian Grand Prix,2023
BOT,12.0,1,Belgian Grand Prix,2023
BOT,13.0,1,Belgian Grand Prix,2023
BOT,14.0,1,Belgian Grand Prix,2023
BOT,15.0,1,Belgian Grand Prix,2023
BOT,16.0,1,Belgian Grand Prix,2023
BOT,17.0,1,Belgian Grand Prix,2023
BOT,18.0,1,Belgian Grand Prix,2023
BOT,19.0,1,Belgian Grand Prix,2023
BOT,20.0,1,Belgian Grand Prix,2023
BOT,21.0,1,Belgian Grand Prix,2023
BOT,22.0,1,Belgian Grand Prix,2023
BOT,23.0,1,Belgian Grand Prix,2023
BOT,24.0,1,Belgian Grand Prix,2023
BOT,25.0,1,Belgian Grand Prix,2023
BOT,26.0,1,Belgian Grand Prix,2023
BOT,27.0,1,Belgian Grand Prix,2023
BOT,28.0,1,Belgian Grand Prix,2023
BOT,29.0,1,Belgian Grand Prix,2023
BOT,30.0,1,Belgian Grand Prix,2023
BOT,31.0,1,Belgian Grand Prix,2023
BOT,32.0,1,Belgian Grand Prix,2023
BOT,33.0,1,Belgian Grand Prix,2023
BOT,34.0,1,Belgian Grand Prix,2023
BOT,35.0,1,Belgian Grand Prix,2023
BOT,36.0,1,Belgian Grand Prix,2023
BOT,37.0,1,Belgian Grand Prix,2023
BOT,38.0,1,Belgian Grand Prix,2023
BOT,39.0,1,Belgian Grand Prix,2023
BOT,40.0,1,Belgian Grand Prix,2023
BOT,41.0,1,Belgian Grand Prix,2023
BOT,42.0,1,Belgian Grand Prix,2023
BOT,43.0,1,Belgian Grand Prix,2023
BOT,44.0,12,Belgian Grand Prix,2023
ZHO,1.0,1,Belgian Grand Prix,2023
ZHO,2.0,12,Belgian Grand Prix,2023
ZHO,3.0,21,Belgian Grand Prix,2023
ZHO,4.0,1,Belgian Grand Prix,2023
ZHO,5.0,1,Belgian Grand Prix,2023
ZHO,6.0,1,Belgian Grand Prix,2023
ZHO,7.0,1,Belgian Grand Prix,2023
ZHO,8.0,1,Belgian Grand Prix,2023
ZHO,9.0,1,Belgian Grand Prix,2023
ZHO,10.0,1,Belgian Grand Prix,2023
ZHO,11.0,1,Belgian Grand Prix,2023
ZHO,12.0,1,Belgian Grand Prix,2023
ZHO,13.0,1,Belgian Grand Prix,2023
ZHO,14.0,1,Belgian Grand Prix,2023
ZHO,15.0,1,Belgian Grand Prix,2023
ZHO,16.0,1,Belgian Grand Prix,2023
ZHO,17.0,1,Belgian Grand Prix,2023
ZHO,18.0,1,Belgian Grand Prix,2023
ZHO,19.0,1,Belgian Grand Prix,2023
ZHO,20.0,1,Belgian Grand Prix,2023
ZHO,21.0,1,Belgian Grand Prix,2023
ZHO,22.0,1,Belgian Grand Prix,2023
ZHO,23.0,1,Belgian Grand Prix,2023
ZHO,24.0,1,Belgian Grand Prix,2023
ZHO,25.0,1,Belgian Grand Prix,2023
ZHO,26.0,1,Belgian Grand Prix,2023
ZHO,27.0,1,Belgian Grand Prix,2023
ZHO,28.0,1,Belgian Grand Prix,2023
ZHO,29.0,1,Belgian Grand Prix,2023
ZHO,30.0,1,Belgian Grand Prix,2023
ZHO,31.0,1,Belgian Grand Prix,2023
ZHO,32.0,1,Belgian Grand Prix,2023
ZHO,33.0,1,Belgian Grand Prix,2023
ZHO,34.0,1,Belgian Grand Prix,2023
ZHO,35.0,1,Belgian Grand Prix,2023
ZHO,36.0,1,Belgian Grand Prix,2023
ZHO,37.0,1,Belgian Grand Prix,2023
ZHO,38.0,1,Belgian Grand Prix,2023
ZHO,39.0,1,Belgian Grand Prix,2023
ZHO,40.0,1,Belgian Grand Prix,2023
ZHO,41.0,1,Belgian Grand Prix,2023
ZHO,42.0,1,Belgian Grand Prix,2023
ZHO,43.0,1,Belgian Grand Prix,2023
ZHO,44.0,12,Belgian Grand Prix,2023
ALB,1.0,1,Belgian Grand Prix,2023
ALB,2.0,12,Belgian Grand Prix,2023
ALB,3.0,21,Belgian Grand Prix,2023
ALB,4.0,1,Belgian Grand Prix,2023
ALB,5.0,1,Belgian Grand Prix,2023
ALB,6.0,1,Belgian Grand Prix,2023
ALB,7.0,1,Belgian Grand Prix,2023
ALB,8.0,1,Belgian Grand Prix,2023
ALB,9.0,1,Belgian Grand Prix,2023
ALB,10.0,1,Belgian Grand Prix,2023
ALB,11.0,1,Belgian Grand Prix,2023
ALB,12.0,1,Belgian Grand Prix,2023
ALB,13.0,1,Belgian Grand Prix,2023
ALB,14.0,1,Belgian Grand Prix,2023
ALB,15.0,1,Belgian Grand Prix,2023
ALB,16.0,1,Belgian Grand Prix,2023
ALB,17.0,1,Belgian Grand Prix,2023
ALB,18.0,1,Belgian Grand Prix,2023
ALB,19.0,1,Belgian Grand Prix,2023
ALB,20.0,1,Belgian Grand Prix,2023
ALB,21.0,1,Belgian Grand Prix,2023
ALB,22.0,1,Belgian Grand Prix,2023
ALB,23.0,1,Belgian Grand Prix,2023
ALB,24.0,1,Belgian Grand Prix,2023
ALB,25.0,1,Belgian Grand Prix,2023
ALB,26.0,1,Belgian Grand Prix,2023
ALB,27.0,1,Belgian Grand Prix,2023
ALB,28.0,1,Belgian Grand Prix,2023
ALB,29.0,1,Belgian Grand Prix,2023
ALB,30.0,1,Belgian Grand Prix,2023
ALB,31.0,1,Belgian Grand Prix,2023
ALB,32.0,1,Belgian Grand Prix,2023
ALB,33.0,1,Belgian Grand Prix,2023
ALB,34.0,1,Belgian Grand Prix,2023
ALB,35.0,1,Belgian Grand Prix,2023
ALB,36.0,1,Belgian Grand Prix,2023
ALB,37.0,1,Belgian Grand Prix,2023
ALB,38.0,1,Belgian Grand Prix,2023
ALB,39.0,1,Belgian Grand Prix,2023
ALB,40.0,1,Belgian Grand Prix,2023
ALB,41.0,1,Belgian Grand Prix,2023
ALB,42.0,1,Belgian Grand Prix,2023
ALB,43.0,1,Belgian Grand Prix,2023
ALB,44.0,12,Belgian Grand Prix,2023
MAG,1.0,1,Belgian Grand Prix,2023
MAG,2.0,12,Belgian Grand Prix,2023
MAG,3.0,21,Belgian Grand Prix,2023
MAG,4.0,1,Belgian Grand Prix,2023
MAG,5.0,1,Belgian Grand Prix,2023
MAG,6.0,1,Belgian Grand Prix,2023
MAG,7.0,1,Belgian Grand Prix,2023
MAG,8.0,1,Belgian Grand Prix,2023
MAG,9.0,1,Belgian Grand Prix,2023
MAG,10.0,1,Belgian Grand Prix,2023
MAG,11.0,1,Belgian Grand Prix,2023
MAG,12.0,1,Belgian Grand Prix,2023
MAG,13.0,1,Belgian Grand Prix,2023
MAG,14.0,1,Belgian Grand Prix,2023
MAG,15.0,1,Belgian Grand Prix,2023
MAG,16.0,1,Belgian Grand Prix,2023
MAG,17.0,1,Belgian Grand Prix,2023
MAG,18.0,1,Belgian Grand Prix,2023
MAG,19.0,1,Belgian Grand Prix,2023
MAG,20.0,1,Belgian Grand Prix,2023
MAG,21.0,1,Belgian Grand Prix,2023
MAG,22.0,1,Belgian Grand Prix,2023
MAG,23.0,1,Belgian Grand Prix,2023
MAG,24.0,1,Belgian Grand Prix,2023
MAG,25.0,1,Belgian Grand Prix,2023
MAG,26.0,1,Belgian Grand Prix,2023
MAG,27.0,1,Belgian Grand Prix,2023
MAG,28.0,1,Belgian Grand Prix,2023
MAG,29.0,1,Belgian Grand Prix,2023
MAG,30.0,1,Belgian Grand Prix,2023
MAG,31.0,1,Belgian Grand Prix,2023
MAG,32.0,1,Belgian Grand Prix,2023
MAG,33.0,1,Belgian Grand Prix,2023
MAG,34.0,1,Belgian Grand Prix,2023
MAG,35.0,1,Belgian Grand Prix,2023
MAG,36.0,1,Belgian Grand Prix,2023
MAG,37.0,1,Belgian Grand Prix,2023
MAG,38.0,1,Belgian Grand Prix,2023
MAG,39.0,1,Belgian Grand Prix,2023
MAG,40.0,1,Belgian Grand Prix,2023
MAG,41.0,1,Belgian Grand Prix,2023
MAG,42.0,1,Belgian Grand Prix,2023
MAG,43.0,1,Belgian Grand Prix,2023
MAG,44.0,12,Belgian Grand Prix,2023
RIC,1.0,1,Belgian Grand Prix,2023
RIC,2.0,12,Belgian Grand Prix,2023
RIC,3.0,21,Belgian Grand Prix,2023
RIC,4.0,1,Belgian Grand Prix,2023
RIC,5.0,1,Belgian Grand Prix,2023
RIC,6.0,1,Belgian Grand Prix,2023
RIC,7.0,1,Belgian Grand Prix,2023
RIC,8.0,1,Belgian Grand Prix,2023
RIC,9.0,1,Belgian Grand Prix,2023
RIC,10.0,1,Belgian Grand Prix,2023
RIC,11.0,1,Belgian Grand Prix,2023
RIC,12.0,1,Belgian Grand Prix,2023
RIC,13.0,1,Belgian Grand Prix,2023
RIC,14.0,1,Belgian Grand Prix,2023
RIC,15.0,1,Belgian Grand Prix,2023
RIC,16.0,1,Belgian Grand Prix,2023
RIC,17.0,1,Belgian Grand Prix,2023
RIC,18.0,1,Belgian Grand Prix,2023
RIC,19.0,1,Belgian Grand Prix,2023
RIC,20.0,1,Belgian Grand Prix,2023
RIC,21.0,1,Belgian Grand Prix,2023
RIC,22.0,1,Belgian Grand Prix,2023
RIC,23.0,1,Belgian Grand Prix,2023
RIC,24.0,1,Belgian Grand Prix,2023
RIC,25.0,1,Belgian Grand Prix,2023
RIC,26.0,1,Belgian Grand Prix,2023
RIC,27.0,1,Belgian Grand Prix,2023
RIC,28.0,1,Belgian Grand Prix,2023
RIC,29.0,1,Belgian Grand Prix,2023
RIC,30.0,1,Belgian Grand Prix,2023
RIC,31.0,1,Belgian Grand Prix,2023
RIC,32.0,1,Belgian Grand Prix,2023
RIC,33.0,1,Belgian Grand Prix,2023
RIC,34.0,1,Belgian Grand Prix,2023
RIC,35.0,1,Belgian Grand Prix,2023
RIC,36.0,1,Belgian Grand Prix,2023
RIC,37.0,1,Belgian Grand Prix,2023
RIC,38.0,1,Belgian Grand Prix,2023
RIC,39.0,1,Belgian Grand Prix,2023
RIC,40.0,1,Belgian Grand Prix,2023
RIC,41.0,1,Belgian Grand Prix,2023
RIC,42.0,1,Belgian Grand Prix,2023
RIC,43.0,1,Belgian Grand Prix,2023
RIC,44.0,12,Belgian Grand Prix,2023
SAR,1.0,1,Belgian Grand Prix,2023
SAR,2.0,12,Belgian Grand Prix,2023
SAR,3.0,21,Belgian Grand Prix,2023
SAR,4.0,1,Belgian Grand Prix,2023
SAR,5.0,1,Belgian Grand Prix,2023
SAR,6.0,1,Belgian Grand Prix,2023
SAR,7.0,1,Belgian Grand Prix,2023
SAR,8.0,1,Belgian Grand Prix,2023
SAR,9.0,1,Belgian Grand Prix,2023
SAR,10.0,1,Belgian Grand Prix,2023
SAR,11.0,1,Belgian Grand Prix,2023
SAR,12.0,1,Belgian Grand Prix,2023
SAR,13.0,1,Belgian Grand Prix,2023
SAR,14.0,1,Belgian Grand Prix,2023
SAR,15.0,1,Belgian Grand Prix,2023
SAR,16.0,1,Belgian Grand Prix,2023
SAR,17.0,1,Belgian Grand Prix,2023
SAR,18.0,1,Belgian Grand Prix,2023
SAR,19.0,1,Belgian Grand Prix,2023
SAR,20.0,1,Belgian Grand Prix,2023
SAR,21.0,1,Belgian Grand Prix,2023
SAR,22.0,1,Belgian Grand Prix,2023
SAR,23.0,1,Belgian Grand Prix,2023
SAR,24.0,1,Belgian Grand Prix,2023
SAR,25.0,1,Belgian Grand Prix,2023
SAR,26.0,1,Belgian Grand Prix,2023
SAR,27.0,1,Belgian Grand Prix,2023
SAR,28.0,1,Belgian Grand Prix,2023
SAR,29.0,1,Belgian Grand Prix,2023
SAR,30.0,1,Belgian Grand Prix,2023
SAR,31.0,1,Belgian Grand Prix,2023
SAR,32.0,1,Belgian Grand Prix,2023
SAR,33.0,1,Belgian Grand Prix,2023
SAR,34.0,1,Belgian Grand Prix,2023
SAR,35.0,1,Belgian Grand Prix,2023
SAR,36.0,1,Belgian Grand Prix,2023
SAR,37.0,1,Belgian Grand Prix,2023
SAR,38.0,1,Belgian Grand Prix,2023
SAR,39.0,1,Belgian Grand Prix,2023
SAR,40.0,1,Belgian Grand Prix,2023
SAR,41.0,1,Belgian Grand Prix,2023
SAR,42.0,1,Belgian Grand Prix,2023
SAR,43.0,1,Belgian Grand Prix,2023
SAR,44.0,12,Belgian Grand Prix,2023
HUL,1.0,1,Belgian Grand Prix,2023
HUL,2.0,12,Belgian Grand Prix,2023
HUL,3.0,21,Belgian Grand Prix,2023
HUL,4.0,1,Belgian Grand Prix,2023
HUL,5.0,1,Belgian Grand Prix,2023
HUL,6.0,1,Belgian Grand Prix,2023
HUL,7.0,1,Belgian Grand Prix,2023
HUL,8.0,1,Belgian Grand Prix,2023
HUL,9.0,1,Belgian Grand Prix,2023
HUL,10.0,1,Belgian Grand Prix,2023
HUL,11.0,1,Belgian Grand Prix,2023
HUL,12.0,1,Belgian Grand Prix,2023
HUL,13.0,1,Belgian Grand Prix,2023
HUL,14.0,1,Belgian Grand Prix,2023
HUL,15.0,1,Belgian Grand Prix,2023
HUL,16.0,1,Belgian Grand Prix,2023
HUL,17.0,1,Belgian Grand Prix,2023
HUL,18.0,1,Belgian Grand Prix,2023
HUL,19.0,1,Belgian Grand Prix,2023
HUL,20.0,1,Belgian Grand Prix,2023
HUL,21.0,1,Belgian Grand Prix,2023
HUL,22.0,1,Belgian Grand Prix,2023
HUL,23.0,1,Belgian Grand Prix,2023
HUL,24.0,1,Belgian Grand Prix,2023
HUL,25.0,1,Belgian Grand Prix,2023
HUL,26.0,1,Belgian Grand Prix,2023
HUL,27.0,1,Belgian Grand Prix,2023
HUL,28.0,1,Belgian Grand Prix,2023
HUL,29.0,1,Belgian Grand Prix,2023
HUL,30.0,1,Belgian Grand Prix,2023
HUL,31.0,1,Belgian Grand Prix,2023
HUL,32.0,1,Belgian Grand Prix,2023
HUL,33.0,1,Belgian Grand Prix,2023
HUL,34.0,1,Belgian Grand Prix,2023
HUL,35.0,1,Belgian Grand Prix,2023
HUL,36.0,1,Belgian Grand Prix,2023
HUL,37.0,1,Belgian Grand Prix,2023
HUL,38.0,1,Belgian Grand Prix,2023
HUL,39.0,1,Belgian Grand Prix,2023
HUL,40.0,1,Belgian Grand Prix,2023
HUL,41.0,1,Belgian Grand Prix,2023
HUL,42.0,1,Belgian Grand Prix,2023
HUL,43.0,1,Belgian Grand Prix,2023
HUL,44.0,12,Belgian Grand Prix,2023
SAI,1.0,1,Belgian Grand Prix,2023
SAI,2.0,12,Belgian Grand Prix,2023
SAI,3.0,21,Belgian Grand Prix,2023
SAI,4.0,1,Belgian Grand Prix,2023
SAI,5.0,1,Belgian Grand Prix,2023
SAI,6.0,1,Belgian Grand Prix,2023
SAI,7.0,1,Belgian Grand Prix,2023
SAI,8.0,1,Belgian Grand Prix,2023
SAI,9.0,1,Belgian Grand Prix,2023
SAI,10.0,1,Belgian Grand Prix,2023
SAI,11.0,1,Belgian Grand Prix,2023
SAI,12.0,1,Belgian Grand Prix,2023
SAI,13.0,1,Belgian Grand Prix,2023
SAI,14.0,1,Belgian Grand Prix,2023
SAI,15.0,1,Belgian Grand Prix,2023
SAI,16.0,1,Belgian Grand Prix,2023
SAI,17.0,1,Belgian Grand Prix,2023
SAI,18.0,1,Belgian Grand Prix,2023
SAI,19.0,1,Belgian Grand Prix,2023
SAI,20.0,1,Belgian Grand Prix,2023
SAI,21.0,1,Belgian Grand Prix,2023
SAI,22.0,1,Belgian Grand Prix,2023
SAI,23.0,1,Belgian Grand Prix,2023
PIA,1.0,1,Belgian Grand Prix,2023
VER,1.0,1,Dutch Grand Prix,2023
VER,2.0,1,Dutch Grand Prix,2023
VER,3.0,1,Dutch Grand Prix,2023
VER,4.0,1,Dutch Grand Prix,2023
VER,5.0,1,Dutch Grand Prix,2023
VER,6.0,1,Dutch Grand Prix,2023
VER,7.0,1,Dutch Grand Prix,2023
VER,8.0,1,Dutch Grand Prix,2023
VER,9.0,1,Dutch Grand Prix,2023
VER,10.0,1,Dutch Grand Prix,2023
VER,11.0,1,Dutch Grand Prix,2023
VER,12.0,1,Dutch Grand Prix,2023
VER,13.0,1,Dutch Grand Prix,2023
VER,14.0,1,Dutch Grand Prix,2023
VER,15.0,1,Dutch Grand Prix,2023
VER,16.0,124,Dutch Grand Prix,2023
VER,17.0,4,Dutch Grand Prix,2023
VER,18.0,4,Dutch Grand Prix,2023
VER,19.0,4,Dutch Grand Prix,2023
VER,20.0,4,Dutch Grand Prix,2023
VER,21.0,41,Dutch Grand Prix,2023
VER,22.0,1,Dutch Grand Prix,2023
VER,23.0,1,Dutch Grand Prix,2023
VER,24.0,1,Dutch Grand Prix,2023
VER,25.0,1,Dutch Grand Prix,2023
VER,26.0,1,Dutch Grand Prix,2023
VER,27.0,1,Dutch Grand Prix,2023
VER,28.0,1,Dutch Grand Prix,2023
VER,29.0,1,Dutch Grand Prix,2023
VER,30.0,1,Dutch Grand Prix,2023
VER,31.0,1,Dutch Grand Prix,2023
VER,32.0,1,Dutch Grand Prix,2023
VER,33.0,1,Dutch Grand Prix,2023
VER,34.0,1,Dutch Grand Prix,2023
VER,35.0,1,Dutch Grand Prix,2023
VER,36.0,1,Dutch Grand Prix,2023
VER,37.0,1,Dutch Grand Prix,2023
VER,38.0,1,Dutch Grand Prix,2023
VER,39.0,1,Dutch Grand Prix,2023
VER,40.0,1,Dutch Grand Prix,2023
VER,41.0,1,Dutch Grand Prix,2023
VER,42.0,1,Dutch Grand Prix,2023
VER,43.0,1,Dutch Grand Prix,2023
VER,44.0,1,Dutch Grand Prix,2023
VER,45.0,1,Dutch Grand Prix,2023
VER,46.0,1,Dutch Grand Prix,2023
VER,47.0,1,Dutch Grand Prix,2023
VER,48.0,1,Dutch Grand Prix,2023
VER,49.0,1,Dutch Grand Prix,2023
VER,50.0,1,Dutch Grand Prix,2023
VER,51.0,1,Dutch Grand Prix,2023
VER,52.0,1,Dutch Grand Prix,2023
VER,53.0,1,Dutch Grand Prix,2023
VER,54.0,1,Dutch Grand Prix,2023
VER,55.0,1,Dutch Grand Prix,2023
VER,56.0,1,Dutch Grand Prix,2023
VER,57.0,1,Dutch Grand Prix,2023
VER,58.0,1,Dutch Grand Prix,2023
VER,59.0,1,Dutch Grand Prix,2023
VER,60.0,1,Dutch Grand Prix,2023
VER,61.0,1,Dutch Grand Prix,2023
VER,62.0,1,Dutch Grand Prix,2023
VER,63.0,12,Dutch Grand Prix,2023
VER,64.0,265,Dutch Grand Prix,2023
VER,65.0,14,Dutch Grand Prix,2023
VER,66.0,41,Dutch Grand Prix,2023
VER,67.0,1,Dutch Grand Prix,2023
VER,68.0,1,Dutch Grand Prix,2023
VER,69.0,1,Dutch Grand Prix,2023
VER,70.0,1,Dutch Grand Prix,2023
VER,71.0,1,Dutch Grand Prix,2023
VER,72.0,1,Dutch Grand Prix,2023
GAS,1.0,1,Dutch Grand Prix,2023
GAS,2.0,1,Dutch Grand Prix,2023
GAS,3.0,1,Dutch Grand Prix,2023
GAS,4.0,1,Dutch Grand Prix,2023
GAS,5.0,1,Dutch Grand Prix,2023
GAS,6.0,1,Dutch Grand Prix,2023
GAS,7.0,1,Dutch Grand Prix,2023
GAS,8.0,1,Dutch Grand Prix,2023
GAS,9.0,1,Dutch Grand Prix,2023
GAS,10.0,1,Dutch Grand Prix,2023
GAS,11.0,1,Dutch Grand Prix,2023
GAS,12.0,1,Dutch Grand Prix,2023
GAS,13.0,1,Dutch Grand Prix,2023
GAS,14.0,1,Dutch Grand Prix,2023
GAS,15.0,1,Dutch Grand Prix,2023
GAS,16.0,124,Dutch Grand Prix,2023
GAS,17.0,4,Dutch Grand Prix,2023
GAS,18.0,4,Dutch Grand Prix,2023
GAS,19.0,4,Dutch Grand Prix,2023
GAS,20.0,4,Dutch Grand Prix,2023
GAS,21.0,41,Dutch Grand Prix,2023
GAS,22.0,1,Dutch Grand Prix,2023
GAS,23.0,1,Dutch Grand Prix,2023
GAS,24.0,1,Dutch Grand Prix,2023
GAS,25.0,1,Dutch Grand Prix,2023
GAS,26.0,1,Dutch Grand Prix,2023
GAS,27.0,1,Dutch Grand Prix,2023
GAS,28.0,1,Dutch Grand Prix,2023
GAS,29.0,1,Dutch Grand Prix,2023
GAS,30.0,1,Dutch Grand Prix,2023
GAS,31.0,1,Dutch Grand Prix,2023
GAS,32.0,1,Dutch Grand Prix,2023
GAS,33.0,1,Dutch Grand Prix,2023
GAS,34.0,1,Dutch Grand Prix,2023
GAS,35.0,1,Dutch Grand Prix,2023
GAS,36.0,1,Dutch Grand Prix,2023
GAS,37.0,1,Dutch Grand Prix,2023
GAS,38.0,1,Dutch Grand Prix,2023
GAS,39.0,1,Dutch Grand Prix,2023
GAS,40.0,1,Dutch Grand Prix,2023
GAS,41.0,1,Dutch Grand Prix,2023
GAS,42.0,1,Dutch Grand Prix,2023
GAS,43.0,1,Dutch Grand Prix,2023
GAS,44.0,1,Dutch Grand Prix,2023
GAS,45.0,1,Dutch Grand Prix,2023
GAS,46.0,1,Dutch Grand Prix,2023
GAS,47.0,1,Dutch Grand Prix,2023
GAS,48.0,1,Dutch Grand Prix,2023
GAS,49.0,1,Dutch Grand Prix,2023
GAS,50.0,1,Dutch Grand Prix,2023
GAS,51.0,1,Dutch Grand Prix,2023
GAS,52.0,1,Dutch Grand Prix,2023
GAS,53.0,1,Dutch Grand Prix,2023
GAS,54.0,1,Dutch Grand Prix,2023
GAS,55.0,1,Dutch Grand Prix,2023
GAS,56.0,1,Dutch Grand Prix,2023
GAS,57.0,1,Dutch Grand Prix,2023
GAS,58.0,1,Dutch Grand Prix,2023
GAS,59.0,1,Dutch Grand Prix,2023
GAS,60.0,1,Dutch Grand Prix,2023
GAS,61.0,1,Dutch Grand Prix,2023
GAS,62.0,12,Dutch Grand Prix,2023
GAS,63.0,216,Dutch Grand Prix,2023
GAS,64.0,65,Dutch Grand Prix,2023
GAS,65.0,14,Dutch Grand Prix,2023
GAS,66.0,41,Dutch Grand Prix,2023
GAS,67.0,1,Dutch Grand Prix,2023
GAS,68.0,1,Dutch Grand Prix,2023
GAS,69.0,1,Dutch Grand Prix,2023
GAS,70.0,1,Dutch Grand Prix,2023
GAS,71.0,1,Dutch Grand Prix,2023
GAS,72.0,1,Dutch Grand Prix,2023
PER,1.0,1,Dutch Grand Prix,2023
PER,2.0,1,Dutch Grand Prix,2023
PER,3.0,1,Dutch Grand Prix,2023
PER,4.0,1,Dutch Grand Prix,2023
PER,5.0,1,Dutch Grand Prix,2023
PER,6.0,1,Dutch Grand Prix,2023
PER,7.0,1,Dutch Grand Prix,2023
PER,8.0,1,Dutch Grand Prix,2023
PER,9.0,1,Dutch Grand Prix,2023
PER,10.0,1,Dutch Grand Prix,2023
PER,11.0,1,Dutch Grand Prix,2023
PER,12.0,1,Dutch Grand Prix,2023
PER,13.0,1,Dutch Grand Prix,2023
PER,14.0,1,Dutch Grand Prix,2023
PER,15.0,1,Dutch Grand Prix,2023
PER,16.0,124,Dutch Grand Prix,2023
PER,17.0,4,Dutch Grand Prix,2023
PER,18.0,4,Dutch Grand Prix,2023
PER,19.0,4,Dutch Grand Prix,2023
PER,20.0,4,Dutch Grand Prix,2023
PER,21.0,41,Dutch Grand Prix,2023
PER,22.0,1,Dutch Grand Prix,2023
PER,23.0,1,Dutch Grand Prix,2023
PER,24.0,1,Dutch Grand Prix,2023
PER,25.0,1,Dutch Grand Prix,2023
PER,26.0,1,Dutch Grand Prix,2023
PER,27.0,1,Dutch Grand Prix,2023
PER,28.0,1,Dutch Grand Prix,2023
PER,29.0,1,Dutch Grand Prix,2023
PER,30.0,1,Dutch Grand Prix,2023
PER,31.0,1,Dutch Grand Prix,2023
PER,32.0,1,Dutch Grand Prix,2023
PER,33.0,1,Dutch Grand Prix,2023
PER,34.0,1,Dutch Grand Prix,2023
PER,35.0,1,Dutch Grand Prix,2023
PER,36.0,1,Dutch Grand Prix,2023
PER,37.0,1,Dutch Grand Prix,2023
PER,38.0,1,Dutch Grand Prix,2023
PER,39.0,1,Dutch Grand Prix,2023
PER,40.0,1,Dutch Grand Prix,2023
PER,41.0,1,Dutch Grand Prix,2023
PER,42.0,1,Dutch Grand Prix,2023
PER,43.0,1,Dutch Grand Prix,2023
PER,44.0,1,Dutch Grand Prix,2023
PER,45.0,1,Dutch Grand Prix,2023
PER,46.0,1,Dutch Grand Prix,2023
PER,47.0,1,Dutch Grand Prix,2023
PER,48.0,1,Dutch Grand Prix,2023
PER,49.0,1,Dutch Grand Prix,2023
PER,50.0,1,Dutch Grand Prix,2023
PER,51.0,1,Dutch Grand Prix,2023
PER,52.0,1,Dutch Grand Prix,2023
PER,53.0,1,Dutch Grand Prix,2023
PER,54.0,1,Dutch Grand Prix,2023
PER,55.0,1,Dutch Grand Prix,2023
PER,56.0,1,Dutch Grand Prix,2023
PER,57.0,1,Dutch Grand Prix,2023
PER,58.0,1,Dutch Grand Prix,2023
PER,59.0,1,Dutch Grand Prix,2023
PER,60.0,1,Dutch Grand Prix,2023
PER,61.0,1,Dutch Grand Prix,2023
PER,62.0,1,Dutch Grand Prix,2023
PER,63.0,126,Dutch Grand Prix,2023
PER,64.0,651,Dutch Grand Prix,2023
PER,65.0,14,Dutch Grand Prix,2023
PER,66.0,41,Dutch Grand Prix,2023
PER,67.0,1,Dutch Grand Prix,2023
PER,68.0,1,Dutch Grand Prix,2023
PER,69.0,1,Dutch Grand Prix,2023
PER,70.0,1,Dutch Grand Prix,2023
PER,71.0,1,Dutch Grand Prix,2023
PER,72.0,1,Dutch Grand Prix,2023
ALO,1.0,1,Dutch Grand Prix,2023
ALO,2.0,1,Dutch Grand Prix,2023
ALO,3.0,1,Dutch Grand Prix,2023
ALO,4.0,1,Dutch Grand Prix,2023
ALO,5.0,1,Dutch Grand Prix,2023
ALO,6.0,1,Dutch Grand Prix,2023
ALO,7.0,1,Dutch Grand Prix,2023
ALO,8.0,1,Dutch Grand Prix,2023
ALO,9.0,1,Dutch Grand Prix,2023
ALO,10.0,1,Dutch Grand Prix,2023
ALO,11.0,1,Dutch Grand Prix,2023
ALO,12.0,1,Dutch Grand Prix,2023
ALO,13.0,1,Dutch Grand Prix,2023
ALO,14.0,1,Dutch Grand Prix,2023
ALO,15.0,1,Dutch Grand Prix,2023
ALO,16.0,124,Dutch Grand Prix,2023
ALO,17.0,4,Dutch Grand Prix,2023
ALO,18.0,4,Dutch Grand Prix,2023
ALO,19.0,4,Dutch Grand Prix,2023
ALO,20.0,4,Dutch Grand Prix,2023
ALO,21.0,41,Dutch Grand Prix,2023
ALO,22.0,1,Dutch Grand Prix,2023
ALO,23.0,1,Dutch Grand Prix,2023
ALO,24.0,1,Dutch Grand Prix,2023
ALO,25.0,1,Dutch Grand Prix,2023
ALO,26.0,1,Dutch Grand Prix,2023
ALO,27.0,1,Dutch Grand Prix,2023
ALO,28.0,1,Dutch Grand Prix,2023
ALO,29.0,1,Dutch Grand Prix,2023
ALO,30.0,1,Dutch Grand Prix,2023
ALO,31.0,1,Dutch Grand Prix,2023
ALO,32.0,1,Dutch Grand Prix,2023
ALO,33.0,1,Dutch Grand Prix,2023
ALO,34.0,1,Dutch Grand Prix,2023
ALO,35.0,1,Dutch Grand Prix,2023
ALO,36.0,1,Dutch Grand Prix,2023
ALO,37.0,1,Dutch Grand Prix,2023
ALO,38.0,1,Dutch Grand Prix,2023
ALO,39.0,1,Dutch Grand Prix,2023
ALO,40.0,1,Dutch Grand Prix,2023
ALO,41.0,1,Dutch Grand Prix,2023
ALO,42.0,1,Dutch Grand Prix,2023
ALO,43.0,1,Dutch Grand Prix,2023
ALO,44.0,1,Dutch Grand Prix,2023
ALO,45.0,1,Dutch Grand Prix,2023
ALO,46.0,1,Dutch Grand Prix,2023
ALO,47.0,1,Dutch Grand Prix,2023
ALO,48.0,1,Dutch Grand Prix,2023
ALO,49.0,1,Dutch Grand Prix,2023
ALO,50.0,1,Dutch Grand Prix,2023
ALO,51.0,1,Dutch Grand Prix,2023
ALO,52.0,1,Dutch Grand Prix,2023
ALO,53.0,1,Dutch Grand Prix,2023
ALO,54.0,1,Dutch Grand Prix,2023
ALO,55.0,1,Dutch Grand Prix,2023
ALO,56.0,1,Dutch Grand Prix,2023
ALO,57.0,1,Dutch Grand Prix,2023
ALO,58.0,1,Dutch Grand Prix,2023
ALO,59.0,1,Dutch Grand Prix,2023
ALO,60.0,1,Dutch Grand Prix,2023
ALO,61.0,1,Dutch Grand Prix,2023
ALO,62.0,1,Dutch Grand Prix,2023
ALO,63.0,126,Dutch Grand Prix,2023
ALO,64.0,65,Dutch Grand Prix,2023
ALO,65.0,14,Dutch Grand Prix,2023
ALO,66.0,41,Dutch Grand Prix,2023
ALO,67.0,1,Dutch Grand Prix,2023
ALO,68.0,1,Dutch Grand Prix,2023
ALO,69.0,1,Dutch Grand Prix,2023
ALO,70.0,1,Dutch Grand Prix,2023
ALO,71.0,1,Dutch Grand Prix,2023
ALO,72.0,1,Dutch Grand Prix,2023
LEC,1.0,1,Dutch Grand Prix,2023
LEC,2.0,1,Dutch Grand Prix,2023
LEC,3.0,1,Dutch Grand Prix,2023
LEC,4.0,1,Dutch Grand Prix,2023
LEC,5.0,1,Dutch Grand Prix,2023
LEC,6.0,1,Dutch Grand Prix,2023
LEC,7.0,1,Dutch Grand Prix,2023
LEC,8.0,1,Dutch Grand Prix,2023
LEC,9.0,1,Dutch Grand Prix,2023
LEC,10.0,1,Dutch Grand Prix,2023
LEC,11.0,1,Dutch Grand Prix,2023
LEC,12.0,1,Dutch Grand Prix,2023
LEC,13.0,1,Dutch Grand Prix,2023
LEC,14.0,1,Dutch Grand Prix,2023
LEC,15.0,12,Dutch Grand Prix,2023
LEC,16.0,24,Dutch Grand Prix,2023
LEC,17.0,4,Dutch Grand Prix,2023
LEC,18.0,4,Dutch Grand Prix,2023
LEC,19.0,4,Dutch Grand Prix,2023
LEC,20.0,4,Dutch Grand Prix,2023
LEC,21.0,41,Dutch Grand Prix,2023
LEC,22.0,1,Dutch Grand Prix,2023
LEC,23.0,1,Dutch Grand Prix,2023
LEC,24.0,1,Dutch Grand Prix,2023
LEC,25.0,1,Dutch Grand Prix,2023
LEC,26.0,1,Dutch Grand Prix,2023
LEC,27.0,1,Dutch Grand Prix,2023
LEC,28.0,1,Dutch Grand Prix,2023
LEC,29.0,1,Dutch Grand Prix,2023
LEC,30.0,1,Dutch Grand Prix,2023
LEC,31.0,1,Dutch Grand Prix,2023
LEC,32.0,1,Dutch Grand Prix,2023
LEC,33.0,1,Dutch Grand Prix,2023
LEC,34.0,1,Dutch Grand Prix,2023
LEC,35.0,1,Dutch Grand Prix,2023
LEC,36.0,1,Dutch Grand Prix,2023
LEC,37.0,1,Dutch Grand Prix,2023
LEC,38.0,1,Dutch Grand Prix,2023
LEC,39.0,1,Dutch Grand Prix,2023
LEC,40.0,1,Dutch Grand Prix,2023
LEC,41.0,1,Dutch Grand Prix,2023
STR,1.0,1,Dutch Grand Prix,2023
STR,2.0,1,Dutch Grand Prix,2023
STR,3.0,1,Dutch Grand Prix,2023
STR,4.0,1,Dutch Grand Prix,2023
STR,5.0,1,Dutch Grand Prix,2023
STR,6.0,1,Dutch Grand Prix,2023
STR,7.0,1,Dutch Grand Prix,2023
STR,8.0,1,Dutch Grand Prix,2023
STR,9.0,1,Dutch Grand Prix,2023
STR,10.0,1,Dutch Grand Prix,2023
STR,11.0,1,Dutch Grand Prix,2023
STR,12.0,1,Dutch Grand Prix,2023
STR,13.0,1,Dutch Grand Prix,2023
STR,14.0,1,Dutch Grand Prix,2023
STR,15.0,12,Dutch Grand Prix,2023
STR,16.0,24,Dutch Grand Prix,2023
STR,17.0,4,Dutch Grand Prix,2023
STR,18.0,4,Dutch Grand Prix,2023
STR,19.0,4,Dutch Grand Prix,2023
STR,20.0,4,Dutch Grand Prix,2023
STR,21.0,41,Dutch Grand Prix,2023
STR,22.0,1,Dutch Grand Prix,2023
STR,23.0,1,Dutch Grand Prix,2023
STR,24.0,1,Dutch Grand Prix,2023
STR,25.0,1,Dutch Grand Prix,2023
STR,26.0,1,Dutch Grand Prix,2023
STR,27.0,1,Dutch Grand Prix,2023
STR,28.0,1,Dutch Grand Prix,2023
STR,29.0,1,Dutch Grand Prix,2023
STR,30.0,1,Dutch Grand Prix,2023
STR,31.0,1,Dutch Grand Prix,2023
STR,32.0,1,Dutch Grand Prix,2023
STR,33.0,1,Dutch Grand Prix,2023
STR,34.0,1,Dutch Grand Prix,2023
STR,35.0,1,Dutch Grand Prix,2023
STR,36.0,1,Dutch Grand Prix,2023
STR,37.0,1,Dutch Grand Prix,2023
STR,38.0,1,Dutch Grand Prix,2023
STR,39.0,1,Dutch Grand Prix,2023
STR,40.0,1,Dutch Grand Prix,2023
STR,41.0,1,Dutch Grand Prix,2023
STR,42.0,1,Dutch Grand Prix,2023
STR,43.0,1,Dutch Grand Prix,2023
STR,44.0,1,Dutch Grand Prix,2023
STR,45.0,1,Dutch Grand Prix,2023
STR,46.0,1,Dutch Grand Prix,2023
STR,47.0,1,Dutch Grand Prix,2023
STR,48.0,1,Dutch Grand Prix,2023
STR,49.0,1,Dutch Grand Prix,2023
STR,50.0,1,Dutch Grand Prix,2023
STR,51.0,1,Dutch Grand Prix,2023
STR,52.0,1,Dutch Grand Prix,2023
STR,53.0,1,Dutch Grand Prix,2023
STR,54.0,1,Dutch Grand Prix,2023
STR,55.0,1,Dutch Grand Prix,2023
STR,56.0,1,Dutch Grand Prix,2023
STR,57.0,1,Dutch Grand Prix,2023
STR,58.0,1,Dutch Grand Prix,2023
STR,59.0,1,Dutch Grand Prix,2023
STR,60.0,1,Dutch Grand Prix,2023
STR,61.0,1,Dutch Grand Prix,2023
STR,62.0,12,Dutch Grand Prix,2023
STR,63.0,1265,Dutch Grand Prix,2023
STR,64.0,514,Dutch Grand Prix,2023
STR,65.0,14,Dutch Grand Prix,2023
STR,66.0,41,Dutch Grand Prix,2023
STR,67.0,1,Dutch Grand Prix,2023
STR,68.0,1,Dutch Grand Prix,2023
STR,69.0,1,Dutch Grand Prix,2023
STR,70.0,1,Dutch Grand Prix,2023
STR,71.0,1,Dutch Grand Prix,2023
STR,72.0,1,Dutch Grand Prix,2023
SAR,1.0,1,Dutch Grand Prix,2023
SAR,2.0,1,Dutch Grand Prix,2023
SAR,3.0,1,Dutch Grand Prix,2023
SAR,4.0,1,Dutch Grand Prix,2023
SAR,5.0,1,Dutch Grand Prix,2023
SAR,6.0,1,Dutch Grand Prix,2023
SAR,7.0,1,Dutch Grand Prix,2023
SAR,8.0,1,Dutch Grand Prix,2023
SAR,9.0,1,Dutch Grand Prix,2023
SAR,10.0,1,Dutch Grand Prix,2023
SAR,11.0,1,Dutch Grand Prix,2023
SAR,12.0,1,Dutch Grand Prix,2023
SAR,13.0,1,Dutch Grand Prix,2023
SAR,14.0,1,Dutch Grand Prix,2023
SAR,15.0,1246,Dutch Grand Prix,2023
MAG,1.0,1,Dutch Grand Prix,2023
MAG,2.0,1,Dutch Grand Prix,2023
MAG,3.0,1,Dutch Grand Prix,2023
MAG,4.0,1,Dutch Grand Prix,2023
MAG,5.0,1,Dutch Grand Prix,2023
MAG,6.0,1,Dutch Grand Prix,2023
MAG,7.0,1,Dutch Grand Prix,2023
MAG,8.0,1,Dutch Grand Prix,2023
MAG,9.0,1,Dutch Grand Prix,2023
MAG,10.0,1,Dutch Grand Prix,2023
MAG,11.0,1,Dutch Grand Prix,2023
MAG,12.0,1,Dutch Grand Prix,2023
MAG,13.0,1,Dutch Grand Prix,2023
MAG,14.0,1,Dutch Grand Prix,2023
MAG,15.0,1,Dutch Grand Prix,2023
MAG,16.0,124,Dutch Grand Prix,2023
MAG,17.0,4,Dutch Grand Prix,2023
MAG,18.0,4,Dutch Grand Prix,2023
MAG,19.0,4,Dutch Grand Prix,2023
MAG,20.0,4,Dutch Grand Prix,2023
MAG,21.0,41,Dutch Grand Prix,2023
MAG,22.0,1,Dutch Grand Prix,2023
MAG,23.0,1,Dutch Grand Prix,2023
MAG,24.0,1,Dutch Grand Prix,2023
MAG,25.0,1,Dutch Grand Prix,2023
MAG,26.0,1,Dutch Grand Prix,2023
MAG,27.0,1,Dutch Grand Prix,2023
MAG,28.0,1,Dutch Grand Prix,2023
MAG,29.0,1,Dutch Grand Prix,2023
MAG,30.0,1,Dutch Grand Prix,2023
MAG,31.0,1,Dutch Grand Prix,2023
MAG,32.0,1,Dutch Grand Prix,2023
MAG,33.0,1,Dutch Grand Prix,2023
MAG,34.0,1,Dutch Grand Prix,2023
MAG,35.0,1,Dutch Grand Prix,2023
MAG,36.0,1,Dutch Grand Prix,2023
MAG,37.0,1,Dutch Grand Prix,2023
MAG,38.0,1,Dutch Grand Prix,2023
MAG,39.0,1,Dutch Grand Prix,2023
MAG,40.0,1,Dutch Grand Prix,2023
MAG,41.0,1,Dutch Grand Prix,2023
MAG,42.0,1,Dutch Grand Prix,2023
MAG,43.0,1,Dutch Grand Prix,2023
MAG,44.0,1,Dutch Grand Prix,2023
MAG,45.0,1,Dutch Grand Prix,2023
MAG,46.0,1,Dutch Grand Prix,2023
MAG,47.0,1,Dutch Grand Prix,2023
MAG,48.0,1,Dutch Grand Prix,2023
MAG,49.0,1,Dutch Grand Prix,2023
MAG,50.0,1,Dutch Grand Prix,2023
MAG,51.0,1,Dutch Grand Prix,2023
MAG,52.0,1,Dutch Grand Prix,2023
MAG,53.0,1,Dutch Grand Prix,2023
MAG,54.0,1,Dutch Grand Prix,2023
MAG,55.0,1,Dutch Grand Prix,2023
MAG,56.0,1,Dutch Grand Prix,2023
MAG,57.0,1,Dutch Grand Prix,2023
MAG,58.0,1,Dutch Grand Prix,2023
MAG,59.0,1,Dutch Grand Prix,2023
MAG,60.0,1,Dutch Grand Prix,2023
MAG,61.0,1,Dutch Grand Prix,2023
MAG,62.0,12,Dutch Grand Prix,2023
MAG,63.0,265,Dutch Grand Prix,2023
MAG,64.0,514,Dutch Grand Prix,2023
MAG,65.0,4,Dutch Grand Prix,2023
MAG,66.0,41,Dutch Grand Prix,2023
MAG,67.0,1,Dutch Grand Prix,2023
MAG,68.0,1,Dutch Grand Prix,2023
MAG,69.0,1,Dutch Grand Prix,2023
MAG,70.0,1,Dutch Grand Prix,2023
MAG,71.0,1,Dutch Grand Prix,2023
MAG,72.0,1,Dutch Grand Prix,2023
TSU,1.0,1,Dutch Grand Prix,2023
TSU,2.0,1,Dutch Grand Prix,2023
TSU,3.0,1,Dutch Grand Prix,2023
TSU,4.0,1,Dutch Grand Prix,2023
TSU,5.0,1,Dutch Grand Prix,2023
TSU,6.0,1,Dutch Grand Prix,2023
TSU,7.0,1,Dutch Grand Prix,2023
TSU,8.0,1,Dutch Grand Prix,2023
TSU,9.0,1,Dutch Grand Prix,2023
TSU,10.0,1,Dutch Grand Prix,2023
TSU,11.0,1,Dutch Grand Prix,2023
TSU,12.0,1,Dutch Grand Prix,2023
TSU,13.0,1,Dutch Grand Prix,2023
TSU,14.0,1,Dutch Grand Prix,2023
TSU,15.0,1,Dutch Grand Prix,2023
TSU,16.0,124,Dutch Grand Prix,2023
TSU,17.0,4,Dutch Grand Prix,2023
TSU,18.0,4,Dutch Grand Prix,2023
TSU,19.0,4,Dutch Grand Prix,2023
TSU,20.0,4,Dutch Grand Prix,2023
TSU,21.0,41,Dutch Grand Prix,2023
TSU,22.0,1,Dutch Grand Prix,2023
TSU,23.0,1,Dutch Grand Prix,2023
TSU,24.0,1,Dutch Grand Prix,2023
TSU,25.0,1,Dutch Grand Prix,2023
TSU,26.0,1,Dutch Grand Prix,2023
TSU,27.0,1,Dutch Grand Prix,2023
TSU,28.0,1,Dutch Grand Prix,2023
TSU,29.0,1,Dutch Grand Prix,2023
TSU,30.0,1,Dutch Grand Prix,2023
TSU,31.0,1,Dutch Grand Prix,2023
TSU,32.0,1,Dutch Grand Prix,2023
TSU,33.0,1,Dutch Grand Prix,2023
TSU,34.0,1,Dutch Grand Prix,2023
TSU,35.0,1,Dutch Grand Prix,2023
TSU,36.0,1,Dutch Grand Prix,2023
TSU,37.0,1,Dutch Grand Prix,2023
TSU,38.0,1,Dutch Grand Prix,2023
TSU,39.0,1,Dutch Grand Prix,2023
TSU,40.0,1,Dutch Grand Prix,2023
TSU,41.0,1,Dutch Grand Prix,2023
TSU,42.0,1,Dutch Grand Prix,2023
TSU,43.0,1,Dutch Grand Prix,2023
TSU,44.0,1,Dutch Grand Prix,2023
TSU,45.0,1,Dutch Grand Prix,2023
TSU,46.0,1,Dutch Grand Prix,2023
TSU,47.0,1,Dutch Grand Prix,2023
TSU,48.0,1,Dutch Grand Prix,2023
TSU,49.0,1,Dutch Grand Prix,2023
TSU,50.0,1,Dutch Grand Prix,2023
TSU,51.0,1,Dutch Grand Prix,2023
TSU,52.0,1,Dutch Grand Prix,2023
TSU,53.0,1,Dutch Grand Prix,2023
TSU,54.0,1,Dutch Grand Prix,2023
TSU,55.0,1,Dutch Grand Prix,2023
TSU,56.0,1,Dutch Grand Prix,2023
TSU,57.0,1,Dutch Grand Prix,2023
TSU,58.0,1,Dutch Grand Prix,2023
TSU,59.0,1,Dutch Grand Prix,2023
TSU,60.0,1,Dutch Grand Prix,2023
TSU,61.0,1,Dutch Grand Prix,2023
TSU,62.0,12,Dutch Grand Prix,2023
TSU,63.0,1265,Dutch Grand Prix,2023
TSU,64.0,514,Dutch Grand Prix,2023
TSU,65.0,14,Dutch Grand Prix,2023
TSU,66.0,41,Dutch Grand Prix,2023
TSU,67.0,1,Dutch Grand Prix,2023
TSU,68.0,1,Dutch Grand Prix,2023
TSU,69.0,1,Dutch Grand Prix,2023
TSU,70.0,1,Dutch Grand Prix,2023
TSU,71.0,1,Dutch Grand Prix,2023
TSU,72.0,1,Dutch Grand Prix,2023
ALB,1.0,1,Dutch Grand Prix,2023
ALB,2.0,1,Dutch Grand Prix,2023
ALB,3.0,1,Dutch Grand Prix,2023
ALB,4.0,1,Dutch Grand Prix,2023
ALB,5.0,1,Dutch Grand Prix,2023
ALB,6.0,1,Dutch Grand Prix,2023
ALB,7.0,1,Dutch Grand Prix,2023
ALB,8.0,1,Dutch Grand Prix,2023
ALB,9.0,1,Dutch Grand Prix,2023
ALB,10.0,1,Dutch Grand Prix,2023
ALB,11.0,1,Dutch Grand Prix,2023
ALB,12.0,1,Dutch Grand Prix,2023
ALB,13.0,1,Dutch Grand Prix,2023
ALB,14.0,1,Dutch Grand Prix,2023
ALB,15.0,1,Dutch Grand Prix,2023
ALB,16.0,124,Dutch Grand Prix,2023
ALB,17.0,4,Dutch Grand Prix,2023
ALB,18.0,4,Dutch Grand Prix,2023
ALB,19.0,4,Dutch Grand Prix,2023
ALB,20.0,4,Dutch Grand Prix,2023
ALB,21.0,41,Dutch Grand Prix,2023
ALB,22.0,1,Dutch Grand Prix,2023
ALB,23.0,1,Dutch Grand Prix,2023
ALB,24.0,1,Dutch Grand Prix,2023
ALB,25.0,1,Dutch Grand Prix,2023
ALB,26.0,1,Dutch Grand Prix,2023
ALB,27.0,1,Dutch Grand Prix,2023
ALB,28.0,1,Dutch Grand Prix,2023
ALB,29.0,1,Dutch Grand Prix,2023
ALB,30.0,1,Dutch Grand Prix,2023
ALB,31.0,1,Dutch Grand Prix,2023
ALB,32.0,1,Dutch Grand Prix,2023
ALB,33.0,1,Dutch Grand Prix,2023
ALB,34.0,1,Dutch Grand Prix,2023
ALB,35.0,1,Dutch Grand Prix,2023
ALB,36.0,1,Dutch Grand Prix,2023
ALB,37.0,1,Dutch Grand Prix,2023
ALB,38.0,1,Dutch Grand Prix,2023
ALB,39.0,1,Dutch Grand Prix,2023
ALB,40.0,1,Dutch Grand Prix,2023
ALB,41.0,1,Dutch Grand Prix,2023
ALB,42.0,1,Dutch Grand Prix,2023
ALB,43.0,1,Dutch Grand Prix,2023
ALB,44.0,1,Dutch Grand Prix,2023
ALB,45.0,1,Dutch Grand Prix,2023
ALB,46.0,1,Dutch Grand Prix,2023
ALB,47.0,1,Dutch Grand Prix,2023
ALB,48.0,1,Dutch Grand Prix,2023
ALB,49.0,1,Dutch Grand Prix,2023
ALB,50.0,1,Dutch Grand Prix,2023
ALB,51.0,1,Dutch Grand Prix,2023
ALB,52.0,1,Dutch Grand Prix,2023
ALB,53.0,1,Dutch Grand Prix,2023
ALB,54.0,1,Dutch Grand Prix,2023
ALB,55.0,1,Dutch Grand Prix,2023
ALB,56.0,1,Dutch Grand Prix,2023
ALB,57.0,1,Dutch Grand Prix,2023
ALB,58.0,1,Dutch Grand Prix,2023
ALB,59.0,1,Dutch Grand Prix,2023
ALB,60.0,1,Dutch Grand Prix,2023
ALB,61.0,1,Dutch Grand Prix,2023
ALB,62.0,12,Dutch Grand Prix,2023
ALB,63.0,1265,Dutch Grand Prix,2023
ALB,64.0,51,Dutch Grand Prix,2023
ALB,65.0,14,Dutch Grand Prix,2023
ALB,66.0,41,Dutch Grand Prix,2023
ALB,67.0,1,Dutch Grand Prix,2023
ALB,68.0,1,Dutch Grand Prix,2023
ALB,69.0,1,Dutch Grand Prix,2023
ALB,70.0,1,Dutch Grand Prix,2023
ALB,71.0,1,Dutch Grand Prix,2023
ALB,72.0,1,Dutch Grand Prix,2023
ZHO,1.0,1,Dutch Grand Prix,2023
ZHO,2.0,1,Dutch Grand Prix,2023
ZHO,3.0,1,Dutch Grand Prix,2023
ZHO,4.0,1,Dutch Grand Prix,2023
ZHO,5.0,1,Dutch Grand Prix,2023
ZHO,6.0,1,Dutch Grand Prix,2023
ZHO,7.0,1,Dutch Grand Prix,2023
ZHO,8.0,1,Dutch Grand Prix,2023
ZHO,9.0,1,Dutch Grand Prix,2023
ZHO,10.0,1,Dutch Grand Prix,2023
ZHO,11.0,1,Dutch Grand Prix,2023
ZHO,12.0,1,Dutch Grand Prix,2023
ZHO,13.0,1,Dutch Grand Prix,2023
ZHO,14.0,1,Dutch Grand Prix,2023
ZHO,15.0,1,Dutch Grand Prix,2023
ZHO,16.0,124,Dutch Grand Prix,2023
ZHO,17.0,4,Dutch Grand Prix,2023
ZHO,18.0,4,Dutch Grand Prix,2023
ZHO,19.0,4,Dutch Grand Prix,2023
ZHO,20.0,4,Dutch Grand Prix,2023
ZHO,21.0,41,Dutch Grand Prix,2023
ZHO,22.0,1,Dutch Grand Prix,2023
ZHO,23.0,1,Dutch Grand Prix,2023
ZHO,24.0,1,Dutch Grand Prix,2023
ZHO,25.0,1,Dutch Grand Prix,2023
ZHO,26.0,1,Dutch Grand Prix,2023
ZHO,27.0,1,Dutch Grand Prix,2023
ZHO,28.0,1,Dutch Grand Prix,2023
ZHO,29.0,1,Dutch Grand Prix,2023
ZHO,30.0,1,Dutch Grand Prix,2023
ZHO,31.0,1,Dutch Grand Prix,2023
ZHO,32.0,1,Dutch Grand Prix,2023
ZHO,33.0,1,Dutch Grand Prix,2023
ZHO,34.0,1,Dutch Grand Prix,2023
ZHO,35.0,1,Dutch Grand Prix,2023
ZHO,36.0,1,Dutch Grand Prix,2023
ZHO,37.0,1,Dutch Grand Prix,2023
ZHO,38.0,1,Dutch Grand Prix,2023
ZHO,39.0,1,Dutch Grand Prix,2023
ZHO,40.0,1,Dutch Grand Prix,2023
ZHO,41.0,1,Dutch Grand Prix,2023
ZHO,42.0,1,Dutch Grand Prix,2023
ZHO,43.0,1,Dutch Grand Prix,2023
ZHO,44.0,1,Dutch Grand Prix,2023
ZHO,45.0,1,Dutch Grand Prix,2023
ZHO,46.0,1,Dutch Grand Prix,2023
ZHO,47.0,1,Dutch Grand Prix,2023
ZHO,48.0,1,Dutch Grand Prix,2023
ZHO,49.0,1,Dutch Grand Prix,2023
ZHO,50.0,1,Dutch Grand Prix,2023
ZHO,51.0,1,Dutch Grand Prix,2023
ZHO,52.0,1,Dutch Grand Prix,2023
ZHO,53.0,1,Dutch Grand Prix,2023
ZHO,54.0,1,Dutch Grand Prix,2023
ZHO,55.0,1,Dutch Grand Prix,2023
ZHO,56.0,1,Dutch Grand Prix,2023
ZHO,57.0,1,Dutch Grand Prix,2023
ZHO,58.0,1,Dutch Grand Prix,2023
ZHO,59.0,1,Dutch Grand Prix,2023
ZHO,60.0,1,Dutch Grand Prix,2023
ZHO,61.0,1,Dutch Grand Prix,2023
ZHO,62.0,12,Dutch Grand Prix,2023
ZHO,63.0,126,Dutch Grand Prix,2023
HUL,1.0,1,Dutch Grand Prix,2023
HUL,2.0,1,Dutch Grand Prix,2023
HUL,3.0,1,Dutch Grand Prix,2023
HUL,4.0,1,Dutch Grand Prix,2023
HUL,5.0,1,Dutch Grand Prix,2023
HUL,6.0,1,Dutch Grand Prix,2023
HUL,7.0,1,Dutch Grand Prix,2023
HUL,8.0,1,Dutch Grand Prix,2023
HUL,9.0,1,Dutch Grand Prix,2023
HUL,10.0,1,Dutch Grand Prix,2023
HUL,11.0,1,Dutch Grand Prix,2023
HUL,12.0,1,Dutch Grand Prix,2023
HUL,13.0,1,Dutch Grand Prix,2023
HUL,14.0,1,Dutch Grand Prix,2023
HUL,15.0,12,Dutch Grand Prix,2023
HUL,16.0,24,Dutch Grand Prix,2023
HUL,17.0,4,Dutch Grand Prix,2023
HUL,18.0,4,Dutch Grand Prix,2023
HUL,19.0,4,Dutch Grand Prix,2023
HUL,20.0,4,Dutch Grand Prix,2023
HUL,21.0,41,Dutch Grand Prix,2023
HUL,22.0,1,Dutch Grand Prix,2023
HUL,23.0,1,Dutch Grand Prix,2023
HUL,24.0,1,Dutch Grand Prix,2023
HUL,25.0,1,Dutch Grand Prix,2023
HUL,26.0,1,Dutch Grand Prix,2023
HUL,27.0,1,Dutch Grand Prix,2023
HUL,28.0,1,Dutch Grand Prix,2023
HUL,29.0,1,Dutch Grand Prix,2023
HUL,30.0,1,Dutch Grand Prix,2023
HUL,31.0,1,Dutch Grand Prix,2023
HUL,32.0,1,Dutch Grand Prix,2023
HUL,33.0,1,Dutch Grand Prix,2023
HUL,34.0,1,Dutch Grand Prix,2023
HUL,35.0,1,Dutch Grand Prix,2023
HUL,36.0,1,Dutch Grand Prix,2023
HUL,37.0,1,Dutch Grand Prix,2023
HUL,38.0,1,Dutch Grand Prix,2023
HUL,39.0,1,Dutch Grand Prix,2023
HUL,40.0,1,Dutch Grand Prix,2023
HUL,41.0,1,Dutch Grand Prix,2023
HUL,42.0,1,Dutch Grand Prix,2023
HUL,43.0,1,Dutch Grand Prix,2023
HUL,44.0,1,Dutch Grand Prix,2023
HUL,45.0,1,Dutch Grand Prix,2023
HUL,46.0,1,Dutch Grand Prix,2023
HUL,47.0,1,Dutch Grand Prix,2023
HUL,48.0,1,Dutch Grand Prix,2023
HUL,49.0,1,Dutch Grand Prix,2023
HUL,50.0,1,Dutch Grand Prix,2023
HUL,51.0,1,Dutch Grand Prix,2023
HUL,52.0,1,Dutch Grand Prix,2023
HUL,53.0,1,Dutch Grand Prix,2023
HUL,54.0,1,Dutch Grand Prix,2023
HUL,55.0,1,Dutch Grand Prix,2023
HUL,56.0,1,Dutch Grand Prix,2023
HUL,57.0,1,Dutch Grand Prix,2023
HUL,58.0,1,Dutch Grand Prix,2023
HUL,59.0,1,Dutch Grand Prix,2023
HUL,60.0,1,Dutch Grand Prix,2023
HUL,61.0,1,Dutch Grand Prix,2023
HUL,62.0,12,Dutch Grand Prix,2023
HUL,63.0,265,Dutch Grand Prix,2023
HUL,64.0,514,Dutch Grand Prix,2023
HUL,65.0,14,Dutch Grand Prix,2023
HUL,66.0,41,Dutch Grand Prix,2023
HUL,67.0,1,Dutch Grand Prix,2023
HUL,68.0,1,Dutch Grand Prix,2023
HUL,69.0,1,Dutch Grand Prix,2023
HUL,70.0,1,Dutch Grand Prix,2023
HUL,71.0,1,Dutch Grand Prix,2023
HUL,72.0,1,Dutch Grand Prix,2023
OCO,1.0,1,Dutch Grand Prix,2023
OCO,2.0,1,Dutch Grand Prix,2023
OCO,3.0,1,Dutch Grand Prix,2023
OCO,4.0,1,Dutch Grand Prix,2023
OCO,5.0,1,Dutch Grand Prix,2023
OCO,6.0,1,Dutch Grand Prix,2023
OCO,7.0,1,Dutch Grand Prix,2023
OCO,8.0,1,Dutch Grand Prix,2023
OCO,9.0,1,Dutch Grand Prix,2023
OCO,10.0,1,Dutch Grand Prix,2023
OCO,11.0,1,Dutch Grand Prix,2023
OCO,12.0,1,Dutch Grand Prix,2023
OCO,13.0,1,Dutch Grand Prix,2023
OCO,14.0,1,Dutch Grand Prix,2023
OCO,15.0,1,Dutch Grand Prix,2023
OCO,16.0,124,Dutch Grand Prix,2023
OCO,17.0,4,Dutch Grand Prix,2023
OCO,18.0,4,Dutch Grand Prix,2023
OCO,19.0,4,Dutch Grand Prix,2023
OCO,20.0,4,Dutch Grand Prix,2023
OCO,21.0,41,Dutch Grand Prix,2023
OCO,22.0,1,Dutch Grand Prix,2023
OCO,23.0,1,Dutch Grand Prix,2023
OCO,24.0,1,Dutch Grand Prix,2023
OCO,25.0,1,Dutch Grand Prix,2023
OCO,26.0,1,Dutch Grand Prix,2023
OCO,27.0,1,Dutch Grand Prix,2023
OCO,28.0,1,Dutch Grand Prix,2023
OCO,29.0,1,Dutch Grand Prix,2023
OCO,30.0,1,Dutch Grand Prix,2023
OCO,31.0,1,Dutch Grand Prix,2023
OCO,32.0,1,Dutch Grand Prix,2023
OCO,33.0,1,Dutch Grand Prix,2023
OCO,34.0,1,Dutch Grand Prix,2023
OCO,35.0,1,Dutch Grand Prix,2023
OCO,36.0,1,Dutch Grand Prix,2023
OCO,37.0,1,Dutch Grand Prix,2023
OCO,38.0,1,Dutch Grand Prix,2023
OCO,39.0,1,Dutch Grand Prix,2023
OCO,40.0,1,Dutch Grand Prix,2023
OCO,41.0,1,Dutch Grand Prix,2023
OCO,42.0,1,Dutch Grand Prix,2023
OCO,43.0,1,Dutch Grand Prix,2023
OCO,44.0,1,Dutch Grand Prix,2023
OCO,45.0,1,Dutch Grand Prix,2023
OCO,46.0,1,Dutch Grand Prix,2023
OCO,47.0,1,Dutch Grand Prix,2023
OCO,48.0,1,Dutch Grand Prix,2023
OCO,49.0,1,Dutch Grand Prix,2023
OCO,50.0,1,Dutch Grand Prix,2023
OCO,51.0,1,Dutch Grand Prix,2023
OCO,52.0,1,Dutch Grand Prix,2023
OCO,53.0,1,Dutch Grand Prix,2023
OCO,54.0,1,Dutch Grand Prix,2023
OCO,55.0,1,Dutch Grand Prix,2023
OCO,56.0,1,Dutch Grand Prix,2023
OCO,57.0,1,Dutch Grand Prix,2023
OCO,58.0,1,Dutch Grand Prix,2023
OCO,59.0,1,Dutch Grand Prix,2023
OCO,60.0,1,Dutch Grand Prix,2023
OCO,61.0,1,Dutch Grand Prix,2023
OCO,62.0,12,Dutch Grand Prix,2023
OCO,63.0,1265,Dutch Grand Prix,2023
OCO,64.0,51,Dutch Grand Prix,2023
OCO,65.0,14,Dutch Grand Prix,2023
OCO,66.0,41,Dutch Grand Prix,2023
OCO,67.0,1,Dutch Grand Prix,2023
OCO,68.0,1,Dutch Grand Prix,2023
OCO,69.0,1,Dutch Grand Prix,2023
OCO,70.0,1,Dutch Grand Prix,2023
OCO,71.0,1,Dutch Grand Prix,2023
OCO,72.0,1,Dutch Grand Prix,2023
NOR,1.0,1,Dutch Grand Prix,2023
NOR,2.0,1,Dutch Grand Prix,2023
NOR,3.0,1,Dutch Grand Prix,2023
NOR,4.0,1,Dutch Grand Prix,2023
NOR,5.0,1,Dutch Grand Prix,2023
NOR,6.0,1,Dutch Grand Prix,2023
NOR,7.0,1,Dutch Grand Prix,2023
NOR,8.0,1,Dutch Grand Prix,2023
NOR,9.0,1,Dutch Grand Prix,2023
NOR,10.0,1,Dutch Grand Prix,2023
NOR,11.0,1,Dutch Grand Prix,2023
NOR,12.0,1,Dutch Grand Prix,2023
NOR,13.0,1,Dutch Grand Prix,2023
NOR,14.0,1,Dutch Grand Prix,2023
NOR,15.0,1,Dutch Grand Prix,2023
NOR,16.0,124,Dutch Grand Prix,2023
NOR,17.0,4,Dutch Grand Prix,2023
NOR,18.0,4,Dutch Grand Prix,2023
NOR,19.0,4,Dutch Grand Prix,2023
NOR,20.0,4,Dutch Grand Prix,2023
NOR,21.0,41,Dutch Grand Prix,2023
NOR,22.0,1,Dutch Grand Prix,2023
NOR,23.0,1,Dutch Grand Prix,2023
NOR,24.0,1,Dutch Grand Prix,2023
NOR,25.0,1,Dutch Grand Prix,2023
NOR,26.0,1,Dutch Grand Prix,2023
NOR,27.0,1,Dutch Grand Prix,2023
NOR,28.0,1,Dutch Grand Prix,2023
NOR,29.0,1,Dutch Grand Prix,2023
NOR,30.0,1,Dutch Grand Prix,2023
NOR,31.0,1,Dutch Grand Prix,2023
NOR,32.0,1,Dutch Grand Prix,2023
NOR,33.0,1,Dutch Grand Prix,2023
NOR,34.0,1,Dutch Grand Prix,2023
NOR,35.0,1,Dutch Grand Prix,2023
NOR,36.0,1,Dutch Grand Prix,2023
NOR,37.0,1,Dutch Grand Prix,2023
NOR,38.0,1,Dutch Grand Prix,2023
NOR,39.0,1,Dutch Grand Prix,2023
NOR,40.0,1,Dutch Grand Prix,2023
NOR,41.0,1,Dutch Grand Prix,2023
NOR,42.0,1,Dutch Grand Prix,2023
NOR,43.0,1,Dutch Grand Prix,2023
NOR,44.0,1,Dutch Grand Prix,2023
NOR,45.0,1,Dutch Grand Prix,2023
NOR,46.0,1,Dutch Grand Prix,2023
NOR,47.0,1,Dutch Grand Prix,2023
NOR,48.0,1,Dutch Grand Prix,2023
NOR,49.0,1,Dutch Grand Prix,2023
NOR,50.0,1,Dutch Grand Prix,2023
NOR,51.0,1,Dutch Grand Prix,2023
NOR,52.0,1,Dutch Grand Prix,2023
NOR,53.0,1,Dutch Grand Prix,2023
NOR,54.0,1,Dutch Grand Prix,2023
NOR,55.0,1,Dutch Grand Prix,2023
NOR,56.0,1,Dutch Grand Prix,2023
NOR,57.0,1,Dutch Grand Prix,2023
NOR,58.0,1,Dutch Grand Prix,2023
NOR,59.0,1,Dutch Grand Prix,2023
NOR,60.0,1,Dutch Grand Prix,2023
NOR,61.0,1,Dutch Grand Prix,2023
NOR,62.0,12,Dutch Grand Prix,2023
NOR,63.0,1265,Dutch Grand Prix,2023
NOR,64.0,51,Dutch Grand Prix,2023
NOR,65.0,14,Dutch Grand Prix,2023
NOR,66.0,41,Dutch Grand Prix,2023
NOR,67.0,1,Dutch Grand Prix,2023
NOR,68.0,1,Dutch Grand Prix,2023
NOR,69.0,1,Dutch Grand Prix,2023
NOR,70.0,1,Dutch Grand Prix,2023
NOR,71.0,1,Dutch Grand Prix,2023
NOR,72.0,1,Dutch Grand Prix,2023
LAW,1.0,1,Dutch Grand Prix,2023
LAW,2.0,1,Dutch Grand Prix,2023
LAW,3.0,1,Dutch Grand Prix,2023
LAW,4.0,1,Dutch Grand Prix,2023
LAW,5.0,1,Dutch Grand Prix,2023
LAW,6.0,1,Dutch Grand Prix,2023
LAW,7.0,1,Dutch Grand Prix,2023
LAW,8.0,1,Dutch Grand Prix,2023
LAW,9.0,1,Dutch Grand Prix,2023
LAW,10.0,1,Dutch Grand Prix,2023
LAW,11.0,1,Dutch Grand Prix,2023
LAW,12.0,1,Dutch Grand Prix,2023
LAW,13.0,1,Dutch Grand Prix,2023
LAW,14.0,1,Dutch Grand Prix,2023
LAW,15.0,12,Dutch Grand Prix,2023
LAW,16.0,24,Dutch Grand Prix,2023
LAW,17.0,4,Dutch Grand Prix,2023
LAW,18.0,4,Dutch Grand Prix,2023
LAW,19.0,4,Dutch Grand Prix,2023
LAW,20.0,4,Dutch Grand Prix,2023
LAW,21.0,41,Dutch Grand Prix,2023
LAW,22.0,1,Dutch Grand Prix,2023
LAW,23.0,1,Dutch Grand Prix,2023
LAW,24.0,1,Dutch Grand Prix,2023
LAW,25.0,1,Dutch Grand Prix,2023
LAW,26.0,1,Dutch Grand Prix,2023
LAW,27.0,1,Dutch Grand Prix,2023
LAW,28.0,1,Dutch Grand Prix,2023
LAW,29.0,1,Dutch Grand Prix,2023
LAW,30.0,1,Dutch Grand Prix,2023
LAW,31.0,1,Dutch Grand Prix,2023
LAW,32.0,1,Dutch Grand Prix,2023
LAW,33.0,1,Dutch Grand Prix,2023
LAW,34.0,1,Dutch Grand Prix,2023
LAW,35.0,1,Dutch Grand Prix,2023
LAW,36.0,1,Dutch Grand Prix,2023
LAW,37.0,1,Dutch Grand Prix,2023
LAW,38.0,1,Dutch Grand Prix,2023
LAW,39.0,1,Dutch Grand Prix,2023
LAW,40.0,1,Dutch Grand Prix,2023
LAW,41.0,1,Dutch Grand Prix,2023
LAW,42.0,1,Dutch Grand Prix,2023
LAW,43.0,1,Dutch Grand Prix,2023
LAW,44.0,1,Dutch Grand Prix,2023
LAW,45.0,1,Dutch Grand Prix,2023
LAW,46.0,1,Dutch Grand Prix,2023
LAW,47.0,1,Dutch Grand Prix,2023
LAW,48.0,1,Dutch Grand Prix,2023
LAW,49.0,1,Dutch Grand Prix,2023
LAW,50.0,1,Dutch Grand Prix,2023
LAW,51.0,1,Dutch Grand Prix,2023
LAW,52.0,1,Dutch Grand Prix,2023
LAW,53.0,1,Dutch Grand Prix,2023
LAW,54.0,1,Dutch Grand Prix,2023
LAW,55.0,1,Dutch Grand Prix,2023
LAW,56.0,1,Dutch Grand Prix,2023
LAW,57.0,1,Dutch Grand Prix,2023
LAW,58.0,1,Dutch Grand Prix,2023
LAW,59.0,1,Dutch Grand Prix,2023
LAW,60.0,1,Dutch Grand Prix,2023
LAW,61.0,1,Dutch Grand Prix,2023
LAW,62.0,12,Dutch Grand Prix,2023
LAW,63.0,265,Dutch Grand Prix,2023
LAW,64.0,514,Dutch Grand Prix,2023
LAW,65.0,14,Dutch Grand Prix,2023
LAW,66.0,41,Dutch Grand Prix,2023
LAW,67.0,1,Dutch Grand Prix,2023
LAW,68.0,1,Dutch Grand Prix,2023
LAW,69.0,1,Dutch Grand Prix,2023
LAW,70.0,1,Dutch Grand Prix,2023
LAW,71.0,1,Dutch Grand Prix,2023
LAW,72.0,1,Dutch Grand Prix,2023
HAM,1.0,1,Dutch Grand Prix,2023
HAM,2.0,1,Dutch Grand Prix,2023
HAM,3.0,1,Dutch Grand Prix,2023
HAM,4.0,1,Dutch Grand Prix,2023
HAM,5.0,1,Dutch Grand Prix,2023
HAM,6.0,1,Dutch Grand Prix,2023
HAM,7.0,1,Dutch Grand Prix,2023
HAM,8.0,1,Dutch Grand Prix,2023
HAM,9.0,1,Dutch Grand Prix,2023
HAM,10.0,1,Dutch Grand Prix,2023
HAM,11.0,1,Dutch Grand Prix,2023
HAM,12.0,1,Dutch Grand Prix,2023
HAM,13.0,1,Dutch Grand Prix,2023
HAM,14.0,1,Dutch Grand Prix,2023
HAM,15.0,12,Dutch Grand Prix,2023
HAM,16.0,24,Dutch Grand Prix,2023
HAM,17.0,4,Dutch Grand Prix,2023
HAM,18.0,4,Dutch Grand Prix,2023
HAM,19.0,4,Dutch Grand Prix,2023
HAM,20.0,4,Dutch Grand Prix,2023
HAM,21.0,41,Dutch Grand Prix,2023
HAM,22.0,1,Dutch Grand Prix,2023
HAM,23.0,1,Dutch Grand Prix,2023
HAM,24.0,1,Dutch Grand Prix,2023
HAM,25.0,1,Dutch Grand Prix,2023
HAM,26.0,1,Dutch Grand Prix,2023
HAM,27.0,1,Dutch Grand Prix,2023
HAM,28.0,1,Dutch Grand Prix,2023
HAM,29.0,1,Dutch Grand Prix,2023
HAM,30.0,1,Dutch Grand Prix,2023
HAM,31.0,1,Dutch Grand Prix,2023
HAM,32.0,1,Dutch Grand Prix,2023
HAM,33.0,1,Dutch Grand Prix,2023
HAM,34.0,1,Dutch Grand Prix,2023
HAM,35.0,1,Dutch Grand Prix,2023
HAM,36.0,1,Dutch Grand Prix,2023
HAM,37.0,1,Dutch Grand Prix,2023
HAM,38.0,1,Dutch Grand Prix,2023
HAM,39.0,1,Dutch Grand Prix,2023
HAM,40.0,1,Dutch Grand Prix,2023
HAM,41.0,1,Dutch Grand Prix,2023
HAM,42.0,1,Dutch Grand Prix,2023
HAM,43.0,1,Dutch Grand Prix,2023
HAM,44.0,1,Dutch Grand Prix,2023
HAM,45.0,1,Dutch Grand Prix,2023
HAM,46.0,1,Dutch Grand Prix,2023
HAM,47.0,1,Dutch Grand Prix,2023
HAM,48.0,1,Dutch Grand Prix,2023
HAM,49.0,1,Dutch Grand Prix,2023
HAM,50.0,1,Dutch Grand Prix,2023
HAM,51.0,1,Dutch Grand Prix,2023
HAM,52.0,1,Dutch Grand Prix,2023
HAM,53.0,1,Dutch Grand Prix,2023
HAM,54.0,1,Dutch Grand Prix,2023
HAM,55.0,1,Dutch Grand Prix,2023
HAM,56.0,1,Dutch Grand Prix,2023
HAM,57.0,1,Dutch Grand Prix,2023
HAM,58.0,1,Dutch Grand Prix,2023
HAM,59.0,1,Dutch Grand Prix,2023
HAM,60.0,1,Dutch Grand Prix,2023
HAM,61.0,1,Dutch Grand Prix,2023
HAM,62.0,12,Dutch Grand Prix,2023
HAM,63.0,126,Dutch Grand Prix,2023
HAM,64.0,65,Dutch Grand Prix,2023
HAM,65.0,14,Dutch Grand Prix,2023
HAM,66.0,41,Dutch Grand Prix,2023
HAM,67.0,1,Dutch Grand Prix,2023
HAM,68.0,1,Dutch Grand Prix,2023
HAM,69.0,1,Dutch Grand Prix,2023
HAM,70.0,1,Dutch Grand Prix,2023
HAM,71.0,1,Dutch Grand Prix,2023
HAM,72.0,1,Dutch Grand Prix,2023
SAI,1.0,1,Dutch Grand Prix,2023
SAI,2.0,1,Dutch Grand Prix,2023
SAI,3.0,1,Dutch Grand Prix,2023
SAI,4.0,1,Dutch Grand Prix,2023
SAI,5.0,1,Dutch Grand Prix,2023
SAI,6.0,1,Dutch Grand Prix,2023
SAI,7.0,1,Dutch Grand Prix,2023
SAI,8.0,1,Dutch Grand Prix,2023
SAI,9.0,1,Dutch Grand Prix,2023
SAI,10.0,1,Dutch Grand Prix,2023
SAI,11.0,1,Dutch Grand Prix,2023
SAI,12.0,1,Dutch Grand Prix,2023
SAI,13.0,1,Dutch Grand Prix,2023
SAI,14.0,1,Dutch Grand Prix,2023
SAI,15.0,1,Dutch Grand Prix,2023
SAI,16.0,124,Dutch Grand Prix,2023
SAI,17.0,4,Dutch Grand Prix,2023
SAI,18.0,4,Dutch Grand Prix,2023
SAI,19.0,4,Dutch Grand Prix,2023
SAI,20.0,4,Dutch Grand Prix,2023
SAI,21.0,41,Dutch Grand Prix,2023
SAI,22.0,1,Dutch Grand Prix,2023
SAI,23.0,1,Dutch Grand Prix,2023
SAI,24.0,1,Dutch Grand Prix,2023
SAI,25.0,1,Dutch Grand Prix,2023
SAI,26.0,1,Dutch Grand Prix,2023
SAI,27.0,1,Dutch Grand Prix,2023
SAI,28.0,1,Dutch Grand Prix,2023
SAI,29.0,1,Dutch Grand Prix,2023
SAI,30.0,1,Dutch Grand Prix,2023
SAI,31.0,1,Dutch Grand Prix,2023
SAI,32.0,1,Dutch Grand Prix,2023
SAI,33.0,1,Dutch Grand Prix,2023
SAI,34.0,1,Dutch Grand Prix,2023
SAI,35.0,1,Dutch Grand Prix,2023
SAI,36.0,1,Dutch Grand Prix,2023
SAI,37.0,1,Dutch Grand Prix,2023
SAI,38.0,1,Dutch Grand Prix,2023
SAI,39.0,1,Dutch Grand Prix,2023
SAI,40.0,1,Dutch Grand Prix,2023
SAI,41.0,1,Dutch Grand Prix,2023
SAI,42.0,1,Dutch Grand Prix,2023
SAI,43.0,1,Dutch Grand Prix,2023
SAI,44.0,1,Dutch Grand Prix,2023
SAI,45.0,1,Dutch Grand Prix,2023
SAI,46.0,1,Dutch Grand Prix,2023
SAI,47.0,1,Dutch Grand Prix,2023
SAI,48.0,1,Dutch Grand Prix,2023
SAI,49.0,1,Dutch Grand Prix,2023
SAI,50.0,1,Dutch Grand Prix,2023
SAI,51.0,1,Dutch Grand Prix,2023
SAI,52.0,1,Dutch Grand Prix,2023
SAI,53.0,1,Dutch Grand Prix,2023
SAI,54.0,1,Dutch Grand Prix,2023
SAI,55.0,1,Dutch Grand Prix,2023
SAI,56.0,1,Dutch Grand Prix,2023
SAI,57.0,1,Dutch Grand Prix,2023
SAI,58.0,1,Dutch Grand Prix,2023
SAI,59.0,1,Dutch Grand Prix,2023
SAI,60.0,1,Dutch Grand Prix,2023
SAI,61.0,1,Dutch Grand Prix,2023
SAI,62.0,12,Dutch Grand Prix,2023
SAI,63.0,216,Dutch Grand Prix,2023
SAI,64.0,65,Dutch Grand Prix,2023
SAI,65.0,14,Dutch Grand Prix,2023
SAI,66.0,41,Dutch Grand Prix,2023
SAI,67.0,1,Dutch Grand Prix,2023
SAI,68.0,1,Dutch Grand Prix,2023
SAI,69.0,1,Dutch Grand Prix,2023
SAI,70.0,1,Dutch Grand Prix,2023
SAI,71.0,1,Dutch Grand Prix,2023
SAI,72.0,1,Dutch Grand Prix,2023
RUS,1.0,1,Dutch Grand Prix,2023
RUS,2.0,1,Dutch Grand Prix,2023
RUS,3.0,1,Dutch Grand Prix,2023
RUS,4.0,1,Dutch Grand Prix,2023
RUS,5.0,1,Dutch Grand Prix,2023
RUS,6.0,1,Dutch Grand Prix,2023
RUS,7.0,1,Dutch Grand Prix,2023
RUS,8.0,1,Dutch Grand Prix,2023
RUS,9.0,1,Dutch Grand Prix,2023
RUS,10.0,1,Dutch Grand Prix,2023
RUS,11.0,1,Dutch Grand Prix,2023
RUS,12.0,1,Dutch Grand Prix,2023
RUS,13.0,1,Dutch Grand Prix,2023
RUS,14.0,1,Dutch Grand Prix,2023
RUS,15.0,12,Dutch Grand Prix,2023
RUS,16.0,24,Dutch Grand Prix,2023
RUS,17.0,4,Dutch Grand Prix,2023
RUS,18.0,4,Dutch Grand Prix,2023
RUS,19.0,4,Dutch Grand Prix,2023
RUS,20.0,4,Dutch Grand Prix,2023
RUS,21.0,41,Dutch Grand Prix,2023
RUS,22.0,1,Dutch Grand Prix,2023
RUS,23.0,1,Dutch Grand Prix,2023
RUS,24.0,1,Dutch Grand Prix,2023
RUS,25.0,1,Dutch Grand Prix,2023
RUS,26.0,1,Dutch Grand Prix,2023
RUS,27.0,1,Dutch Grand Prix,2023
RUS,28.0,1,Dutch Grand Prix,2023
RUS,29.0,1,Dutch Grand Prix,2023
RUS,30.0,1,Dutch Grand Prix,2023
RUS,31.0,1,Dutch Grand Prix,2023
RUS,32.0,1,Dutch Grand Prix,2023
RUS,33.0,1,Dutch Grand Prix,2023
RUS,34.0,1,Dutch Grand Prix,2023
RUS,35.0,1,Dutch Grand Prix,2023
RUS,36.0,1,Dutch Grand Prix,2023
RUS,37.0,1,Dutch Grand Prix,2023
RUS,38.0,1,Dutch Grand Prix,2023
RUS,39.0,1,Dutch Grand Prix,2023
RUS,40.0,1,Dutch Grand Prix,2023
RUS,41.0,1,Dutch Grand Prix,2023
RUS,42.0,1,Dutch Grand Prix,2023
RUS,43.0,1,Dutch Grand Prix,2023
RUS,44.0,1,Dutch Grand Prix,2023
RUS,45.0,1,Dutch Grand Prix,2023
RUS,46.0,1,Dutch Grand Prix,2023
RUS,47.0,1,Dutch Grand Prix,2023
RUS,48.0,1,Dutch Grand Prix,2023
RUS,49.0,1,Dutch Grand Prix,2023
RUS,50.0,1,Dutch Grand Prix,2023
RUS,51.0,1,Dutch Grand Prix,2023
RUS,52.0,1,Dutch Grand Prix,2023
RUS,53.0,1,Dutch Grand Prix,2023
RUS,54.0,1,Dutch Grand Prix,2023
RUS,55.0,1,Dutch Grand Prix,2023
RUS,56.0,1,Dutch Grand Prix,2023
RUS,57.0,1,Dutch Grand Prix,2023
RUS,58.0,1,Dutch Grand Prix,2023
RUS,59.0,1,Dutch Grand Prix,2023
RUS,60.0,1,Dutch Grand Prix,2023
RUS,61.0,1,Dutch Grand Prix,2023
RUS,62.0,12,Dutch Grand Prix,2023
RUS,63.0,1265,Dutch Grand Prix,2023
RUS,64.0,51,Dutch Grand Prix,2023
RUS,65.0,14,Dutch Grand Prix,2023
RUS,66.0,41,Dutch Grand Prix,2023
RUS,67.0,1,Dutch Grand Prix,2023
RUS,68.0,1,Dutch Grand Prix,2023
RUS,69.0,1,Dutch Grand Prix,2023
RUS,70.0,1,Dutch Grand Prix,2023
RUS,71.0,1,Dutch Grand Prix,2023
RUS,72.0,1,Dutch Grand Prix,2023
BOT,1.0,1,Dutch Grand Prix,2023
BOT,2.0,1,Dutch Grand Prix,2023
BOT,3.0,1,Dutch Grand Prix,2023
BOT,4.0,1,Dutch Grand Prix,2023
BOT,5.0,1,Dutch Grand Prix,2023
BOT,6.0,1,Dutch Grand Prix,2023
BOT,7.0,1,Dutch Grand Prix,2023
BOT,8.0,1,Dutch Grand Prix,2023
BOT,9.0,1,Dutch Grand Prix,2023
BOT,10.0,1,Dutch Grand Prix,2023
BOT,11.0,1,Dutch Grand Prix,2023
BOT,12.0,1,Dutch Grand Prix,2023
BOT,13.0,1,Dutch Grand Prix,2023
BOT,14.0,1,Dutch Grand Prix,2023
BOT,15.0,12,Dutch Grand Prix,2023
BOT,16.0,24,Dutch Grand Prix,2023
BOT,17.0,4,Dutch Grand Prix,2023
BOT,18.0,4,Dutch Grand Prix,2023
BOT,19.0,4,Dutch Grand Prix,2023
BOT,20.0,4,Dutch Grand Prix,2023
BOT,21.0,41,Dutch Grand Prix,2023
BOT,22.0,1,Dutch Grand Prix,2023
BOT,23.0,1,Dutch Grand Prix,2023
BOT,24.0,1,Dutch Grand Prix,2023
BOT,25.0,1,Dutch Grand Prix,2023
BOT,26.0,1,Dutch Grand Prix,2023
BOT,27.0,1,Dutch Grand Prix,2023
BOT,28.0,1,Dutch Grand Prix,2023
BOT,29.0,1,Dutch Grand Prix,2023
BOT,30.0,1,Dutch Grand Prix,2023
BOT,31.0,1,Dutch Grand Prix,2023
BOT,32.0,1,Dutch Grand Prix,2023
BOT,33.0,1,Dutch Grand Prix,2023
BOT,34.0,1,Dutch Grand Prix,2023
BOT,35.0,1,Dutch Grand Prix,2023
BOT,36.0,1,Dutch Grand Prix,2023
BOT,37.0,1,Dutch Grand Prix,2023
BOT,38.0,1,Dutch Grand Prix,2023
BOT,39.0,1,Dutch Grand Prix,2023
BOT,40.0,1,Dutch Grand Prix,2023
BOT,41.0,1,Dutch Grand Prix,2023
BOT,42.0,1,Dutch Grand Prix,2023
BOT,43.0,1,Dutch Grand Prix,2023
BOT,44.0,1,Dutch Grand Prix,2023
BOT,45.0,1,Dutch Grand Prix,2023
BOT,46.0,1,Dutch Grand Prix,2023
BOT,47.0,1,Dutch Grand Prix,2023
BOT,48.0,1,Dutch Grand Prix,2023
BOT,49.0,1,Dutch Grand Prix,2023
BOT,50.0,1,Dutch Grand Prix,2023
BOT,51.0,1,Dutch Grand Prix,2023
BOT,52.0,1,Dutch Grand Prix,2023
BOT,53.0,1,Dutch Grand Prix,2023
BOT,54.0,1,Dutch Grand Prix,2023
BOT,55.0,1,Dutch Grand Prix,2023
BOT,56.0,1,Dutch Grand Prix,2023
BOT,57.0,1,Dutch Grand Prix,2023
BOT,58.0,1,Dutch Grand Prix,2023
BOT,59.0,1,Dutch Grand Prix,2023
BOT,60.0,1,Dutch Grand Prix,2023
BOT,61.0,1,Dutch Grand Prix,2023
BOT,62.0,12,Dutch Grand Prix,2023
BOT,63.0,265,Dutch Grand Prix,2023
BOT,64.0,514,Dutch Grand Prix,2023
BOT,65.0,14,Dutch Grand Prix,2023
BOT,66.0,41,Dutch Grand Prix,2023
BOT,67.0,1,Dutch Grand Prix,2023
BOT,68.0,1,Dutch Grand Prix,2023
BOT,69.0,1,Dutch Grand Prix,2023
BOT,70.0,1,Dutch Grand Prix,2023
BOT,71.0,1,Dutch Grand Prix,2023
BOT,72.0,1,Dutch Grand Prix,2023
PIA,1.0,1,Dutch Grand Prix,2023
PIA,2.0,1,Dutch Grand Prix,2023
PIA,3.0,1,Dutch Grand Prix,2023
PIA,4.0,1,Dutch Grand Prix,2023
PIA,5.0,1,Dutch Grand Prix,2023
PIA,6.0,1,Dutch Grand Prix,2023
PIA,7.0,1,Dutch Grand Prix,2023
PIA,8.0,1,Dutch Grand Prix,2023
PIA,9.0,1,Dutch Grand Prix,2023
PIA,10.0,1,Dutch Grand Prix,2023
PIA,11.0,1,Dutch Grand Prix,2023
PIA,12.0,1,Dutch Grand Prix,2023
PIA,13.0,1,Dutch Grand Prix,2023
PIA,14.0,1,Dutch Grand Prix,2023
PIA,15.0,1,Dutch Grand Prix,2023
PIA,16.0,124,Dutch Grand Prix,2023
PIA,17.0,4,Dutch Grand Prix,2023
PIA,18.0,4,Dutch Grand Prix,2023
PIA,19.0,4,Dutch Grand Prix,2023
PIA,20.0,4,Dutch Grand Prix,2023
PIA,21.0,41,Dutch Grand Prix,2023
PIA,22.0,1,Dutch Grand Prix,2023
PIA,23.0,1,Dutch Grand Prix,2023
PIA,24.0,1,Dutch Grand Prix,2023
PIA,25.0,1,Dutch Grand Prix,2023
PIA,26.0,1,Dutch Grand Prix,2023
PIA,27.0,1,Dutch Grand Prix,2023
PIA,28.0,1,Dutch Grand Prix,2023
PIA,29.0,1,Dutch Grand Prix,2023
PIA,30.0,1,Dutch Grand Prix,2023
PIA,31.0,1,Dutch Grand Prix,2023
PIA,32.0,1,Dutch Grand Prix,2023
PIA,33.0,1,Dutch Grand Prix,2023
PIA,34.0,1,Dutch Grand Prix,2023
PIA,35.0,1,Dutch Grand Prix,2023
PIA,36.0,1,Dutch Grand Prix,2023
PIA,37.0,1,Dutch Grand Prix,2023
PIA,38.0,1,Dutch Grand Prix,2023
PIA,39.0,1,Dutch Grand Prix,2023
PIA,40.0,1,Dutch Grand Prix,2023
PIA,41.0,1,Dutch Grand Prix,2023
PIA,42.0,1,Dutch Grand Prix,2023
PIA,43.0,1,Dutch Grand Prix,2023
PIA,44.0,1,Dutch Grand Prix,2023
PIA,45.0,1,Dutch Grand Prix,2023
PIA,46.0,1,Dutch Grand Prix,2023
PIA,47.0,1,Dutch Grand Prix,2023
PIA,48.0,1,Dutch Grand Prix,2023
PIA,49.0,1,Dutch Grand Prix,2023
PIA,50.0,1,Dutch Grand Prix,2023
PIA,51.0,1,Dutch Grand Prix,2023
PIA,52.0,1,Dutch Grand Prix,2023
PIA,53.0,1,Dutch Grand Prix,2023
PIA,54.0,1,Dutch Grand Prix,2023
PIA,55.0,1,Dutch Grand Prix,2023
PIA,56.0,1,Dutch Grand Prix,2023
PIA,57.0,1,Dutch Grand Prix,2023
PIA,58.0,1,Dutch Grand Prix,2023
PIA,59.0,1,Dutch Grand Prix,2023
PIA,60.0,1,Dutch Grand Prix,2023
PIA,61.0,1,Dutch Grand Prix,2023
PIA,62.0,12,Dutch Grand Prix,2023
PIA,63.0,1265,Dutch Grand Prix,2023
PIA,64.0,51,Dutch Grand Prix,2023
PIA,65.0,14,Dutch Grand Prix,2023
PIA,66.0,41,Dutch Grand Prix,2023
PIA,67.0,1,Dutch Grand Prix,2023
PIA,68.0,1,Dutch Grand Prix,2023
PIA,69.0,1,Dutch Grand Prix,2023
PIA,70.0,1,Dutch Grand Prix,2023
PIA,71.0,1,Dutch Grand Prix,2023
PIA,72.0,1,Dutch Grand Prix,2023
VER,1.0,1,Italian Grand Prix,2023
VER,2.0,1,Italian Grand Prix,2023
VER,3.0,1,Italian Grand Prix,2023
VER,4.0,1,Italian Grand Prix,2023
VER,5.0,1,Italian Grand Prix,2023
VER,6.0,1,Italian Grand Prix,2023
VER,7.0,1,Italian Grand Prix,2023
VER,8.0,1,Italian Grand Prix,2023
VER,9.0,1,Italian Grand Prix,2023
VER,10.0,1,Italian Grand Prix,2023
VER,11.0,1,Italian Grand Prix,2023
VER,12.0,1,Italian Grand Prix,2023
VER,13.0,1,Italian Grand Prix,2023
VER,14.0,1,Italian Grand Prix,2023
VER,15.0,1,Italian Grand Prix,2023
VER,16.0,1,Italian Grand Prix,2023
VER,17.0,1,Italian Grand Prix,2023
VER,18.0,1,Italian Grand Prix,2023
VER,19.0,1,Italian Grand Prix,2023
VER,20.0,1,Italian Grand Prix,2023
VER,21.0,1,Italian Grand Prix,2023
VER,22.0,1,Italian Grand Prix,2023
VER,23.0,1,Italian Grand Prix,2023
VER,24.0,1,Italian Grand Prix,2023
VER,25.0,1,Italian Grand Prix,2023
VER,26.0,1,Italian Grand Prix,2023
VER,27.0,1,Italian Grand Prix,2023
VER,28.0,1,Italian Grand Prix,2023
VER,29.0,1,Italian Grand Prix,2023
VER,30.0,1,Italian Grand Prix,2023
VER,31.0,1,Italian Grand Prix,2023
VER,32.0,1,Italian Grand Prix,2023
VER,33.0,1,Italian Grand Prix,2023
VER,34.0,1,Italian Grand Prix,2023
VER,35.0,1,Italian Grand Prix,2023
VER,36.0,1,Italian Grand Prix,2023
VER,37.0,1,Italian Grand Prix,2023
VER,38.0,1,Italian Grand Prix,2023
VER,39.0,1,Italian Grand Prix,2023
VER,40.0,1,Italian Grand Prix,2023
VER,41.0,1,Italian Grand Prix,2023
VER,42.0,1,Italian Grand Prix,2023
VER,43.0,1,Italian Grand Prix,2023
VER,44.0,1,Italian Grand Prix,2023
VER,45.0,1,Italian Grand Prix,2023
VER,46.0,1,Italian Grand Prix,2023
VER,47.0,1,Italian Grand Prix,2023
VER,48.0,1,Italian Grand Prix,2023
VER,49.0,1,Italian Grand Prix,2023
VER,50.0,1,Italian Grand Prix,2023
VER,51.0,1,Italian Grand Prix,2023
GAS,1.0,1,Italian Grand Prix,2023
GAS,2.0,1,Italian Grand Prix,2023
GAS,3.0,1,Italian Grand Prix,2023
GAS,4.0,1,Italian Grand Prix,2023
GAS,5.0,1,Italian Grand Prix,2023
GAS,6.0,1,Italian Grand Prix,2023
GAS,7.0,1,Italian Grand Prix,2023
GAS,8.0,1,Italian Grand Prix,2023
GAS,9.0,1,Italian Grand Prix,2023
GAS,10.0,1,Italian Grand Prix,2023
GAS,11.0,1,Italian Grand Prix,2023
GAS,12.0,1,Italian Grand Prix,2023
GAS,13.0,1,Italian Grand Prix,2023
GAS,14.0,1,Italian Grand Prix,2023
GAS,15.0,1,Italian Grand Prix,2023
GAS,16.0,1,Italian Grand Prix,2023
GAS,17.0,1,Italian Grand Prix,2023
GAS,18.0,1,Italian Grand Prix,2023
GAS,19.0,1,Italian Grand Prix,2023
GAS,20.0,1,Italian Grand Prix,2023
GAS,21.0,1,Italian Grand Prix,2023
GAS,22.0,1,Italian Grand Prix,2023
GAS,23.0,1,Italian Grand Prix,2023
GAS,24.0,1,Italian Grand Prix,2023
GAS,25.0,1,Italian Grand Prix,2023
GAS,26.0,1,Italian Grand Prix,2023
GAS,27.0,1,Italian Grand Prix,2023
GAS,28.0,1,Italian Grand Prix,2023
GAS,29.0,1,Italian Grand Prix,2023
GAS,30.0,1,Italian Grand Prix,2023
GAS,31.0,1,Italian Grand Prix,2023
GAS,32.0,1,Italian Grand Prix,2023
GAS,33.0,1,Italian Grand Prix,2023
GAS,34.0,1,Italian Grand Prix,2023
GAS,35.0,1,Italian Grand Prix,2023
GAS,36.0,1,Italian Grand Prix,2023
GAS,37.0,1,Italian Grand Prix,2023
GAS,38.0,1,Italian Grand Prix,2023
GAS,39.0,1,Italian Grand Prix,2023
GAS,40.0,1,Italian Grand Prix,2023
GAS,41.0,1,Italian Grand Prix,2023
GAS,42.0,1,Italian Grand Prix,2023
GAS,43.0,1,Italian Grand Prix,2023
GAS,44.0,1,Italian Grand Prix,2023
GAS,45.0,1,Italian Grand Prix,2023
GAS,46.0,1,Italian Grand Prix,2023
GAS,47.0,1,Italian Grand Prix,2023
GAS,48.0,1,Italian Grand Prix,2023
GAS,49.0,1,Italian Grand Prix,2023
GAS,50.0,1,Italian Grand Prix,2023
GAS,51.0,1,Italian Grand Prix,2023
PER,1.0,1,Italian Grand Prix,2023
PER,2.0,1,Italian Grand Prix,2023
PER,3.0,1,Italian Grand Prix,2023
PER,4.0,1,Italian Grand Prix,2023
PER,5.0,1,Italian Grand Prix,2023
PER,6.0,1,Italian Grand Prix,2023
PER,7.0,1,Italian Grand Prix,2023
PER,8.0,1,Italian Grand Prix,2023
PER,9.0,1,Italian Grand Prix,2023
PER,10.0,1,Italian Grand Prix,2023
PER,11.0,1,Italian Grand Prix,2023
PER,12.0,1,Italian Grand Prix,2023
PER,13.0,1,Italian Grand Prix,2023
PER,14.0,1,Italian Grand Prix,2023
PER,15.0,1,Italian Grand Prix,2023
PER,16.0,1,Italian Grand Prix,2023
PER,17.0,1,Italian Grand Prix,2023
PER,18.0,1,Italian Grand Prix,2023
PER,19.0,1,Italian Grand Prix,2023
PER,20.0,1,Italian Grand Prix,2023
PER,21.0,1,Italian Grand Prix,2023
PER,22.0,1,Italian Grand Prix,2023
PER,23.0,1,Italian Grand Prix,2023
PER,24.0,1,Italian Grand Prix,2023
PER,25.0,1,Italian Grand Prix,2023
PER,26.0,1,Italian Grand Prix,2023
PER,27.0,1,Italian Grand Prix,2023
PER,28.0,1,Italian Grand Prix,2023
PER,29.0,1,Italian Grand Prix,2023
PER,30.0,1,Italian Grand Prix,2023
PER,31.0,1,Italian Grand Prix,2023
PER,32.0,1,Italian Grand Prix,2023
PER,33.0,1,Italian Grand Prix,2023
PER,34.0,1,Italian Grand Prix,2023
PER,35.0,1,Italian Grand Prix,2023
PER,36.0,1,Italian Grand Prix,2023
PER,37.0,1,Italian Grand Prix,2023
PER,38.0,1,Italian Grand Prix,2023
PER,39.0,1,Italian Grand Prix,2023
PER,40.0,1,Italian Grand Prix,2023
PER,41.0,1,Italian Grand Prix,2023
PER,42.0,1,Italian Grand Prix,2023
PER,43.0,1,Italian Grand Prix,2023
PER,44.0,1,Italian Grand Prix,2023
PER,45.0,1,Italian Grand Prix,2023
PER,46.0,1,Italian Grand Prix,2023
PER,47.0,1,Italian Grand Prix,2023
PER,48.0,1,Italian Grand Prix,2023
PER,49.0,1,Italian Grand Prix,2023
PER,50.0,1,Italian Grand Prix,2023
PER,51.0,1,Italian Grand Prix,2023
ALO,1.0,1,Italian Grand Prix,2023
ALO,2.0,1,Italian Grand Prix,2023
ALO,3.0,1,Italian Grand Prix,2023
ALO,4.0,1,Italian Grand Prix,2023
ALO,5.0,1,Italian Grand Prix,2023
ALO,6.0,1,Italian Grand Prix,2023
ALO,7.0,1,Italian Grand Prix,2023
ALO,8.0,1,Italian Grand Prix,2023
ALO,9.0,1,Italian Grand Prix,2023
ALO,10.0,1,Italian Grand Prix,2023
ALO,11.0,1,Italian Grand Prix,2023
ALO,12.0,1,Italian Grand Prix,2023
ALO,13.0,1,Italian Grand Prix,2023
ALO,14.0,1,Italian Grand Prix,2023
ALO,15.0,1,Italian Grand Prix,2023
ALO,16.0,1,Italian Grand Prix,2023
ALO,17.0,1,Italian Grand Prix,2023
ALO,18.0,1,Italian Grand Prix,2023
ALO,19.0,1,Italian Grand Prix,2023
ALO,20.0,1,Italian Grand Prix,2023
ALO,21.0,1,Italian Grand Prix,2023
ALO,22.0,1,Italian Grand Prix,2023
ALO,23.0,1,Italian Grand Prix,2023
ALO,24.0,1,Italian Grand Prix,2023
ALO,25.0,1,Italian Grand Prix,2023
ALO,26.0,1,Italian Grand Prix,2023
ALO,27.0,1,Italian Grand Prix,2023
ALO,28.0,1,Italian Grand Prix,2023
ALO,29.0,1,Italian Grand Prix,2023
ALO,30.0,1,Italian Grand Prix,2023
ALO,31.0,1,Italian Grand Prix,2023
ALO,32.0,1,Italian Grand Prix,2023
ALO,33.0,1,Italian Grand Prix,2023
ALO,34.0,1,Italian Grand Prix,2023
ALO,35.0,1,Italian Grand Prix,2023
ALO,36.0,1,Italian Grand Prix,2023
ALO,37.0,1,Italian Grand Prix,2023
ALO,38.0,1,Italian Grand Prix,2023
ALO,39.0,1,Italian Grand Prix,2023
ALO,40.0,1,Italian Grand Prix,2023
ALO,41.0,1,Italian Grand Prix,2023
ALO,42.0,1,Italian Grand Prix,2023
ALO,43.0,1,Italian Grand Prix,2023
ALO,44.0,1,Italian Grand Prix,2023
ALO,45.0,1,Italian Grand Prix,2023
ALO,46.0,1,Italian Grand Prix,2023
ALO,47.0,1,Italian Grand Prix,2023
ALO,48.0,1,Italian Grand Prix,2023
ALO,49.0,1,Italian Grand Prix,2023
ALO,50.0,1,Italian Grand Prix,2023
ALO,51.0,1,Italian Grand Prix,2023
LEC,1.0,1,Italian Grand Prix,2023
LEC,2.0,1,Italian Grand Prix,2023
LEC,3.0,1,Italian Grand Prix,2023
LEC,4.0,1,Italian Grand Prix,2023
LEC,5.0,1,Italian Grand Prix,2023
LEC,6.0,1,Italian Grand Prix,2023
LEC,7.0,1,Italian Grand Prix,2023
LEC,8.0,1,Italian Grand Prix,2023
LEC,9.0,1,Italian Grand Prix,2023
LEC,10.0,1,Italian Grand Prix,2023
LEC,11.0,1,Italian Grand Prix,2023
LEC,12.0,1,Italian Grand Prix,2023
LEC,13.0,1,Italian Grand Prix,2023
LEC,14.0,1,Italian Grand Prix,2023
LEC,15.0,1,Italian Grand Prix,2023
LEC,16.0,1,Italian Grand Prix,2023
LEC,17.0,1,Italian Grand Prix,2023
LEC,18.0,1,Italian Grand Prix,2023
LEC,19.0,1,Italian Grand Prix,2023
LEC,20.0,1,Italian Grand Prix,2023
LEC,21.0,1,Italian Grand Prix,2023
LEC,22.0,1,Italian Grand Prix,2023
LEC,23.0,1,Italian Grand Prix,2023
LEC,24.0,1,Italian Grand Prix,2023
LEC,25.0,1,Italian Grand Prix,2023
LEC,26.0,1,Italian Grand Prix,2023
LEC,27.0,1,Italian Grand Prix,2023
LEC,28.0,1,Italian Grand Prix,2023
LEC,29.0,1,Italian Grand Prix,2023
LEC,30.0,1,Italian Grand Prix,2023
LEC,31.0,1,Italian Grand Prix,2023
LEC,32.0,1,Italian Grand Prix,2023
LEC,33.0,1,Italian Grand Prix,2023
LEC,34.0,1,Italian Grand Prix,2023
LEC,35.0,1,Italian Grand Prix,2023
LEC,36.0,1,Italian Grand Prix,2023
LEC,37.0,1,Italian Grand Prix,2023
LEC,38.0,1,Italian Grand Prix,2023
LEC,39.0,1,Italian Grand Prix,2023
LEC,40.0,1,Italian Grand Prix,2023
LEC,41.0,1,Italian Grand Prix,2023
LEC,42.0,1,Italian Grand Prix,2023
LEC,43.0,1,Italian Grand Prix,2023
LEC,44.0,1,Italian Grand Prix,2023
LEC,45.0,1,Italian Grand Prix,2023
LEC,46.0,1,Italian Grand Prix,2023
LEC,47.0,1,Italian Grand Prix,2023
LEC,48.0,1,Italian Grand Prix,2023
LEC,49.0,1,Italian Grand Prix,2023
LEC,50.0,1,Italian Grand Prix,2023
LEC,51.0,1,Italian Grand Prix,2023
STR,1.0,1,Italian Grand Prix,2023
STR,2.0,1,Italian Grand Prix,2023
STR,3.0,1,Italian Grand Prix,2023
STR,4.0,1,Italian Grand Prix,2023
STR,5.0,1,Italian Grand Prix,2023
STR,6.0,1,Italian Grand Prix,2023
STR,7.0,1,Italian Grand Prix,2023
STR,8.0,1,Italian Grand Prix,2023
STR,9.0,1,Italian Grand Prix,2023
STR,10.0,1,Italian Grand Prix,2023
STR,11.0,1,Italian Grand Prix,2023
STR,12.0,1,Italian Grand Prix,2023
STR,13.0,1,Italian Grand Prix,2023
STR,14.0,1,Italian Grand Prix,2023
STR,15.0,1,Italian Grand Prix,2023
STR,16.0,1,Italian Grand Prix,2023
STR,17.0,1,Italian Grand Prix,2023
STR,18.0,1,Italian Grand Prix,2023
STR,19.0,1,Italian Grand Prix,2023
STR,20.0,1,Italian Grand Prix,2023
STR,21.0,1,Italian Grand Prix,2023
STR,22.0,1,Italian Grand Prix,2023
STR,23.0,1,Italian Grand Prix,2023
STR,24.0,1,Italian Grand Prix,2023
STR,25.0,1,Italian Grand Prix,2023
STR,26.0,1,Italian Grand Prix,2023
STR,27.0,1,Italian Grand Prix,2023
STR,28.0,1,Italian Grand Prix,2023
STR,29.0,1,Italian Grand Prix,2023
STR,30.0,1,Italian Grand Prix,2023
STR,31.0,1,Italian Grand Prix,2023
STR,32.0,1,Italian Grand Prix,2023
STR,33.0,1,Italian Grand Prix,2023
STR,34.0,1,Italian Grand Prix,2023
STR,35.0,1,Italian Grand Prix,2023
STR,36.0,1,Italian Grand Prix,2023
STR,37.0,1,Italian Grand Prix,2023
STR,38.0,1,Italian Grand Prix,2023
STR,39.0,1,Italian Grand Prix,2023
STR,40.0,1,Italian Grand Prix,2023
STR,41.0,1,Italian Grand Prix,2023
STR,42.0,1,Italian Grand Prix,2023
STR,43.0,1,Italian Grand Prix,2023
STR,44.0,1,Italian Grand Prix,2023
STR,45.0,1,Italian Grand Prix,2023
STR,46.0,1,Italian Grand Prix,2023
STR,47.0,1,Italian Grand Prix,2023
STR,48.0,1,Italian Grand Prix,2023
STR,49.0,1,Italian Grand Prix,2023
STR,50.0,1,Italian Grand Prix,2023
STR,51.0,1,Italian Grand Prix,2023
SAR,1.0,1,Italian Grand Prix,2023
SAR,2.0,1,Italian Grand Prix,2023
SAR,3.0,1,Italian Grand Prix,2023
SAR,4.0,1,Italian Grand Prix,2023
SAR,5.0,1,Italian Grand Prix,2023
SAR,6.0,1,Italian Grand Prix,2023
SAR,7.0,1,Italian Grand Prix,2023
SAR,8.0,1,Italian Grand Prix,2023
SAR,9.0,1,Italian Grand Prix,2023
SAR,10.0,1,Italian Grand Prix,2023
SAR,11.0,1,Italian Grand Prix,2023
SAR,12.0,1,Italian Grand Prix,2023
SAR,13.0,1,Italian Grand Prix,2023
SAR,14.0,1,Italian Grand Prix,2023
SAR,15.0,1,Italian Grand Prix,2023
SAR,16.0,1,Italian Grand Prix,2023
SAR,17.0,1,Italian Grand Prix,2023
SAR,18.0,1,Italian Grand Prix,2023
SAR,19.0,1,Italian Grand Prix,2023
SAR,20.0,1,Italian Grand Prix,2023
SAR,21.0,1,Italian Grand Prix,2023
SAR,22.0,1,Italian Grand Prix,2023
SAR,23.0,1,Italian Grand Prix,2023
SAR,24.0,1,Italian Grand Prix,2023
SAR,25.0,1,Italian Grand Prix,2023
SAR,26.0,1,Italian Grand Prix,2023
SAR,27.0,1,Italian Grand Prix,2023
SAR,28.0,1,Italian Grand Prix,2023
SAR,29.0,1,Italian Grand Prix,2023
SAR,30.0,1,Italian Grand Prix,2023
SAR,31.0,1,Italian Grand Prix,2023
SAR,32.0,1,Italian Grand Prix,2023
SAR,33.0,1,Italian Grand Prix,2023
SAR,34.0,1,Italian Grand Prix,2023
SAR,35.0,1,Italian Grand Prix,2023
SAR,36.0,1,Italian Grand Prix,2023
SAR,37.0,1,Italian Grand Prix,2023
SAR,38.0,1,Italian Grand Prix,2023
SAR,39.0,1,Italian Grand Prix,2023
SAR,40.0,1,Italian Grand Prix,2023
SAR,41.0,1,Italian Grand Prix,2023
SAR,42.0,1,Italian Grand Prix,2023
SAR,43.0,1,Italian Grand Prix,2023
SAR,44.0,1,Italian Grand Prix,2023
SAR,45.0,1,Italian Grand Prix,2023
SAR,46.0,1,Italian Grand Prix,2023
SAR,47.0,1,Italian Grand Prix,2023
SAR,48.0,1,Italian Grand Prix,2023
SAR,49.0,1,Italian Grand Prix,2023
SAR,50.0,1,Italian Grand Prix,2023
SAR,51.0,1,Italian Grand Prix,2023
MAG,1.0,1,Italian Grand Prix,2023
MAG,2.0,1,Italian Grand Prix,2023
MAG,3.0,1,Italian Grand Prix,2023
MAG,4.0,1,Italian Grand Prix,2023
MAG,5.0,1,Italian Grand Prix,2023
MAG,6.0,1,Italian Grand Prix,2023
MAG,7.0,1,Italian Grand Prix,2023
MAG,8.0,1,Italian Grand Prix,2023
MAG,9.0,1,Italian Grand Prix,2023
MAG,10.0,1,Italian Grand Prix,2023
MAG,11.0,1,Italian Grand Prix,2023
MAG,12.0,1,Italian Grand Prix,2023
MAG,13.0,1,Italian Grand Prix,2023
MAG,14.0,1,Italian Grand Prix,2023
MAG,15.0,1,Italian Grand Prix,2023
MAG,16.0,1,Italian Grand Prix,2023
MAG,17.0,1,Italian Grand Prix,2023
MAG,18.0,1,Italian Grand Prix,2023
MAG,19.0,1,Italian Grand Prix,2023
MAG,20.0,1,Italian Grand Prix,2023
MAG,21.0,1,Italian Grand Prix,2023
MAG,22.0,1,Italian Grand Prix,2023
MAG,23.0,1,Italian Grand Prix,2023
MAG,24.0,1,Italian Grand Prix,2023
MAG,25.0,1,Italian Grand Prix,2023
MAG,26.0,1,Italian Grand Prix,2023
MAG,27.0,1,Italian Grand Prix,2023
MAG,28.0,1,Italian Grand Prix,2023
MAG,29.0,1,Italian Grand Prix,2023
MAG,30.0,1,Italian Grand Prix,2023
MAG,31.0,1,Italian Grand Prix,2023
MAG,32.0,1,Italian Grand Prix,2023
MAG,33.0,1,Italian Grand Prix,2023
MAG,34.0,1,Italian Grand Prix,2023
MAG,35.0,1,Italian Grand Prix,2023
MAG,36.0,1,Italian Grand Prix,2023
MAG,37.0,1,Italian Grand Prix,2023
MAG,38.0,1,Italian Grand Prix,2023
MAG,39.0,1,Italian Grand Prix,2023
MAG,40.0,1,Italian Grand Prix,2023
MAG,41.0,1,Italian Grand Prix,2023
MAG,42.0,1,Italian Grand Prix,2023
MAG,43.0,1,Italian Grand Prix,2023
MAG,44.0,1,Italian Grand Prix,2023
MAG,45.0,1,Italian Grand Prix,2023
MAG,46.0,1,Italian Grand Prix,2023
MAG,47.0,1,Italian Grand Prix,2023
MAG,48.0,1,Italian Grand Prix,2023
MAG,49.0,1,Italian Grand Prix,2023
MAG,50.0,1,Italian Grand Prix,2023
MAG,51.0,1,Italian Grand Prix,2023
TSU,1.0,1,Italian Grand Prix,2023
ALB,1.0,1,Italian Grand Prix,2023
ALB,2.0,1,Italian Grand Prix,2023
ALB,3.0,1,Italian Grand Prix,2023
ALB,4.0,1,Italian Grand Prix,2023
ALB,5.0,1,Italian Grand Prix,2023
ALB,6.0,1,Italian Grand Prix,2023
ALB,7.0,1,Italian Grand Prix,2023
ALB,8.0,1,Italian Grand Prix,2023
ALB,9.0,1,Italian Grand Prix,2023
ALB,10.0,1,Italian Grand Prix,2023
ALB,11.0,1,Italian Grand Prix,2023
ALB,12.0,1,Italian Grand Prix,2023
ALB,13.0,1,Italian Grand Prix,2023
ALB,14.0,1,Italian Grand Prix,2023
ALB,15.0,1,Italian Grand Prix,2023
ALB,16.0,1,Italian Grand Prix,2023
ALB,17.0,1,Italian Grand Prix,2023
ALB,18.0,1,Italian Grand Prix,2023
ALB,19.0,1,Italian Grand Prix,2023
ALB,20.0,1,Italian Grand Prix,2023
ALB,21.0,1,Italian Grand Prix,2023
ALB,22.0,1,Italian Grand Prix,2023
ALB,23.0,1,Italian Grand Prix,2023
ALB,24.0,1,Italian Grand Prix,2023
ALB,25.0,1,Italian Grand Prix,2023
ALB,26.0,1,Italian Grand Prix,2023
ALB,27.0,1,Italian Grand Prix,2023
ALB,28.0,1,Italian Grand Prix,2023
ALB,29.0,1,Italian Grand Prix,2023
ALB,30.0,1,Italian Grand Prix,2023
ALB,31.0,1,Italian Grand Prix,2023
ALB,32.0,1,Italian Grand Prix,2023
ALB,33.0,1,Italian Grand Prix,2023
ALB,34.0,1,Italian Grand Prix,2023
ALB,35.0,1,Italian Grand Prix,2023
ALB,36.0,1,Italian Grand Prix,2023
ALB,37.0,1,Italian Grand Prix,2023
ALB,38.0,1,Italian Grand Prix,2023
ALB,39.0,1,Italian Grand Prix,2023
ALB,40.0,1,Italian Grand Prix,2023
ALB,41.0,1,Italian Grand Prix,2023
ALB,42.0,1,Italian Grand Prix,2023
ALB,43.0,1,Italian Grand Prix,2023
ALB,44.0,1,Italian Grand Prix,2023
ALB,45.0,1,Italian Grand Prix,2023
ALB,46.0,1,Italian Grand Prix,2023
ALB,47.0,1,Italian Grand Prix,2023
ALB,48.0,1,Italian Grand Prix,2023
ALB,49.0,1,Italian Grand Prix,2023
ALB,50.0,1,Italian Grand Prix,2023
ALB,51.0,1,Italian Grand Prix,2023
ZHO,1.0,1,Italian Grand Prix,2023
ZHO,2.0,1,Italian Grand Prix,2023
ZHO,3.0,1,Italian Grand Prix,2023
ZHO,4.0,1,Italian Grand Prix,2023
ZHO,5.0,1,Italian Grand Prix,2023
ZHO,6.0,1,Italian Grand Prix,2023
ZHO,7.0,1,Italian Grand Prix,2023
ZHO,8.0,1,Italian Grand Prix,2023
ZHO,9.0,1,Italian Grand Prix,2023
ZHO,10.0,1,Italian Grand Prix,2023
ZHO,11.0,1,Italian Grand Prix,2023
ZHO,12.0,1,Italian Grand Prix,2023
ZHO,13.0,1,Italian Grand Prix,2023
ZHO,14.0,1,Italian Grand Prix,2023
ZHO,15.0,1,Italian Grand Prix,2023
ZHO,16.0,1,Italian Grand Prix,2023
ZHO,17.0,1,Italian Grand Prix,2023
ZHO,18.0,1,Italian Grand Prix,2023
ZHO,19.0,1,Italian Grand Prix,2023
ZHO,20.0,1,Italian Grand Prix,2023
ZHO,21.0,1,Italian Grand Prix,2023
ZHO,22.0,1,Italian Grand Prix,2023
ZHO,23.0,1,Italian Grand Prix,2023
ZHO,24.0,1,Italian Grand Prix,2023
ZHO,25.0,1,Italian Grand Prix,2023
ZHO,26.0,1,Italian Grand Prix,2023
ZHO,27.0,1,Italian Grand Prix,2023
ZHO,28.0,1,Italian Grand Prix,2023
ZHO,29.0,1,Italian Grand Prix,2023
ZHO,30.0,1,Italian Grand Prix,2023
ZHO,31.0,1,Italian Grand Prix,2023
ZHO,32.0,1,Italian Grand Prix,2023
ZHO,33.0,1,Italian Grand Prix,2023
ZHO,34.0,1,Italian Grand Prix,2023
ZHO,35.0,1,Italian Grand Prix,2023
ZHO,36.0,1,Italian Grand Prix,2023
ZHO,37.0,1,Italian Grand Prix,2023
ZHO,38.0,1,Italian Grand Prix,2023
ZHO,39.0,1,Italian Grand Prix,2023
ZHO,40.0,1,Italian Grand Prix,2023
ZHO,41.0,1,Italian Grand Prix,2023
ZHO,42.0,1,Italian Grand Prix,2023
ZHO,43.0,1,Italian Grand Prix,2023
ZHO,44.0,1,Italian Grand Prix,2023
ZHO,45.0,1,Italian Grand Prix,2023
ZHO,46.0,1,Italian Grand Prix,2023
ZHO,47.0,1,Italian Grand Prix,2023
ZHO,48.0,1,Italian Grand Prix,2023
ZHO,49.0,1,Italian Grand Prix,2023
ZHO,50.0,1,Italian Grand Prix,2023
ZHO,51.0,1,Italian Grand Prix,2023
HUL,1.0,1,Italian Grand Prix,2023
HUL,2.0,1,Italian Grand Prix,2023
HUL,3.0,1,Italian Grand Prix,2023
HUL,4.0,1,Italian Grand Prix,2023
HUL,5.0,1,Italian Grand Prix,2023
HUL,6.0,1,Italian Grand Prix,2023
HUL,7.0,1,Italian Grand Prix,2023
HUL,8.0,1,Italian Grand Prix,2023
HUL,9.0,1,Italian Grand Prix,2023
HUL,10.0,1,Italian Grand Prix,2023
HUL,11.0,1,Italian Grand Prix,2023
HUL,12.0,1,Italian Grand Prix,2023
HUL,13.0,1,Italian Grand Prix,2023
HUL,14.0,1,Italian Grand Prix,2023
HUL,15.0,1,Italian Grand Prix,2023
HUL,16.0,1,Italian Grand Prix,2023
HUL,17.0,1,Italian Grand Prix,2023
HUL,18.0,1,Italian Grand Prix,2023
HUL,19.0,1,Italian Grand Prix,2023
HUL,20.0,1,Italian Grand Prix,2023
HUL,21.0,1,Italian Grand Prix,2023
HUL,22.0,1,Italian Grand Prix,2023
HUL,23.0,1,Italian Grand Prix,2023
HUL,24.0,1,Italian Grand Prix,2023
HUL,25.0,1,Italian Grand Prix,2023
HUL,26.0,1,Italian Grand Prix,2023
HUL,27.0,1,Italian Grand Prix,2023
HUL,28.0,1,Italian Grand Prix,2023
HUL,29.0,1,Italian Grand Prix,2023
HUL,30.0,1,Italian Grand Prix,2023
HUL,31.0,1,Italian Grand Prix,2023
HUL,32.0,1,Italian Grand Prix,2023
HUL,33.0,1,Italian Grand Prix,2023
HUL,34.0,1,Italian Grand Prix,2023
HUL,35.0,1,Italian Grand Prix,2023
HUL,36.0,1,Italian Grand Prix,2023
HUL,37.0,1,Italian Grand Prix,2023
HUL,38.0,1,Italian Grand Prix,2023
HUL,39.0,1,Italian Grand Prix,2023
HUL,40.0,1,Italian Grand Prix,2023
HUL,41.0,1,Italian Grand Prix,2023
HUL,42.0,1,Italian Grand Prix,2023
HUL,43.0,1,Italian Grand Prix,2023
HUL,44.0,1,Italian Grand Prix,2023
HUL,45.0,1,Italian Grand Prix,2023
HUL,46.0,1,Italian Grand Prix,2023
HUL,47.0,1,Italian Grand Prix,2023
HUL,48.0,1,Italian Grand Prix,2023
HUL,49.0,1,Italian Grand Prix,2023
HUL,50.0,1,Italian Grand Prix,2023
HUL,51.0,1,Italian Grand Prix,2023
OCO,1.0,1,Italian Grand Prix,2023
OCO,2.0,1,Italian Grand Prix,2023
OCO,3.0,1,Italian Grand Prix,2023
OCO,4.0,1,Italian Grand Prix,2023
OCO,5.0,1,Italian Grand Prix,2023
OCO,6.0,1,Italian Grand Prix,2023
OCO,7.0,1,Italian Grand Prix,2023
OCO,8.0,1,Italian Grand Prix,2023
OCO,9.0,1,Italian Grand Prix,2023
OCO,10.0,1,Italian Grand Prix,2023
OCO,11.0,1,Italian Grand Prix,2023
OCO,12.0,1,Italian Grand Prix,2023
OCO,13.0,1,Italian Grand Prix,2023
OCO,14.0,1,Italian Grand Prix,2023
OCO,15.0,1,Italian Grand Prix,2023
OCO,16.0,1,Italian Grand Prix,2023
OCO,17.0,1,Italian Grand Prix,2023
OCO,18.0,1,Italian Grand Prix,2023
OCO,19.0,1,Italian Grand Prix,2023
OCO,20.0,1,Italian Grand Prix,2023
OCO,21.0,1,Italian Grand Prix,2023
OCO,22.0,1,Italian Grand Prix,2023
OCO,23.0,1,Italian Grand Prix,2023
OCO,24.0,1,Italian Grand Prix,2023
OCO,25.0,1,Italian Grand Prix,2023
OCO,26.0,1,Italian Grand Prix,2023
OCO,27.0,1,Italian Grand Prix,2023
OCO,28.0,1,Italian Grand Prix,2023
OCO,29.0,1,Italian Grand Prix,2023
OCO,30.0,1,Italian Grand Prix,2023
OCO,31.0,1,Italian Grand Prix,2023
OCO,32.0,1,Italian Grand Prix,2023
OCO,33.0,1,Italian Grand Prix,2023
OCO,34.0,1,Italian Grand Prix,2023
OCO,35.0,1,Italian Grand Prix,2023
OCO,36.0,1,Italian Grand Prix,2023
OCO,37.0,1,Italian Grand Prix,2023
OCO,38.0,1,Italian Grand Prix,2023
OCO,39.0,1,Italian Grand Prix,2023
NOR,1.0,1,Italian Grand Prix,2023
NOR,2.0,1,Italian Grand Prix,2023
NOR,3.0,1,Italian Grand Prix,2023
NOR,4.0,1,Italian Grand Prix,2023
NOR,5.0,1,Italian Grand Prix,2023
NOR,6.0,1,Italian Grand Prix,2023
NOR,7.0,1,Italian Grand Prix,2023
NOR,8.0,1,Italian Grand Prix,2023
NOR,9.0,1,Italian Grand Prix,2023
NOR,10.0,1,Italian Grand Prix,2023
NOR,11.0,1,Italian Grand Prix,2023
NOR,12.0,1,Italian Grand Prix,2023
NOR,13.0,1,Italian Grand Prix,2023
NOR,14.0,1,Italian Grand Prix,2023
NOR,15.0,1,Italian Grand Prix,2023
NOR,16.0,1,Italian Grand Prix,2023
NOR,17.0,1,Italian Grand Prix,2023
NOR,18.0,1,Italian Grand Prix,2023
NOR,19.0,1,Italian Grand Prix,2023
NOR,20.0,1,Italian Grand Prix,2023
NOR,21.0,1,Italian Grand Prix,2023
NOR,22.0,1,Italian Grand Prix,2023
NOR,23.0,1,Italian Grand Prix,2023
NOR,24.0,1,Italian Grand Prix,2023
NOR,25.0,1,Italian Grand Prix,2023
NOR,26.0,1,Italian Grand Prix,2023
NOR,27.0,1,Italian Grand Prix,2023
NOR,28.0,1,Italian Grand Prix,2023
NOR,29.0,1,Italian Grand Prix,2023
NOR,30.0,1,Italian Grand Prix,2023
NOR,31.0,1,Italian Grand Prix,2023
NOR,32.0,1,Italian Grand Prix,2023
NOR,33.0,1,Italian Grand Prix,2023
NOR,34.0,1,Italian Grand Prix,2023
NOR,35.0,1,Italian Grand Prix,2023
NOR,36.0,1,Italian Grand Prix,2023
NOR,37.0,1,Italian Grand Prix,2023
NOR,38.0,1,Italian Grand Prix,2023
NOR,39.0,1,Italian Grand Prix,2023
NOR,40.0,1,Italian Grand Prix,2023
NOR,41.0,1,Italian Grand Prix,2023
NOR,42.0,1,Italian Grand Prix,2023
NOR,43.0,1,Italian Grand Prix,2023
NOR,44.0,1,Italian Grand Prix,2023
NOR,45.0,1,Italian Grand Prix,2023
NOR,46.0,1,Italian Grand Prix,2023
NOR,47.0,1,Italian Grand Prix,2023
NOR,48.0,1,Italian Grand Prix,2023
NOR,49.0,1,Italian Grand Prix,2023
NOR,50.0,1,Italian Grand Prix,2023
NOR,51.0,1,Italian Grand Prix,2023
LAW,1.0,1,Italian Grand Prix,2023
LAW,2.0,1,Italian Grand Prix,2023
LAW,3.0,1,Italian Grand Prix,2023
LAW,4.0,1,Italian Grand Prix,2023
LAW,5.0,1,Italian Grand Prix,2023
LAW,6.0,1,Italian Grand Prix,2023
LAW,7.0,1,Italian Grand Prix,2023
LAW,8.0,1,Italian Grand Prix,2023
LAW,9.0,1,Italian Grand Prix,2023
LAW,10.0,1,Italian Grand Prix,2023
LAW,11.0,1,Italian Grand Prix,2023
LAW,12.0,1,Italian Grand Prix,2023
LAW,13.0,1,Italian Grand Prix,2023
LAW,14.0,1,Italian Grand Prix,2023
LAW,15.0,1,Italian Grand Prix,2023
LAW,16.0,1,Italian Grand Prix,2023
LAW,17.0,1,Italian Grand Prix,2023
LAW,18.0,1,Italian Grand Prix,2023
LAW,19.0,1,Italian Grand Prix,2023
LAW,20.0,1,Italian Grand Prix,2023
LAW,21.0,1,Italian Grand Prix,2023
LAW,22.0,1,Italian Grand Prix,2023
LAW,23.0,1,Italian Grand Prix,2023
LAW,24.0,1,Italian Grand Prix,2023
LAW,25.0,1,Italian Grand Prix,2023
LAW,26.0,1,Italian Grand Prix,2023
LAW,27.0,1,Italian Grand Prix,2023
LAW,28.0,1,Italian Grand Prix,2023
LAW,29.0,1,Italian Grand Prix,2023
LAW,30.0,1,Italian Grand Prix,2023
LAW,31.0,1,Italian Grand Prix,2023
LAW,32.0,1,Italian Grand Prix,2023
LAW,33.0,1,Italian Grand Prix,2023
LAW,34.0,1,Italian Grand Prix,2023
LAW,35.0,1,Italian Grand Prix,2023
LAW,36.0,1,Italian Grand Prix,2023
LAW,37.0,1,Italian Grand Prix,2023
LAW,38.0,1,Italian Grand Prix,2023
LAW,39.0,1,Italian Grand Prix,2023
LAW,40.0,1,Italian Grand Prix,2023
LAW,41.0,1,Italian Grand Prix,2023
LAW,42.0,1,Italian Grand Prix,2023
LAW,43.0,1,Italian Grand Prix,2023
LAW,44.0,1,Italian Grand Prix,2023
LAW,45.0,1,Italian Grand Prix,2023
LAW,46.0,1,Italian Grand Prix,2023
LAW,47.0,1,Italian Grand Prix,2023
LAW,48.0,1,Italian Grand Prix,2023
LAW,49.0,1,Italian Grand Prix,2023
LAW,50.0,1,Italian Grand Prix,2023
LAW,51.0,1,Italian Grand Prix,2023
HAM,1.0,1,Italian Grand Prix,2023
HAM,2.0,1,Italian Grand Prix,2023
HAM,3.0,1,Italian Grand Prix,2023
HAM,4.0,1,Italian Grand Prix,2023
HAM,5.0,1,Italian Grand Prix,2023
HAM,6.0,1,Italian Grand Prix,2023
HAM,7.0,1,Italian Grand Prix,2023
HAM,8.0,1,Italian Grand Prix,2023
HAM,9.0,1,Italian Grand Prix,2023
HAM,10.0,1,Italian Grand Prix,2023
HAM,11.0,1,Italian Grand Prix,2023
HAM,12.0,1,Italian Grand Prix,2023
HAM,13.0,1,Italian Grand Prix,2023
HAM,14.0,1,Italian Grand Prix,2023
HAM,15.0,1,Italian Grand Prix,2023
HAM,16.0,1,Italian Grand Prix,2023
HAM,17.0,1,Italian Grand Prix,2023
HAM,18.0,1,Italian Grand Prix,2023
HAM,19.0,1,Italian Grand Prix,2023
HAM,20.0,1,Italian Grand Prix,2023
HAM,21.0,1,Italian Grand Prix,2023
HAM,22.0,1,Italian Grand Prix,2023
HAM,23.0,1,Italian Grand Prix,2023
HAM,24.0,1,Italian Grand Prix,2023
HAM,25.0,1,Italian Grand Prix,2023
HAM,26.0,1,Italian Grand Prix,2023
HAM,27.0,1,Italian Grand Prix,2023
HAM,28.0,1,Italian Grand Prix,2023
HAM,29.0,1,Italian Grand Prix,2023
HAM,30.0,1,Italian Grand Prix,2023
HAM,31.0,1,Italian Grand Prix,2023
HAM,32.0,1,Italian Grand Prix,2023
HAM,33.0,1,Italian Grand Prix,2023
HAM,34.0,1,Italian Grand Prix,2023
HAM,35.0,1,Italian Grand Prix,2023
HAM,36.0,1,Italian Grand Prix,2023
HAM,37.0,1,Italian Grand Prix,2023
HAM,38.0,1,Italian Grand Prix,2023
HAM,39.0,1,Italian Grand Prix,2023
HAM,40.0,1,Italian Grand Prix,2023
HAM,41.0,1,Italian Grand Prix,2023
HAM,42.0,1,Italian Grand Prix,2023
HAM,43.0,1,Italian Grand Prix,2023
HAM,44.0,1,Italian Grand Prix,2023
HAM,45.0,1,Italian Grand Prix,2023
HAM,46.0,1,Italian Grand Prix,2023
HAM,47.0,1,Italian Grand Prix,2023
HAM,48.0,1,Italian Grand Prix,2023
HAM,49.0,1,Italian Grand Prix,2023
HAM,50.0,1,Italian Grand Prix,2023
HAM,51.0,1,Italian Grand Prix,2023
SAI,1.0,1,Italian Grand Prix,2023
SAI,2.0,1,Italian Grand Prix,2023
SAI,3.0,1,Italian Grand Prix,2023
SAI,4.0,1,Italian Grand Prix,2023
SAI,5.0,1,Italian Grand Prix,2023
SAI,6.0,1,Italian Grand Prix,2023
SAI,7.0,1,Italian Grand Prix,2023
SAI,8.0,1,Italian Grand Prix,2023
SAI,9.0,1,Italian Grand Prix,2023
SAI,10.0,1,Italian Grand Prix,2023
SAI,11.0,1,Italian Grand Prix,2023
SAI,12.0,1,Italian Grand Prix,2023
SAI,13.0,1,Italian Grand Prix,2023
SAI,14.0,1,Italian Grand Prix,2023
SAI,15.0,1,Italian Grand Prix,2023
SAI,16.0,1,Italian Grand Prix,2023
SAI,17.0,1,Italian Grand Prix,2023
SAI,18.0,1,Italian Grand Prix,2023
SAI,19.0,1,Italian Grand Prix,2023
SAI,20.0,1,Italian Grand Prix,2023
SAI,21.0,1,Italian Grand Prix,2023
SAI,22.0,1,Italian Grand Prix,2023
SAI,23.0,1,Italian Grand Prix,2023
SAI,24.0,1,Italian Grand Prix,2023
SAI,25.0,1,Italian Grand Prix,2023
SAI,26.0,1,Italian Grand Prix,2023
SAI,27.0,1,Italian Grand Prix,2023
SAI,28.0,1,Italian Grand Prix,2023
SAI,29.0,1,Italian Grand Prix,2023
SAI,30.0,1,Italian Grand Prix,2023
SAI,31.0,1,Italian Grand Prix,2023
SAI,32.0,1,Italian Grand Prix,2023
SAI,33.0,1,Italian Grand Prix,2023
SAI,34.0,1,Italian Grand Prix,2023
SAI,35.0,1,Italian Grand Prix,2023
SAI,36.0,1,Italian Grand Prix,2023
SAI,37.0,1,Italian Grand Prix,2023
SAI,38.0,1,Italian Grand Prix,2023
SAI,39.0,1,Italian Grand Prix,2023
SAI,40.0,1,Italian Grand Prix,2023
SAI,41.0,1,Italian Grand Prix,2023
SAI,42.0,1,Italian Grand Prix,2023
SAI,43.0,1,Italian Grand Prix,2023
SAI,44.0,1,Italian Grand Prix,2023
SAI,45.0,1,Italian Grand Prix,2023
SAI,46.0,1,Italian Grand Prix,2023
SAI,47.0,1,Italian Grand Prix,2023
SAI,48.0,1,Italian Grand Prix,2023
SAI,49.0,1,Italian Grand Prix,2023
SAI,50.0,1,Italian Grand Prix,2023
SAI,51.0,1,Italian Grand Prix,2023
RUS,1.0,1,Italian Grand Prix,2023
RUS,2.0,1,Italian Grand Prix,2023
RUS,3.0,1,Italian Grand Prix,2023
RUS,4.0,1,Italian Grand Prix,2023
RUS,5.0,1,Italian Grand Prix,2023
RUS,6.0,1,Italian Grand Prix,2023
RUS,7.0,1,Italian Grand Prix,2023
RUS,8.0,1,Italian Grand Prix,2023
RUS,9.0,1,Italian Grand Prix,2023
RUS,10.0,1,Italian Grand Prix,2023
RUS,11.0,1,Italian Grand Prix,2023
RUS,12.0,1,Italian Grand Prix,2023
RUS,13.0,1,Italian Grand Prix,2023
RUS,14.0,1,Italian Grand Prix,2023
RUS,15.0,1,Italian Grand Prix,2023
RUS,16.0,1,Italian Grand Prix,2023
RUS,17.0,1,Italian Grand Prix,2023
RUS,18.0,1,Italian Grand Prix,2023
RUS,19.0,1,Italian Grand Prix,2023
RUS,20.0,1,Italian Grand Prix,2023
RUS,21.0,1,Italian Grand Prix,2023
RUS,22.0,1,Italian Grand Prix,2023
RUS,23.0,1,Italian Grand Prix,2023
RUS,24.0,1,Italian Grand Prix,2023
RUS,25.0,1,Italian Grand Prix,2023
RUS,26.0,1,Italian Grand Prix,2023
RUS,27.0,1,Italian Grand Prix,2023
RUS,28.0,1,Italian Grand Prix,2023
RUS,29.0,1,Italian Grand Prix,2023
RUS,30.0,1,Italian Grand Prix,2023
RUS,31.0,1,Italian Grand Prix,2023
RUS,32.0,1,Italian Grand Prix,2023
RUS,33.0,1,Italian Grand Prix,2023
RUS,34.0,1,Italian Grand Prix,2023
RUS,35.0,1,Italian Grand Prix,2023
RUS,36.0,1,Italian Grand Prix,2023
RUS,37.0,1,Italian Grand Prix,2023
RUS,38.0,1,Italian Grand Prix,2023
RUS,39.0,1,Italian Grand Prix,2023
RUS,40.0,1,Italian Grand Prix,2023
RUS,41.0,1,Italian Grand Prix,2023
RUS,42.0,1,Italian Grand Prix,2023
RUS,43.0,1,Italian Grand Prix,2023
RUS,44.0,1,Italian Grand Prix,2023
RUS,45.0,1,Italian Grand Prix,2023
RUS,46.0,1,Italian Grand Prix,2023
RUS,47.0,1,Italian Grand Prix,2023
RUS,48.0,1,Italian Grand Prix,2023
RUS,49.0,1,Italian Grand Prix,2023
RUS,50.0,1,Italian Grand Prix,2023
RUS,51.0,1,Italian Grand Prix,2023
BOT,1.0,1,Italian Grand Prix,2023
BOT,2.0,1,Italian Grand Prix,2023
BOT,3.0,1,Italian Grand Prix,2023
BOT,4.0,1,Italian Grand Prix,2023
BOT,5.0,1,Italian Grand Prix,2023
BOT,6.0,1,Italian Grand Prix,2023
BOT,7.0,1,Italian Grand Prix,2023
BOT,8.0,1,Italian Grand Prix,2023
BOT,9.0,1,Italian Grand Prix,2023
BOT,10.0,1,Italian Grand Prix,2023
BOT,11.0,1,Italian Grand Prix,2023
BOT,12.0,1,Italian Grand Prix,2023
BOT,13.0,1,Italian Grand Prix,2023
BOT,14.0,1,Italian Grand Prix,2023
BOT,15.0,1,Italian Grand Prix,2023
BOT,16.0,1,Italian Grand Prix,2023
BOT,17.0,1,Italian Grand Prix,2023
BOT,18.0,1,Italian Grand Prix,2023
BOT,19.0,1,Italian Grand Prix,2023
BOT,20.0,1,Italian Grand Prix,2023
BOT,21.0,1,Italian Grand Prix,2023
BOT,22.0,1,Italian Grand Prix,2023
BOT,23.0,1,Italian Grand Prix,2023
BOT,24.0,1,Italian Grand Prix,2023
BOT,25.0,1,Italian Grand Prix,2023
BOT,26.0,1,Italian Grand Prix,2023
BOT,27.0,1,Italian Grand Prix,2023
BOT,28.0,1,Italian Grand Prix,2023
BOT,29.0,1,Italian Grand Prix,2023
BOT,30.0,1,Italian Grand Prix,2023
BOT,31.0,1,Italian Grand Prix,2023
BOT,32.0,1,Italian Grand Prix,2023
BOT,33.0,1,Italian Grand Prix,2023
BOT,34.0,1,Italian Grand Prix,2023
BOT,35.0,1,Italian Grand Prix,2023
BOT,36.0,1,Italian Grand Prix,2023
BOT,37.0,1,Italian Grand Prix,2023
BOT,38.0,1,Italian Grand Prix,2023
BOT,39.0,1,Italian Grand Prix,2023
BOT,40.0,1,Italian Grand Prix,2023
BOT,41.0,1,Italian Grand Prix,2023
BOT,42.0,1,Italian Grand Prix,2023
BOT,43.0,1,Italian Grand Prix,2023
BOT,44.0,1,Italian Grand Prix,2023
BOT,45.0,1,Italian Grand Prix,2023
BOT,46.0,1,Italian Grand Prix,2023
BOT,47.0,1,Italian Grand Prix,2023
BOT,48.0,1,Italian Grand Prix,2023
BOT,49.0,1,Italian Grand Prix,2023
BOT,50.0,1,Italian Grand Prix,2023
BOT,51.0,1,Italian Grand Prix,2023
PIA,1.0,1,Italian Grand Prix,2023
PIA,2.0,1,Italian Grand Prix,2023
PIA,3.0,1,Italian Grand Prix,2023
PIA,4.0,1,Italian Grand Prix,2023
PIA,5.0,1,Italian Grand Prix,2023
PIA,6.0,1,Italian Grand Prix,2023
PIA,7.0,1,Italian Grand Prix,2023
PIA,8.0,1,Italian Grand Prix,2023
PIA,9.0,1,Italian Grand Prix,2023
PIA,10.0,1,Italian Grand Prix,2023
PIA,11.0,1,Italian Grand Prix,2023
PIA,12.0,1,Italian Grand Prix,2023
PIA,13.0,1,Italian Grand Prix,2023
PIA,14.0,1,Italian Grand Prix,2023
PIA,15.0,1,Italian Grand Prix,2023
PIA,16.0,1,Italian Grand Prix,2023
PIA,17.0,1,Italian Grand Prix,2023
PIA,18.0,1,Italian Grand Prix,2023
PIA,19.0,1,Italian Grand Prix,2023
PIA,20.0,1,Italian Grand Prix,2023
PIA,21.0,1,Italian Grand Prix,2023
PIA,22.0,1,Italian Grand Prix,2023
PIA,23.0,1,Italian Grand Prix,2023
PIA,24.0,1,Italian Grand Prix,2023
PIA,25.0,1,Italian Grand Prix,2023
PIA,26.0,1,Italian Grand Prix,2023
PIA,27.0,1,Italian Grand Prix,2023
PIA,28.0,1,Italian Grand Prix,2023
PIA,29.0,1,Italian Grand Prix,2023
PIA,30.0,1,Italian Grand Prix,2023
PIA,31.0,1,Italian Grand Prix,2023
PIA,32.0,1,Italian Grand Prix,2023
PIA,33.0,1,Italian Grand Prix,2023
PIA,34.0,1,Italian Grand Prix,2023
PIA,35.0,1,Italian Grand Prix,2023
PIA,36.0,1,Italian Grand Prix,2023
PIA,37.0,1,Italian Grand Prix,2023
PIA,38.0,1,Italian Grand Prix,2023
PIA,39.0,1,Italian Grand Prix,2023
PIA,40.0,1,Italian Grand Prix,2023
PIA,41.0,1,Italian Grand Prix,2023
PIA,42.0,1,Italian Grand Prix,2023
PIA,43.0,1,Italian Grand Prix,2023
PIA,44.0,1,Italian Grand Prix,2023
PIA,45.0,1,Italian Grand Prix,2023
PIA,46.0,1,Italian Grand Prix,2023
PIA,47.0,1,Italian Grand Prix,2023
PIA,48.0,1,Italian Grand Prix,2023
PIA,49.0,1,Italian Grand Prix,2023
PIA,50.0,1,Italian Grand Prix,2023
PIA,51.0,1,Italian Grand Prix,2023
VER,1.0,12,Singapore Grand Prix,2023
VER,2.0,12,Singapore Grand Prix,2023
VER,3.0,1,Singapore Grand Prix,2023
VER,4.0,1,Singapore Grand Prix,2023
VER,5.0,1,Singapore Grand Prix,2023
VER,6.0,1,Singapore Grand Prix,2023
VER,7.0,1,Singapore Grand Prix,2023
VER,8.0,1,Singapore Grand Prix,2023
VER,9.0,1,Singapore Grand Prix,2023
VER,10.0,1,Singapore Grand Prix,2023
VER,11.0,1,Singapore Grand Prix,2023
VER,12.0,1,Singapore Grand Prix,2023
VER,13.0,1,Singapore Grand Prix,2023
VER,14.0,1,Singapore Grand Prix,2023
VER,15.0,1,Singapore Grand Prix,2023
VER,16.0,1,Singapore Grand Prix,2023
VER,17.0,1,Singapore Grand Prix,2023
VER,18.0,1,Singapore Grand Prix,2023
VER,19.0,12,Singapore Grand Prix,2023
VER,20.0,14,Singapore Grand Prix,2023
VER,21.0,4,Singapore Grand Prix,2023
VER,22.0,41,Singapore Grand Prix,2023
VER,23.0,1,Singapore Grand Prix,2023
VER,24.0,1,Singapore Grand Prix,2023
VER,25.0,1,Singapore Grand Prix,2023
VER,26.0,1,Singapore Grand Prix,2023
VER,27.0,1,Singapore Grand Prix,2023
VER,28.0,1,Singapore Grand Prix,2023
VER,29.0,1,Singapore Grand Prix,2023
VER,30.0,1,Singapore Grand Prix,2023
VER,31.0,1,Singapore Grand Prix,2023
VER,32.0,1,Singapore Grand Prix,2023
VER,33.0,1,Singapore Grand Prix,2023
VER,34.0,1,Singapore Grand Prix,2023
VER,35.0,1,Singapore Grand Prix,2023
VER,36.0,1,Singapore Grand Prix,2023
VER,37.0,1,Singapore Grand Prix,2023
VER,38.0,1,Singapore Grand Prix,2023
VER,39.0,1,Singapore Grand Prix,2023
VER,40.0,1,Singapore Grand Prix,2023
VER,41.0,1,Singapore Grand Prix,2023
VER,42.0,1,Singapore Grand Prix,2023
VER,43.0,126,Singapore Grand Prix,2023
VER,44.0,6,Singapore Grand Prix,2023
VER,45.0,671,Singapore Grand Prix,2023
VER,46.0,1,Singapore Grand Prix,2023
VER,47.0,12,Singapore Grand Prix,2023
VER,48.0,1,Singapore Grand Prix,2023
VER,49.0,1,Singapore Grand Prix,2023
VER,50.0,1,Singapore Grand Prix,2023
VER,51.0,1,Singapore Grand Prix,2023
VER,52.0,1,Singapore Grand Prix,2023
VER,53.0,12,Singapore Grand Prix,2023
VER,54.0,1,Singapore Grand Prix,2023
VER,55.0,1,Singapore Grand Prix,2023
VER,56.0,1,Singapore Grand Prix,2023
VER,57.0,1,Singapore Grand Prix,2023
VER,58.0,12,Singapore Grand Prix,2023
VER,59.0,21,Singapore Grand Prix,2023
VER,60.0,1,Singapore Grand Prix,2023
VER,61.0,1,Singapore Grand Prix,2023
VER,62.0,12,Singapore Grand Prix,2023
GAS,1.0,12,Singapore Grand Prix,2023
GAS,2.0,12,Singapore Grand Prix,2023
GAS,3.0,1,Singapore Grand Prix,2023
GAS,4.0,1,Singapore Grand Prix,2023
GAS,5.0,1,Singapore Grand Prix,2023
GAS,6.0,1,Singapore Grand Prix,2023
GAS,7.0,1,Singapore Grand Prix,2023
GAS,8.0,1,Singapore Grand Prix,2023
GAS,9.0,1,Singapore Grand Prix,2023
GAS,10.0,1,Singapore Grand Prix,2023
GAS,11.0,1,Singapore Grand Prix,2023
GAS,12.0,1,Singapore Grand Prix,2023
GAS,13.0,1,Singapore Grand Prix,2023
GAS,14.0,1,Singapore Grand Prix,2023
GAS,15.0,1,Singapore Grand Prix,2023
GAS,16.0,1,Singapore Grand Prix,2023
GAS,17.0,1,Singapore Grand Prix,2023
GAS,18.0,1,Singapore Grand Prix,2023
GAS,19.0,12,Singapore Grand Prix,2023
GAS,20.0,14,Singapore Grand Prix,2023
GAS,21.0,4,Singapore Grand Prix,2023
GAS,22.0,41,Singapore Grand Prix,2023
GAS,23.0,1,Singapore Grand Prix,2023
GAS,24.0,1,Singapore Grand Prix,2023
GAS,25.0,1,Singapore Grand Prix,2023
GAS,26.0,1,Singapore Grand Prix,2023
GAS,27.0,1,Singapore Grand Prix,2023
GAS,28.0,1,Singapore Grand Prix,2023
GAS,29.0,1,Singapore Grand Prix,2023
GAS,30.0,1,Singapore Grand Prix,2023
GAS,31.0,1,Singapore Grand Prix,2023
GAS,32.0,1,Singapore Grand Prix,2023
GAS,33.0,1,Singapore Grand Prix,2023
GAS,34.0,1,Singapore Grand Prix,2023
GAS,35.0,1,Singapore Grand Prix,2023
GAS,36.0,1,Singapore Grand Prix,2023
GAS,37.0,1,Singapore Grand Prix,2023
GAS,38.0,1,Singapore Grand Prix,2023
GAS,39.0,1,Singapore Grand Prix,2023
GAS,40.0,1,Singapore Grand Prix,2023
GAS,41.0,1,Singapore Grand Prix,2023
GAS,42.0,1,Singapore Grand Prix,2023
GAS,43.0,126,Singapore Grand Prix,2023
GAS,44.0,6,Singapore Grand Prix,2023
GAS,45.0,671,Singapore Grand Prix,2023
GAS,46.0,1,Singapore Grand Prix,2023
GAS,47.0,12,Singapore Grand Prix,2023
GAS,48.0,1,Singapore Grand Prix,2023
GAS,49.0,1,Singapore Grand Prix,2023
GAS,50.0,1,Singapore Grand Prix,2023
GAS,51.0,1,Singapore Grand Prix,2023
GAS,52.0,1,Singapore Grand Prix,2023
GAS,53.0,12,Singapore Grand Prix,2023
GAS,54.0,1,Singapore Grand Prix,2023
GAS,55.0,1,Singapore Grand Prix,2023
GAS,56.0,1,Singapore Grand Prix,2023
GAS,57.0,1,Singapore Grand Prix,2023
GAS,58.0,12,Singapore Grand Prix,2023
GAS,59.0,21,Singapore Grand Prix,2023
GAS,60.0,1,Singapore Grand Prix,2023
GAS,61.0,1,Singapore Grand Prix,2023
GAS,62.0,12,Singapore Grand Prix,2023
PER,1.0,12,Singapore Grand Prix,2023
PER,2.0,12,Singapore Grand Prix,2023
PER,3.0,1,Singapore Grand Prix,2023
PER,4.0,1,Singapore Grand Prix,2023
PER,5.0,1,Singapore Grand Prix,2023
PER,6.0,1,Singapore Grand Prix,2023
PER,7.0,1,Singapore Grand Prix,2023
PER,8.0,1,Singapore Grand Prix,2023
PER,9.0,1,Singapore Grand Prix,2023
PER,10.0,1,Singapore Grand Prix,2023
PER,11.0,1,Singapore Grand Prix,2023
PER,12.0,1,Singapore Grand Prix,2023
PER,13.0,1,Singapore Grand Prix,2023
PER,14.0,1,Singapore Grand Prix,2023
PER,15.0,1,Singapore Grand Prix,2023
PER,16.0,1,Singapore Grand Prix,2023
PER,17.0,1,Singapore Grand Prix,2023
PER,18.0,1,Singapore Grand Prix,2023
PER,19.0,12,Singapore Grand Prix,2023
PER,20.0,14,Singapore Grand Prix,2023
PER,21.0,4,Singapore Grand Prix,2023
PER,22.0,41,Singapore Grand Prix,2023
PER,23.0,1,Singapore Grand Prix,2023
PER,24.0,1,Singapore Grand Prix,2023
PER,25.0,1,Singapore Grand Prix,2023
PER,26.0,1,Singapore Grand Prix,2023
PER,27.0,1,Singapore Grand Prix,2023
PER,28.0,1,Singapore Grand Prix,2023
PER,29.0,1,Singapore Grand Prix,2023
PER,30.0,1,Singapore Grand Prix,2023
PER,31.0,1,Singapore Grand Prix,2023
PER,32.0,1,Singapore Grand Prix,2023
PER,33.0,1,Singapore Grand Prix,2023
PER,34.0,1,Singapore Grand Prix,2023
PER,35.0,1,Singapore Grand Prix,2023
PER,36.0,1,Singapore Grand Prix,2023
PER,37.0,1,Singapore Grand Prix,2023
PER,38.0,1,Singapore Grand Prix,2023
PER,39.0,1,Singapore Grand Prix,2023
PER,40.0,1,Singapore Grand Prix,2023
PER,41.0,1,Singapore Grand Prix,2023
PER,42.0,12,Singapore Grand Prix,2023
PER,43.0,26,Singapore Grand Prix,2023
PER,44.0,67,Singapore Grand Prix,2023
PER,45.0,71,Singapore Grand Prix,2023
PER,46.0,12,Singapore Grand Prix,2023
PER,47.0,21,Singapore Grand Prix,2023
PER,48.0,1,Singapore Grand Prix,2023
PER,49.0,1,Singapore Grand Prix,2023
PER,50.0,1,Singapore Grand Prix,2023
PER,51.0,1,Singapore Grand Prix,2023
PER,52.0,12,Singapore Grand Prix,2023
PER,53.0,21,Singapore Grand Prix,2023
PER,54.0,1,Singapore Grand Prix,2023
PER,55.0,1,Singapore Grand Prix,2023
PER,56.0,1,Singapore Grand Prix,2023
PER,57.0,1,Singapore Grand Prix,2023
PER,58.0,12,Singapore Grand Prix,2023
PER,59.0,1,Singapore Grand Prix,2023
PER,60.0,1,Singapore Grand Prix,2023
PER,61.0,12,Singapore Grand Prix,2023
PER,62.0,2,Singapore Grand Prix,2023
ALO,1.0,12,Singapore Grand Prix,2023
ALO,2.0,12,Singapore Grand Prix,2023
ALO,3.0,1,Singapore Grand Prix,2023
ALO,4.0,1,Singapore Grand Prix,2023
ALO,5.0,1,Singapore Grand Prix,2023
ALO,6.0,1,Singapore Grand Prix,2023
ALO,7.0,1,Singapore Grand Prix,2023
ALO,8.0,1,Singapore Grand Prix,2023
ALO,9.0,1,Singapore Grand Prix,2023
ALO,10.0,1,Singapore Grand Prix,2023
ALO,11.0,1,Singapore Grand Prix,2023
ALO,12.0,1,Singapore Grand Prix,2023
ALO,13.0,1,Singapore Grand Prix,2023
ALO,14.0,1,Singapore Grand Prix,2023
ALO,15.0,1,Singapore Grand Prix,2023
ALO,16.0,1,Singapore Grand Prix,2023
ALO,17.0,1,Singapore Grand Prix,2023
ALO,18.0,1,Singapore Grand Prix,2023
ALO,19.0,12,Singapore Grand Prix,2023
ALO,20.0,14,Singapore Grand Prix,2023
ALO,21.0,4,Singapore Grand Prix,2023
ALO,22.0,41,Singapore Grand Prix,2023
ALO,23.0,1,Singapore Grand Prix,2023
ALO,24.0,1,Singapore Grand Prix,2023
ALO,25.0,1,Singapore Grand Prix,2023
ALO,26.0,1,Singapore Grand Prix,2023
ALO,27.0,1,Singapore Grand Prix,2023
ALO,28.0,1,Singapore Grand Prix,2023
ALO,29.0,1,Singapore Grand Prix,2023
ALO,30.0,1,Singapore Grand Prix,2023
ALO,31.0,1,Singapore Grand Prix,2023
ALO,32.0,1,Singapore Grand Prix,2023
ALO,33.0,1,Singapore Grand Prix,2023
ALO,34.0,1,Singapore Grand Prix,2023
ALO,35.0,1,Singapore Grand Prix,2023
ALO,36.0,1,Singapore Grand Prix,2023
ALO,37.0,1,Singapore Grand Prix,2023
ALO,38.0,1,Singapore Grand Prix,2023
ALO,39.0,1,Singapore Grand Prix,2023
ALO,40.0,1,Singapore Grand Prix,2023
ALO,41.0,1,Singapore Grand Prix,2023
ALO,42.0,1,Singapore Grand Prix,2023
ALO,43.0,126,Singapore Grand Prix,2023
ALO,44.0,6,Singapore Grand Prix,2023
ALO,45.0,671,Singapore Grand Prix,2023
ALO,46.0,12,Singapore Grand Prix,2023
ALO,47.0,1,Singapore Grand Prix,2023
ALO,48.0,1,Singapore Grand Prix,2023
ALO,49.0,1,Singapore Grand Prix,2023
ALO,50.0,1,Singapore Grand Prix,2023
ALO,51.0,1,Singapore Grand Prix,2023
ALO,52.0,12,Singapore Grand Prix,2023
ALO,53.0,1,Singapore Grand Prix,2023
ALO,54.0,1,Singapore Grand Prix,2023
ALO,55.0,1,Singapore Grand Prix,2023
ALO,56.0,1,Singapore Grand Prix,2023
ALO,57.0,1,Singapore Grand Prix,2023
ALO,58.0,12,Singapore Grand Prix,2023
ALO,59.0,1,Singapore Grand Prix,2023
ALO,60.0,1,Singapore Grand Prix,2023
ALO,61.0,12,Singapore Grand Prix,2023
ALO,62.0,2,Singapore Grand Prix,2023
LEC,1.0,12,Singapore Grand Prix,2023
LEC,2.0,12,Singapore Grand Prix,2023
LEC,3.0,1,Singapore Grand Prix,2023
LEC,4.0,1,Singapore Grand Prix,2023
LEC,5.0,1,Singapore Grand Prix,2023
LEC,6.0,1,Singapore Grand Prix,2023
LEC,7.0,1,Singapore Grand Prix,2023
LEC,8.0,1,Singapore Grand Prix,2023
LEC,9.0,1,Singapore Grand Prix,2023
LEC,10.0,1,Singapore Grand Prix,2023
LEC,11.0,1,Singapore Grand Prix,2023
LEC,12.0,1,Singapore Grand Prix,2023
LEC,13.0,1,Singapore Grand Prix,2023
LEC,14.0,1,Singapore Grand Prix,2023
LEC,15.0,1,Singapore Grand Prix,2023
LEC,16.0,1,Singapore Grand Prix,2023
LEC,17.0,1,Singapore Grand Prix,2023
LEC,18.0,1,Singapore Grand Prix,2023
LEC,19.0,12,Singapore Grand Prix,2023
LEC,20.0,14,Singapore Grand Prix,2023
LEC,21.0,4,Singapore Grand Prix,2023
LEC,22.0,41,Singapore Grand Prix,2023
LEC,23.0,1,Singapore Grand Prix,2023
LEC,24.0,1,Singapore Grand Prix,2023
LEC,25.0,1,Singapore Grand Prix,2023
LEC,26.0,1,Singapore Grand Prix,2023
LEC,27.0,1,Singapore Grand Prix,2023
LEC,28.0,1,Singapore Grand Prix,2023
LEC,29.0,1,Singapore Grand Prix,2023
LEC,30.0,1,Singapore Grand Prix,2023
LEC,31.0,1,Singapore Grand Prix,2023
LEC,32.0,1,Singapore Grand Prix,2023
LEC,33.0,1,Singapore Grand Prix,2023
LEC,34.0,1,Singapore Grand Prix,2023
LEC,35.0,1,Singapore Grand Prix,2023
LEC,36.0,1,Singapore Grand Prix,2023
LEC,37.0,1,Singapore Grand Prix,2023
LEC,38.0,1,Singapore Grand Prix,2023
LEC,39.0,1,Singapore Grand Prix,2023
LEC,40.0,1,Singapore Grand Prix,2023
LEC,41.0,1,Singapore Grand Prix,2023
LEC,42.0,1,Singapore Grand Prix,2023
LEC,43.0,126,Singapore Grand Prix,2023
LEC,44.0,6,Singapore Grand Prix,2023
LEC,45.0,671,Singapore Grand Prix,2023
LEC,46.0,1,Singapore Grand Prix,2023
LEC,47.0,12,Singapore Grand Prix,2023
LEC,48.0,1,Singapore Grand Prix,2023
LEC,49.0,1,Singapore Grand Prix,2023
LEC,50.0,1,Singapore Grand Prix,2023
LEC,51.0,1,Singapore Grand Prix,2023
LEC,52.0,1,Singapore Grand Prix,2023
LEC,53.0,12,Singapore Grand Prix,2023
LEC,54.0,1,Singapore Grand Prix,2023
LEC,55.0,1,Singapore Grand Prix,2023
LEC,56.0,1,Singapore Grand Prix,2023
LEC,57.0,1,Singapore Grand Prix,2023
LEC,58.0,1,Singapore Grand Prix,2023
LEC,59.0,12,Singapore Grand Prix,2023
LEC,60.0,1,Singapore Grand Prix,2023
LEC,61.0,1,Singapore Grand Prix,2023
LEC,62.0,12,Singapore Grand Prix,2023
SAR,1.0,12,Singapore Grand Prix,2023
SAR,2.0,21,Singapore Grand Prix,2023
SAR,3.0,1,Singapore Grand Prix,2023
SAR,4.0,1,Singapore Grand Prix,2023
SAR,5.0,1,Singapore Grand Prix,2023
SAR,6.0,1,Singapore Grand Prix,2023
SAR,7.0,1,Singapore Grand Prix,2023
SAR,8.0,1,Singapore Grand Prix,2023
SAR,9.0,1,Singapore Grand Prix,2023
SAR,10.0,1,Singapore Grand Prix,2023
SAR,11.0,1,Singapore Grand Prix,2023
SAR,12.0,1,Singapore Grand Prix,2023
SAR,13.0,1,Singapore Grand Prix,2023
SAR,14.0,1,Singapore Grand Prix,2023
SAR,15.0,1,Singapore Grand Prix,2023
SAR,16.0,1,Singapore Grand Prix,2023
SAR,17.0,1,Singapore Grand Prix,2023
SAR,18.0,1,Singapore Grand Prix,2023
SAR,19.0,124,Singapore Grand Prix,2023
SAR,20.0,4,Singapore Grand Prix,2023
SAR,21.0,4,Singapore Grand Prix,2023
SAR,22.0,41,Singapore Grand Prix,2023
SAR,23.0,1,Singapore Grand Prix,2023
SAR,24.0,1,Singapore Grand Prix,2023
SAR,25.0,1,Singapore Grand Prix,2023
SAR,26.0,1,Singapore Grand Prix,2023
SAR,27.0,1,Singapore Grand Prix,2023
SAR,28.0,1,Singapore Grand Prix,2023
SAR,29.0,1,Singapore Grand Prix,2023
SAR,30.0,1,Singapore Grand Prix,2023
SAR,31.0,1,Singapore Grand Prix,2023
SAR,32.0,1,Singapore Grand Prix,2023
SAR,33.0,1,Singapore Grand Prix,2023
SAR,34.0,1,Singapore Grand Prix,2023
SAR,35.0,1,Singapore Grand Prix,2023
SAR,36.0,1,Singapore Grand Prix,2023
SAR,37.0,1,Singapore Grand Prix,2023
SAR,38.0,1,Singapore Grand Prix,2023
SAR,39.0,1,Singapore Grand Prix,2023
SAR,40.0,1,Singapore Grand Prix,2023
SAR,41.0,1,Singapore Grand Prix,2023
SAR,42.0,12,Singapore Grand Prix,2023
SAR,43.0,26,Singapore Grand Prix,2023
SAR,44.0,671,Singapore Grand Prix,2023
SAR,45.0,1,Singapore Grand Prix,2023
SAR,46.0,12,Singapore Grand Prix,2023
SAR,47.0,1,Singapore Grand Prix,2023
SAR,48.0,1,Singapore Grand Prix,2023
SAR,49.0,1,Singapore Grand Prix,2023
SAR,50.0,1,Singapore Grand Prix,2023
SAR,51.0,1,Singapore Grand Prix,2023
SAR,52.0,12,Singapore Grand Prix,2023
SAR,53.0,1,Singapore Grand Prix,2023
SAR,54.0,1,Singapore Grand Prix,2023
SAR,55.0,1,Singapore Grand Prix,2023
SAR,56.0,1,Singapore Grand Prix,2023
SAR,57.0,1,Singapore Grand Prix,2023
SAR,58.0,12,Singapore Grand Prix,2023
SAR,59.0,1,Singapore Grand Prix,2023
SAR,60.0,1,Singapore Grand Prix,2023
SAR,61.0,12,Singapore Grand Prix,2023
SAR,62.0,2,Singapore Grand Prix,2023
MAG,1.0,12,Singapore Grand Prix,2023
MAG,2.0,12,Singapore Grand Prix,2023
MAG,3.0,1,Singapore Grand Prix,2023
MAG,4.0,1,Singapore Grand Prix,2023
MAG,5.0,1,Singapore Grand Prix,2023
MAG,6.0,1,Singapore Grand Prix,2023
MAG,7.0,1,Singapore Grand Prix,2023
MAG,8.0,1,Singapore Grand Prix,2023
MAG,9.0,1,Singapore Grand Prix,2023
MAG,10.0,1,Singapore Grand Prix,2023
MAG,11.0,1,Singapore Grand Prix,2023
MAG,12.0,1,Singapore Grand Prix,2023
MAG,13.0,1,Singapore Grand Prix,2023
MAG,14.0,1,Singapore Grand Prix,2023
MAG,15.0,1,Singapore Grand Prix,2023
MAG,16.0,1,Singapore Grand Prix,2023
MAG,17.0,1,Singapore Grand Prix,2023
MAG,18.0,1,Singapore Grand Prix,2023
MAG,19.0,12,Singapore Grand Prix,2023
MAG,20.0,14,Singapore Grand Prix,2023
MAG,21.0,4,Singapore Grand Prix,2023
MAG,22.0,41,Singapore Grand Prix,2023
MAG,23.0,1,Singapore Grand Prix,2023
MAG,24.0,1,Singapore Grand Prix,2023
MAG,25.0,1,Singapore Grand Prix,2023
MAG,26.0,1,Singapore Grand Prix,2023
MAG,27.0,1,Singapore Grand Prix,2023
MAG,28.0,1,Singapore Grand Prix,2023
MAG,29.0,1,Singapore Grand Prix,2023
MAG,30.0,1,Singapore Grand Prix,2023
MAG,31.0,1,Singapore Grand Prix,2023
MAG,32.0,1,Singapore Grand Prix,2023
MAG,33.0,1,Singapore Grand Prix,2023
MAG,34.0,1,Singapore Grand Prix,2023
MAG,35.0,1,Singapore Grand Prix,2023
MAG,36.0,1,Singapore Grand Prix,2023
MAG,37.0,1,Singapore Grand Prix,2023
MAG,38.0,1,Singapore Grand Prix,2023
MAG,39.0,1,Singapore Grand Prix,2023
MAG,40.0,1,Singapore Grand Prix,2023
MAG,41.0,1,Singapore Grand Prix,2023
MAG,42.0,1,Singapore Grand Prix,2023
MAG,43.0,126,Singapore Grand Prix,2023
MAG,44.0,671,Singapore Grand Prix,2023
MAG,45.0,1,Singapore Grand Prix,2023
MAG,46.0,12,Singapore Grand Prix,2023
MAG,47.0,1,Singapore Grand Prix,2023
MAG,48.0,1,Singapore Grand Prix,2023
MAG,49.0,1,Singapore Grand Prix,2023
MAG,50.0,1,Singapore Grand Prix,2023
MAG,51.0,1,Singapore Grand Prix,2023
MAG,52.0,12,Singapore Grand Prix,2023
MAG,53.0,1,Singapore Grand Prix,2023
MAG,54.0,1,Singapore Grand Prix,2023
MAG,55.0,1,Singapore Grand Prix,2023
MAG,56.0,1,Singapore Grand Prix,2023
MAG,57.0,1,Singapore Grand Prix,2023
MAG,58.0,12,Singapore Grand Prix,2023
MAG,59.0,1,Singapore Grand Prix,2023
MAG,60.0,1,Singapore Grand Prix,2023
MAG,61.0,12,Singapore Grand Prix,2023
MAG,62.0,2,Singapore Grand Prix,2023
TSU,1.0,12,Singapore Grand Prix,2023
ALB,1.0,12,Singapore Grand Prix,2023
ALB,2.0,12,Singapore Grand Prix,2023
ALB,3.0,1,Singapore Grand Prix,2023
ALB,4.0,1,Singapore Grand Prix,2023
ALB,5.0,1,Singapore Grand Prix,2023
ALB,6.0,1,Singapore Grand Prix,2023
ALB,7.0,1,Singapore Grand Prix,2023
ALB,8.0,1,Singapore Grand Prix,2023
ALB,9.0,1,Singapore Grand Prix,2023
ALB,10.0,1,Singapore Grand Prix,2023
ALB,11.0,1,Singapore Grand Prix,2023
ALB,12.0,1,Singapore Grand Prix,2023
ALB,13.0,1,Singapore Grand Prix,2023
ALB,14.0,1,Singapore Grand Prix,2023
ALB,15.0,1,Singapore Grand Prix,2023
ALB,16.0,1,Singapore Grand Prix,2023
ALB,17.0,1,Singapore Grand Prix,2023
ALB,18.0,1,Singapore Grand Prix,2023
ALB,19.0,12,Singapore Grand Prix,2023
ALB,20.0,14,Singapore Grand Prix,2023
ALB,21.0,4,Singapore Grand Prix,2023
ALB,22.0,41,Singapore Grand Prix,2023
ALB,23.0,1,Singapore Grand Prix,2023
ALB,24.0,1,Singapore Grand Prix,2023
ALB,25.0,1,Singapore Grand Prix,2023
ALB,26.0,1,Singapore Grand Prix,2023
ALB,27.0,1,Singapore Grand Prix,2023
ALB,28.0,1,Singapore Grand Prix,2023
ALB,29.0,1,Singapore Grand Prix,2023
ALB,30.0,1,Singapore Grand Prix,2023
ALB,31.0,1,Singapore Grand Prix,2023
ALB,32.0,1,Singapore Grand Prix,2023
ALB,33.0,1,Singapore Grand Prix,2023
ALB,34.0,1,Singapore Grand Prix,2023
ALB,35.0,1,Singapore Grand Prix,2023
ALB,36.0,1,Singapore Grand Prix,2023
ALB,37.0,1,Singapore Grand Prix,2023
ALB,38.0,1,Singapore Grand Prix,2023
ALB,39.0,1,Singapore Grand Prix,2023
ALB,40.0,1,Singapore Grand Prix,2023
ALB,41.0,1,Singapore Grand Prix,2023
ALB,42.0,1,Singapore Grand Prix,2023
ALB,43.0,126,Singapore Grand Prix,2023
ALB,44.0,67,Singapore Grand Prix,2023
ALB,45.0,71,Singapore Grand Prix,2023
ALB,46.0,12,Singapore Grand Prix,2023
ALB,47.0,21,Singapore Grand Prix,2023
ALB,48.0,1,Singapore Grand Prix,2023
ALB,49.0,1,Singapore Grand Prix,2023
ALB,50.0,1,Singapore Grand Prix,2023
ALB,51.0,1,Singapore Grand Prix,2023
ALB,52.0,12,Singapore Grand Prix,2023
ALB,53.0,21,Singapore Grand Prix,2023
ALB,54.0,1,Singapore Grand Prix,2023
ALB,55.0,1,Singapore Grand Prix,2023
ALB,56.0,1,Singapore Grand Prix,2023
ALB,57.0,1,Singapore Grand Prix,2023
ALB,58.0,12,Singapore Grand Prix,2023
ALB,59.0,1,Singapore Grand Prix,2023
ALB,60.0,1,Singapore Grand Prix,2023
ALB,61.0,12,Singapore Grand Prix,2023
ALB,62.0,2,Singapore Grand Prix,2023
ZHO,1.0,12,Singapore Grand Prix,2023
ZHO,2.0,21,Singapore Grand Prix,2023
ZHO,3.0,1,Singapore Grand Prix,2023
ZHO,4.0,1,Singapore Grand Prix,2023
ZHO,5.0,1,Singapore Grand Prix,2023
ZHO,6.0,1,Singapore Grand Prix,2023
ZHO,7.0,1,Singapore Grand Prix,2023
ZHO,8.0,1,Singapore Grand Prix,2023
ZHO,9.0,1,Singapore Grand Prix,2023
ZHO,10.0,1,Singapore Grand Prix,2023
ZHO,11.0,1,Singapore Grand Prix,2023
ZHO,12.0,1,Singapore Grand Prix,2023
ZHO,13.0,1,Singapore Grand Prix,2023
ZHO,14.0,1,Singapore Grand Prix,2023
ZHO,15.0,1,Singapore Grand Prix,2023
ZHO,16.0,1,Singapore Grand Prix,2023
ZHO,17.0,1,Singapore Grand Prix,2023
ZHO,18.0,1,Singapore Grand Prix,2023
ZHO,19.0,12,Singapore Grand Prix,2023
ZHO,20.0,14,Singapore Grand Prix,2023
ZHO,21.0,4,Singapore Grand Prix,2023
ZHO,22.0,41,Singapore Grand Prix,2023
ZHO,23.0,1,Singapore Grand Prix,2023
ZHO,24.0,1,Singapore Grand Prix,2023
ZHO,25.0,1,Singapore Grand Prix,2023
ZHO,26.0,1,Singapore Grand Prix,2023
ZHO,27.0,1,Singapore Grand Prix,2023
ZHO,28.0,1,Singapore Grand Prix,2023
ZHO,29.0,1,Singapore Grand Prix,2023
ZHO,30.0,1,Singapore Grand Prix,2023
ZHO,31.0,1,Singapore Grand Prix,2023
ZHO,32.0,1,Singapore Grand Prix,2023
ZHO,33.0,1,Singapore Grand Prix,2023
ZHO,34.0,1,Singapore Grand Prix,2023
ZHO,35.0,1,Singapore Grand Prix,2023
ZHO,36.0,1,Singapore Grand Prix,2023
ZHO,37.0,1,Singapore Grand Prix,2023
ZHO,38.0,1,Singapore Grand Prix,2023
ZHO,39.0,1,Singapore Grand Prix,2023
ZHO,40.0,1,Singapore Grand Prix,2023
ZHO,41.0,1,Singapore Grand Prix,2023
ZHO,42.0,1,Singapore Grand Prix,2023
ZHO,43.0,126,Singapore Grand Prix,2023
ZHO,44.0,6,Singapore Grand Prix,2023
ZHO,45.0,671,Singapore Grand Prix,2023
ZHO,46.0,1,Singapore Grand Prix,2023
ZHO,47.0,12,Singapore Grand Prix,2023
ZHO,48.0,1,Singapore Grand Prix,2023
ZHO,49.0,1,Singapore Grand Prix,2023
ZHO,50.0,1,Singapore Grand Prix,2023
ZHO,51.0,1,Singapore Grand Prix,2023
ZHO,52.0,12,Singapore Grand Prix,2023
ZHO,53.0,1,Singapore Grand Prix,2023
ZHO,54.0,1,Singapore Grand Prix,2023
ZHO,55.0,1,Singapore Grand Prix,2023
ZHO,56.0,1,Singapore Grand Prix,2023
ZHO,57.0,1,Singapore Grand Prix,2023
ZHO,58.0,12,Singapore Grand Prix,2023
ZHO,59.0,1,Singapore Grand Prix,2023
ZHO,60.0,1,Singapore Grand Prix,2023
ZHO,61.0,12,Singapore Grand Prix,2023
ZHO,62.0,2,Singapore Grand Prix,2023
HUL,1.0,12,Singapore Grand Prix,2023
HUL,2.0,12,Singapore Grand Prix,2023
HUL,3.0,1,Singapore Grand Prix,2023
HUL,4.0,1,Singapore Grand Prix,2023
HUL,5.0,1,Singapore Grand Prix,2023
HUL,6.0,1,Singapore Grand Prix,2023
HUL,7.0,1,Singapore Grand Prix,2023
HUL,8.0,1,Singapore Grand Prix,2023
HUL,9.0,1,Singapore Grand Prix,2023
HUL,10.0,1,Singapore Grand Prix,2023
HUL,11.0,1,Singapore Grand Prix,2023
HUL,12.0,1,Singapore Grand Prix,2023
HUL,13.0,1,Singapore Grand Prix,2023
HUL,14.0,1,Singapore Grand Prix,2023
HUL,15.0,1,Singapore Grand Prix,2023
HUL,16.0,1,Singapore Grand Prix,2023
HUL,17.0,1,Singapore Grand Prix,2023
HUL,18.0,1,Singapore Grand Prix,2023
HUL,19.0,12,Singapore Grand Prix,2023
HUL,20.0,14,Singapore Grand Prix,2023
HUL,21.0,4,Singapore Grand Prix,2023
HUL,22.0,41,Singapore Grand Prix,2023
HUL,23.0,1,Singapore Grand Prix,2023
HUL,24.0,1,Singapore Grand Prix,2023
HUL,25.0,1,Singapore Grand Prix,2023
HUL,26.0,1,Singapore Grand Prix,2023
HUL,27.0,1,Singapore Grand Prix,2023
HUL,28.0,1,Singapore Grand Prix,2023
HUL,29.0,1,Singapore Grand Prix,2023
HUL,30.0,1,Singapore Grand Prix,2023
HUL,31.0,1,Singapore Grand Prix,2023
HUL,32.0,1,Singapore Grand Prix,2023
HUL,33.0,1,Singapore Grand Prix,2023
HUL,34.0,1,Singapore Grand Prix,2023
HUL,35.0,1,Singapore Grand Prix,2023
HUL,36.0,1,Singapore Grand Prix,2023
HUL,37.0,1,Singapore Grand Prix,2023
HUL,38.0,1,Singapore Grand Prix,2023
HUL,39.0,1,Singapore Grand Prix,2023
HUL,40.0,1,Singapore Grand Prix,2023
HUL,41.0,1,Singapore Grand Prix,2023
HUL,42.0,1,Singapore Grand Prix,2023
HUL,43.0,126,Singapore Grand Prix,2023
HUL,44.0,6,Singapore Grand Prix,2023
HUL,45.0,671,Singapore Grand Prix,2023
HUL,46.0,1,Singapore Grand Prix,2023
HUL,47.0,12,Singapore Grand Prix,2023
HUL,48.0,1,Singapore Grand Prix,2023
HUL,49.0,1,Singapore Grand Prix,2023
HUL,50.0,1,Singapore Grand Prix,2023
HUL,51.0,1,Singapore Grand Prix,2023
HUL,52.0,12,Singapore Grand Prix,2023
HUL,53.0,21,Singapore Grand Prix,2023
HUL,54.0,1,Singapore Grand Prix,2023
HUL,55.0,1,Singapore Grand Prix,2023
HUL,56.0,1,Singapore Grand Prix,2023
HUL,57.0,1,Singapore Grand Prix,2023
HUL,58.0,12,Singapore Grand Prix,2023
HUL,59.0,1,Singapore Grand Prix,2023
HUL,60.0,1,Singapore Grand Prix,2023
HUL,61.0,12,Singapore Grand Prix,2023
HUL,62.0,2,Singapore Grand Prix,2023
OCO,1.0,12,Singapore Grand Prix,2023
OCO,2.0,12,Singapore Grand Prix,2023
OCO,3.0,1,Singapore Grand Prix,2023
OCO,4.0,1,Singapore Grand Prix,2023
OCO,5.0,1,Singapore Grand Prix,2023
OCO,6.0,1,Singapore Grand Prix,2023
OCO,7.0,1,Singapore Grand Prix,2023
OCO,8.0,1,Singapore Grand Prix,2023
OCO,9.0,1,Singapore Grand Prix,2023
OCO,10.0,1,Singapore Grand Prix,2023
OCO,11.0,1,Singapore Grand Prix,2023
OCO,12.0,1,Singapore Grand Prix,2023
OCO,13.0,1,Singapore Grand Prix,2023
OCO,14.0,1,Singapore Grand Prix,2023
OCO,15.0,1,Singapore Grand Prix,2023
OCO,16.0,1,Singapore Grand Prix,2023
OCO,17.0,1,Singapore Grand Prix,2023
OCO,18.0,1,Singapore Grand Prix,2023
OCO,19.0,12,Singapore Grand Prix,2023
OCO,20.0,14,Singapore Grand Prix,2023
OCO,21.0,4,Singapore Grand Prix,2023
OCO,22.0,41,Singapore Grand Prix,2023
OCO,23.0,1,Singapore Grand Prix,2023
OCO,24.0,1,Singapore Grand Prix,2023
OCO,25.0,1,Singapore Grand Prix,2023
OCO,26.0,1,Singapore Grand Prix,2023
OCO,27.0,1,Singapore Grand Prix,2023
OCO,28.0,1,Singapore Grand Prix,2023
OCO,29.0,1,Singapore Grand Prix,2023
OCO,30.0,1,Singapore Grand Prix,2023
OCO,31.0,1,Singapore Grand Prix,2023
OCO,32.0,1,Singapore Grand Prix,2023
OCO,33.0,1,Singapore Grand Prix,2023
OCO,34.0,1,Singapore Grand Prix,2023
OCO,35.0,1,Singapore Grand Prix,2023
OCO,36.0,1,Singapore Grand Prix,2023
OCO,37.0,1,Singapore Grand Prix,2023
OCO,38.0,1,Singapore Grand Prix,2023
OCO,39.0,1,Singapore Grand Prix,2023
OCO,40.0,1,Singapore Grand Prix,2023
OCO,41.0,1,Singapore Grand Prix,2023
OCO,42.0,1,Singapore Grand Prix,2023
OCO,43.0,12,Singapore Grand Prix,2023
NOR,1.0,12,Singapore Grand Prix,2023
NOR,2.0,12,Singapore Grand Prix,2023
NOR,3.0,1,Singapore Grand Prix,2023
NOR,4.0,1,Singapore Grand Prix,2023
NOR,5.0,1,Singapore Grand Prix,2023
NOR,6.0,1,Singapore Grand Prix,2023
NOR,7.0,1,Singapore Grand Prix,2023
NOR,8.0,1,Singapore Grand Prix,2023
NOR,9.0,1,Singapore Grand Prix,2023
NOR,10.0,1,Singapore Grand Prix,2023
NOR,11.0,1,Singapore Grand Prix,2023
NOR,12.0,1,Singapore Grand Prix,2023
NOR,13.0,1,Singapore Grand Prix,2023
NOR,14.0,1,Singapore Grand Prix,2023
NOR,15.0,1,Singapore Grand Prix,2023
NOR,16.0,1,Singapore Grand Prix,2023
NOR,17.0,1,Singapore Grand Prix,2023
NOR,18.0,1,Singapore Grand Prix,2023
NOR,19.0,12,Singapore Grand Prix,2023
NOR,20.0,14,Singapore Grand Prix,2023
NOR,21.0,4,Singapore Grand Prix,2023
NOR,22.0,41,Singapore Grand Prix,2023
NOR,23.0,1,Singapore Grand Prix,2023
NOR,24.0,1,Singapore Grand Prix,2023
NOR,25.0,1,Singapore Grand Prix,2023
NOR,26.0,1,Singapore Grand Prix,2023
NOR,27.0,1,Singapore Grand Prix,2023
NOR,28.0,1,Singapore Grand Prix,2023
NOR,29.0,1,Singapore Grand Prix,2023
NOR,30.0,1,Singapore Grand Prix,2023
NOR,31.0,1,Singapore Grand Prix,2023
NOR,32.0,1,Singapore Grand Prix,2023
NOR,33.0,1,Singapore Grand Prix,2023
NOR,34.0,1,Singapore Grand Prix,2023
NOR,35.0,1,Singapore Grand Prix,2023
NOR,36.0,1,Singapore Grand Prix,2023
NOR,37.0,1,Singapore Grand Prix,2023
NOR,38.0,1,Singapore Grand Prix,2023
NOR,39.0,1,Singapore Grand Prix,2023
NOR,40.0,1,Singapore Grand Prix,2023
NOR,41.0,1,Singapore Grand Prix,2023
NOR,42.0,1,Singapore Grand Prix,2023
NOR,43.0,12,Singapore Grand Prix,2023
NOR,44.0,26,Singapore Grand Prix,2023
NOR,45.0,671,Singapore Grand Prix,2023
NOR,46.0,1,Singapore Grand Prix,2023
NOR,47.0,12,Singapore Grand Prix,2023
NOR,48.0,1,Singapore Grand Prix,2023
NOR,49.0,1,Singapore Grand Prix,2023
NOR,50.0,1,Singapore Grand Prix,2023
NOR,51.0,1,Singapore Grand Prix,2023
NOR,52.0,1,Singapore Grand Prix,2023
NOR,53.0,12,Singapore Grand Prix,2023
NOR,54.0,1,Singapore Grand Prix,2023
NOR,55.0,1,Singapore Grand Prix,2023
NOR,56.0,1,Singapore Grand Prix,2023
NOR,57.0,1,Singapore Grand Prix,2023
NOR,58.0,1,Singapore Grand Prix,2023
NOR,59.0,12,Singapore Grand Prix,2023
NOR,60.0,1,Singapore Grand Prix,2023
NOR,61.0,1,Singapore Grand Prix,2023
NOR,62.0,12,Singapore Grand Prix,2023
LAW,1.0,12,Singapore Grand Prix,2023
LAW,2.0,12,Singapore Grand Prix,2023
LAW,3.0,1,Singapore Grand Prix,2023
LAW,4.0,1,Singapore Grand Prix,2023
LAW,5.0,1,Singapore Grand Prix,2023
LAW,6.0,1,Singapore Grand Prix,2023
LAW,7.0,1,Singapore Grand Prix,2023
LAW,8.0,1,Singapore Grand Prix,2023
LAW,9.0,1,Singapore Grand Prix,2023
LAW,10.0,1,Singapore Grand Prix,2023
LAW,11.0,1,Singapore Grand Prix,2023
LAW,12.0,1,Singapore Grand Prix,2023
LAW,13.0,1,Singapore Grand Prix,2023
LAW,14.0,1,Singapore Grand Prix,2023
LAW,15.0,1,Singapore Grand Prix,2023
LAW,16.0,1,Singapore Grand Prix,2023
LAW,17.0,1,Singapore Grand Prix,2023
LAW,18.0,1,Singapore Grand Prix,2023
LAW,19.0,12,Singapore Grand Prix,2023
LAW,20.0,14,Singapore Grand Prix,2023
LAW,21.0,4,Singapore Grand Prix,2023
LAW,22.0,41,Singapore Grand Prix,2023
LAW,23.0,1,Singapore Grand Prix,2023
LAW,24.0,1,Singapore Grand Prix,2023
LAW,25.0,1,Singapore Grand Prix,2023
LAW,26.0,1,Singapore Grand Prix,2023
LAW,27.0,1,Singapore Grand Prix,2023
LAW,28.0,1,Singapore Grand Prix,2023
LAW,29.0,1,Singapore Grand Prix,2023
LAW,30.0,1,Singapore Grand Prix,2023
LAW,31.0,1,Singapore Grand Prix,2023
LAW,32.0,1,Singapore Grand Prix,2023
LAW,33.0,1,Singapore Grand Prix,2023
LAW,34.0,1,Singapore Grand Prix,2023
LAW,35.0,1,Singapore Grand Prix,2023
LAW,36.0,1,Singapore Grand Prix,2023
LAW,37.0,1,Singapore Grand Prix,2023
LAW,38.0,1,Singapore Grand Prix,2023
LAW,39.0,1,Singapore Grand Prix,2023
LAW,40.0,1,Singapore Grand Prix,2023
LAW,41.0,1,Singapore Grand Prix,2023
LAW,42.0,1,Singapore Grand Prix,2023
LAW,43.0,126,Singapore Grand Prix,2023
LAW,44.0,6,Singapore Grand Prix,2023
LAW,45.0,671,Singapore Grand Prix,2023
LAW,46.0,1,Singapore Grand Prix,2023
LAW,47.0,12,Singapore Grand Prix,2023
LAW,48.0,1,Singapore Grand Prix,2023
LAW,49.0,1,Singapore Grand Prix,2023
LAW,50.0,1,Singapore Grand Prix,2023
LAW,51.0,1,Singapore Grand Prix,2023
LAW,52.0,1,Singapore Grand Prix,2023
LAW,53.0,12,Singapore Grand Prix,2023
LAW,54.0,1,Singapore Grand Prix,2023
LAW,55.0,1,Singapore Grand Prix,2023
LAW,56.0,1,Singapore Grand Prix,2023
LAW,57.0,1,Singapore Grand Prix,2023
LAW,58.0,12,Singapore Grand Prix,2023
LAW,59.0,1,Singapore Grand Prix,2023
LAW,60.0,1,Singapore Grand Prix,2023
LAW,61.0,12,Singapore Grand Prix,2023
LAW,62.0,2,Singapore Grand Prix,2023
HAM,1.0,12,Singapore Grand Prix,2023
HAM,2.0,12,Singapore Grand Prix,2023
HAM,3.0,1,Singapore Grand Prix,2023
HAM,4.0,1,Singapore Grand Prix,2023
HAM,5.0,1,Singapore Grand Prix,2023
HAM,6.0,1,Singapore Grand Prix,2023
HAM,7.0,1,Singapore Grand Prix,2023
HAM,8.0,1,Singapore Grand Prix,2023
HAM,9.0,1,Singapore Grand Prix,2023
HAM,10.0,1,Singapore Grand Prix,2023
HAM,11.0,1,Singapore Grand Prix,2023
HAM,12.0,1,Singapore Grand Prix,2023
HAM,13.0,1,Singapore Grand Prix,2023
HAM,14.0,1,Singapore Grand Prix,2023
HAM,15.0,1,Singapore Grand Prix,2023
HAM,16.0,1,Singapore Grand Prix,2023
HAM,17.0,1,Singapore Grand Prix,2023
HAM,18.0,1,Singapore Grand Prix,2023
HAM,19.0,12,Singapore Grand Prix,2023
HAM,20.0,14,Singapore Grand Prix,2023
HAM,21.0,4,Singapore Grand Prix,2023
HAM,22.0,41,Singapore Grand Prix,2023
HAM,23.0,1,Singapore Grand Prix,2023
HAM,24.0,1,Singapore Grand Prix,2023
HAM,25.0,1,Singapore Grand Prix,2023
HAM,26.0,1,Singapore Grand Prix,2023
HAM,27.0,1,Singapore Grand Prix,2023
HAM,28.0,1,Singapore Grand Prix,2023
HAM,29.0,1,Singapore Grand Prix,2023
HAM,30.0,1,Singapore Grand Prix,2023
HAM,31.0,1,Singapore Grand Prix,2023
HAM,32.0,1,Singapore Grand Prix,2023
HAM,33.0,1,Singapore Grand Prix,2023
HAM,34.0,1,Singapore Grand Prix,2023
HAM,35.0,1,Singapore Grand Prix,2023
HAM,36.0,1,Singapore Grand Prix,2023
HAM,37.0,1,Singapore Grand Prix,2023
HAM,38.0,1,Singapore Grand Prix,2023
HAM,39.0,1,Singapore Grand Prix,2023
HAM,40.0,1,Singapore Grand Prix,2023
HAM,41.0,1,Singapore Grand Prix,2023
HAM,42.0,1,Singapore Grand Prix,2023
HAM,43.0,126,Singapore Grand Prix,2023
HAM,44.0,6,Singapore Grand Prix,2023
HAM,45.0,671,Singapore Grand Prix,2023
HAM,46.0,1,Singapore Grand Prix,2023
HAM,47.0,12,Singapore Grand Prix,2023
HAM,48.0,1,Singapore Grand Prix,2023
HAM,49.0,1,Singapore Grand Prix,2023
HAM,50.0,1,Singapore Grand Prix,2023
HAM,51.0,1,Singapore Grand Prix,2023
HAM,52.0,1,Singapore Grand Prix,2023
HAM,53.0,12,Singapore Grand Prix,2023
HAM,54.0,1,Singapore Grand Prix,2023
HAM,55.0,1,Singapore Grand Prix,2023
HAM,56.0,1,Singapore Grand Prix,2023
HAM,57.0,1,Singapore Grand Prix,2023
HAM,58.0,1,Singapore Grand Prix,2023
HAM,59.0,12,Singapore Grand Prix,2023
HAM,60.0,1,Singapore Grand Prix,2023
HAM,61.0,1,Singapore Grand Prix,2023
HAM,62.0,12,Singapore Grand Prix,2023
SAI,1.0,12,Singapore Grand Prix,2023
SAI,2.0,12,Singapore Grand Prix,2023
SAI,3.0,1,Singapore Grand Prix,2023
SAI,4.0,1,Singapore Grand Prix,2023
SAI,5.0,1,Singapore Grand Prix,2023
SAI,6.0,1,Singapore Grand Prix,2023
SAI,7.0,1,Singapore Grand Prix,2023
SAI,8.0,1,Singapore Grand Prix,2023
SAI,9.0,1,Singapore Grand Prix,2023
SAI,10.0,1,Singapore Grand Prix,2023
SAI,11.0,1,Singapore Grand Prix,2023
SAI,12.0,1,Singapore Grand Prix,2023
SAI,13.0,1,Singapore Grand Prix,2023
SAI,14.0,1,Singapore Grand Prix,2023
SAI,15.0,1,Singapore Grand Prix,2023
SAI,16.0,1,Singapore Grand Prix,2023
SAI,17.0,1,Singapore Grand Prix,2023
SAI,18.0,1,Singapore Grand Prix,2023
SAI,19.0,12,Singapore Grand Prix,2023
SAI,20.0,14,Singapore Grand Prix,2023
SAI,21.0,4,Singapore Grand Prix,2023
SAI,22.0,41,Singapore Grand Prix,2023
SAI,23.0,1,Singapore Grand Prix,2023
SAI,24.0,1,Singapore Grand Prix,2023
SAI,25.0,1,Singapore Grand Prix,2023
SAI,26.0,1,Singapore Grand Prix,2023
SAI,27.0,1,Singapore Grand Prix,2023
SAI,28.0,1,Singapore Grand Prix,2023
SAI,29.0,1,Singapore Grand Prix,2023
SAI,30.0,1,Singapore Grand Prix,2023
SAI,31.0,1,Singapore Grand Prix,2023
SAI,32.0,1,Singapore Grand Prix,2023
SAI,33.0,1,Singapore Grand Prix,2023
SAI,34.0,1,Singapore Grand Prix,2023
SAI,35.0,1,Singapore Grand Prix,2023
SAI,36.0,1,Singapore Grand Prix,2023
SAI,37.0,1,Singapore Grand Prix,2023
SAI,38.0,1,Singapore Grand Prix,2023
SAI,39.0,1,Singapore Grand Prix,2023
SAI,40.0,1,Singapore Grand Prix,2023
SAI,41.0,1,Singapore Grand Prix,2023
SAI,42.0,1,Singapore Grand Prix,2023
SAI,43.0,12,Singapore Grand Prix,2023
SAI,44.0,26,Singapore Grand Prix,2023
SAI,45.0,671,Singapore Grand Prix,2023
SAI,46.0,1,Singapore Grand Prix,2023
SAI,47.0,12,Singapore Grand Prix,2023
SAI,48.0,1,Singapore Grand Prix,2023
SAI,49.0,1,Singapore Grand Prix,2023
SAI,50.0,1,Singapore Grand Prix,2023
SAI,51.0,1,Singapore Grand Prix,2023
SAI,52.0,1,Singapore Grand Prix,2023
SAI,53.0,12,Singapore Grand Prix,2023
SAI,54.0,1,Singapore Grand Prix,2023
SAI,55.0,1,Singapore Grand Prix,2023
SAI,56.0,1,Singapore Grand Prix,2023
SAI,57.0,1,Singapore Grand Prix,2023
SAI,58.0,1,Singapore Grand Prix,2023
SAI,59.0,12,Singapore Grand Prix,2023
SAI,60.0,1,Singapore Grand Prix,2023
SAI,61.0,1,Singapore Grand Prix,2023
SAI,62.0,12,Singapore Grand Prix,2023
RUS,1.0,12,Singapore Grand Prix,2023
RUS,2.0,12,Singapore Grand Prix,2023
RUS,3.0,1,Singapore Grand Prix,2023
RUS,4.0,1,Singapore Grand Prix,2023
RUS,5.0,1,Singapore Grand Prix,2023
RUS,6.0,1,Singapore Grand Prix,2023
RUS,7.0,1,Singapore Grand Prix,2023
RUS,8.0,1,Singapore Grand Prix,2023
RUS,9.0,1,Singapore Grand Prix,2023
RUS,10.0,1,Singapore Grand Prix,2023
RUS,11.0,1,Singapore Grand Prix,2023
RUS,12.0,1,Singapore Grand Prix,2023
RUS,13.0,1,Singapore Grand Prix,2023
RUS,14.0,1,Singapore Grand Prix,2023
RUS,15.0,1,Singapore Grand Prix,2023
RUS,16.0,1,Singapore Grand Prix,2023
RUS,17.0,1,Singapore Grand Prix,2023
RUS,18.0,1,Singapore Grand Prix,2023
RUS,19.0,12,Singapore Grand Prix,2023
RUS,20.0,14,Singapore Grand Prix,2023
RUS,21.0,4,Singapore Grand Prix,2023
RUS,22.0,41,Singapore Grand Prix,2023
RUS,23.0,1,Singapore Grand Prix,2023
RUS,24.0,1,Singapore Grand Prix,2023
RUS,25.0,1,Singapore Grand Prix,2023
RUS,26.0,1,Singapore Grand Prix,2023
RUS,27.0,1,Singapore Grand Prix,2023
RUS,28.0,1,Singapore Grand Prix,2023
RUS,29.0,1,Singapore Grand Prix,2023
RUS,30.0,1,Singapore Grand Prix,2023
RUS,31.0,1,Singapore Grand Prix,2023
RUS,32.0,1,Singapore Grand Prix,2023
RUS,33.0,1,Singapore Grand Prix,2023
RUS,34.0,1,Singapore Grand Prix,2023
RUS,35.0,1,Singapore Grand Prix,2023
RUS,36.0,1,Singapore Grand Prix,2023
RUS,37.0,1,Singapore Grand Prix,2023
RUS,38.0,1,Singapore Grand Prix,2023
RUS,39.0,1,Singapore Grand Prix,2023
RUS,40.0,1,Singapore Grand Prix,2023
RUS,41.0,1,Singapore Grand Prix,2023
RUS,42.0,1,Singapore Grand Prix,2023
RUS,43.0,12,Singapore Grand Prix,2023
RUS,44.0,26,Singapore Grand Prix,2023
RUS,45.0,671,Singapore Grand Prix,2023
RUS,46.0,1,Singapore Grand Prix,2023
RUS,47.0,12,Singapore Grand Prix,2023
RUS,48.0,1,Singapore Grand Prix,2023
RUS,49.0,1,Singapore Grand Prix,2023
RUS,50.0,1,Singapore Grand Prix,2023
RUS,51.0,1,Singapore Grand Prix,2023
RUS,52.0,1,Singapore Grand Prix,2023
RUS,53.0,12,Singapore Grand Prix,2023
RUS,54.0,1,Singapore Grand Prix,2023
RUS,55.0,1,Singapore Grand Prix,2023
RUS,56.0,1,Singapore Grand Prix,2023
RUS,57.0,1,Singapore Grand Prix,2023
RUS,58.0,1,Singapore Grand Prix,2023
RUS,59.0,12,Singapore Grand Prix,2023
RUS,60.0,1,Singapore Grand Prix,2023
RUS,61.0,1,Singapore Grand Prix,2023
RUS,62.0,1,Singapore Grand Prix,2023
BOT,1.0,12,Singapore Grand Prix,2023
BOT,2.0,21,Singapore Grand Prix,2023
BOT,3.0,1,Singapore Grand Prix,2023
BOT,4.0,1,Singapore Grand Prix,2023
BOT,5.0,1,Singapore Grand Prix,2023
BOT,6.0,1,Singapore Grand Prix,2023
BOT,7.0,1,Singapore Grand Prix,2023
BOT,8.0,1,Singapore Grand Prix,2023
BOT,9.0,1,Singapore Grand Prix,2023
BOT,10.0,1,Singapore Grand Prix,2023
BOT,11.0,1,Singapore Grand Prix,2023
BOT,12.0,1,Singapore Grand Prix,2023
BOT,13.0,1,Singapore Grand Prix,2023
BOT,14.0,1,Singapore Grand Prix,2023
BOT,15.0,1,Singapore Grand Prix,2023
BOT,16.0,1,Singapore Grand Prix,2023
BOT,17.0,1,Singapore Grand Prix,2023
BOT,18.0,1,Singapore Grand Prix,2023
BOT,19.0,12,Singapore Grand Prix,2023
BOT,20.0,14,Singapore Grand Prix,2023
BOT,21.0,4,Singapore Grand Prix,2023
BOT,22.0,41,Singapore Grand Prix,2023
BOT,23.0,1,Singapore Grand Prix,2023
BOT,24.0,1,Singapore Grand Prix,2023
BOT,25.0,1,Singapore Grand Prix,2023
BOT,26.0,1,Singapore Grand Prix,2023
BOT,27.0,1,Singapore Grand Prix,2023
BOT,28.0,1,Singapore Grand Prix,2023
BOT,29.0,1,Singapore Grand Prix,2023
BOT,30.0,1,Singapore Grand Prix,2023
BOT,31.0,1,Singapore Grand Prix,2023
BOT,32.0,1,Singapore Grand Prix,2023
BOT,33.0,1,Singapore Grand Prix,2023
BOT,34.0,1,Singapore Grand Prix,2023
BOT,35.0,1,Singapore Grand Prix,2023
BOT,36.0,1,Singapore Grand Prix,2023
BOT,37.0,1,Singapore Grand Prix,2023
BOT,38.0,1,Singapore Grand Prix,2023
BOT,39.0,1,Singapore Grand Prix,2023
BOT,40.0,1,Singapore Grand Prix,2023
BOT,41.0,1,Singapore Grand Prix,2023
BOT,42.0,12,Singapore Grand Prix,2023
BOT,43.0,26,Singapore Grand Prix,2023
BOT,44.0,671,Singapore Grand Prix,2023
BOT,45.0,1,Singapore Grand Prix,2023
BOT,46.0,12,Singapore Grand Prix,2023
BOT,47.0,1,Singapore Grand Prix,2023
BOT,48.0,1,Singapore Grand Prix,2023
BOT,49.0,1,Singapore Grand Prix,2023
BOT,50.0,1,Singapore Grand Prix,2023
BOT,51.0,1,Singapore Grand Prix,2023
BOT,52.0,12,Singapore Grand Prix,2023
PIA,1.0,12,Singapore Grand Prix,2023
PIA,2.0,12,Singapore Grand Prix,2023
PIA,3.0,1,Singapore Grand Prix,2023
PIA,4.0,1,Singapore Grand Prix,2023
PIA,5.0,1,Singapore Grand Prix,2023
PIA,6.0,1,Singapore Grand Prix,2023
PIA,7.0,1,Singapore Grand Prix,2023
PIA,8.0,1,Singapore Grand Prix,2023
PIA,9.0,1,Singapore Grand Prix,2023
PIA,10.0,1,Singapore Grand Prix,2023
PIA,11.0,1,Singapore Grand Prix,2023
PIA,12.0,1,Singapore Grand Prix,2023
PIA,13.0,1,Singapore Grand Prix,2023
PIA,14.0,1,Singapore Grand Prix,2023
PIA,15.0,1,Singapore Grand Prix,2023
PIA,16.0,1,Singapore Grand Prix,2023
PIA,17.0,1,Singapore Grand Prix,2023
PIA,18.0,1,Singapore Grand Prix,2023
PIA,19.0,12,Singapore Grand Prix,2023
PIA,20.0,14,Singapore Grand Prix,2023
PIA,21.0,4,Singapore Grand Prix,2023
PIA,22.0,41,Singapore Grand Prix,2023
PIA,23.0,1,Singapore Grand Prix,2023
PIA,24.0,1,Singapore Grand Prix,2023
PIA,25.0,1,Singapore Grand Prix,2023
PIA,26.0,1,Singapore Grand Prix,2023
PIA,27.0,1,Singapore Grand Prix,2023
PIA,28.0,1,Singapore Grand Prix,2023
PIA,29.0,1,Singapore Grand Prix,2023
PIA,30.0,1,Singapore Grand Prix,2023
PIA,31.0,1,Singapore Grand Prix,2023
PIA,32.0,1,Singapore Grand Prix,2023
PIA,33.0,1,Singapore Grand Prix,2023
PIA,34.0,1,Singapore Grand Prix,2023
PIA,35.0,1,Singapore Grand Prix,2023
PIA,36.0,1,Singapore Grand Prix,2023
PIA,37.0,1,Singapore Grand Prix,2023
PIA,38.0,1,Singapore Grand Prix,2023
PIA,39.0,1,Singapore Grand Prix,2023
PIA,40.0,1,Singapore Grand Prix,2023
PIA,41.0,1,Singapore Grand Prix,2023
PIA,42.0,1,Singapore Grand Prix,2023
PIA,43.0,126,Singapore Grand Prix,2023
PIA,44.0,6,Singapore Grand Prix,2023
PIA,45.0,671,Singapore Grand Prix,2023
PIA,46.0,1,Singapore Grand Prix,2023
PIA,47.0,12,Singapore Grand Prix,2023
PIA,48.0,1,Singapore Grand Prix,2023
PIA,49.0,1,Singapore Grand Prix,2023
PIA,50.0,1,Singapore Grand Prix,2023
PIA,51.0,1,Singapore Grand Prix,2023
PIA,52.0,1,Singapore Grand Prix,2023
PIA,53.0,12,Singapore Grand Prix,2023
PIA,54.0,1,Singapore Grand Prix,2023
PIA,55.0,1,Singapore Grand Prix,2023
PIA,56.0,1,Singapore Grand Prix,2023
PIA,57.0,1,Singapore Grand Prix,2023
PIA,58.0,12,Singapore Grand Prix,2023
PIA,59.0,21,Singapore Grand Prix,2023
PIA,60.0,1,Singapore Grand Prix,2023
PIA,61.0,1,Singapore Grand Prix,2023
PIA,62.0,12,Singapore Grand Prix,2023
VER,1.0,124,Japanese Grand Prix,2023
VER,2.0,4,Japanese Grand Prix,2023
VER,3.0,4,Japanese Grand Prix,2023
VER,4.0,41,Japanese Grand Prix,2023
VER,5.0,1,Japanese Grand Prix,2023
VER,6.0,1,Japanese Grand Prix,2023
VER,7.0,1,Japanese Grand Prix,2023
VER,8.0,1,Japanese Grand Prix,2023
VER,9.0,1,Japanese Grand Prix,2023
VER,10.0,1,Japanese Grand Prix,2023
VER,11.0,1,Japanese Grand Prix,2023
VER,12.0,12,Japanese Grand Prix,2023
VER,13.0,1,Japanese Grand Prix,2023
VER,14.0,167,Japanese Grand Prix,2023
VER,15.0,1,Japanese Grand Prix,2023
VER,16.0,1,Japanese Grand Prix,2023
VER,17.0,1,Japanese Grand Prix,2023
VER,18.0,1,Japanese Grand Prix,2023
VER,19.0,1,Japanese Grand Prix,2023
VER,20.0,1,Japanese Grand Prix,2023
VER,21.0,1,Japanese Grand Prix,2023
VER,22.0,1,Japanese Grand Prix,2023
VER,23.0,1,Japanese Grand Prix,2023
VER,24.0,1,Japanese Grand Prix,2023
VER,25.0,1,Japanese Grand Prix,2023
VER,26.0,1,Japanese Grand Prix,2023
VER,27.0,1,Japanese Grand Prix,2023
VER,28.0,1,Japanese Grand Prix,2023
VER,29.0,1,Japanese Grand Prix,2023
VER,30.0,1,Japanese Grand Prix,2023
VER,31.0,1,Japanese Grand Prix,2023
VER,32.0,1,Japanese Grand Prix,2023
VER,33.0,1,Japanese Grand Prix,2023
VER,34.0,1,Japanese Grand Prix,2023
VER,35.0,1,Japanese Grand Prix,2023
VER,36.0,1,Japanese Grand Prix,2023
VER,37.0,1,Japanese Grand Prix,2023
VER,38.0,1,Japanese Grand Prix,2023
VER,39.0,1,Japanese Grand Prix,2023
VER,40.0,1,Japanese Grand Prix,2023
VER,41.0,1,Japanese Grand Prix,2023
VER,42.0,1,Japanese Grand Prix,2023
VER,43.0,1,Japanese Grand Prix,2023
VER,44.0,1,Japanese Grand Prix,2023
VER,45.0,1,Japanese Grand Prix,2023
VER,46.0,1,Japanese Grand Prix,2023
VER,47.0,1,Japanese Grand Prix,2023
VER,48.0,1,Japanese Grand Prix,2023
VER,49.0,1,Japanese Grand Prix,2023
VER,50.0,1,Japanese Grand Prix,2023
VER,51.0,1,Japanese Grand Prix,2023
VER,52.0,1,Japanese Grand Prix,2023
VER,53.0,1,Japanese Grand Prix,2023
NOR,1.0,124,Japanese Grand Prix,2023
NOR,2.0,4,Japanese Grand Prix,2023
NOR,3.0,4,Japanese Grand Prix,2023
NOR,4.0,41,Japanese Grand Prix,2023
NOR,5.0,1,Japanese Grand Prix,2023
NOR,6.0,1,Japanese Grand Prix,2023
NOR,7.0,1,Japanese Grand Prix,2023
NOR,8.0,1,Japanese Grand Prix,2023
NOR,9.0,1,Japanese Grand Prix,2023
NOR,10.0,1,Japanese Grand Prix,2023
NOR,11.0,1,Japanese Grand Prix,2023
NOR,12.0,12,Japanese Grand Prix,2023
NOR,13.0,1,Japanese Grand Prix,2023
NOR,14.0,167,Japanese Grand Prix,2023
NOR,15.0,1,Japanese Grand Prix,2023
NOR,16.0,1,Japanese Grand Prix,2023
NOR,17.0,1,Japanese Grand Prix,2023
NOR,18.0,1,Japanese Grand Prix,2023
NOR,19.0,1,Japanese Grand Prix,2023
NOR,20.0,1,Japanese Grand Prix,2023
NOR,21.0,1,Japanese Grand Prix,2023
NOR,22.0,1,Japanese Grand Prix,2023
NOR,23.0,1,Japanese Grand Prix,2023
NOR,24.0,1,Japanese Grand Prix,2023
NOR,25.0,1,Japanese Grand Prix,2023
NOR,26.0,1,Japanese Grand Prix,2023
NOR,27.0,1,Japanese Grand Prix,2023
NOR,28.0,1,Japanese Grand Prix,2023
NOR,29.0,1,Japanese Grand Prix,2023
NOR,30.0,1,Japanese Grand Prix,2023
NOR,31.0,1,Japanese Grand Prix,2023
NOR,32.0,1,Japanese Grand Prix,2023
NOR,33.0,1,Japanese Grand Prix,2023
NOR,34.0,1,Japanese Grand Prix,2023
NOR,35.0,1,Japanese Grand Prix,2023
NOR,36.0,1,Japanese Grand Prix,2023
NOR,37.0,1,Japanese Grand Prix,2023
NOR,38.0,1,Japanese Grand Prix,2023
NOR,39.0,1,Japanese Grand Prix,2023
NOR,40.0,1,Japanese Grand Prix,2023
NOR,41.0,1,Japanese Grand Prix,2023
NOR,42.0,1,Japanese Grand Prix,2023
NOR,43.0,1,Japanese Grand Prix,2023
NOR,44.0,1,Japanese Grand Prix,2023
NOR,45.0,1,Japanese Grand Prix,2023
NOR,46.0,1,Japanese Grand Prix,2023
NOR,47.0,1,Japanese Grand Prix,2023
NOR,48.0,1,Japanese Grand Prix,2023
NOR,49.0,1,Japanese Grand Prix,2023
NOR,50.0,1,Japanese Grand Prix,2023
NOR,51.0,1,Japanese Grand Prix,2023
NOR,52.0,1,Japanese Grand Prix,2023
NOR,53.0,1,Japanese Grand Prix,2023
PIA,1.0,124,Japanese Grand Prix,2023
PIA,2.0,4,Japanese Grand Prix,2023
PIA,3.0,4,Japanese Grand Prix,2023
PIA,4.0,41,Japanese Grand Prix,2023
PIA,5.0,1,Japanese Grand Prix,2023
PIA,6.0,1,Japanese Grand Prix,2023
PIA,7.0,1,Japanese Grand Prix,2023
PIA,8.0,1,Japanese Grand Prix,2023
PIA,9.0,1,Japanese Grand Prix,2023
PIA,10.0,1,Japanese Grand Prix,2023
PIA,11.0,1,Japanese Grand Prix,2023
PIA,12.0,12,Japanese Grand Prix,2023
PIA,13.0,1,Japanese Grand Prix,2023
PIA,14.0,167,Japanese Grand Prix,2023
PIA,15.0,1,Japanese Grand Prix,2023
PIA,16.0,1,Japanese Grand Prix,2023
PIA,17.0,1,Japanese Grand Prix,2023
PIA,18.0,1,Japanese Grand Prix,2023
PIA,19.0,1,Japanese Grand Prix,2023
PIA,20.0,1,Japanese Grand Prix,2023
PIA,21.0,1,Japanese Grand Prix,2023
PIA,22.0,1,Japanese Grand Prix,2023
PIA,23.0,1,Japanese Grand Prix,2023
PIA,24.0,1,Japanese Grand Prix,2023
PIA,25.0,1,Japanese Grand Prix,2023
PIA,26.0,1,Japanese Grand Prix,2023
PIA,27.0,1,Japanese Grand Prix,2023
PIA,28.0,1,Japanese Grand Prix,2023
PIA,29.0,1,Japanese Grand Prix,2023
PIA,30.0,1,Japanese Grand Prix,2023
PIA,31.0,1,Japanese Grand Prix,2023
PIA,32.0,1,Japanese Grand Prix,2023
PIA,33.0,1,Japanese Grand Prix,2023
PIA,34.0,1,Japanese Grand Prix,2023
PIA,35.0,1,Japanese Grand Prix,2023
PIA,36.0,1,Japanese Grand Prix,2023
PIA,37.0,1,Japanese Grand Prix,2023
PIA,38.0,1,Japanese Grand Prix,2023
PIA,39.0,1,Japanese Grand Prix,2023
PIA,40.0,1,Japanese Grand Prix,2023
PIA,41.0,1,Japanese Grand Prix,2023
PIA,42.0,1,Japanese Grand Prix,2023
PIA,43.0,1,Japanese Grand Prix,2023
PIA,44.0,1,Japanese Grand Prix,2023
PIA,45.0,1,Japanese Grand Prix,2023
PIA,46.0,1,Japanese Grand Prix,2023
PIA,47.0,1,Japanese Grand Prix,2023
PIA,48.0,1,Japanese Grand Prix,2023
PIA,49.0,1,Japanese Grand Prix,2023
PIA,50.0,1,Japanese Grand Prix,2023
PIA,51.0,1,Japanese Grand Prix,2023
PIA,52.0,1,Japanese Grand Prix,2023
PIA,53.0,1,Japanese Grand Prix,2023
LEC,1.0,124,Japanese Grand Prix,2023
LEC,2.0,4,Japanese Grand Prix,2023
LEC,3.0,4,Japanese Grand Prix,2023
LEC,4.0,41,Japanese Grand Prix,2023
LEC,5.0,1,Japanese Grand Prix,2023
LEC,6.0,1,Japanese Grand Prix,2023
LEC,7.0,1,Japanese Grand Prix,2023
LEC,8.0,1,Japanese Grand Prix,2023
LEC,9.0,1,Japanese Grand Prix,2023
LEC,10.0,1,Japanese Grand Prix,2023
LEC,11.0,1,Japanese Grand Prix,2023
LEC,12.0,12,Japanese Grand Prix,2023
LEC,13.0,1,Japanese Grand Prix,2023
LEC,14.0,167,Japanese Grand Prix,2023
LEC,15.0,1,Japanese Grand Prix,2023
LEC,16.0,1,Japanese Grand Prix,2023
LEC,17.0,1,Japanese Grand Prix,2023
LEC,18.0,1,Japanese Grand Prix,2023
LEC,19.0,1,Japanese Grand Prix,2023
LEC,20.0,1,Japanese Grand Prix,2023
LEC,21.0,1,Japanese Grand Prix,2023
LEC,22.0,1,Japanese Grand Prix,2023
LEC,23.0,1,Japanese Grand Prix,2023
LEC,24.0,1,Japanese Grand Prix,2023
LEC,25.0,1,Japanese Grand Prix,2023
LEC,26.0,1,Japanese Grand Prix,2023
LEC,27.0,1,Japanese Grand Prix,2023
LEC,28.0,1,Japanese Grand Prix,2023
LEC,29.0,1,Japanese Grand Prix,2023
LEC,30.0,1,Japanese Grand Prix,2023
LEC,31.0,1,Japanese Grand Prix,2023
LEC,32.0,1,Japanese Grand Prix,2023
LEC,33.0,1,Japanese Grand Prix,2023
LEC,34.0,1,Japanese Grand Prix,2023
LEC,35.0,1,Japanese Grand Prix,2023
LEC,36.0,1,Japanese Grand Prix,2023
LEC,37.0,1,Japanese Grand Prix,2023
LEC,38.0,1,Japanese Grand Prix,2023
LEC,39.0,1,Japanese Grand Prix,2023
LEC,40.0,1,Japanese Grand Prix,2023
LEC,41.0,1,Japanese Grand Prix,2023
LEC,42.0,1,Japanese Grand Prix,2023
LEC,43.0,1,Japanese Grand Prix,2023
LEC,44.0,1,Japanese Grand Prix,2023
LEC,45.0,1,Japanese Grand Prix,2023
LEC,46.0,1,Japanese Grand Prix,2023
LEC,47.0,1,Japanese Grand Prix,2023
LEC,48.0,1,Japanese Grand Prix,2023
LEC,49.0,1,Japanese Grand Prix,2023
LEC,50.0,1,Japanese Grand Prix,2023
LEC,51.0,1,Japanese Grand Prix,2023
LEC,52.0,1,Japanese Grand Prix,2023
LEC,53.0,1,Japanese Grand Prix,2023
HAM,1.0,124,Japanese Grand Prix,2023
HAM,2.0,4,Japanese Grand Prix,2023
HAM,3.0,4,Japanese Grand Prix,2023
HAM,4.0,41,Japanese Grand Prix,2023
HAM,5.0,1,Japanese Grand Prix,2023
HAM,6.0,1,Japanese Grand Prix,2023
HAM,7.0,1,Japanese Grand Prix,2023
HAM,8.0,1,Japanese Grand Prix,2023
HAM,9.0,1,Japanese Grand Prix,2023
HAM,10.0,1,Japanese Grand Prix,2023
HAM,11.0,1,Japanese Grand Prix,2023
HAM,12.0,12,Japanese Grand Prix,2023
HAM,13.0,1,Japanese Grand Prix,2023
HAM,14.0,167,Japanese Grand Prix,2023
HAM,15.0,1,Japanese Grand Prix,2023
HAM,16.0,1,Japanese Grand Prix,2023
HAM,17.0,1,Japanese Grand Prix,2023
HAM,18.0,1,Japanese Grand Prix,2023
HAM,19.0,1,Japanese Grand Prix,2023
HAM,20.0,1,Japanese Grand Prix,2023
HAM,21.0,1,Japanese Grand Prix,2023
HAM,22.0,1,Japanese Grand Prix,2023
HAM,23.0,1,Japanese Grand Prix,2023
HAM,24.0,1,Japanese Grand Prix,2023
HAM,25.0,1,Japanese Grand Prix,2023
HAM,26.0,1,Japanese Grand Prix,2023
HAM,27.0,1,Japanese Grand Prix,2023
HAM,28.0,1,Japanese Grand Prix,2023
HAM,29.0,1,Japanese Grand Prix,2023
HAM,30.0,1,Japanese Grand Prix,2023
HAM,31.0,1,Japanese Grand Prix,2023
HAM,32.0,1,Japanese Grand Prix,2023
HAM,33.0,1,Japanese Grand Prix,2023
HAM,34.0,1,Japanese Grand Prix,2023
HAM,35.0,1,Japanese Grand Prix,2023
HAM,36.0,1,Japanese Grand Prix,2023
HAM,37.0,1,Japanese Grand Prix,2023
HAM,38.0,1,Japanese Grand Prix,2023
HAM,39.0,1,Japanese Grand Prix,2023
HAM,40.0,1,Japanese Grand Prix,2023
HAM,41.0,1,Japanese Grand Prix,2023
HAM,42.0,1,Japanese Grand Prix,2023
HAM,43.0,1,Japanese Grand Prix,2023
HAM,44.0,1,Japanese Grand Prix,2023
HAM,45.0,1,Japanese Grand Prix,2023
HAM,46.0,1,Japanese Grand Prix,2023
HAM,47.0,1,Japanese Grand Prix,2023
HAM,48.0,1,Japanese Grand Prix,2023
HAM,49.0,1,Japanese Grand Prix,2023
HAM,50.0,1,Japanese Grand Prix,2023
HAM,51.0,1,Japanese Grand Prix,2023
HAM,52.0,1,Japanese Grand Prix,2023
HAM,53.0,1,Japanese Grand Prix,2023
SAI,1.0,124,Japanese Grand Prix,2023
SAI,2.0,4,Japanese Grand Prix,2023
SAI,3.0,4,Japanese Grand Prix,2023
SAI,4.0,41,Japanese Grand Prix,2023
SAI,5.0,1,Japanese Grand Prix,2023
SAI,6.0,1,Japanese Grand Prix,2023
SAI,7.0,1,Japanese Grand Prix,2023
SAI,8.0,1,Japanese Grand Prix,2023
SAI,9.0,1,Japanese Grand Prix,2023
SAI,10.0,1,Japanese Grand Prix,2023
SAI,11.0,1,Japanese Grand Prix,2023
SAI,12.0,12,Japanese Grand Prix,2023
SAI,13.0,1,Japanese Grand Prix,2023
SAI,14.0,167,Japanese Grand Prix,2023
SAI,15.0,1,Japanese Grand Prix,2023
SAI,16.0,1,Japanese Grand Prix,2023
SAI,17.0,1,Japanese Grand Prix,2023
SAI,18.0,1,Japanese Grand Prix,2023
SAI,19.0,1,Japanese Grand Prix,2023
SAI,20.0,1,Japanese Grand Prix,2023
SAI,21.0,1,Japanese Grand Prix,2023
SAI,22.0,1,Japanese Grand Prix,2023
SAI,23.0,1,Japanese Grand Prix,2023
SAI,24.0,1,Japanese Grand Prix,2023
SAI,25.0,1,Japanese Grand Prix,2023
SAI,26.0,1,Japanese Grand Prix,2023
SAI,27.0,1,Japanese Grand Prix,2023
SAI,28.0,1,Japanese Grand Prix,2023
SAI,29.0,1,Japanese Grand Prix,2023
SAI,30.0,1,Japanese Grand Prix,2023
SAI,31.0,1,Japanese Grand Prix,2023
SAI,32.0,1,Japanese Grand Prix,2023
SAI,33.0,1,Japanese Grand Prix,2023
SAI,34.0,1,Japanese Grand Prix,2023
SAI,35.0,1,Japanese Grand Prix,2023
SAI,36.0,1,Japanese Grand Prix,2023
SAI,37.0,1,Japanese Grand Prix,2023
SAI,38.0,1,Japanese Grand Prix,2023
SAI,39.0,1,Japanese Grand Prix,2023
SAI,40.0,1,Japanese Grand Prix,2023
SAI,41.0,1,Japanese Grand Prix,2023
SAI,42.0,1,Japanese Grand Prix,2023
SAI,43.0,1,Japanese Grand Prix,2023
SAI,44.0,1,Japanese Grand Prix,2023
SAI,45.0,1,Japanese Grand Prix,2023
SAI,46.0,1,Japanese Grand Prix,2023
SAI,47.0,1,Japanese Grand Prix,2023
SAI,48.0,1,Japanese Grand Prix,2023
SAI,49.0,1,Japanese Grand Prix,2023
SAI,50.0,1,Japanese Grand Prix,2023
SAI,51.0,1,Japanese Grand Prix,2023
SAI,52.0,1,Japanese Grand Prix,2023
SAI,53.0,1,Japanese Grand Prix,2023
RUS,1.0,124,Japanese Grand Prix,2023
RUS,2.0,4,Japanese Grand Prix,2023
RUS,3.0,4,Japanese Grand Prix,2023
RUS,4.0,41,Japanese Grand Prix,2023
RUS,5.0,1,Japanese Grand Prix,2023
RUS,6.0,1,Japanese Grand Prix,2023
RUS,7.0,1,Japanese Grand Prix,2023
RUS,8.0,1,Japanese Grand Prix,2023
RUS,9.0,1,Japanese Grand Prix,2023
RUS,10.0,1,Japanese Grand Prix,2023
RUS,11.0,1,Japanese Grand Prix,2023
RUS,12.0,12,Japanese Grand Prix,2023
RUS,13.0,1,Japanese Grand Prix,2023
RUS,14.0,167,Japanese Grand Prix,2023
RUS,15.0,1,Japanese Grand Prix,2023
RUS,16.0,1,Japanese Grand Prix,2023
RUS,17.0,1,Japanese Grand Prix,2023
RUS,18.0,1,Japanese Grand Prix,2023
RUS,19.0,1,Japanese Grand Prix,2023
RUS,20.0,1,Japanese Grand Prix,2023
RUS,21.0,1,Japanese Grand Prix,2023
RUS,22.0,1,Japanese Grand Prix,2023
RUS,23.0,1,Japanese Grand Prix,2023
RUS,24.0,1,Japanese Grand Prix,2023
RUS,25.0,1,Japanese Grand Prix,2023
RUS,26.0,1,Japanese Grand Prix,2023
RUS,27.0,1,Japanese Grand Prix,2023
RUS,28.0,1,Japanese Grand Prix,2023
RUS,29.0,1,Japanese Grand Prix,2023
RUS,30.0,1,Japanese Grand Prix,2023
RUS,31.0,1,Japanese Grand Prix,2023
RUS,32.0,1,Japanese Grand Prix,2023
RUS,33.0,1,Japanese Grand Prix,2023
RUS,34.0,1,Japanese Grand Prix,2023
RUS,35.0,1,Japanese Grand Prix,2023
RUS,36.0,1,Japanese Grand Prix,2023
RUS,37.0,1,Japanese Grand Prix,2023
RUS,38.0,1,Japanese Grand Prix,2023
RUS,39.0,1,Japanese Grand Prix,2023
RUS,40.0,1,Japanese Grand Prix,2023
RUS,41.0,1,Japanese Grand Prix,2023
RUS,42.0,1,Japanese Grand Prix,2023
RUS,43.0,1,Japanese Grand Prix,2023
RUS,44.0,1,Japanese Grand Prix,2023
RUS,45.0,1,Japanese Grand Prix,2023
RUS,46.0,1,Japanese Grand Prix,2023
RUS,47.0,1,Japanese Grand Prix,2023
RUS,48.0,1,Japanese Grand Prix,2023
RUS,49.0,1,Japanese Grand Prix,2023
RUS,50.0,1,Japanese Grand Prix,2023
RUS,51.0,1,Japanese Grand Prix,2023
RUS,52.0,1,Japanese Grand Prix,2023
RUS,53.0,1,Japanese Grand Prix,2023
ALO,1.0,124,Japanese Grand Prix,2023
ALO,2.0,4,Japanese Grand Prix,2023
ALO,3.0,4,Japanese Grand Prix,2023
ALO,4.0,41,Japanese Grand Prix,2023
ALO,5.0,1,Japanese Grand Prix,2023
ALO,6.0,1,Japanese Grand Prix,2023
ALO,7.0,1,Japanese Grand Prix,2023
ALO,8.0,1,Japanese Grand Prix,2023
ALO,9.0,1,Japanese Grand Prix,2023
ALO,10.0,1,Japanese Grand Prix,2023
ALO,11.0,1,Japanese Grand Prix,2023
ALO,12.0,12,Japanese Grand Prix,2023
ALO,13.0,16,Japanese Grand Prix,2023
ALO,14.0,671,Japanese Grand Prix,2023
ALO,15.0,1,Japanese Grand Prix,2023
ALO,16.0,1,Japanese Grand Prix,2023
ALO,17.0,1,Japanese Grand Prix,2023
ALO,18.0,1,Japanese Grand Prix,2023
ALO,19.0,1,Japanese Grand Prix,2023
ALO,20.0,1,Japanese Grand Prix,2023
ALO,21.0,1,Japanese Grand Prix,2023
ALO,22.0,1,Japanese Grand Prix,2023
ALO,23.0,1,Japanese Grand Prix,2023
ALO,24.0,1,Japanese Grand Prix,2023
ALO,25.0,1,Japanese Grand Prix,2023
ALO,26.0,1,Japanese Grand Prix,2023
ALO,27.0,1,Japanese Grand Prix,2023
ALO,28.0,1,Japanese Grand Prix,2023
ALO,29.0,1,Japanese Grand Prix,2023
ALO,30.0,1,Japanese Grand Prix,2023
ALO,31.0,1,Japanese Grand Prix,2023
ALO,32.0,1,Japanese Grand Prix,2023
ALO,33.0,1,Japanese Grand Prix,2023
ALO,34.0,1,Japanese Grand Prix,2023
ALO,35.0,1,Japanese Grand Prix,2023
ALO,36.0,1,Japanese Grand Prix,2023
ALO,37.0,1,Japanese Grand Prix,2023
ALO,38.0,1,Japanese Grand Prix,2023
ALO,39.0,1,Japanese Grand Prix,2023
ALO,40.0,1,Japanese Grand Prix,2023
ALO,41.0,1,Japanese Grand Prix,2023
ALO,42.0,1,Japanese Grand Prix,2023
ALO,43.0,1,Japanese Grand Prix,2023
ALO,44.0,1,Japanese Grand Prix,2023
ALO,45.0,1,Japanese Grand Prix,2023
ALO,46.0,1,Japanese Grand Prix,2023
ALO,47.0,1,Japanese Grand Prix,2023
ALO,48.0,1,Japanese Grand Prix,2023
ALO,49.0,1,Japanese Grand Prix,2023
ALO,50.0,1,Japanese Grand Prix,2023
ALO,51.0,1,Japanese Grand Prix,2023
ALO,52.0,1,Japanese Grand Prix,2023
ALO,53.0,1,Japanese Grand Prix,2023
OCO,1.0,124,Japanese Grand Prix,2023
OCO,2.0,4,Japanese Grand Prix,2023
OCO,3.0,4,Japanese Grand Prix,2023
OCO,4.0,41,Japanese Grand Prix,2023
OCO,5.0,1,Japanese Grand Prix,2023
OCO,6.0,1,Japanese Grand Prix,2023
OCO,7.0,1,Japanese Grand Prix,2023
OCO,8.0,1,Japanese Grand Prix,2023
OCO,9.0,1,Japanese Grand Prix,2023
OCO,10.0,1,Japanese Grand Prix,2023
OCO,11.0,1,Japanese Grand Prix,2023
OCO,12.0,12,Japanese Grand Prix,2023
OCO,13.0,16,Japanese Grand Prix,2023
OCO,14.0,671,Japanese Grand Prix,2023
OCO,15.0,1,Japanese Grand Prix,2023
OCO,16.0,1,Japanese Grand Prix,2023
OCO,17.0,1,Japanese Grand Prix,2023
OCO,18.0,1,Japanese Grand Prix,2023
OCO,19.0,1,Japanese Grand Prix,2023
OCO,20.0,1,Japanese Grand Prix,2023
OCO,21.0,1,Japanese Grand Prix,2023
OCO,22.0,1,Japanese Grand Prix,2023
OCO,23.0,1,Japanese Grand Prix,2023
OCO,24.0,1,Japanese Grand Prix,2023
OCO,25.0,1,Japanese Grand Prix,2023
OCO,26.0,1,Japanese Grand Prix,2023
OCO,27.0,1,Japanese Grand Prix,2023
OCO,28.0,1,Japanese Grand Prix,2023
OCO,29.0,1,Japanese Grand Prix,2023
OCO,30.0,1,Japanese Grand Prix,2023
OCO,31.0,1,Japanese Grand Prix,2023
OCO,32.0,1,Japanese Grand Prix,2023
OCO,33.0,1,Japanese Grand Prix,2023
OCO,34.0,1,Japanese Grand Prix,2023
OCO,35.0,1,Japanese Grand Prix,2023
OCO,36.0,1,Japanese Grand Prix,2023
OCO,37.0,1,Japanese Grand Prix,2023
OCO,38.0,1,Japanese Grand Prix,2023
OCO,39.0,1,Japanese Grand Prix,2023
OCO,40.0,1,Japanese Grand Prix,2023
OCO,41.0,1,Japanese Grand Prix,2023
OCO,42.0,1,Japanese Grand Prix,2023
OCO,43.0,1,Japanese Grand Prix,2023
OCO,44.0,1,Japanese Grand Prix,2023
OCO,45.0,1,Japanese Grand Prix,2023
OCO,46.0,1,Japanese Grand Prix,2023
OCO,47.0,1,Japanese Grand Prix,2023
OCO,48.0,1,Japanese Grand Prix,2023
OCO,49.0,1,Japanese Grand Prix,2023
OCO,50.0,1,Japanese Grand Prix,2023
OCO,51.0,1,Japanese Grand Prix,2023
OCO,52.0,1,Japanese Grand Prix,2023
OCO,53.0,1,Japanese Grand Prix,2023
GAS,1.0,124,Japanese Grand Prix,2023
GAS,2.0,4,Japanese Grand Prix,2023
GAS,3.0,4,Japanese Grand Prix,2023
GAS,4.0,41,Japanese Grand Prix,2023
GAS,5.0,1,Japanese Grand Prix,2023
GAS,6.0,1,Japanese Grand Prix,2023
GAS,7.0,1,Japanese Grand Prix,2023
GAS,8.0,1,Japanese Grand Prix,2023
GAS,9.0,1,Japanese Grand Prix,2023
GAS,10.0,1,Japanese Grand Prix,2023
GAS,11.0,1,Japanese Grand Prix,2023
GAS,12.0,12,Japanese Grand Prix,2023
GAS,13.0,16,Japanese Grand Prix,2023
GAS,14.0,671,Japanese Grand Prix,2023
GAS,15.0,1,Japanese Grand Prix,2023
GAS,16.0,1,Japanese Grand Prix,2023
GAS,17.0,1,Japanese Grand Prix,2023
GAS,18.0,1,Japanese Grand Prix,2023
GAS,19.0,1,Japanese Grand Prix,2023
GAS,20.0,1,Japanese Grand Prix,2023
GAS,21.0,1,Japanese Grand Prix,2023
GAS,22.0,1,Japanese Grand Prix,2023
GAS,23.0,1,Japanese Grand Prix,2023
GAS,24.0,1,Japanese Grand Prix,2023
GAS,25.0,1,Japanese Grand Prix,2023
GAS,26.0,1,Japanese Grand Prix,2023
GAS,27.0,1,Japanese Grand Prix,2023
GAS,28.0,1,Japanese Grand Prix,2023
GAS,29.0,1,Japanese Grand Prix,2023
GAS,30.0,1,Japanese Grand Prix,2023
GAS,31.0,1,Japanese Grand Prix,2023
GAS,32.0,1,Japanese Grand Prix,2023
GAS,33.0,1,Japanese Grand Prix,2023
GAS,34.0,1,Japanese Grand Prix,2023
GAS,35.0,1,Japanese Grand Prix,2023
GAS,36.0,1,Japanese Grand Prix,2023
GAS,37.0,1,Japanese Grand Prix,2023
GAS,38.0,1,Japanese Grand Prix,2023
GAS,39.0,1,Japanese Grand Prix,2023
GAS,40.0,1,Japanese Grand Prix,2023
GAS,41.0,1,Japanese Grand Prix,2023
GAS,42.0,1,Japanese Grand Prix,2023
GAS,43.0,1,Japanese Grand Prix,2023
GAS,44.0,1,Japanese Grand Prix,2023
GAS,45.0,1,Japanese Grand Prix,2023
GAS,46.0,1,Japanese Grand Prix,2023
GAS,47.0,1,Japanese Grand Prix,2023
GAS,48.0,1,Japanese Grand Prix,2023
GAS,49.0,1,Japanese Grand Prix,2023
GAS,50.0,1,Japanese Grand Prix,2023
GAS,51.0,1,Japanese Grand Prix,2023
GAS,52.0,1,Japanese Grand Prix,2023
GAS,53.0,1,Japanese Grand Prix,2023
LAW,1.0,124,Japanese Grand Prix,2023
LAW,2.0,4,Japanese Grand Prix,2023
LAW,3.0,4,Japanese Grand Prix,2023
LAW,4.0,41,Japanese Grand Prix,2023
LAW,5.0,1,Japanese Grand Prix,2023
LAW,6.0,1,Japanese Grand Prix,2023
LAW,7.0,1,Japanese Grand Prix,2023
LAW,8.0,1,Japanese Grand Prix,2023
LAW,9.0,1,Japanese Grand Prix,2023
LAW,10.0,1,Japanese Grand Prix,2023
LAW,11.0,1,Japanese Grand Prix,2023
LAW,12.0,12,Japanese Grand Prix,2023
LAW,13.0,16,Japanese Grand Prix,2023
LAW,14.0,671,Japanese Grand Prix,2023
LAW,15.0,1,Japanese Grand Prix,2023
LAW,16.0,1,Japanese Grand Prix,2023
LAW,17.0,1,Japanese Grand Prix,2023
LAW,18.0,1,Japanese Grand Prix,2023
LAW,19.0,1,Japanese Grand Prix,2023
LAW,20.0,1,Japanese Grand Prix,2023
LAW,21.0,1,Japanese Grand Prix,2023
LAW,22.0,1,Japanese Grand Prix,2023
LAW,23.0,1,Japanese Grand Prix,2023
LAW,24.0,1,Japanese Grand Prix,2023
LAW,25.0,1,Japanese Grand Prix,2023
LAW,26.0,1,Japanese Grand Prix,2023
LAW,27.0,1,Japanese Grand Prix,2023
LAW,28.0,1,Japanese Grand Prix,2023
LAW,29.0,1,Japanese Grand Prix,2023
LAW,30.0,1,Japanese Grand Prix,2023
LAW,31.0,1,Japanese Grand Prix,2023
LAW,32.0,1,Japanese Grand Prix,2023
LAW,33.0,1,Japanese Grand Prix,2023
LAW,34.0,1,Japanese Grand Prix,2023
LAW,35.0,1,Japanese Grand Prix,2023
LAW,36.0,1,Japanese Grand Prix,2023
LAW,37.0,1,Japanese Grand Prix,2023
LAW,38.0,1,Japanese Grand Prix,2023
LAW,39.0,1,Japanese Grand Prix,2023
LAW,40.0,1,Japanese Grand Prix,2023
LAW,41.0,1,Japanese Grand Prix,2023
LAW,42.0,1,Japanese Grand Prix,2023
LAW,43.0,1,Japanese Grand Prix,2023
LAW,44.0,1,Japanese Grand Prix,2023
LAW,45.0,1,Japanese Grand Prix,2023
LAW,46.0,1,Japanese Grand Prix,2023
LAW,47.0,1,Japanese Grand Prix,2023
LAW,48.0,1,Japanese Grand Prix,2023
LAW,49.0,1,Japanese Grand Prix,2023
LAW,50.0,1,Japanese Grand Prix,2023
LAW,51.0,1,Japanese Grand Prix,2023
LAW,52.0,1,Japanese Grand Prix,2023
TSU,1.0,124,Japanese Grand Prix,2023
TSU,2.0,4,Japanese Grand Prix,2023
TSU,3.0,4,Japanese Grand Prix,2023
TSU,4.0,41,Japanese Grand Prix,2023
TSU,5.0,1,Japanese Grand Prix,2023
TSU,6.0,1,Japanese Grand Prix,2023
TSU,7.0,1,Japanese Grand Prix,2023
TSU,8.0,1,Japanese Grand Prix,2023
TSU,9.0,1,Japanese Grand Prix,2023
TSU,10.0,1,Japanese Grand Prix,2023
TSU,11.0,1,Japanese Grand Prix,2023
TSU,12.0,12,Japanese Grand Prix,2023
TSU,13.0,16,Japanese Grand Prix,2023
TSU,14.0,671,Japanese Grand Prix,2023
TSU,15.0,1,Japanese Grand Prix,2023
TSU,16.0,1,Japanese Grand Prix,2023
TSU,17.0,1,Japanese Grand Prix,2023
TSU,18.0,1,Japanese Grand Prix,2023
TSU,19.0,1,Japanese Grand Prix,2023
TSU,20.0,1,Japanese Grand Prix,2023
TSU,21.0,1,Japanese Grand Prix,2023
TSU,22.0,1,Japanese Grand Prix,2023
TSU,23.0,1,Japanese Grand Prix,2023
TSU,24.0,1,Japanese Grand Prix,2023
TSU,25.0,1,Japanese Grand Prix,2023
TSU,26.0,1,Japanese Grand Prix,2023
TSU,27.0,1,Japanese Grand Prix,2023
TSU,28.0,1,Japanese Grand Prix,2023
TSU,29.0,1,Japanese Grand Prix,2023
TSU,30.0,1,Japanese Grand Prix,2023
TSU,31.0,1,Japanese Grand Prix,2023
TSU,32.0,1,Japanese Grand Prix,2023
TSU,33.0,1,Japanese Grand Prix,2023
TSU,34.0,1,Japanese Grand Prix,2023
TSU,35.0,1,Japanese Grand Prix,2023
TSU,36.0,1,Japanese Grand Prix,2023
TSU,37.0,1,Japanese Grand Prix,2023
TSU,38.0,1,Japanese Grand Prix,2023
TSU,39.0,1,Japanese Grand Prix,2023
TSU,40.0,1,Japanese Grand Prix,2023
TSU,41.0,1,Japanese Grand Prix,2023
TSU,42.0,1,Japanese Grand Prix,2023
TSU,43.0,1,Japanese Grand Prix,2023
TSU,44.0,1,Japanese Grand Prix,2023
TSU,45.0,1,Japanese Grand Prix,2023
TSU,46.0,1,Japanese Grand Prix,2023
TSU,47.0,1,Japanese Grand Prix,2023
TSU,48.0,1,Japanese Grand Prix,2023
TSU,49.0,1,Japanese Grand Prix,2023
TSU,50.0,1,Japanese Grand Prix,2023
TSU,51.0,1,Japanese Grand Prix,2023
TSU,52.0,1,Japanese Grand Prix,2023
ZHO,1.0,124,Japanese Grand Prix,2023
ZHO,2.0,4,Japanese Grand Prix,2023
ZHO,3.0,4,Japanese Grand Prix,2023
ZHO,4.0,41,Japanese Grand Prix,2023
ZHO,5.0,1,Japanese Grand Prix,2023
ZHO,6.0,1,Japanese Grand Prix,2023
ZHO,7.0,1,Japanese Grand Prix,2023
ZHO,8.0,1,Japanese Grand Prix,2023
ZHO,9.0,1,Japanese Grand Prix,2023
ZHO,10.0,1,Japanese Grand Prix,2023
ZHO,11.0,1,Japanese Grand Prix,2023
ZHO,12.0,12,Japanese Grand Prix,2023
ZHO,13.0,16,Japanese Grand Prix,2023
ZHO,14.0,671,Japanese Grand Prix,2023
ZHO,15.0,1,Japanese Grand Prix,2023
ZHO,16.0,1,Japanese Grand Prix,2023
ZHO,17.0,1,Japanese Grand Prix,2023
ZHO,18.0,1,Japanese Grand Prix,2023
ZHO,19.0,1,Japanese Grand Prix,2023
ZHO,20.0,1,Japanese Grand Prix,2023
ZHO,21.0,1,Japanese Grand Prix,2023
ZHO,22.0,1,Japanese Grand Prix,2023
ZHO,23.0,1,Japanese Grand Prix,2023
ZHO,24.0,1,Japanese Grand Prix,2023
ZHO,25.0,1,Japanese Grand Prix,2023
ZHO,26.0,1,Japanese Grand Prix,2023
ZHO,27.0,1,Japanese Grand Prix,2023
ZHO,28.0,1,Japanese Grand Prix,2023
ZHO,29.0,1,Japanese Grand Prix,2023
ZHO,30.0,1,Japanese Grand Prix,2023
ZHO,31.0,1,Japanese Grand Prix,2023
ZHO,32.0,1,Japanese Grand Prix,2023
ZHO,33.0,1,Japanese Grand Prix,2023
ZHO,34.0,1,Japanese Grand Prix,2023
ZHO,35.0,1,Japanese Grand Prix,2023
ZHO,36.0,1,Japanese Grand Prix,2023
ZHO,37.0,1,Japanese Grand Prix,2023
ZHO,38.0,1,Japanese Grand Prix,2023
ZHO,39.0,1,Japanese Grand Prix,2023
ZHO,40.0,1,Japanese Grand Prix,2023
ZHO,41.0,1,Japanese Grand Prix,2023
ZHO,42.0,1,Japanese Grand Prix,2023
ZHO,43.0,1,Japanese Grand Prix,2023
ZHO,44.0,1,Japanese Grand Prix,2023
ZHO,45.0,1,Japanese Grand Prix,2023
ZHO,46.0,1,Japanese Grand Prix,2023
ZHO,47.0,1,Japanese Grand Prix,2023
ZHO,48.0,1,Japanese Grand Prix,2023
ZHO,49.0,1,Japanese Grand Prix,2023
ZHO,50.0,1,Japanese Grand Prix,2023
ZHO,51.0,1,Japanese Grand Prix,2023
ZHO,52.0,1,Japanese Grand Prix,2023
HUL,1.0,124,Japanese Grand Prix,2023
HUL,2.0,4,Japanese Grand Prix,2023
HUL,3.0,4,Japanese Grand Prix,2023
HUL,4.0,41,Japanese Grand Prix,2023
HUL,5.0,1,Japanese Grand Prix,2023
HUL,6.0,1,Japanese Grand Prix,2023
HUL,7.0,1,Japanese Grand Prix,2023
HUL,8.0,1,Japanese Grand Prix,2023
HUL,9.0,1,Japanese Grand Prix,2023
HUL,10.0,1,Japanese Grand Prix,2023
HUL,11.0,1,Japanese Grand Prix,2023
HUL,12.0,12,Japanese Grand Prix,2023
HUL,13.0,16,Japanese Grand Prix,2023
HUL,14.0,671,Japanese Grand Prix,2023
HUL,15.0,1,Japanese Grand Prix,2023
HUL,16.0,1,Japanese Grand Prix,2023
HUL,17.0,1,Japanese Grand Prix,2023
HUL,18.0,1,Japanese Grand Prix,2023
HUL,19.0,1,Japanese Grand Prix,2023
HUL,20.0,1,Japanese Grand Prix,2023
HUL,21.0,1,Japanese Grand Prix,2023
HUL,22.0,1,Japanese Grand Prix,2023
HUL,23.0,1,Japanese Grand Prix,2023
HUL,24.0,1,Japanese Grand Prix,2023
HUL,25.0,1,Japanese Grand Prix,2023
HUL,26.0,1,Japanese Grand Prix,2023
HUL,27.0,1,Japanese Grand Prix,2023
HUL,28.0,1,Japanese Grand Prix,2023
HUL,29.0,1,Japanese Grand Prix,2023
HUL,30.0,1,Japanese Grand Prix,2023
HUL,31.0,1,Japanese Grand Prix,2023
HUL,32.0,1,Japanese Grand Prix,2023
HUL,33.0,1,Japanese Grand Prix,2023
HUL,34.0,1,Japanese Grand Prix,2023
HUL,35.0,1,Japanese Grand Prix,2023
HUL,36.0,1,Japanese Grand Prix,2023
HUL,37.0,1,Japanese Grand Prix,2023
HUL,38.0,1,Japanese Grand Prix,2023
HUL,39.0,1,Japanese Grand Prix,2023
HUL,40.0,1,Japanese Grand Prix,2023
HUL,41.0,1,Japanese Grand Prix,2023
HUL,42.0,1,Japanese Grand Prix,2023
HUL,43.0,1,Japanese Grand Prix,2023
HUL,44.0,1,Japanese Grand Prix,2023
HUL,45.0,1,Japanese Grand Prix,2023
HUL,46.0,1,Japanese Grand Prix,2023
HUL,47.0,1,Japanese Grand Prix,2023
HUL,48.0,1,Japanese Grand Prix,2023
HUL,49.0,1,Japanese Grand Prix,2023
HUL,50.0,1,Japanese Grand Prix,2023
HUL,51.0,1,Japanese Grand Prix,2023
HUL,52.0,1,Japanese Grand Prix,2023
MAG,1.0,124,Japanese Grand Prix,2023
MAG,2.0,4,Japanese Grand Prix,2023
MAG,3.0,4,Japanese Grand Prix,2023
MAG,4.0,41,Japanese Grand Prix,2023
MAG,5.0,1,Japanese Grand Prix,2023
MAG,6.0,1,Japanese Grand Prix,2023
MAG,7.0,1,Japanese Grand Prix,2023
MAG,8.0,1,Japanese Grand Prix,2023
MAG,9.0,1,Japanese Grand Prix,2023
MAG,10.0,1,Japanese Grand Prix,2023
MAG,11.0,1,Japanese Grand Prix,2023
MAG,12.0,12,Japanese Grand Prix,2023
MAG,13.0,167,Japanese Grand Prix,2023
MAG,14.0,71,Japanese Grand Prix,2023
MAG,15.0,1,Japanese Grand Prix,2023
MAG,16.0,1,Japanese Grand Prix,2023
MAG,17.0,1,Japanese Grand Prix,2023
MAG,18.0,1,Japanese Grand Prix,2023
MAG,19.0,1,Japanese Grand Prix,2023
MAG,20.0,1,Japanese Grand Prix,2023
MAG,21.0,1,Japanese Grand Prix,2023
MAG,22.0,1,Japanese Grand Prix,2023
MAG,23.0,1,Japanese Grand Prix,2023
MAG,24.0,1,Japanese Grand Prix,2023
MAG,25.0,1,Japanese Grand Prix,2023
MAG,26.0,1,Japanese Grand Prix,2023
MAG,27.0,1,Japanese Grand Prix,2023
MAG,28.0,1,Japanese Grand Prix,2023
MAG,29.0,1,Japanese Grand Prix,2023
MAG,30.0,1,Japanese Grand Prix,2023
MAG,31.0,1,Japanese Grand Prix,2023
MAG,32.0,1,Japanese Grand Prix,2023
MAG,33.0,1,Japanese Grand Prix,2023
MAG,34.0,1,Japanese Grand Prix,2023
MAG,35.0,1,Japanese Grand Prix,2023
MAG,36.0,1,Japanese Grand Prix,2023
MAG,37.0,1,Japanese Grand Prix,2023
MAG,38.0,1,Japanese Grand Prix,2023
MAG,39.0,1,Japanese Grand Prix,2023
MAG,40.0,1,Japanese Grand Prix,2023
MAG,41.0,1,Japanese Grand Prix,2023
MAG,42.0,1,Japanese Grand Prix,2023
MAG,43.0,1,Japanese Grand Prix,2023
MAG,44.0,1,Japanese Grand Prix,2023
MAG,45.0,1,Japanese Grand Prix,2023
MAG,46.0,1,Japanese Grand Prix,2023
MAG,47.0,1,Japanese Grand Prix,2023
MAG,48.0,1,Japanese Grand Prix,2023
MAG,49.0,1,Japanese Grand Prix,2023
MAG,50.0,1,Japanese Grand Prix,2023
MAG,51.0,1,Japanese Grand Prix,2023
MAG,52.0,1,Japanese Grand Prix,2023
ALB,1.0,124,Japanese Grand Prix,2023
ALB,2.0,4,Japanese Grand Prix,2023
ALB,3.0,4,Japanese Grand Prix,2023
ALB,4.0,41,Japanese Grand Prix,2023
ALB,5.0,1,Japanese Grand Prix,2023
ALB,6.0,1,Japanese Grand Prix,2023
ALB,7.0,1,Japanese Grand Prix,2023
ALB,8.0,1,Japanese Grand Prix,2023
ALB,9.0,1,Japanese Grand Prix,2023
ALB,10.0,1,Japanese Grand Prix,2023
ALB,11.0,1,Japanese Grand Prix,2023
ALB,12.0,12,Japanese Grand Prix,2023
ALB,13.0,16,Japanese Grand Prix,2023
ALB,14.0,671,Japanese Grand Prix,2023
ALB,15.0,1,Japanese Grand Prix,2023
ALB,16.0,1,Japanese Grand Prix,2023
ALB,17.0,1,Japanese Grand Prix,2023
ALB,18.0,1,Japanese Grand Prix,2023
ALB,19.0,1,Japanese Grand Prix,2023
ALB,20.0,1,Japanese Grand Prix,2023
ALB,21.0,1,Japanese Grand Prix,2023
ALB,22.0,1,Japanese Grand Prix,2023
ALB,23.0,1,Japanese Grand Prix,2023
ALB,24.0,1,Japanese Grand Prix,2023
ALB,25.0,1,Japanese Grand Prix,2023
ALB,26.0,1,Japanese Grand Prix,2023
SAR,1.0,124,Japanese Grand Prix,2023
SAR,2.0,4,Japanese Grand Prix,2023
SAR,3.0,4,Japanese Grand Prix,2023
SAR,4.0,41,Japanese Grand Prix,2023
SAR,5.0,1,Japanese Grand Prix,2023
SAR,6.0,1,Japanese Grand Prix,2023
SAR,7.0,1,Japanese Grand Prix,2023
SAR,8.0,1,Japanese Grand Prix,2023
SAR,9.0,1,Japanese Grand Prix,2023
SAR,10.0,1,Japanese Grand Prix,2023
SAR,11.0,1,Japanese Grand Prix,2023
SAR,12.0,12,Japanese Grand Prix,2023
SAR,13.0,167,Japanese Grand Prix,2023
SAR,14.0,71,Japanese Grand Prix,2023
SAR,15.0,1,Japanese Grand Prix,2023
SAR,16.0,1,Japanese Grand Prix,2023
SAR,17.0,1,Japanese Grand Prix,2023
SAR,18.0,1,Japanese Grand Prix,2023
SAR,19.0,1,Japanese Grand Prix,2023
SAR,20.0,1,Japanese Grand Prix,2023
SAR,21.0,1,Japanese Grand Prix,2023
SAR,22.0,1,Japanese Grand Prix,2023
STR,1.0,124,Japanese Grand Prix,2023
STR,2.0,4,Japanese Grand Prix,2023
STR,3.0,4,Japanese Grand Prix,2023
STR,4.0,41,Japanese Grand Prix,2023
STR,5.0,1,Japanese Grand Prix,2023
STR,6.0,1,Japanese Grand Prix,2023
STR,7.0,1,Japanese Grand Prix,2023
STR,8.0,1,Japanese Grand Prix,2023
STR,9.0,1,Japanese Grand Prix,2023
STR,10.0,1,Japanese Grand Prix,2023
STR,11.0,1,Japanese Grand Prix,2023
STR,12.0,12,Japanese Grand Prix,2023
STR,13.0,16,Japanese Grand Prix,2023
STR,14.0,671,Japanese Grand Prix,2023
STR,15.0,1,Japanese Grand Prix,2023
STR,16.0,1,Japanese Grand Prix,2023
STR,17.0,1,Japanese Grand Prix,2023
STR,18.0,1,Japanese Grand Prix,2023
STR,19.0,1,Japanese Grand Prix,2023
STR,20.0,1,Japanese Grand Prix,2023
PER,1.0,124,Japanese Grand Prix,2023
PER,2.0,4,Japanese Grand Prix,2023
PER,3.0,4,Japanese Grand Prix,2023
PER,4.0,41,Japanese Grand Prix,2023
PER,5.0,1,Japanese Grand Prix,2023
PER,6.0,1,Japanese Grand Prix,2023
PER,7.0,1,Japanese Grand Prix,2023
PER,8.0,1,Japanese Grand Prix,2023
PER,9.0,1,Japanese Grand Prix,2023
PER,10.0,1,Japanese Grand Prix,2023
PER,11.0,1,Japanese Grand Prix,2023
PER,12.0,12,Japanese Grand Prix,2023
PER,13.0,167,Japanese Grand Prix,2023
PER,14.0,1,Japanese Grand Prix,2023
PER,15.0,1,Japanese Grand Prix,2023
BOT,1.0,124,Japanese Grand Prix,2023
BOT,2.0,4,Japanese Grand Prix,2023
BOT,3.0,4,Japanese Grand Prix,2023
BOT,4.0,41,Japanese Grand Prix,2023
BOT,5.0,1,Japanese Grand Prix,2023
BOT,6.0,1,Japanese Grand Prix,2023
BOT,7.0,1,Japanese Grand Prix,2023
VER,1.0,124,Qatar Grand Prix,2023
VER,2.0,4,Qatar Grand Prix,2023
VER,3.0,4,Qatar Grand Prix,2023
VER,4.0,41,Qatar Grand Prix,2023
VER,5.0,1,Qatar Grand Prix,2023
VER,6.0,1,Qatar Grand Prix,2023
VER,7.0,1,Qatar Grand Prix,2023
VER,8.0,1,Qatar Grand Prix,2023
VER,9.0,1,Qatar Grand Prix,2023
VER,10.0,1,Qatar Grand Prix,2023
VER,11.0,1,Qatar Grand Prix,2023
VER,12.0,1,Qatar Grand Prix,2023
VER,13.0,1,Qatar Grand Prix,2023
VER,14.0,1,Qatar Grand Prix,2023
VER,15.0,1,Qatar Grand Prix,2023
VER,16.0,1,Qatar Grand Prix,2023
VER,17.0,1,Qatar Grand Prix,2023
VER,18.0,1,Qatar Grand Prix,2023
VER,19.0,1,Qatar Grand Prix,2023
VER,20.0,1,Qatar Grand Prix,2023
VER,21.0,1,Qatar Grand Prix,2023
VER,22.0,1,Qatar Grand Prix,2023
VER,23.0,1,Qatar Grand Prix,2023
VER,24.0,1,Qatar Grand Prix,2023
VER,25.0,1,Qatar Grand Prix,2023
VER,26.0,1,Qatar Grand Prix,2023
VER,27.0,1,Qatar Grand Prix,2023
VER,28.0,1,Qatar Grand Prix,2023
VER,29.0,1,Qatar Grand Prix,2023
VER,30.0,1,Qatar Grand Prix,2023
VER,31.0,1,Qatar Grand Prix,2023
VER,32.0,1,Qatar Grand Prix,2023
VER,33.0,12,Qatar Grand Prix,2023
VER,34.0,1,Qatar Grand Prix,2023
VER,35.0,1,Qatar Grand Prix,2023
VER,36.0,1,Qatar Grand Prix,2023
VER,37.0,1,Qatar Grand Prix,2023
VER,38.0,1,Qatar Grand Prix,2023
VER,39.0,1,Qatar Grand Prix,2023
VER,40.0,1,Qatar Grand Prix,2023
VER,41.0,12,Qatar Grand Prix,2023
VER,42.0,1,Qatar Grand Prix,2023
VER,43.0,1,Qatar Grand Prix,2023
VER,44.0,1,Qatar Grand Prix,2023
VER,45.0,1,Qatar Grand Prix,2023
VER,46.0,1,Qatar Grand Prix,2023
VER,47.0,1,Qatar Grand Prix,2023
VER,48.0,1,Qatar Grand Prix,2023
VER,49.0,1,Qatar Grand Prix,2023
VER,50.0,1,Qatar Grand Prix,2023
VER,51.0,1,Qatar Grand Prix,2023
VER,52.0,1,Qatar Grand Prix,2023
VER,53.0,1,Qatar Grand Prix,2023
VER,54.0,1,Qatar Grand Prix,2023
VER,55.0,1,Qatar Grand Prix,2023
VER,56.0,1,Qatar Grand Prix,2023
VER,57.0,1,Qatar Grand Prix,2023
PIA,1.0,124,Qatar Grand Prix,2023
PIA,2.0,4,Qatar Grand Prix,2023
PIA,3.0,4,Qatar Grand Prix,2023
PIA,4.0,41,Qatar Grand Prix,2023
PIA,5.0,1,Qatar Grand Prix,2023
PIA,6.0,1,Qatar Grand Prix,2023
PIA,7.0,1,Qatar Grand Prix,2023
PIA,8.0,1,Qatar Grand Prix,2023
PIA,9.0,1,Qatar Grand Prix,2023
PIA,10.0,1,Qatar Grand Prix,2023
PIA,11.0,1,Qatar Grand Prix,2023
PIA,12.0,1,Qatar Grand Prix,2023
PIA,13.0,1,Qatar Grand Prix,2023
PIA,14.0,1,Qatar Grand Prix,2023
PIA,15.0,1,Qatar Grand Prix,2023
PIA,16.0,1,Qatar Grand Prix,2023
PIA,17.0,1,Qatar Grand Prix,2023
PIA,18.0,1,Qatar Grand Prix,2023
PIA,19.0,1,Qatar Grand Prix,2023
PIA,20.0,1,Qatar Grand Prix,2023
PIA,21.0,1,Qatar Grand Prix,2023
PIA,22.0,1,Qatar Grand Prix,2023
PIA,23.0,1,Qatar Grand Prix,2023
PIA,24.0,1,Qatar Grand Prix,2023
PIA,25.0,1,Qatar Grand Prix,2023
PIA,26.0,1,Qatar Grand Prix,2023
PIA,27.0,1,Qatar Grand Prix,2023
PIA,28.0,1,Qatar Grand Prix,2023
PIA,29.0,1,Qatar Grand Prix,2023
PIA,30.0,1,Qatar Grand Prix,2023
PIA,31.0,1,Qatar Grand Prix,2023
PIA,32.0,1,Qatar Grand Prix,2023
PIA,33.0,12,Qatar Grand Prix,2023
PIA,34.0,1,Qatar Grand Prix,2023
PIA,35.0,1,Qatar Grand Prix,2023
PIA,36.0,1,Qatar Grand Prix,2023
PIA,37.0,1,Qatar Grand Prix,2023
PIA,38.0,1,Qatar Grand Prix,2023
PIA,39.0,1,Qatar Grand Prix,2023
PIA,40.0,1,Qatar Grand Prix,2023
PIA,41.0,12,Qatar Grand Prix,2023
PIA,42.0,1,Qatar Grand Prix,2023
PIA,43.0,1,Qatar Grand Prix,2023
PIA,44.0,1,Qatar Grand Prix,2023
PIA,45.0,1,Qatar Grand Prix,2023
PIA,46.0,1,Qatar Grand Prix,2023
PIA,47.0,1,Qatar Grand Prix,2023
PIA,48.0,1,Qatar Grand Prix,2023
PIA,49.0,1,Qatar Grand Prix,2023
PIA,50.0,1,Qatar Grand Prix,2023
PIA,51.0,1,Qatar Grand Prix,2023
PIA,52.0,1,Qatar Grand Prix,2023
PIA,53.0,1,Qatar Grand Prix,2023
PIA,54.0,1,Qatar Grand Prix,2023
PIA,55.0,1,Qatar Grand Prix,2023
PIA,56.0,1,Qatar Grand Prix,2023
PIA,57.0,1,Qatar Grand Prix,2023
NOR,1.0,124,Qatar Grand Prix,2023
NOR,2.0,4,Qatar Grand Prix,2023
NOR,3.0,4,Qatar Grand Prix,2023
NOR,4.0,41,Qatar Grand Prix,2023
NOR,5.0,1,Qatar Grand Prix,2023
NOR,6.0,1,Qatar Grand Prix,2023
NOR,7.0,1,Qatar Grand Prix,2023
NOR,8.0,1,Qatar Grand Prix,2023
NOR,9.0,1,Qatar Grand Prix,2023
NOR,10.0,1,Qatar Grand Prix,2023
NOR,11.0,1,Qatar Grand Prix,2023
NOR,12.0,1,Qatar Grand Prix,2023
NOR,13.0,1,Qatar Grand Prix,2023
NOR,14.0,1,Qatar Grand Prix,2023
NOR,15.0,1,Qatar Grand Prix,2023
NOR,16.0,1,Qatar Grand Prix,2023
NOR,17.0,1,Qatar Grand Prix,2023
NOR,18.0,1,Qatar Grand Prix,2023
NOR,19.0,1,Qatar Grand Prix,2023
NOR,20.0,1,Qatar Grand Prix,2023
NOR,21.0,1,Qatar Grand Prix,2023
NOR,22.0,1,Qatar Grand Prix,2023
NOR,23.0,1,Qatar Grand Prix,2023
NOR,24.0,1,Qatar Grand Prix,2023
NOR,25.0,1,Qatar Grand Prix,2023
NOR,26.0,1,Qatar Grand Prix,2023
NOR,27.0,1,Qatar Grand Prix,2023
NOR,28.0,1,Qatar Grand Prix,2023
NOR,29.0,1,Qatar Grand Prix,2023
NOR,30.0,1,Qatar Grand Prix,2023
NOR,31.0,1,Qatar Grand Prix,2023
NOR,32.0,1,Qatar Grand Prix,2023
NOR,33.0,12,Qatar Grand Prix,2023
NOR,34.0,1,Qatar Grand Prix,2023
NOR,35.0,1,Qatar Grand Prix,2023
NOR,36.0,1,Qatar Grand Prix,2023
NOR,37.0,1,Qatar Grand Prix,2023
NOR,38.0,1,Qatar Grand Prix,2023
NOR,39.0,1,Qatar Grand Prix,2023
NOR,40.0,1,Qatar Grand Prix,2023
NOR,41.0,12,Qatar Grand Prix,2023
NOR,42.0,1,Qatar Grand Prix,2023
NOR,43.0,1,Qatar Grand Prix,2023
NOR,44.0,1,Qatar Grand Prix,2023
NOR,45.0,1,Qatar Grand Prix,2023
NOR,46.0,1,Qatar Grand Prix,2023
NOR,47.0,1,Qatar Grand Prix,2023
NOR,48.0,1,Qatar Grand Prix,2023
NOR,49.0,1,Qatar Grand Prix,2023
NOR,50.0,1,Qatar Grand Prix,2023
NOR,51.0,1,Qatar Grand Prix,2023
NOR,52.0,1,Qatar Grand Prix,2023
NOR,53.0,1,Qatar Grand Prix,2023
NOR,54.0,1,Qatar Grand Prix,2023
NOR,55.0,1,Qatar Grand Prix,2023
NOR,56.0,1,Qatar Grand Prix,2023
NOR,57.0,1,Qatar Grand Prix,2023
RUS,1.0,124,Qatar Grand Prix,2023
RUS,2.0,4,Qatar Grand Prix,2023
RUS,3.0,4,Qatar Grand Prix,2023
RUS,4.0,41,Qatar Grand Prix,2023
RUS,5.0,1,Qatar Grand Prix,2023
RUS,6.0,1,Qatar Grand Prix,2023
RUS,7.0,1,Qatar Grand Prix,2023
RUS,8.0,1,Qatar Grand Prix,2023
RUS,9.0,1,Qatar Grand Prix,2023
RUS,10.0,1,Qatar Grand Prix,2023
RUS,11.0,1,Qatar Grand Prix,2023
RUS,12.0,1,Qatar Grand Prix,2023
RUS,13.0,1,Qatar Grand Prix,2023
RUS,14.0,1,Qatar Grand Prix,2023
RUS,15.0,1,Qatar Grand Prix,2023
RUS,16.0,1,Qatar Grand Prix,2023
RUS,17.0,1,Qatar Grand Prix,2023
RUS,18.0,1,Qatar Grand Prix,2023
RUS,19.0,1,Qatar Grand Prix,2023
RUS,20.0,1,Qatar Grand Prix,2023
RUS,21.0,1,Qatar Grand Prix,2023
RUS,22.0,1,Qatar Grand Prix,2023
RUS,23.0,1,Qatar Grand Prix,2023
RUS,24.0,1,Qatar Grand Prix,2023
RUS,25.0,1,Qatar Grand Prix,2023
RUS,26.0,1,Qatar Grand Prix,2023
RUS,27.0,1,Qatar Grand Prix,2023
RUS,28.0,1,Qatar Grand Prix,2023
RUS,29.0,1,Qatar Grand Prix,2023
RUS,30.0,1,Qatar Grand Prix,2023
RUS,31.0,1,Qatar Grand Prix,2023
RUS,32.0,1,Qatar Grand Prix,2023
RUS,33.0,12,Qatar Grand Prix,2023
RUS,34.0,1,Qatar Grand Prix,2023
RUS,35.0,1,Qatar Grand Prix,2023
RUS,36.0,1,Qatar Grand Prix,2023
RUS,37.0,1,Qatar Grand Prix,2023
RUS,38.0,1,Qatar Grand Prix,2023
RUS,39.0,1,Qatar Grand Prix,2023
RUS,40.0,1,Qatar Grand Prix,2023
RUS,41.0,12,Qatar Grand Prix,2023
RUS,42.0,1,Qatar Grand Prix,2023
RUS,43.0,1,Qatar Grand Prix,2023
RUS,44.0,1,Qatar Grand Prix,2023
RUS,45.0,1,Qatar Grand Prix,2023
RUS,46.0,1,Qatar Grand Prix,2023
RUS,47.0,1,Qatar Grand Prix,2023
RUS,48.0,1,Qatar Grand Prix,2023
RUS,49.0,1,Qatar Grand Prix,2023
RUS,50.0,1,Qatar Grand Prix,2023
RUS,51.0,1,Qatar Grand Prix,2023
RUS,52.0,1,Qatar Grand Prix,2023
RUS,53.0,1,Qatar Grand Prix,2023
RUS,54.0,1,Qatar Grand Prix,2023
RUS,55.0,1,Qatar Grand Prix,2023
RUS,56.0,1,Qatar Grand Prix,2023
RUS,57.0,1,Qatar Grand Prix,2023
LEC,1.0,124,Qatar Grand Prix,2023
LEC,2.0,4,Qatar Grand Prix,2023
LEC,3.0,4,Qatar Grand Prix,2023
LEC,4.0,41,Qatar Grand Prix,2023
LEC,5.0,1,Qatar Grand Prix,2023
LEC,6.0,1,Qatar Grand Prix,2023
LEC,7.0,1,Qatar Grand Prix,2023
LEC,8.0,1,Qatar Grand Prix,2023
LEC,9.0,1,Qatar Grand Prix,2023
LEC,10.0,1,Qatar Grand Prix,2023
LEC,11.0,1,Qatar Grand Prix,2023
LEC,12.0,1,Qatar Grand Prix,2023
LEC,13.0,1,Qatar Grand Prix,2023
LEC,14.0,1,Qatar Grand Prix,2023
LEC,15.0,1,Qatar Grand Prix,2023
LEC,16.0,1,Qatar Grand Prix,2023
LEC,17.0,1,Qatar Grand Prix,2023
LEC,18.0,1,Qatar Grand Prix,2023
LEC,19.0,1,Qatar Grand Prix,2023
LEC,20.0,1,Qatar Grand Prix,2023
LEC,21.0,1,Qatar Grand Prix,2023
LEC,22.0,1,Qatar Grand Prix,2023
LEC,23.0,1,Qatar Grand Prix,2023
LEC,24.0,1,Qatar Grand Prix,2023
LEC,25.0,1,Qatar Grand Prix,2023
LEC,26.0,1,Qatar Grand Prix,2023
LEC,27.0,1,Qatar Grand Prix,2023
LEC,28.0,1,Qatar Grand Prix,2023
LEC,29.0,1,Qatar Grand Prix,2023
LEC,30.0,1,Qatar Grand Prix,2023
LEC,31.0,1,Qatar Grand Prix,2023
LEC,32.0,1,Qatar Grand Prix,2023
LEC,33.0,12,Qatar Grand Prix,2023
LEC,34.0,1,Qatar Grand Prix,2023
LEC,35.0,1,Qatar Grand Prix,2023
LEC,36.0,1,Qatar Grand Prix,2023
LEC,37.0,1,Qatar Grand Prix,2023
LEC,38.0,1,Qatar Grand Prix,2023
LEC,39.0,1,Qatar Grand Prix,2023
LEC,40.0,1,Qatar Grand Prix,2023
LEC,41.0,12,Qatar Grand Prix,2023
LEC,42.0,1,Qatar Grand Prix,2023
LEC,43.0,1,Qatar Grand Prix,2023
LEC,44.0,1,Qatar Grand Prix,2023
LEC,45.0,1,Qatar Grand Prix,2023
LEC,46.0,1,Qatar Grand Prix,2023
LEC,47.0,1,Qatar Grand Prix,2023
LEC,48.0,1,Qatar Grand Prix,2023
LEC,49.0,1,Qatar Grand Prix,2023
LEC,50.0,1,Qatar Grand Prix,2023
LEC,51.0,1,Qatar Grand Prix,2023
LEC,52.0,1,Qatar Grand Prix,2023
LEC,53.0,1,Qatar Grand Prix,2023
LEC,54.0,1,Qatar Grand Prix,2023
LEC,55.0,1,Qatar Grand Prix,2023
LEC,56.0,1,Qatar Grand Prix,2023
LEC,57.0,1,Qatar Grand Prix,2023
ALO,1.0,124,Qatar Grand Prix,2023
ALO,2.0,4,Qatar Grand Prix,2023
ALO,3.0,4,Qatar Grand Prix,2023
ALO,4.0,41,Qatar Grand Prix,2023
ALO,5.0,1,Qatar Grand Prix,2023
ALO,6.0,1,Qatar Grand Prix,2023
ALO,7.0,1,Qatar Grand Prix,2023
ALO,8.0,1,Qatar Grand Prix,2023
ALO,9.0,1,Qatar Grand Prix,2023
ALO,10.0,1,Qatar Grand Prix,2023
ALO,11.0,1,Qatar Grand Prix,2023
ALO,12.0,1,Qatar Grand Prix,2023
ALO,13.0,1,Qatar Grand Prix,2023
ALO,14.0,1,Qatar Grand Prix,2023
ALO,15.0,1,Qatar Grand Prix,2023
ALO,16.0,1,Qatar Grand Prix,2023
ALO,17.0,1,Qatar Grand Prix,2023
ALO,18.0,1,Qatar Grand Prix,2023
ALO,19.0,1,Qatar Grand Prix,2023
ALO,20.0,1,Qatar Grand Prix,2023
ALO,21.0,1,Qatar Grand Prix,2023
ALO,22.0,1,Qatar Grand Prix,2023
ALO,23.0,1,Qatar Grand Prix,2023
ALO,24.0,1,Qatar Grand Prix,2023
ALO,25.0,1,Qatar Grand Prix,2023
ALO,26.0,1,Qatar Grand Prix,2023
ALO,27.0,1,Qatar Grand Prix,2023
ALO,28.0,1,Qatar Grand Prix,2023
ALO,29.0,1,Qatar Grand Prix,2023
ALO,30.0,1,Qatar Grand Prix,2023
ALO,31.0,1,Qatar Grand Prix,2023
ALO,32.0,1,Qatar Grand Prix,2023
ALO,33.0,12,Qatar Grand Prix,2023
ALO,34.0,1,Qatar Grand Prix,2023
ALO,35.0,1,Qatar Grand Prix,2023
ALO,36.0,1,Qatar Grand Prix,2023
ALO,37.0,1,Qatar Grand Prix,2023
ALO,38.0,1,Qatar Grand Prix,2023
ALO,39.0,1,Qatar Grand Prix,2023
ALO,40.0,1,Qatar Grand Prix,2023
ALO,41.0,12,Qatar Grand Prix,2023
ALO,42.0,1,Qatar Grand Prix,2023
ALO,43.0,1,Qatar Grand Prix,2023
ALO,44.0,1,Qatar Grand Prix,2023
ALO,45.0,1,Qatar Grand Prix,2023
ALO,46.0,1,Qatar Grand Prix,2023
ALO,47.0,1,Qatar Grand Prix,2023
ALO,48.0,1,Qatar Grand Prix,2023
ALO,49.0,1,Qatar Grand Prix,2023
ALO,50.0,1,Qatar Grand Prix,2023
ALO,51.0,1,Qatar Grand Prix,2023
ALO,52.0,1,Qatar Grand Prix,2023
ALO,53.0,1,Qatar Grand Prix,2023
ALO,54.0,1,Qatar Grand Prix,2023
ALO,55.0,1,Qatar Grand Prix,2023
ALO,56.0,1,Qatar Grand Prix,2023
ALO,57.0,1,Qatar Grand Prix,2023
OCO,1.0,124,Qatar Grand Prix,2023
OCO,2.0,4,Qatar Grand Prix,2023
OCO,3.0,4,Qatar Grand Prix,2023
OCO,4.0,41,Qatar Grand Prix,2023
OCO,5.0,1,Qatar Grand Prix,2023
OCO,6.0,1,Qatar Grand Prix,2023
OCO,7.0,1,Qatar Grand Prix,2023
OCO,8.0,1,Qatar Grand Prix,2023
OCO,9.0,1,Qatar Grand Prix,2023
OCO,10.0,1,Qatar Grand Prix,2023
OCO,11.0,1,Qatar Grand Prix,2023
OCO,12.0,1,Qatar Grand Prix,2023
OCO,13.0,1,Qatar Grand Prix,2023
OCO,14.0,1,Qatar Grand Prix,2023
OCO,15.0,1,Qatar Grand Prix,2023
OCO,16.0,1,Qatar Grand Prix,2023
OCO,17.0,1,Qatar Grand Prix,2023
OCO,18.0,1,Qatar Grand Prix,2023
OCO,19.0,1,Qatar Grand Prix,2023
OCO,20.0,1,Qatar Grand Prix,2023
OCO,21.0,1,Qatar Grand Prix,2023
OCO,22.0,1,Qatar Grand Prix,2023
OCO,23.0,1,Qatar Grand Prix,2023
OCO,24.0,1,Qatar Grand Prix,2023
OCO,25.0,1,Qatar Grand Prix,2023
OCO,26.0,1,Qatar Grand Prix,2023
OCO,27.0,1,Qatar Grand Prix,2023
OCO,28.0,1,Qatar Grand Prix,2023
OCO,29.0,1,Qatar Grand Prix,2023
OCO,30.0,1,Qatar Grand Prix,2023
OCO,31.0,1,Qatar Grand Prix,2023
OCO,32.0,1,Qatar Grand Prix,2023
OCO,33.0,12,Qatar Grand Prix,2023
OCO,34.0,1,Qatar Grand Prix,2023
OCO,35.0,1,Qatar Grand Prix,2023
OCO,36.0,1,Qatar Grand Prix,2023
OCO,37.0,1,Qatar Grand Prix,2023
OCO,38.0,1,Qatar Grand Prix,2023
OCO,39.0,1,Qatar Grand Prix,2023
OCO,40.0,1,Qatar Grand Prix,2023
OCO,41.0,12,Qatar Grand Prix,2023
OCO,42.0,1,Qatar Grand Prix,2023
OCO,43.0,1,Qatar Grand Prix,2023
OCO,44.0,1,Qatar Grand Prix,2023
OCO,45.0,1,Qatar Grand Prix,2023
OCO,46.0,1,Qatar Grand Prix,2023
OCO,47.0,1,Qatar Grand Prix,2023
OCO,48.0,1,Qatar Grand Prix,2023
OCO,49.0,1,Qatar Grand Prix,2023
OCO,50.0,1,Qatar Grand Prix,2023
OCO,51.0,1,Qatar Grand Prix,2023
OCO,52.0,1,Qatar Grand Prix,2023
OCO,53.0,1,Qatar Grand Prix,2023
OCO,54.0,1,Qatar Grand Prix,2023
OCO,55.0,1,Qatar Grand Prix,2023
OCO,56.0,1,Qatar Grand Prix,2023
OCO,57.0,1,Qatar Grand Prix,2023
BOT,1.0,124,Qatar Grand Prix,2023
BOT,2.0,4,Qatar Grand Prix,2023
BOT,3.0,4,Qatar Grand Prix,2023
BOT,4.0,41,Qatar Grand Prix,2023
BOT,5.0,1,Qatar Grand Prix,2023
BOT,6.0,1,Qatar Grand Prix,2023
BOT,7.0,1,Qatar Grand Prix,2023
BOT,8.0,1,Qatar Grand Prix,2023
BOT,9.0,1,Qatar Grand Prix,2023
BOT,10.0,1,Qatar Grand Prix,2023
BOT,11.0,1,Qatar Grand Prix,2023
BOT,12.0,1,Qatar Grand Prix,2023
BOT,13.0,1,Qatar Grand Prix,2023
BOT,14.0,1,Qatar Grand Prix,2023
BOT,15.0,1,Qatar Grand Prix,2023
BOT,16.0,1,Qatar Grand Prix,2023
BOT,17.0,1,Qatar Grand Prix,2023
BOT,18.0,1,Qatar Grand Prix,2023
BOT,19.0,1,Qatar Grand Prix,2023
BOT,20.0,1,Qatar Grand Prix,2023
BOT,21.0,1,Qatar Grand Prix,2023
BOT,22.0,1,Qatar Grand Prix,2023
BOT,23.0,1,Qatar Grand Prix,2023
BOT,24.0,1,Qatar Grand Prix,2023
BOT,25.0,1,Qatar Grand Prix,2023
BOT,26.0,1,Qatar Grand Prix,2023
BOT,27.0,1,Qatar Grand Prix,2023
BOT,28.0,1,Qatar Grand Prix,2023
BOT,29.0,1,Qatar Grand Prix,2023
BOT,30.0,1,Qatar Grand Prix,2023
BOT,31.0,1,Qatar Grand Prix,2023
BOT,32.0,1,Qatar Grand Prix,2023
BOT,33.0,12,Qatar Grand Prix,2023
BOT,34.0,1,Qatar Grand Prix,2023
BOT,35.0,1,Qatar Grand Prix,2023
BOT,36.0,1,Qatar Grand Prix,2023
BOT,37.0,1,Qatar Grand Prix,2023
BOT,38.0,1,Qatar Grand Prix,2023
BOT,39.0,1,Qatar Grand Prix,2023
BOT,40.0,12,Qatar Grand Prix,2023
BOT,41.0,1,Qatar Grand Prix,2023
BOT,42.0,1,Qatar Grand Prix,2023
BOT,43.0,1,Qatar Grand Prix,2023
BOT,44.0,1,Qatar Grand Prix,2023
BOT,45.0,1,Qatar Grand Prix,2023
BOT,46.0,1,Qatar Grand Prix,2023
BOT,47.0,1,Qatar Grand Prix,2023
BOT,48.0,1,Qatar Grand Prix,2023
BOT,49.0,1,Qatar Grand Prix,2023
BOT,50.0,1,Qatar Grand Prix,2023
BOT,51.0,1,Qatar Grand Prix,2023
BOT,52.0,1,Qatar Grand Prix,2023
BOT,53.0,1,Qatar Grand Prix,2023
BOT,54.0,1,Qatar Grand Prix,2023
BOT,55.0,1,Qatar Grand Prix,2023
BOT,56.0,1,Qatar Grand Prix,2023
BOT,57.0,1,Qatar Grand Prix,2023
ZHO,1.0,124,Qatar Grand Prix,2023
ZHO,2.0,4,Qatar Grand Prix,2023
ZHO,3.0,4,Qatar Grand Prix,2023
ZHO,4.0,41,Qatar Grand Prix,2023
ZHO,5.0,1,Qatar Grand Prix,2023
ZHO,6.0,1,Qatar Grand Prix,2023
ZHO,7.0,1,Qatar Grand Prix,2023
ZHO,8.0,1,Qatar Grand Prix,2023
ZHO,9.0,1,Qatar Grand Prix,2023
ZHO,10.0,1,Qatar Grand Prix,2023
ZHO,11.0,1,Qatar Grand Prix,2023
ZHO,12.0,1,Qatar Grand Prix,2023
ZHO,13.0,1,Qatar Grand Prix,2023
ZHO,14.0,1,Qatar Grand Prix,2023
ZHO,15.0,1,Qatar Grand Prix,2023
ZHO,16.0,1,Qatar Grand Prix,2023
ZHO,17.0,1,Qatar Grand Prix,2023
ZHO,18.0,1,Qatar Grand Prix,2023
ZHO,19.0,1,Qatar Grand Prix,2023
ZHO,20.0,1,Qatar Grand Prix,2023
ZHO,21.0,1,Qatar Grand Prix,2023
ZHO,22.0,1,Qatar Grand Prix,2023
ZHO,23.0,1,Qatar Grand Prix,2023
ZHO,24.0,1,Qatar Grand Prix,2023
ZHO,25.0,1,Qatar Grand Prix,2023
ZHO,26.0,1,Qatar Grand Prix,2023
ZHO,27.0,1,Qatar Grand Prix,2023
ZHO,28.0,1,Qatar Grand Prix,2023
ZHO,29.0,1,Qatar Grand Prix,2023
ZHO,30.0,1,Qatar Grand Prix,2023
ZHO,31.0,1,Qatar Grand Prix,2023
ZHO,32.0,1,Qatar Grand Prix,2023
ZHO,33.0,12,Qatar Grand Prix,2023
ZHO,34.0,1,Qatar Grand Prix,2023
ZHO,35.0,1,Qatar Grand Prix,2023
ZHO,36.0,1,Qatar Grand Prix,2023
ZHO,37.0,1,Qatar Grand Prix,2023
ZHO,38.0,1,Qatar Grand Prix,2023
ZHO,39.0,1,Qatar Grand Prix,2023
ZHO,40.0,1,Qatar Grand Prix,2023
ZHO,41.0,12,Qatar Grand Prix,2023
ZHO,42.0,1,Qatar Grand Prix,2023
ZHO,43.0,1,Qatar Grand Prix,2023
ZHO,44.0,1,Qatar Grand Prix,2023
ZHO,45.0,1,Qatar Grand Prix,2023
ZHO,46.0,1,Qatar Grand Prix,2023
ZHO,47.0,1,Qatar Grand Prix,2023
ZHO,48.0,1,Qatar Grand Prix,2023
ZHO,49.0,1,Qatar Grand Prix,2023
ZHO,50.0,1,Qatar Grand Prix,2023
ZHO,51.0,1,Qatar Grand Prix,2023
ZHO,52.0,1,Qatar Grand Prix,2023
ZHO,53.0,1,Qatar Grand Prix,2023
ZHO,54.0,1,Qatar Grand Prix,2023
ZHO,55.0,1,Qatar Grand Prix,2023
ZHO,56.0,1,Qatar Grand Prix,2023
ZHO,57.0,1,Qatar Grand Prix,2023
PER,1.0,124,Qatar Grand Prix,2023
PER,2.0,4,Qatar Grand Prix,2023
PER,3.0,4,Qatar Grand Prix,2023
PER,4.0,41,Qatar Grand Prix,2023
PER,5.0,1,Qatar Grand Prix,2023
PER,6.0,1,Qatar Grand Prix,2023
PER,7.0,1,Qatar Grand Prix,2023
PER,8.0,1,Qatar Grand Prix,2023
PER,9.0,1,Qatar Grand Prix,2023
PER,10.0,1,Qatar Grand Prix,2023
PER,11.0,1,Qatar Grand Prix,2023
PER,12.0,1,Qatar Grand Prix,2023
PER,13.0,1,Qatar Grand Prix,2023
PER,14.0,1,Qatar Grand Prix,2023
PER,15.0,1,Qatar Grand Prix,2023
PER,16.0,1,Qatar Grand Prix,2023
PER,17.0,1,Qatar Grand Prix,2023
PER,18.0,1,Qatar Grand Prix,2023
PER,19.0,1,Qatar Grand Prix,2023
PER,20.0,1,Qatar Grand Prix,2023
PER,21.0,1,Qatar Grand Prix,2023
PER,22.0,1,Qatar Grand Prix,2023
PER,23.0,1,Qatar Grand Prix,2023
PER,24.0,1,Qatar Grand Prix,2023
PER,25.0,1,Qatar Grand Prix,2023
PER,26.0,1,Qatar Grand Prix,2023
PER,27.0,1,Qatar Grand Prix,2023
PER,28.0,1,Qatar Grand Prix,2023
PER,29.0,1,Qatar Grand Prix,2023
PER,30.0,1,Qatar Grand Prix,2023
PER,31.0,1,Qatar Grand Prix,2023
PER,32.0,1,Qatar Grand Prix,2023
PER,33.0,12,Qatar Grand Prix,2023
PER,34.0,1,Qatar Grand Prix,2023
PER,35.0,1,Qatar Grand Prix,2023
PER,36.0,1,Qatar Grand Prix,2023
PER,37.0,1,Qatar Grand Prix,2023
PER,38.0,1,Qatar Grand Prix,2023
PER,39.0,1,Qatar Grand Prix,2023
PER,40.0,1,Qatar Grand Prix,2023
PER,41.0,12,Qatar Grand Prix,2023
PER,42.0,1,Qatar Grand Prix,2023
PER,43.0,1,Qatar Grand Prix,2023
PER,44.0,1,Qatar Grand Prix,2023
PER,45.0,1,Qatar Grand Prix,2023
PER,46.0,1,Qatar Grand Prix,2023
PER,47.0,1,Qatar Grand Prix,2023
PER,48.0,1,Qatar Grand Prix,2023
PER,49.0,1,Qatar Grand Prix,2023
PER,50.0,1,Qatar Grand Prix,2023
PER,51.0,1,Qatar Grand Prix,2023
PER,52.0,1,Qatar Grand Prix,2023
PER,53.0,1,Qatar Grand Prix,2023
PER,54.0,1,Qatar Grand Prix,2023
PER,55.0,1,Qatar Grand Prix,2023
PER,56.0,1,Qatar Grand Prix,2023
PER,57.0,1,Qatar Grand Prix,2023
STR,1.0,124,Qatar Grand Prix,2023
STR,2.0,4,Qatar Grand Prix,2023
STR,3.0,4,Qatar Grand Prix,2023
STR,4.0,41,Qatar Grand Prix,2023
STR,5.0,1,Qatar Grand Prix,2023
STR,6.0,1,Qatar Grand Prix,2023
STR,7.0,1,Qatar Grand Prix,2023
STR,8.0,1,Qatar Grand Prix,2023
STR,9.0,1,Qatar Grand Prix,2023
STR,10.0,1,Qatar Grand Prix,2023
STR,11.0,1,Qatar Grand Prix,2023
STR,12.0,1,Qatar Grand Prix,2023
STR,13.0,1,Qatar Grand Prix,2023
STR,14.0,1,Qatar Grand Prix,2023
STR,15.0,1,Qatar Grand Prix,2023
STR,16.0,1,Qatar Grand Prix,2023
STR,17.0,1,Qatar Grand Prix,2023
STR,18.0,1,Qatar Grand Prix,2023
STR,19.0,1,Qatar Grand Prix,2023
STR,20.0,1,Qatar Grand Prix,2023
STR,21.0,1,Qatar Grand Prix,2023
STR,22.0,1,Qatar Grand Prix,2023
STR,23.0,1,Qatar Grand Prix,2023
STR,24.0,1,Qatar Grand Prix,2023
STR,25.0,1,Qatar Grand Prix,2023
STR,26.0,1,Qatar Grand Prix,2023
STR,27.0,1,Qatar Grand Prix,2023
STR,28.0,1,Qatar Grand Prix,2023
STR,29.0,1,Qatar Grand Prix,2023
STR,30.0,1,Qatar Grand Prix,2023
STR,31.0,1,Qatar Grand Prix,2023
STR,32.0,1,Qatar Grand Prix,2023
STR,33.0,12,Qatar Grand Prix,2023
STR,34.0,1,Qatar Grand Prix,2023
STR,35.0,1,Qatar Grand Prix,2023
STR,36.0,1,Qatar Grand Prix,2023
STR,37.0,1,Qatar Grand Prix,2023
STR,38.0,1,Qatar Grand Prix,2023
STR,39.0,1,Qatar Grand Prix,2023
STR,40.0,12,Qatar Grand Prix,2023
STR,41.0,1,Qatar Grand Prix,2023
STR,42.0,1,Qatar Grand Prix,2023
STR,43.0,1,Qatar Grand Prix,2023
STR,44.0,1,Qatar Grand Prix,2023
STR,45.0,1,Qatar Grand Prix,2023
STR,46.0,1,Qatar Grand Prix,2023
STR,47.0,1,Qatar Grand Prix,2023
STR,48.0,1,Qatar Grand Prix,2023
STR,49.0,1,Qatar Grand Prix,2023
STR,50.0,1,Qatar Grand Prix,2023
STR,51.0,1,Qatar Grand Prix,2023
STR,52.0,1,Qatar Grand Prix,2023
STR,53.0,1,Qatar Grand Prix,2023
STR,54.0,1,Qatar Grand Prix,2023
STR,55.0,1,Qatar Grand Prix,2023
STR,56.0,1,Qatar Grand Prix,2023
STR,57.0,1,Qatar Grand Prix,2023
GAS,1.0,124,Qatar Grand Prix,2023
GAS,2.0,4,Qatar Grand Prix,2023
GAS,3.0,4,Qatar Grand Prix,2023
GAS,4.0,41,Qatar Grand Prix,2023
GAS,5.0,1,Qatar Grand Prix,2023
GAS,6.0,1,Qatar Grand Prix,2023
GAS,7.0,1,Qatar Grand Prix,2023
GAS,8.0,1,Qatar Grand Prix,2023
GAS,9.0,1,Qatar Grand Prix,2023
GAS,10.0,1,Qatar Grand Prix,2023
GAS,11.0,1,Qatar Grand Prix,2023
GAS,12.0,1,Qatar Grand Prix,2023
GAS,13.0,1,Qatar Grand Prix,2023
GAS,14.0,1,Qatar Grand Prix,2023
GAS,15.0,1,Qatar Grand Prix,2023
GAS,16.0,1,Qatar Grand Prix,2023
GAS,17.0,1,Qatar Grand Prix,2023
GAS,18.0,1,Qatar Grand Prix,2023
GAS,19.0,1,Qatar Grand Prix,2023
GAS,20.0,1,Qatar Grand Prix,2023
GAS,21.0,1,Qatar Grand Prix,2023
GAS,22.0,1,Qatar Grand Prix,2023
GAS,23.0,1,Qatar Grand Prix,2023
GAS,24.0,1,Qatar Grand Prix,2023
GAS,25.0,1,Qatar Grand Prix,2023
GAS,26.0,1,Qatar Grand Prix,2023
GAS,27.0,1,Qatar Grand Prix,2023
GAS,28.0,1,Qatar Grand Prix,2023
GAS,29.0,1,Qatar Grand Prix,2023
GAS,30.0,1,Qatar Grand Prix,2023
GAS,31.0,1,Qatar Grand Prix,2023
GAS,32.0,1,Qatar Grand Prix,2023
GAS,33.0,12,Qatar Grand Prix,2023
GAS,34.0,1,Qatar Grand Prix,2023
GAS,35.0,1,Qatar Grand Prix,2023
GAS,36.0,1,Qatar Grand Prix,2023
GAS,37.0,1,Qatar Grand Prix,2023
GAS,38.0,1,Qatar Grand Prix,2023
GAS,39.0,1,Qatar Grand Prix,2023
GAS,40.0,1,Qatar Grand Prix,2023
GAS,41.0,12,Qatar Grand Prix,2023
GAS,42.0,1,Qatar Grand Prix,2023
GAS,43.0,1,Qatar Grand Prix,2023
GAS,44.0,1,Qatar Grand Prix,2023
GAS,45.0,1,Qatar Grand Prix,2023
GAS,46.0,1,Qatar Grand Prix,2023
GAS,47.0,1,Qatar Grand Prix,2023
GAS,48.0,1,Qatar Grand Prix,2023
GAS,49.0,1,Qatar Grand Prix,2023
GAS,50.0,1,Qatar Grand Prix,2023
GAS,51.0,1,Qatar Grand Prix,2023
GAS,52.0,1,Qatar Grand Prix,2023
GAS,53.0,1,Qatar Grand Prix,2023
GAS,54.0,1,Qatar Grand Prix,2023
GAS,55.0,1,Qatar Grand Prix,2023
GAS,56.0,1,Qatar Grand Prix,2023
GAS,57.0,1,Qatar Grand Prix,2023
ALB,1.0,124,Qatar Grand Prix,2023
ALB,2.0,4,Qatar Grand Prix,2023
ALB,3.0,4,Qatar Grand Prix,2023
ALB,4.0,41,Qatar Grand Prix,2023
ALB,5.0,1,Qatar Grand Prix,2023
ALB,6.0,1,Qatar Grand Prix,2023
ALB,7.0,1,Qatar Grand Prix,2023
ALB,8.0,1,Qatar Grand Prix,2023
ALB,9.0,1,Qatar Grand Prix,2023
ALB,10.0,1,Qatar Grand Prix,2023
ALB,11.0,1,Qatar Grand Prix,2023
ALB,12.0,1,Qatar Grand Prix,2023
ALB,13.0,1,Qatar Grand Prix,2023
ALB,14.0,1,Qatar Grand Prix,2023
ALB,15.0,1,Qatar Grand Prix,2023
ALB,16.0,1,Qatar Grand Prix,2023
ALB,17.0,1,Qatar Grand Prix,2023
ALB,18.0,1,Qatar Grand Prix,2023
ALB,19.0,1,Qatar Grand Prix,2023
ALB,20.0,1,Qatar Grand Prix,2023
ALB,21.0,1,Qatar Grand Prix,2023
ALB,22.0,1,Qatar Grand Prix,2023
ALB,23.0,1,Qatar Grand Prix,2023
ALB,24.0,1,Qatar Grand Prix,2023
ALB,25.0,1,Qatar Grand Prix,2023
ALB,26.0,1,Qatar Grand Prix,2023
ALB,27.0,1,Qatar Grand Prix,2023
ALB,28.0,1,Qatar Grand Prix,2023
ALB,29.0,1,Qatar Grand Prix,2023
ALB,30.0,1,Qatar Grand Prix,2023
ALB,31.0,1,Qatar Grand Prix,2023
ALB,32.0,12,Qatar Grand Prix,2023
ALB,33.0,1,Qatar Grand Prix,2023
ALB,34.0,1,Qatar Grand Prix,2023
ALB,35.0,1,Qatar Grand Prix,2023
ALB,36.0,1,Qatar Grand Prix,2023
ALB,37.0,1,Qatar Grand Prix,2023
ALB,38.0,1,Qatar Grand Prix,2023
ALB,39.0,1,Qatar Grand Prix,2023
ALB,40.0,1,Qatar Grand Prix,2023
ALB,41.0,12,Qatar Grand Prix,2023
ALB,42.0,1,Qatar Grand Prix,2023
ALB,43.0,1,Qatar Grand Prix,2023
ALB,44.0,1,Qatar Grand Prix,2023
ALB,45.0,1,Qatar Grand Prix,2023
ALB,46.0,1,Qatar Grand Prix,2023
ALB,47.0,1,Qatar Grand Prix,2023
ALB,48.0,1,Qatar Grand Prix,2023
ALB,49.0,1,Qatar Grand Prix,2023
ALB,50.0,1,Qatar Grand Prix,2023
ALB,51.0,1,Qatar Grand Prix,2023
ALB,52.0,1,Qatar Grand Prix,2023
ALB,53.0,1,Qatar Grand Prix,2023
ALB,54.0,1,Qatar Grand Prix,2023
ALB,55.0,1,Qatar Grand Prix,2023
ALB,56.0,1,Qatar Grand Prix,2023
ALB,57.0,1,Qatar Grand Prix,2023
MAG,1.0,124,Qatar Grand Prix,2023
MAG,2.0,4,Qatar Grand Prix,2023
MAG,3.0,4,Qatar Grand Prix,2023
MAG,4.0,41,Qatar Grand Prix,2023
MAG,5.0,1,Qatar Grand Prix,2023
MAG,6.0,1,Qatar Grand Prix,2023
MAG,7.0,1,Qatar Grand Prix,2023
MAG,8.0,1,Qatar Grand Prix,2023
MAG,9.0,1,Qatar Grand Prix,2023
MAG,10.0,1,Qatar Grand Prix,2023
MAG,11.0,1,Qatar Grand Prix,2023
MAG,12.0,1,Qatar Grand Prix,2023
MAG,13.0,1,Qatar Grand Prix,2023
MAG,14.0,1,Qatar Grand Prix,2023
MAG,15.0,1,Qatar Grand Prix,2023
MAG,16.0,1,Qatar Grand Prix,2023
MAG,17.0,1,Qatar Grand Prix,2023
MAG,18.0,1,Qatar Grand Prix,2023
MAG,19.0,1,Qatar Grand Prix,2023
MAG,20.0,1,Qatar Grand Prix,2023
MAG,21.0,1,Qatar Grand Prix,2023
MAG,22.0,1,Qatar Grand Prix,2023
MAG,23.0,1,Qatar Grand Prix,2023
MAG,24.0,1,Qatar Grand Prix,2023
MAG,25.0,1,Qatar Grand Prix,2023
MAG,26.0,1,Qatar Grand Prix,2023
MAG,27.0,1,Qatar Grand Prix,2023
MAG,28.0,1,Qatar Grand Prix,2023
MAG,29.0,1,Qatar Grand Prix,2023
MAG,30.0,1,Qatar Grand Prix,2023
MAG,31.0,1,Qatar Grand Prix,2023
MAG,32.0,12,Qatar Grand Prix,2023
MAG,33.0,21,Qatar Grand Prix,2023
MAG,34.0,1,Qatar Grand Prix,2023
MAG,35.0,1,Qatar Grand Prix,2023
MAG,36.0,1,Qatar Grand Prix,2023
MAG,37.0,1,Qatar Grand Prix,2023
MAG,38.0,1,Qatar Grand Prix,2023
MAG,39.0,1,Qatar Grand Prix,2023
MAG,40.0,12,Qatar Grand Prix,2023
MAG,41.0,1,Qatar Grand Prix,2023
MAG,42.0,1,Qatar Grand Prix,2023
MAG,43.0,1,Qatar Grand Prix,2023
MAG,44.0,1,Qatar Grand Prix,2023
MAG,45.0,1,Qatar Grand Prix,2023
MAG,46.0,1,Qatar Grand Prix,2023
MAG,47.0,1,Qatar Grand Prix,2023
MAG,48.0,1,Qatar Grand Prix,2023
MAG,49.0,1,Qatar Grand Prix,2023
MAG,50.0,1,Qatar Grand Prix,2023
MAG,51.0,1,Qatar Grand Prix,2023
MAG,52.0,1,Qatar Grand Prix,2023
MAG,53.0,1,Qatar Grand Prix,2023
MAG,54.0,1,Qatar Grand Prix,2023
MAG,55.0,1,Qatar Grand Prix,2023
MAG,56.0,1,Qatar Grand Prix,2023
TSU,1.0,124,Qatar Grand Prix,2023
TSU,2.0,4,Qatar Grand Prix,2023
TSU,3.0,4,Qatar Grand Prix,2023
TSU,4.0,41,Qatar Grand Prix,2023
TSU,5.0,1,Qatar Grand Prix,2023
TSU,6.0,1,Qatar Grand Prix,2023
TSU,7.0,1,Qatar Grand Prix,2023
TSU,8.0,1,Qatar Grand Prix,2023
TSU,9.0,1,Qatar Grand Prix,2023
TSU,10.0,1,Qatar Grand Prix,2023
TSU,11.0,1,Qatar Grand Prix,2023
TSU,12.0,1,Qatar Grand Prix,2023
TSU,13.0,1,Qatar Grand Prix,2023
TSU,14.0,1,Qatar Grand Prix,2023
TSU,15.0,1,Qatar Grand Prix,2023
TSU,16.0,1,Qatar Grand Prix,2023
TSU,17.0,1,Qatar Grand Prix,2023
TSU,18.0,1,Qatar Grand Prix,2023
TSU,19.0,1,Qatar Grand Prix,2023
TSU,20.0,1,Qatar Grand Prix,2023
TSU,21.0,1,Qatar Grand Prix,2023
TSU,22.0,1,Qatar Grand Prix,2023
TSU,23.0,1,Qatar Grand Prix,2023
TSU,24.0,1,Qatar Grand Prix,2023
TSU,25.0,1,Qatar Grand Prix,2023
TSU,26.0,1,Qatar Grand Prix,2023
TSU,27.0,1,Qatar Grand Prix,2023
TSU,28.0,1,Qatar Grand Prix,2023
TSU,29.0,1,Qatar Grand Prix,2023
TSU,30.0,1,Qatar Grand Prix,2023
TSU,31.0,1,Qatar Grand Prix,2023
TSU,32.0,12,Qatar Grand Prix,2023
TSU,33.0,1,Qatar Grand Prix,2023
TSU,34.0,1,Qatar Grand Prix,2023
TSU,35.0,1,Qatar Grand Prix,2023
TSU,36.0,1,Qatar Grand Prix,2023
TSU,37.0,1,Qatar Grand Prix,2023
TSU,38.0,1,Qatar Grand Prix,2023
TSU,39.0,1,Qatar Grand Prix,2023
TSU,40.0,12,Qatar Grand Prix,2023
TSU,41.0,1,Qatar Grand Prix,2023
TSU,42.0,1,Qatar Grand Prix,2023
TSU,43.0,1,Qatar Grand Prix,2023
TSU,44.0,1,Qatar Grand Prix,2023
TSU,45.0,1,Qatar Grand Prix,2023
TSU,46.0,1,Qatar Grand Prix,2023
TSU,47.0,1,Qatar Grand Prix,2023
TSU,48.0,1,Qatar Grand Prix,2023
TSU,49.0,1,Qatar Grand Prix,2023
TSU,50.0,1,Qatar Grand Prix,2023
TSU,51.0,1,Qatar Grand Prix,2023
TSU,52.0,1,Qatar Grand Prix,2023
TSU,53.0,1,Qatar Grand Prix,2023
TSU,54.0,1,Qatar Grand Prix,2023
TSU,55.0,1,Qatar Grand Prix,2023
TSU,56.0,1,Qatar Grand Prix,2023
HUL,1.0,124,Qatar Grand Prix,2023
HUL,2.0,4,Qatar Grand Prix,2023
HUL,3.0,4,Qatar Grand Prix,2023
HUL,4.0,41,Qatar Grand Prix,2023
HUL,5.0,1,Qatar Grand Prix,2023
HUL,6.0,1,Qatar Grand Prix,2023
HUL,7.0,1,Qatar Grand Prix,2023
HUL,8.0,1,Qatar Grand Prix,2023
HUL,9.0,1,Qatar Grand Prix,2023
HUL,10.0,1,Qatar Grand Prix,2023
HUL,11.0,1,Qatar Grand Prix,2023
HUL,12.0,1,Qatar Grand Prix,2023
HUL,13.0,1,Qatar Grand Prix,2023
HUL,14.0,1,Qatar Grand Prix,2023
HUL,15.0,1,Qatar Grand Prix,2023
HUL,16.0,1,Qatar Grand Prix,2023
HUL,17.0,1,Qatar Grand Prix,2023
HUL,18.0,1,Qatar Grand Prix,2023
HUL,19.0,1,Qatar Grand Prix,2023
HUL,20.0,1,Qatar Grand Prix,2023
HUL,21.0,1,Qatar Grand Prix,2023
HUL,22.0,1,Qatar Grand Prix,2023
HUL,23.0,1,Qatar Grand Prix,2023
HUL,24.0,1,Qatar Grand Prix,2023
HUL,25.0,1,Qatar Grand Prix,2023
HUL,26.0,1,Qatar Grand Prix,2023
HUL,27.0,1,Qatar Grand Prix,2023
HUL,28.0,1,Qatar Grand Prix,2023
HUL,29.0,1,Qatar Grand Prix,2023
HUL,30.0,1,Qatar Grand Prix,2023
HUL,31.0,1,Qatar Grand Prix,2023
HUL,32.0,12,Qatar Grand Prix,2023
HUL,33.0,1,Qatar Grand Prix,2023
HUL,34.0,1,Qatar Grand Prix,2023
HUL,35.0,1,Qatar Grand Prix,2023
HUL,36.0,1,Qatar Grand Prix,2023
HUL,37.0,1,Qatar Grand Prix,2023
HUL,38.0,1,Qatar Grand Prix,2023
HUL,39.0,1,Qatar Grand Prix,2023
HUL,40.0,12,Qatar Grand Prix,2023
HUL,41.0,1,Qatar Grand Prix,2023
HUL,42.0,1,Qatar Grand Prix,2023
HUL,43.0,1,Qatar Grand Prix,2023
HUL,44.0,1,Qatar Grand Prix,2023
HUL,45.0,1,Qatar Grand Prix,2023
HUL,46.0,1,Qatar Grand Prix,2023
HUL,47.0,1,Qatar Grand Prix,2023
HUL,48.0,1,Qatar Grand Prix,2023
HUL,49.0,1,Qatar Grand Prix,2023
HUL,50.0,1,Qatar Grand Prix,2023
HUL,51.0,1,Qatar Grand Prix,2023
HUL,52.0,1,Qatar Grand Prix,2023
HUL,53.0,1,Qatar Grand Prix,2023
HUL,54.0,1,Qatar Grand Prix,2023
HUL,55.0,1,Qatar Grand Prix,2023
HUL,56.0,1,Qatar Grand Prix,2023
LAW,1.0,124,Qatar Grand Prix,2023
LAW,2.0,4,Qatar Grand Prix,2023
LAW,3.0,4,Qatar Grand Prix,2023
LAW,4.0,41,Qatar Grand Prix,2023
LAW,5.0,1,Qatar Grand Prix,2023
LAW,6.0,1,Qatar Grand Prix,2023
LAW,7.0,1,Qatar Grand Prix,2023
LAW,8.0,1,Qatar Grand Prix,2023
LAW,9.0,1,Qatar Grand Prix,2023
LAW,10.0,1,Qatar Grand Prix,2023
LAW,11.0,1,Qatar Grand Prix,2023
LAW,12.0,1,Qatar Grand Prix,2023
LAW,13.0,1,Qatar Grand Prix,2023
LAW,14.0,1,Qatar Grand Prix,2023
LAW,15.0,1,Qatar Grand Prix,2023
LAW,16.0,1,Qatar Grand Prix,2023
LAW,17.0,1,Qatar Grand Prix,2023
LAW,18.0,1,Qatar Grand Prix,2023
LAW,19.0,1,Qatar Grand Prix,2023
LAW,20.0,1,Qatar Grand Prix,2023
LAW,21.0,1,Qatar Grand Prix,2023
LAW,22.0,1,Qatar Grand Prix,2023
LAW,23.0,1,Qatar Grand Prix,2023
LAW,24.0,1,Qatar Grand Prix,2023
LAW,25.0,1,Qatar Grand Prix,2023
LAW,26.0,1,Qatar Grand Prix,2023
LAW,27.0,1,Qatar Grand Prix,2023
LAW,28.0,1,Qatar Grand Prix,2023
LAW,29.0,1,Qatar Grand Prix,2023
LAW,30.0,1,Qatar Grand Prix,2023
LAW,31.0,1,Qatar Grand Prix,2023
LAW,32.0,12,Qatar Grand Prix,2023
LAW,33.0,1,Qatar Grand Prix,2023
LAW,34.0,1,Qatar Grand Prix,2023
LAW,35.0,1,Qatar Grand Prix,2023
LAW,36.0,1,Qatar Grand Prix,2023
LAW,37.0,1,Qatar Grand Prix,2023
LAW,38.0,1,Qatar Grand Prix,2023
LAW,39.0,1,Qatar Grand Prix,2023
LAW,40.0,12,Qatar Grand Prix,2023
LAW,41.0,1,Qatar Grand Prix,2023
LAW,42.0,1,Qatar Grand Prix,2023
LAW,43.0,1,Qatar Grand Prix,2023
LAW,44.0,1,Qatar Grand Prix,2023
LAW,45.0,1,Qatar Grand Prix,2023
LAW,46.0,1,Qatar Grand Prix,2023
LAW,47.0,1,Qatar Grand Prix,2023
LAW,48.0,1,Qatar Grand Prix,2023
LAW,49.0,1,Qatar Grand Prix,2023
LAW,50.0,1,Qatar Grand Prix,2023
LAW,51.0,1,Qatar Grand Prix,2023
LAW,52.0,1,Qatar Grand Prix,2023
LAW,53.0,1,Qatar Grand Prix,2023
LAW,54.0,1,Qatar Grand Prix,2023
LAW,55.0,1,Qatar Grand Prix,2023
LAW,56.0,1,Qatar Grand Prix,2023
SAR,1.0,124,Qatar Grand Prix,2023
SAR,2.0,4,Qatar Grand Prix,2023
SAR,3.0,4,Qatar Grand Prix,2023
SAR,4.0,41,Qatar Grand Prix,2023
SAR,5.0,1,Qatar Grand Prix,2023
SAR,6.0,1,Qatar Grand Prix,2023
SAR,7.0,1,Qatar Grand Prix,2023
SAR,8.0,1,Qatar Grand Prix,2023
SAR,9.0,1,Qatar Grand Prix,2023
SAR,10.0,1,Qatar Grand Prix,2023
SAR,11.0,1,Qatar Grand Prix,2023
SAR,12.0,1,Qatar Grand Prix,2023
SAR,13.0,1,Qatar Grand Prix,2023
SAR,14.0,1,Qatar Grand Prix,2023
SAR,15.0,1,Qatar Grand Prix,2023
SAR,16.0,1,Qatar Grand Prix,2023
SAR,17.0,1,Qatar Grand Prix,2023
SAR,18.0,1,Qatar Grand Prix,2023
SAR,19.0,1,Qatar Grand Prix,2023
SAR,20.0,1,Qatar Grand Prix,2023
SAR,21.0,1,Qatar Grand Prix,2023
SAR,22.0,1,Qatar Grand Prix,2023
SAR,23.0,1,Qatar Grand Prix,2023
SAR,24.0,1,Qatar Grand Prix,2023
SAR,25.0,1,Qatar Grand Prix,2023
SAR,26.0,1,Qatar Grand Prix,2023
SAR,27.0,1,Qatar Grand Prix,2023
SAR,28.0,1,Qatar Grand Prix,2023
SAR,29.0,1,Qatar Grand Prix,2023
SAR,30.0,1,Qatar Grand Prix,2023
SAR,31.0,1,Qatar Grand Prix,2023
SAR,32.0,12,Qatar Grand Prix,2023
SAR,33.0,1,Qatar Grand Prix,2023
SAR,34.0,1,Qatar Grand Prix,2023
SAR,35.0,1,Qatar Grand Prix,2023
SAR,36.0,1,Qatar Grand Prix,2023
SAR,37.0,1,Qatar Grand Prix,2023
SAR,38.0,1,Qatar Grand Prix,2023
SAR,39.0,1,Qatar Grand Prix,2023
SAR,40.0,12,Qatar Grand Prix,2023
HAM,1.0,124,Qatar Grand Prix,2023
VER,1.0,1,United States Grand Prix,2023
VER,2.0,1,United States Grand Prix,2023
VER,3.0,1,United States Grand Prix,2023
VER,4.0,1,United States Grand Prix,2023
VER,5.0,1,United States Grand Prix,2023
VER,6.0,1,United States Grand Prix,2023
VER,7.0,1,United States Grand Prix,2023
VER,8.0,1,United States Grand Prix,2023
VER,9.0,1,United States Grand Prix,2023
VER,10.0,1,United States Grand Prix,2023
VER,11.0,1,United States Grand Prix,2023
VER,12.0,1,United States Grand Prix,2023
VER,13.0,1,United States Grand Prix,2023
VER,14.0,1,United States Grand Prix,2023
VER,15.0,1,United States Grand Prix,2023
VER,16.0,1,United States Grand Prix,2023
VER,17.0,1,United States Grand Prix,2023
VER,18.0,1,United States Grand Prix,2023
VER,19.0,1,United States Grand Prix,2023
VER,20.0,1,United States Grand Prix,2023
VER,21.0,1,United States Grand Prix,2023
VER,22.0,1,United States Grand Prix,2023
VER,23.0,1,United States Grand Prix,2023
VER,24.0,1,United States Grand Prix,2023
VER,25.0,1,United States Grand Prix,2023
VER,26.0,1,United States Grand Prix,2023
VER,27.0,1,United States Grand Prix,2023
VER,28.0,1,United States Grand Prix,2023
VER,29.0,1,United States Grand Prix,2023
VER,30.0,1,United States Grand Prix,2023
VER,31.0,1,United States Grand Prix,2023
VER,32.0,1,United States Grand Prix,2023
VER,33.0,1,United States Grand Prix,2023
VER,34.0,1,United States Grand Prix,2023
VER,35.0,1,United States Grand Prix,2023
VER,36.0,1,United States Grand Prix,2023
VER,37.0,1,United States Grand Prix,2023
VER,38.0,1,United States Grand Prix,2023
VER,39.0,1,United States Grand Prix,2023
VER,40.0,1,United States Grand Prix,2023
VER,41.0,1,United States Grand Prix,2023
VER,42.0,1,United States Grand Prix,2023
VER,43.0,1,United States Grand Prix,2023
VER,44.0,1,United States Grand Prix,2023
VER,45.0,1,United States Grand Prix,2023
VER,46.0,1,United States Grand Prix,2023
VER,47.0,1,United States Grand Prix,2023
VER,48.0,1,United States Grand Prix,2023
VER,49.0,1,United States Grand Prix,2023
VER,50.0,1,United States Grand Prix,2023
VER,51.0,1,United States Grand Prix,2023
VER,52.0,1,United States Grand Prix,2023
VER,53.0,1,United States Grand Prix,2023
VER,54.0,1,United States Grand Prix,2023
VER,55.0,1,United States Grand Prix,2023
VER,56.0,1,United States Grand Prix,2023
NOR,1.0,1,United States Grand Prix,2023
NOR,2.0,1,United States Grand Prix,2023
NOR,3.0,1,United States Grand Prix,2023
NOR,4.0,1,United States Grand Prix,2023
NOR,5.0,1,United States Grand Prix,2023
NOR,6.0,1,United States Grand Prix,2023
NOR,7.0,1,United States Grand Prix,2023
NOR,8.0,1,United States Grand Prix,2023
NOR,9.0,1,United States Grand Prix,2023
NOR,10.0,1,United States Grand Prix,2023
NOR,11.0,1,United States Grand Prix,2023
NOR,12.0,1,United States Grand Prix,2023
NOR,13.0,1,United States Grand Prix,2023
NOR,14.0,1,United States Grand Prix,2023
NOR,15.0,1,United States Grand Prix,2023
NOR,16.0,1,United States Grand Prix,2023
NOR,17.0,1,United States Grand Prix,2023
NOR,18.0,1,United States Grand Prix,2023
NOR,19.0,1,United States Grand Prix,2023
NOR,20.0,1,United States Grand Prix,2023
NOR,21.0,1,United States Grand Prix,2023
NOR,22.0,1,United States Grand Prix,2023
NOR,23.0,1,United States Grand Prix,2023
NOR,24.0,1,United States Grand Prix,2023
NOR,25.0,1,United States Grand Prix,2023
NOR,26.0,1,United States Grand Prix,2023
NOR,27.0,1,United States Grand Prix,2023
NOR,28.0,1,United States Grand Prix,2023
NOR,29.0,1,United States Grand Prix,2023
NOR,30.0,1,United States Grand Prix,2023
NOR,31.0,1,United States Grand Prix,2023
NOR,32.0,1,United States Grand Prix,2023
NOR,33.0,1,United States Grand Prix,2023
NOR,34.0,1,United States Grand Prix,2023
NOR,35.0,1,United States Grand Prix,2023
NOR,36.0,1,United States Grand Prix,2023
NOR,37.0,1,United States Grand Prix,2023
NOR,38.0,1,United States Grand Prix,2023
NOR,39.0,1,United States Grand Prix,2023
NOR,40.0,1,United States Grand Prix,2023
NOR,41.0,1,United States Grand Prix,2023
NOR,42.0,1,United States Grand Prix,2023
NOR,43.0,1,United States Grand Prix,2023
NOR,44.0,1,United States Grand Prix,2023
NOR,45.0,1,United States Grand Prix,2023
NOR,46.0,1,United States Grand Prix,2023
NOR,47.0,1,United States Grand Prix,2023
NOR,48.0,1,United States Grand Prix,2023
NOR,49.0,1,United States Grand Prix,2023
NOR,50.0,1,United States Grand Prix,2023
NOR,51.0,1,United States Grand Prix,2023
NOR,52.0,1,United States Grand Prix,2023
NOR,53.0,1,United States Grand Prix,2023
NOR,54.0,1,United States Grand Prix,2023
NOR,55.0,1,United States Grand Prix,2023
NOR,56.0,1,United States Grand Prix,2023
SAI,1.0,1,United States Grand Prix,2023
SAI,2.0,1,United States Grand Prix,2023
SAI,3.0,1,United States Grand Prix,2023
SAI,4.0,1,United States Grand Prix,2023
SAI,5.0,1,United States Grand Prix,2023
SAI,6.0,1,United States Grand Prix,2023
SAI,7.0,1,United States Grand Prix,2023
SAI,8.0,1,United States Grand Prix,2023
SAI,9.0,1,United States Grand Prix,2023
SAI,10.0,1,United States Grand Prix,2023
SAI,11.0,1,United States Grand Prix,2023
SAI,12.0,1,United States Grand Prix,2023
SAI,13.0,1,United States Grand Prix,2023
SAI,14.0,1,United States Grand Prix,2023
SAI,15.0,1,United States Grand Prix,2023
SAI,16.0,1,United States Grand Prix,2023
SAI,17.0,1,United States Grand Prix,2023
SAI,18.0,1,United States Grand Prix,2023
SAI,19.0,1,United States Grand Prix,2023
SAI,20.0,1,United States Grand Prix,2023
SAI,21.0,1,United States Grand Prix,2023
SAI,22.0,1,United States Grand Prix,2023
SAI,23.0,1,United States Grand Prix,2023
SAI,24.0,1,United States Grand Prix,2023
SAI,25.0,1,United States Grand Prix,2023
SAI,26.0,1,United States Grand Prix,2023
SAI,27.0,1,United States Grand Prix,2023
SAI,28.0,1,United States Grand Prix,2023
SAI,29.0,1,United States Grand Prix,2023
SAI,30.0,1,United States Grand Prix,2023
SAI,31.0,1,United States Grand Prix,2023
SAI,32.0,1,United States Grand Prix,2023
SAI,33.0,1,United States Grand Prix,2023
SAI,34.0,1,United States Grand Prix,2023
SAI,35.0,1,United States Grand Prix,2023
SAI,36.0,1,United States Grand Prix,2023
SAI,37.0,1,United States Grand Prix,2023
SAI,38.0,1,United States Grand Prix,2023
SAI,39.0,1,United States Grand Prix,2023
SAI,40.0,1,United States Grand Prix,2023
SAI,41.0,1,United States Grand Prix,2023
SAI,42.0,1,United States Grand Prix,2023
SAI,43.0,1,United States Grand Prix,2023
SAI,44.0,1,United States Grand Prix,2023
SAI,45.0,1,United States Grand Prix,2023
SAI,46.0,1,United States Grand Prix,2023
SAI,47.0,1,United States Grand Prix,2023
SAI,48.0,1,United States Grand Prix,2023
SAI,49.0,1,United States Grand Prix,2023
SAI,50.0,1,United States Grand Prix,2023
SAI,51.0,1,United States Grand Prix,2023
SAI,52.0,1,United States Grand Prix,2023
SAI,53.0,1,United States Grand Prix,2023
SAI,54.0,1,United States Grand Prix,2023
SAI,55.0,1,United States Grand Prix,2023
SAI,56.0,1,United States Grand Prix,2023
PER,1.0,1,United States Grand Prix,2023
PER,2.0,1,United States Grand Prix,2023
PER,3.0,1,United States Grand Prix,2023
PER,4.0,1,United States Grand Prix,2023
PER,5.0,1,United States Grand Prix,2023
PER,6.0,1,United States Grand Prix,2023
PER,7.0,1,United States Grand Prix,2023
PER,8.0,1,United States Grand Prix,2023
PER,9.0,1,United States Grand Prix,2023
PER,10.0,1,United States Grand Prix,2023
PER,11.0,1,United States Grand Prix,2023
PER,12.0,1,United States Grand Prix,2023
PER,13.0,1,United States Grand Prix,2023
PER,14.0,1,United States Grand Prix,2023
PER,15.0,1,United States Grand Prix,2023
PER,16.0,1,United States Grand Prix,2023
PER,17.0,1,United States Grand Prix,2023
PER,18.0,1,United States Grand Prix,2023
PER,19.0,1,United States Grand Prix,2023
PER,20.0,1,United States Grand Prix,2023
PER,21.0,1,United States Grand Prix,2023
PER,22.0,1,United States Grand Prix,2023
PER,23.0,1,United States Grand Prix,2023
PER,24.0,1,United States Grand Prix,2023
PER,25.0,1,United States Grand Prix,2023
PER,26.0,1,United States Grand Prix,2023
PER,27.0,1,United States Grand Prix,2023
PER,28.0,1,United States Grand Prix,2023
PER,29.0,1,United States Grand Prix,2023
PER,30.0,1,United States Grand Prix,2023
PER,31.0,1,United States Grand Prix,2023
PER,32.0,1,United States Grand Prix,2023
PER,33.0,1,United States Grand Prix,2023
PER,34.0,1,United States Grand Prix,2023
PER,35.0,1,United States Grand Prix,2023
PER,36.0,1,United States Grand Prix,2023
PER,37.0,1,United States Grand Prix,2023
PER,38.0,1,United States Grand Prix,2023
PER,39.0,1,United States Grand Prix,2023
PER,40.0,1,United States Grand Prix,2023
PER,41.0,1,United States Grand Prix,2023
PER,42.0,1,United States Grand Prix,2023
PER,43.0,1,United States Grand Prix,2023
PER,44.0,1,United States Grand Prix,2023
PER,45.0,1,United States Grand Prix,2023
PER,46.0,1,United States Grand Prix,2023
PER,47.0,1,United States Grand Prix,2023
PER,48.0,1,United States Grand Prix,2023
PER,49.0,1,United States Grand Prix,2023
PER,50.0,1,United States Grand Prix,2023
PER,51.0,1,United States Grand Prix,2023
PER,52.0,1,United States Grand Prix,2023
PER,53.0,1,United States Grand Prix,2023
PER,54.0,1,United States Grand Prix,2023
PER,55.0,1,United States Grand Prix,2023
PER,56.0,1,United States Grand Prix,2023
RUS,1.0,1,United States Grand Prix,2023
RUS,2.0,1,United States Grand Prix,2023
RUS,3.0,1,United States Grand Prix,2023
RUS,4.0,1,United States Grand Prix,2023
RUS,5.0,1,United States Grand Prix,2023
RUS,6.0,1,United States Grand Prix,2023
RUS,7.0,1,United States Grand Prix,2023
RUS,8.0,1,United States Grand Prix,2023
RUS,9.0,1,United States Grand Prix,2023
RUS,10.0,1,United States Grand Prix,2023
RUS,11.0,1,United States Grand Prix,2023
RUS,12.0,1,United States Grand Prix,2023
RUS,13.0,1,United States Grand Prix,2023
RUS,14.0,1,United States Grand Prix,2023
RUS,15.0,1,United States Grand Prix,2023
RUS,16.0,1,United States Grand Prix,2023
RUS,17.0,1,United States Grand Prix,2023
RUS,18.0,1,United States Grand Prix,2023
RUS,19.0,1,United States Grand Prix,2023
RUS,20.0,1,United States Grand Prix,2023
RUS,21.0,1,United States Grand Prix,2023
RUS,22.0,1,United States Grand Prix,2023
RUS,23.0,1,United States Grand Prix,2023
RUS,24.0,1,United States Grand Prix,2023
RUS,25.0,1,United States Grand Prix,2023
RUS,26.0,1,United States Grand Prix,2023
RUS,27.0,1,United States Grand Prix,2023
RUS,28.0,1,United States Grand Prix,2023
RUS,29.0,1,United States Grand Prix,2023
RUS,30.0,1,United States Grand Prix,2023
RUS,31.0,1,United States Grand Prix,2023
RUS,32.0,1,United States Grand Prix,2023
RUS,33.0,1,United States Grand Prix,2023
RUS,34.0,1,United States Grand Prix,2023
RUS,35.0,1,United States Grand Prix,2023
RUS,36.0,1,United States Grand Prix,2023
RUS,37.0,1,United States Grand Prix,2023
RUS,38.0,1,United States Grand Prix,2023
RUS,39.0,1,United States Grand Prix,2023
RUS,40.0,1,United States Grand Prix,2023
RUS,41.0,1,United States Grand Prix,2023
RUS,42.0,1,United States Grand Prix,2023
RUS,43.0,1,United States Grand Prix,2023
RUS,44.0,1,United States Grand Prix,2023
RUS,45.0,1,United States Grand Prix,2023
RUS,46.0,1,United States Grand Prix,2023
RUS,47.0,1,United States Grand Prix,2023
RUS,48.0,1,United States Grand Prix,2023
RUS,49.0,1,United States Grand Prix,2023
RUS,50.0,1,United States Grand Prix,2023
RUS,51.0,1,United States Grand Prix,2023
RUS,52.0,1,United States Grand Prix,2023
RUS,53.0,1,United States Grand Prix,2023
RUS,54.0,1,United States Grand Prix,2023
RUS,55.0,1,United States Grand Prix,2023
RUS,56.0,1,United States Grand Prix,2023
GAS,1.0,1,United States Grand Prix,2023
GAS,2.0,1,United States Grand Prix,2023
GAS,3.0,1,United States Grand Prix,2023
GAS,4.0,1,United States Grand Prix,2023
GAS,5.0,1,United States Grand Prix,2023
GAS,6.0,1,United States Grand Prix,2023
GAS,7.0,1,United States Grand Prix,2023
GAS,8.0,1,United States Grand Prix,2023
GAS,9.0,1,United States Grand Prix,2023
GAS,10.0,1,United States Grand Prix,2023
GAS,11.0,1,United States Grand Prix,2023
GAS,12.0,1,United States Grand Prix,2023
GAS,13.0,1,United States Grand Prix,2023
GAS,14.0,1,United States Grand Prix,2023
GAS,15.0,1,United States Grand Prix,2023
GAS,16.0,1,United States Grand Prix,2023
GAS,17.0,1,United States Grand Prix,2023
GAS,18.0,1,United States Grand Prix,2023
GAS,19.0,1,United States Grand Prix,2023
GAS,20.0,1,United States Grand Prix,2023
GAS,21.0,1,United States Grand Prix,2023
GAS,22.0,1,United States Grand Prix,2023
GAS,23.0,1,United States Grand Prix,2023
GAS,24.0,1,United States Grand Prix,2023
GAS,25.0,1,United States Grand Prix,2023
GAS,26.0,1,United States Grand Prix,2023
GAS,27.0,1,United States Grand Prix,2023
GAS,28.0,1,United States Grand Prix,2023
GAS,29.0,1,United States Grand Prix,2023
GAS,30.0,1,United States Grand Prix,2023
GAS,31.0,1,United States Grand Prix,2023
GAS,32.0,1,United States Grand Prix,2023
GAS,33.0,1,United States Grand Prix,2023
GAS,34.0,1,United States Grand Prix,2023
GAS,35.0,1,United States Grand Prix,2023
GAS,36.0,1,United States Grand Prix,2023
GAS,37.0,1,United States Grand Prix,2023
GAS,38.0,1,United States Grand Prix,2023
GAS,39.0,1,United States Grand Prix,2023
GAS,40.0,1,United States Grand Prix,2023
GAS,41.0,1,United States Grand Prix,2023
GAS,42.0,1,United States Grand Prix,2023
GAS,43.0,1,United States Grand Prix,2023
GAS,44.0,1,United States Grand Prix,2023
GAS,45.0,1,United States Grand Prix,2023
GAS,46.0,1,United States Grand Prix,2023
GAS,47.0,1,United States Grand Prix,2023
GAS,48.0,1,United States Grand Prix,2023
GAS,49.0,1,United States Grand Prix,2023
GAS,50.0,1,United States Grand Prix,2023
GAS,51.0,1,United States Grand Prix,2023
GAS,52.0,1,United States Grand Prix,2023
GAS,53.0,1,United States Grand Prix,2023
GAS,54.0,1,United States Grand Prix,2023
GAS,55.0,1,United States Grand Prix,2023
GAS,56.0,12,United States Grand Prix,2023
STR,1.0,1,United States Grand Prix,2023
STR,2.0,1,United States Grand Prix,2023
STR,3.0,1,United States Grand Prix,2023
STR,4.0,1,United States Grand Prix,2023
STR,5.0,1,United States Grand Prix,2023
STR,6.0,1,United States Grand Prix,2023
STR,7.0,1,United States Grand Prix,2023
STR,8.0,1,United States Grand Prix,2023
STR,9.0,1,United States Grand Prix,2023
STR,10.0,1,United States Grand Prix,2023
STR,11.0,1,United States Grand Prix,2023
STR,12.0,1,United States Grand Prix,2023
STR,13.0,1,United States Grand Prix,2023
STR,14.0,1,United States Grand Prix,2023
STR,15.0,1,United States Grand Prix,2023
STR,16.0,1,United States Grand Prix,2023
STR,17.0,1,United States Grand Prix,2023
STR,18.0,1,United States Grand Prix,2023
STR,19.0,1,United States Grand Prix,2023
STR,20.0,1,United States Grand Prix,2023
STR,21.0,1,United States Grand Prix,2023
STR,22.0,1,United States Grand Prix,2023
STR,23.0,1,United States Grand Prix,2023
STR,24.0,1,United States Grand Prix,2023
STR,25.0,1,United States Grand Prix,2023
STR,26.0,1,United States Grand Prix,2023
STR,27.0,1,United States Grand Prix,2023
STR,28.0,1,United States Grand Prix,2023
STR,29.0,1,United States Grand Prix,2023
STR,30.0,1,United States Grand Prix,2023
STR,31.0,1,United States Grand Prix,2023
STR,32.0,1,United States Grand Prix,2023
STR,33.0,1,United States Grand Prix,2023
STR,34.0,1,United States Grand Prix,2023
STR,35.0,1,United States Grand Prix,2023
STR,36.0,1,United States Grand Prix,2023
STR,37.0,1,United States Grand Prix,2023
STR,38.0,1,United States Grand Prix,2023
STR,39.0,1,United States Grand Prix,2023
STR,40.0,1,United States Grand Prix,2023
STR,41.0,1,United States Grand Prix,2023
STR,42.0,1,United States Grand Prix,2023
STR,43.0,1,United States Grand Prix,2023
STR,44.0,1,United States Grand Prix,2023
STR,45.0,1,United States Grand Prix,2023
STR,46.0,1,United States Grand Prix,2023
STR,47.0,1,United States Grand Prix,2023
STR,48.0,1,United States Grand Prix,2023
STR,49.0,1,United States Grand Prix,2023
STR,50.0,1,United States Grand Prix,2023
STR,51.0,1,United States Grand Prix,2023
STR,52.0,1,United States Grand Prix,2023
STR,53.0,1,United States Grand Prix,2023
STR,54.0,1,United States Grand Prix,2023
STR,55.0,1,United States Grand Prix,2023
STR,56.0,12,United States Grand Prix,2023
TSU,1.0,1,United States Grand Prix,2023
TSU,2.0,1,United States Grand Prix,2023
TSU,3.0,1,United States Grand Prix,2023
TSU,4.0,1,United States Grand Prix,2023
TSU,5.0,1,United States Grand Prix,2023
TSU,6.0,1,United States Grand Prix,2023
TSU,7.0,1,United States Grand Prix,2023
TSU,8.0,1,United States Grand Prix,2023
TSU,9.0,1,United States Grand Prix,2023
TSU,10.0,1,United States Grand Prix,2023
TSU,11.0,1,United States Grand Prix,2023
TSU,12.0,1,United States Grand Prix,2023
TSU,13.0,1,United States Grand Prix,2023
TSU,14.0,1,United States Grand Prix,2023
TSU,15.0,1,United States Grand Prix,2023
TSU,16.0,1,United States Grand Prix,2023
TSU,17.0,1,United States Grand Prix,2023
TSU,18.0,1,United States Grand Prix,2023
TSU,19.0,1,United States Grand Prix,2023
TSU,20.0,1,United States Grand Prix,2023
TSU,21.0,1,United States Grand Prix,2023
TSU,22.0,1,United States Grand Prix,2023
TSU,23.0,1,United States Grand Prix,2023
TSU,24.0,1,United States Grand Prix,2023
TSU,25.0,1,United States Grand Prix,2023
TSU,26.0,1,United States Grand Prix,2023
TSU,27.0,1,United States Grand Prix,2023
TSU,28.0,1,United States Grand Prix,2023
TSU,29.0,1,United States Grand Prix,2023
TSU,30.0,1,United States Grand Prix,2023
TSU,31.0,1,United States Grand Prix,2023
TSU,32.0,1,United States Grand Prix,2023
TSU,33.0,1,United States Grand Prix,2023
TSU,34.0,1,United States Grand Prix,2023
TSU,35.0,1,United States Grand Prix,2023
TSU,36.0,1,United States Grand Prix,2023
TSU,37.0,1,United States Grand Prix,2023
TSU,38.0,1,United States Grand Prix,2023
TSU,39.0,1,United States Grand Prix,2023
TSU,40.0,1,United States Grand Prix,2023
TSU,41.0,1,United States Grand Prix,2023
TSU,42.0,1,United States Grand Prix,2023
TSU,43.0,1,United States Grand Prix,2023
TSU,44.0,1,United States Grand Prix,2023
TSU,45.0,1,United States Grand Prix,2023
TSU,46.0,1,United States Grand Prix,2023
TSU,47.0,1,United States Grand Prix,2023
TSU,48.0,1,United States Grand Prix,2023
TSU,49.0,1,United States Grand Prix,2023
TSU,50.0,1,United States Grand Prix,2023
TSU,51.0,1,United States Grand Prix,2023
TSU,52.0,1,United States Grand Prix,2023
TSU,53.0,1,United States Grand Prix,2023
TSU,54.0,1,United States Grand Prix,2023
TSU,55.0,1,United States Grand Prix,2023
TSU,56.0,12,United States Grand Prix,2023
ALB,1.0,1,United States Grand Prix,2023
ALB,2.0,1,United States Grand Prix,2023
ALB,3.0,1,United States Grand Prix,2023
ALB,4.0,1,United States Grand Prix,2023
ALB,5.0,1,United States Grand Prix,2023
ALB,6.0,1,United States Grand Prix,2023
ALB,7.0,1,United States Grand Prix,2023
ALB,8.0,1,United States Grand Prix,2023
ALB,9.0,1,United States Grand Prix,2023
ALB,10.0,1,United States Grand Prix,2023
ALB,11.0,1,United States Grand Prix,2023
ALB,12.0,1,United States Grand Prix,2023
ALB,13.0,1,United States Grand Prix,2023
ALB,14.0,1,United States Grand Prix,2023
ALB,15.0,1,United States Grand Prix,2023
ALB,16.0,1,United States Grand Prix,2023
ALB,17.0,1,United States Grand Prix,2023
ALB,18.0,1,United States Grand Prix,2023
ALB,19.0,1,United States Grand Prix,2023
ALB,20.0,1,United States Grand Prix,2023
ALB,21.0,1,United States Grand Prix,2023
ALB,22.0,1,United States Grand Prix,2023
ALB,23.0,1,United States Grand Prix,2023
ALB,24.0,1,United States Grand Prix,2023
ALB,25.0,1,United States Grand Prix,2023
ALB,26.0,1,United States Grand Prix,2023
ALB,27.0,1,United States Grand Prix,2023
ALB,28.0,1,United States Grand Prix,2023
ALB,29.0,1,United States Grand Prix,2023
ALB,30.0,1,United States Grand Prix,2023
ALB,31.0,1,United States Grand Prix,2023
ALB,32.0,1,United States Grand Prix,2023
ALB,33.0,1,United States Grand Prix,2023
ALB,34.0,1,United States Grand Prix,2023
ALB,35.0,1,United States Grand Prix,2023
ALB,36.0,1,United States Grand Prix,2023
ALB,37.0,1,United States Grand Prix,2023
ALB,38.0,1,United States Grand Prix,2023
ALB,39.0,1,United States Grand Prix,2023
ALB,40.0,1,United States Grand Prix,2023
ALB,41.0,1,United States Grand Prix,2023
ALB,42.0,1,United States Grand Prix,2023
ALB,43.0,1,United States Grand Prix,2023
ALB,44.0,1,United States Grand Prix,2023
ALB,45.0,1,United States Grand Prix,2023
ALB,46.0,1,United States Grand Prix,2023
ALB,47.0,1,United States Grand Prix,2023
ALB,48.0,1,United States Grand Prix,2023
ALB,49.0,1,United States Grand Prix,2023
ALB,50.0,1,United States Grand Prix,2023
ALB,51.0,1,United States Grand Prix,2023
ALB,52.0,1,United States Grand Prix,2023
ALB,53.0,1,United States Grand Prix,2023
ALB,54.0,1,United States Grand Prix,2023
ALB,55.0,1,United States Grand Prix,2023
ALB,56.0,12,United States Grand Prix,2023
SAR,1.0,1,United States Grand Prix,2023
SAR,2.0,1,United States Grand Prix,2023
SAR,3.0,1,United States Grand Prix,2023
SAR,4.0,1,United States Grand Prix,2023
SAR,5.0,1,United States Grand Prix,2023
SAR,6.0,1,United States Grand Prix,2023
SAR,7.0,1,United States Grand Prix,2023
SAR,8.0,1,United States Grand Prix,2023
SAR,9.0,1,United States Grand Prix,2023
SAR,10.0,1,United States Grand Prix,2023
SAR,11.0,1,United States Grand Prix,2023
SAR,12.0,1,United States Grand Prix,2023
SAR,13.0,1,United States Grand Prix,2023
SAR,14.0,1,United States Grand Prix,2023
SAR,15.0,1,United States Grand Prix,2023
SAR,16.0,1,United States Grand Prix,2023
SAR,17.0,1,United States Grand Prix,2023
SAR,18.0,1,United States Grand Prix,2023
SAR,19.0,1,United States Grand Prix,2023
SAR,20.0,1,United States Grand Prix,2023
SAR,21.0,1,United States Grand Prix,2023
SAR,22.0,1,United States Grand Prix,2023
SAR,23.0,1,United States Grand Prix,2023
SAR,24.0,1,United States Grand Prix,2023
SAR,25.0,1,United States Grand Prix,2023
SAR,26.0,1,United States Grand Prix,2023
SAR,27.0,1,United States Grand Prix,2023
SAR,28.0,1,United States Grand Prix,2023
SAR,29.0,1,United States Grand Prix,2023
SAR,30.0,1,United States Grand Prix,2023
SAR,31.0,1,United States Grand Prix,2023
SAR,32.0,1,United States Grand Prix,2023
SAR,33.0,1,United States Grand Prix,2023
SAR,34.0,1,United States Grand Prix,2023
SAR,35.0,1,United States Grand Prix,2023
SAR,36.0,1,United States Grand Prix,2023
SAR,37.0,1,United States Grand Prix,2023
SAR,38.0,1,United States Grand Prix,2023
SAR,39.0,1,United States Grand Prix,2023
SAR,40.0,1,United States Grand Prix,2023
SAR,41.0,1,United States Grand Prix,2023
SAR,42.0,1,United States Grand Prix,2023
SAR,43.0,1,United States Grand Prix,2023
SAR,44.0,1,United States Grand Prix,2023
SAR,45.0,1,United States Grand Prix,2023
SAR,46.0,1,United States Grand Prix,2023
SAR,47.0,1,United States Grand Prix,2023
SAR,48.0,1,United States Grand Prix,2023
SAR,49.0,1,United States Grand Prix,2023
SAR,50.0,1,United States Grand Prix,2023
SAR,51.0,1,United States Grand Prix,2023
SAR,52.0,1,United States Grand Prix,2023
SAR,53.0,1,United States Grand Prix,2023
SAR,54.0,1,United States Grand Prix,2023
SAR,55.0,1,United States Grand Prix,2023
SAR,56.0,12,United States Grand Prix,2023
HUL,1.0,1,United States Grand Prix,2023
HUL,2.0,1,United States Grand Prix,2023
HUL,3.0,1,United States Grand Prix,2023
HUL,4.0,1,United States Grand Prix,2023
HUL,5.0,1,United States Grand Prix,2023
HUL,6.0,1,United States Grand Prix,2023
HUL,7.0,1,United States Grand Prix,2023
HUL,8.0,1,United States Grand Prix,2023
HUL,9.0,1,United States Grand Prix,2023
HUL,10.0,1,United States Grand Prix,2023
HUL,11.0,1,United States Grand Prix,2023
HUL,12.0,1,United States Grand Prix,2023
HUL,13.0,1,United States Grand Prix,2023
HUL,14.0,1,United States Grand Prix,2023
HUL,15.0,1,United States Grand Prix,2023
HUL,16.0,1,United States Grand Prix,2023
HUL,17.0,1,United States Grand Prix,2023
HUL,18.0,1,United States Grand Prix,2023
HUL,19.0,1,United States Grand Prix,2023
HUL,20.0,1,United States Grand Prix,2023
HUL,21.0,1,United States Grand Prix,2023
HUL,22.0,1,United States Grand Prix,2023
HUL,23.0,1,United States Grand Prix,2023
HUL,24.0,1,United States Grand Prix,2023
HUL,25.0,1,United States Grand Prix,2023
HUL,26.0,1,United States Grand Prix,2023
HUL,27.0,1,United States Grand Prix,2023
HUL,28.0,1,United States Grand Prix,2023
HUL,29.0,1,United States Grand Prix,2023
HUL,30.0,1,United States Grand Prix,2023
HUL,31.0,1,United States Grand Prix,2023
HUL,32.0,1,United States Grand Prix,2023
HUL,33.0,1,United States Grand Prix,2023
HUL,34.0,1,United States Grand Prix,2023
HUL,35.0,1,United States Grand Prix,2023
HUL,36.0,1,United States Grand Prix,2023
HUL,37.0,1,United States Grand Prix,2023
HUL,38.0,1,United States Grand Prix,2023
HUL,39.0,1,United States Grand Prix,2023
HUL,40.0,1,United States Grand Prix,2023
HUL,41.0,1,United States Grand Prix,2023
HUL,42.0,1,United States Grand Prix,2023
HUL,43.0,1,United States Grand Prix,2023
HUL,44.0,1,United States Grand Prix,2023
HUL,45.0,1,United States Grand Prix,2023
HUL,46.0,1,United States Grand Prix,2023
HUL,47.0,1,United States Grand Prix,2023
HUL,48.0,1,United States Grand Prix,2023
HUL,49.0,1,United States Grand Prix,2023
HUL,50.0,1,United States Grand Prix,2023
HUL,51.0,1,United States Grand Prix,2023
HUL,52.0,1,United States Grand Prix,2023
HUL,53.0,1,United States Grand Prix,2023
HUL,54.0,1,United States Grand Prix,2023
HUL,55.0,1,United States Grand Prix,2023
HUL,56.0,12,United States Grand Prix,2023
BOT,1.0,1,United States Grand Prix,2023
BOT,2.0,1,United States Grand Prix,2023
BOT,3.0,1,United States Grand Prix,2023
BOT,4.0,1,United States Grand Prix,2023
BOT,5.0,1,United States Grand Prix,2023
BOT,6.0,1,United States Grand Prix,2023
BOT,7.0,1,United States Grand Prix,2023
BOT,8.0,1,United States Grand Prix,2023
BOT,9.0,1,United States Grand Prix,2023
BOT,10.0,1,United States Grand Prix,2023
BOT,11.0,1,United States Grand Prix,2023
BOT,12.0,1,United States Grand Prix,2023
BOT,13.0,1,United States Grand Prix,2023
BOT,14.0,1,United States Grand Prix,2023
BOT,15.0,1,United States Grand Prix,2023
BOT,16.0,1,United States Grand Prix,2023
BOT,17.0,1,United States Grand Prix,2023
BOT,18.0,1,United States Grand Prix,2023
BOT,19.0,1,United States Grand Prix,2023
BOT,20.0,1,United States Grand Prix,2023
BOT,21.0,1,United States Grand Prix,2023
BOT,22.0,1,United States Grand Prix,2023
BOT,23.0,1,United States Grand Prix,2023
BOT,24.0,1,United States Grand Prix,2023
BOT,25.0,1,United States Grand Prix,2023
BOT,26.0,1,United States Grand Prix,2023
BOT,27.0,1,United States Grand Prix,2023
BOT,28.0,1,United States Grand Prix,2023
BOT,29.0,1,United States Grand Prix,2023
BOT,30.0,1,United States Grand Prix,2023
BOT,31.0,1,United States Grand Prix,2023
BOT,32.0,1,United States Grand Prix,2023
BOT,33.0,1,United States Grand Prix,2023
BOT,34.0,1,United States Grand Prix,2023
BOT,35.0,1,United States Grand Prix,2023
BOT,36.0,1,United States Grand Prix,2023
BOT,37.0,1,United States Grand Prix,2023
BOT,38.0,1,United States Grand Prix,2023
BOT,39.0,1,United States Grand Prix,2023
BOT,40.0,1,United States Grand Prix,2023
BOT,41.0,1,United States Grand Prix,2023
BOT,42.0,1,United States Grand Prix,2023
BOT,43.0,1,United States Grand Prix,2023
BOT,44.0,1,United States Grand Prix,2023
BOT,45.0,1,United States Grand Prix,2023
BOT,46.0,1,United States Grand Prix,2023
BOT,47.0,1,United States Grand Prix,2023
BOT,48.0,1,United States Grand Prix,2023
BOT,49.0,1,United States Grand Prix,2023
BOT,50.0,1,United States Grand Prix,2023
BOT,51.0,1,United States Grand Prix,2023
BOT,52.0,1,United States Grand Prix,2023
BOT,53.0,1,United States Grand Prix,2023
BOT,54.0,1,United States Grand Prix,2023
BOT,55.0,1,United States Grand Prix,2023
BOT,56.0,12,United States Grand Prix,2023
ZHO,1.0,1,United States Grand Prix,2023
ZHO,2.0,1,United States Grand Prix,2023
ZHO,3.0,1,United States Grand Prix,2023
ZHO,4.0,1,United States Grand Prix,2023
ZHO,5.0,1,United States Grand Prix,2023
ZHO,6.0,1,United States Grand Prix,2023
ZHO,7.0,1,United States Grand Prix,2023
ZHO,8.0,1,United States Grand Prix,2023
ZHO,9.0,1,United States Grand Prix,2023
ZHO,10.0,1,United States Grand Prix,2023
ZHO,11.0,1,United States Grand Prix,2023
ZHO,12.0,1,United States Grand Prix,2023
ZHO,13.0,1,United States Grand Prix,2023
ZHO,14.0,1,United States Grand Prix,2023
ZHO,15.0,1,United States Grand Prix,2023
ZHO,16.0,1,United States Grand Prix,2023
ZHO,17.0,1,United States Grand Prix,2023
ZHO,18.0,1,United States Grand Prix,2023
ZHO,19.0,1,United States Grand Prix,2023
ZHO,20.0,1,United States Grand Prix,2023
ZHO,21.0,1,United States Grand Prix,2023
ZHO,22.0,1,United States Grand Prix,2023
ZHO,23.0,1,United States Grand Prix,2023
ZHO,24.0,1,United States Grand Prix,2023
ZHO,25.0,1,United States Grand Prix,2023
ZHO,26.0,1,United States Grand Prix,2023
ZHO,27.0,1,United States Grand Prix,2023
ZHO,28.0,1,United States Grand Prix,2023
ZHO,29.0,1,United States Grand Prix,2023
ZHO,30.0,1,United States Grand Prix,2023
ZHO,31.0,1,United States Grand Prix,2023
ZHO,32.0,1,United States Grand Prix,2023
ZHO,33.0,1,United States Grand Prix,2023
ZHO,34.0,1,United States Grand Prix,2023
ZHO,35.0,1,United States Grand Prix,2023
ZHO,36.0,1,United States Grand Prix,2023
ZHO,37.0,1,United States Grand Prix,2023
ZHO,38.0,1,United States Grand Prix,2023
ZHO,39.0,1,United States Grand Prix,2023
ZHO,40.0,1,United States Grand Prix,2023
ZHO,41.0,1,United States Grand Prix,2023
ZHO,42.0,1,United States Grand Prix,2023
ZHO,43.0,1,United States Grand Prix,2023
ZHO,44.0,1,United States Grand Prix,2023
ZHO,45.0,1,United States Grand Prix,2023
ZHO,46.0,1,United States Grand Prix,2023
ZHO,47.0,1,United States Grand Prix,2023
ZHO,48.0,1,United States Grand Prix,2023
ZHO,49.0,1,United States Grand Prix,2023
ZHO,50.0,1,United States Grand Prix,2023
ZHO,51.0,1,United States Grand Prix,2023
ZHO,52.0,1,United States Grand Prix,2023
ZHO,53.0,1,United States Grand Prix,2023
ZHO,54.0,1,United States Grand Prix,2023
ZHO,55.0,1,United States Grand Prix,2023
MAG,1.0,1,United States Grand Prix,2023
MAG,2.0,1,United States Grand Prix,2023
MAG,3.0,1,United States Grand Prix,2023
MAG,4.0,1,United States Grand Prix,2023
MAG,5.0,1,United States Grand Prix,2023
MAG,6.0,1,United States Grand Prix,2023
MAG,7.0,1,United States Grand Prix,2023
MAG,8.0,1,United States Grand Prix,2023
MAG,9.0,1,United States Grand Prix,2023
MAG,10.0,1,United States Grand Prix,2023
MAG,11.0,1,United States Grand Prix,2023
MAG,12.0,1,United States Grand Prix,2023
MAG,13.0,1,United States Grand Prix,2023
MAG,14.0,1,United States Grand Prix,2023
MAG,15.0,1,United States Grand Prix,2023
MAG,16.0,1,United States Grand Prix,2023
MAG,17.0,1,United States Grand Prix,2023
MAG,18.0,1,United States Grand Prix,2023
MAG,19.0,1,United States Grand Prix,2023
MAG,20.0,1,United States Grand Prix,2023
MAG,21.0,1,United States Grand Prix,2023
MAG,22.0,1,United States Grand Prix,2023
MAG,23.0,1,United States Grand Prix,2023
MAG,24.0,1,United States Grand Prix,2023
MAG,25.0,1,United States Grand Prix,2023
MAG,26.0,1,United States Grand Prix,2023
MAG,27.0,1,United States Grand Prix,2023
MAG,28.0,1,United States Grand Prix,2023
MAG,29.0,1,United States Grand Prix,2023
MAG,30.0,1,United States Grand Prix,2023
MAG,31.0,1,United States Grand Prix,2023
MAG,32.0,1,United States Grand Prix,2023
MAG,33.0,1,United States Grand Prix,2023
MAG,34.0,1,United States Grand Prix,2023
MAG,35.0,1,United States Grand Prix,2023
MAG,36.0,1,United States Grand Prix,2023
MAG,37.0,1,United States Grand Prix,2023
MAG,38.0,1,United States Grand Prix,2023
MAG,39.0,1,United States Grand Prix,2023
MAG,40.0,1,United States Grand Prix,2023
MAG,41.0,1,United States Grand Prix,2023
MAG,42.0,1,United States Grand Prix,2023
MAG,43.0,1,United States Grand Prix,2023
MAG,44.0,1,United States Grand Prix,2023
MAG,45.0,1,United States Grand Prix,2023
MAG,46.0,1,United States Grand Prix,2023
MAG,47.0,1,United States Grand Prix,2023
MAG,48.0,1,United States Grand Prix,2023
MAG,49.0,1,United States Grand Prix,2023
MAG,50.0,1,United States Grand Prix,2023
MAG,51.0,1,United States Grand Prix,2023
MAG,52.0,1,United States Grand Prix,2023
MAG,53.0,1,United States Grand Prix,2023
MAG,54.0,1,United States Grand Prix,2023
MAG,55.0,1,United States Grand Prix,2023
RIC,1.0,1,United States Grand Prix,2023
RIC,2.0,1,United States Grand Prix,2023
RIC,3.0,1,United States Grand Prix,2023
RIC,4.0,1,United States Grand Prix,2023
RIC,5.0,1,United States Grand Prix,2023
RIC,6.0,1,United States Grand Prix,2023
RIC,7.0,1,United States Grand Prix,2023
RIC,8.0,1,United States Grand Prix,2023
RIC,9.0,1,United States Grand Prix,2023
RIC,10.0,1,United States Grand Prix,2023
RIC,11.0,1,United States Grand Prix,2023
RIC,12.0,1,United States Grand Prix,2023
RIC,13.0,1,United States Grand Prix,2023
RIC,14.0,1,United States Grand Prix,2023
RIC,15.0,1,United States Grand Prix,2023
RIC,16.0,1,United States Grand Prix,2023
RIC,17.0,1,United States Grand Prix,2023
RIC,18.0,1,United States Grand Prix,2023
RIC,19.0,1,United States Grand Prix,2023
RIC,20.0,1,United States Grand Prix,2023
RIC,21.0,1,United States Grand Prix,2023
RIC,22.0,1,United States Grand Prix,2023
RIC,23.0,1,United States Grand Prix,2023
RIC,24.0,1,United States Grand Prix,2023
RIC,25.0,1,United States Grand Prix,2023
RIC,26.0,1,United States Grand Prix,2023
RIC,27.0,1,United States Grand Prix,2023
RIC,28.0,1,United States Grand Prix,2023
RIC,29.0,1,United States Grand Prix,2023
RIC,30.0,1,United States Grand Prix,2023
RIC,31.0,1,United States Grand Prix,2023
RIC,32.0,1,United States Grand Prix,2023
RIC,33.0,1,United States Grand Prix,2023
RIC,34.0,1,United States Grand Prix,2023
RIC,35.0,1,United States Grand Prix,2023
RIC,36.0,1,United States Grand Prix,2023
RIC,37.0,1,United States Grand Prix,2023
RIC,38.0,1,United States Grand Prix,2023
RIC,39.0,1,United States Grand Prix,2023
RIC,40.0,1,United States Grand Prix,2023
RIC,41.0,1,United States Grand Prix,2023
RIC,42.0,1,United States Grand Prix,2023
RIC,43.0,1,United States Grand Prix,2023
RIC,44.0,1,United States Grand Prix,2023
RIC,45.0,1,United States Grand Prix,2023
RIC,46.0,1,United States Grand Prix,2023
RIC,47.0,1,United States Grand Prix,2023
RIC,48.0,1,United States Grand Prix,2023
RIC,49.0,1,United States Grand Prix,2023
RIC,50.0,1,United States Grand Prix,2023
RIC,51.0,1,United States Grand Prix,2023
RIC,52.0,1,United States Grand Prix,2023
RIC,53.0,1,United States Grand Prix,2023
RIC,54.0,1,United States Grand Prix,2023
RIC,55.0,1,United States Grand Prix,2023
ALO,1.0,1,United States Grand Prix,2023
ALO,2.0,1,United States Grand Prix,2023
ALO,3.0,1,United States Grand Prix,2023
ALO,4.0,1,United States Grand Prix,2023
ALO,5.0,1,United States Grand Prix,2023
ALO,6.0,1,United States Grand Prix,2023
ALO,7.0,1,United States Grand Prix,2023
ALO,8.0,1,United States Grand Prix,2023
ALO,9.0,1,United States Grand Prix,2023
ALO,10.0,1,United States Grand Prix,2023
ALO,11.0,1,United States Grand Prix,2023
ALO,12.0,1,United States Grand Prix,2023
ALO,13.0,1,United States Grand Prix,2023
ALO,14.0,1,United States Grand Prix,2023
ALO,15.0,1,United States Grand Prix,2023
ALO,16.0,1,United States Grand Prix,2023
ALO,17.0,1,United States Grand Prix,2023
ALO,18.0,1,United States Grand Prix,2023
ALO,19.0,1,United States Grand Prix,2023
ALO,20.0,1,United States Grand Prix,2023
ALO,21.0,1,United States Grand Prix,2023
ALO,22.0,1,United States Grand Prix,2023
ALO,23.0,1,United States Grand Prix,2023
ALO,24.0,1,United States Grand Prix,2023
ALO,25.0,1,United States Grand Prix,2023
ALO,26.0,1,United States Grand Prix,2023
ALO,27.0,1,United States Grand Prix,2023
ALO,28.0,1,United States Grand Prix,2023
ALO,29.0,1,United States Grand Prix,2023
ALO,30.0,1,United States Grand Prix,2023
ALO,31.0,1,United States Grand Prix,2023
ALO,32.0,1,United States Grand Prix,2023
ALO,33.0,1,United States Grand Prix,2023
ALO,34.0,1,United States Grand Prix,2023
ALO,35.0,1,United States Grand Prix,2023
ALO,36.0,1,United States Grand Prix,2023
ALO,37.0,1,United States Grand Prix,2023
ALO,38.0,1,United States Grand Prix,2023
ALO,39.0,1,United States Grand Prix,2023
ALO,40.0,1,United States Grand Prix,2023
ALO,41.0,1,United States Grand Prix,2023
ALO,42.0,1,United States Grand Prix,2023
ALO,43.0,1,United States Grand Prix,2023
ALO,44.0,1,United States Grand Prix,2023
ALO,45.0,1,United States Grand Prix,2023
ALO,46.0,1,United States Grand Prix,2023
ALO,47.0,1,United States Grand Prix,2023
ALO,48.0,1,United States Grand Prix,2023
ALO,49.0,1,United States Grand Prix,2023
PIA,1.0,1,United States Grand Prix,2023
PIA,2.0,1,United States Grand Prix,2023
PIA,3.0,1,United States Grand Prix,2023
PIA,4.0,1,United States Grand Prix,2023
PIA,5.0,1,United States Grand Prix,2023
PIA,6.0,1,United States Grand Prix,2023
PIA,7.0,1,United States Grand Prix,2023
PIA,8.0,1,United States Grand Prix,2023
PIA,9.0,1,United States Grand Prix,2023
PIA,10.0,1,United States Grand Prix,2023
OCO,1.0,1,United States Grand Prix,2023
OCO,2.0,1,United States Grand Prix,2023
OCO,3.0,1,United States Grand Prix,2023
OCO,4.0,1,United States Grand Prix,2023
OCO,5.0,1,United States Grand Prix,2023
OCO,6.0,1,United States Grand Prix,2023
HAM,1.0,1,United States Grand Prix,2023
HAM,2.0,1,United States Grand Prix,2023
HAM,3.0,1,United States Grand Prix,2023
HAM,4.0,1,United States Grand Prix,2023
HAM,5.0,1,United States Grand Prix,2023
HAM,6.0,1,United States Grand Prix,2023
HAM,7.0,1,United States Grand Prix,2023
HAM,8.0,1,United States Grand Prix,2023
HAM,9.0,1,United States Grand Prix,2023
HAM,10.0,1,United States Grand Prix,2023
HAM,11.0,1,United States Grand Prix,2023
HAM,12.0,1,United States Grand Prix,2023
HAM,13.0,1,United States Grand Prix,2023
HAM,14.0,1,United States Grand Prix,2023
HAM,15.0,1,United States Grand Prix,2023
HAM,16.0,1,United States Grand Prix,2023
HAM,17.0,1,United States Grand Prix,2023
HAM,18.0,1,United States Grand Prix,2023
HAM,19.0,1,United States Grand Prix,2023
HAM,20.0,1,United States Grand Prix,2023
HAM,21.0,1,United States Grand Prix,2023
HAM,22.0,1,United States Grand Prix,2023
HAM,23.0,1,United States Grand Prix,2023
HAM,24.0,1,United States Grand Prix,2023
HAM,25.0,1,United States Grand Prix,2023
HAM,26.0,1,United States Grand Prix,2023
HAM,27.0,1,United States Grand Prix,2023
HAM,28.0,1,United States Grand Prix,2023
HAM,29.0,1,United States Grand Prix,2023
HAM,30.0,1,United States Grand Prix,2023
HAM,31.0,1,United States Grand Prix,2023
HAM,32.0,1,United States Grand Prix,2023
HAM,33.0,1,United States Grand Prix,2023
HAM,34.0,1,United States Grand Prix,2023
HAM,35.0,1,United States Grand Prix,2023
HAM,36.0,1,United States Grand Prix,2023
HAM,37.0,1,United States Grand Prix,2023
HAM,38.0,1,United States Grand Prix,2023
HAM,39.0,1,United States Grand Prix,2023
HAM,40.0,1,United States Grand Prix,2023
HAM,41.0,1,United States Grand Prix,2023
HAM,42.0,1,United States Grand Prix,2023
HAM,43.0,1,United States Grand Prix,2023
HAM,44.0,1,United States Grand Prix,2023
HAM,45.0,1,United States Grand Prix,2023
HAM,46.0,1,United States Grand Prix,2023
HAM,47.0,1,United States Grand Prix,2023
HAM,48.0,1,United States Grand Prix,2023
HAM,49.0,1,United States Grand Prix,2023
HAM,50.0,1,United States Grand Prix,2023
HAM,51.0,1,United States Grand Prix,2023
HAM,52.0,1,United States Grand Prix,2023
HAM,53.0,1,United States Grand Prix,2023
HAM,54.0,1,United States Grand Prix,2023
HAM,55.0,1,United States Grand Prix,2023
HAM,56.0,1,United States Grand Prix,2023
LEC,1.0,1,United States Grand Prix,2023
LEC,2.0,1,United States Grand Prix,2023
LEC,3.0,1,United States Grand Prix,2023
LEC,4.0,1,United States Grand Prix,2023
LEC,5.0,1,United States Grand Prix,2023
LEC,6.0,1,United States Grand Prix,2023
LEC,7.0,1,United States Grand Prix,2023
LEC,8.0,1,United States Grand Prix,2023
LEC,9.0,1,United States Grand Prix,2023
LEC,10.0,1,United States Grand Prix,2023
LEC,11.0,1,United States Grand Prix,2023
LEC,12.0,1,United States Grand Prix,2023
LEC,13.0,1,United States Grand Prix,2023
LEC,14.0,1,United States Grand Prix,2023
LEC,15.0,1,United States Grand Prix,2023
LEC,16.0,1,United States Grand Prix,2023
LEC,17.0,1,United States Grand Prix,2023
LEC,18.0,1,United States Grand Prix,2023
LEC,19.0,1,United States Grand Prix,2023
LEC,20.0,1,United States Grand Prix,2023
LEC,21.0,1,United States Grand Prix,2023
LEC,22.0,1,United States Grand Prix,2023
LEC,23.0,1,United States Grand Prix,2023
LEC,24.0,1,United States Grand Prix,2023
LEC,25.0,1,United States Grand Prix,2023
LEC,26.0,1,United States Grand Prix,2023
LEC,27.0,1,United States Grand Prix,2023
LEC,28.0,1,United States Grand Prix,2023
LEC,29.0,1,United States Grand Prix,2023
LEC,30.0,1,United States Grand Prix,2023
LEC,31.0,1,United States Grand Prix,2023
LEC,32.0,1,United States Grand Prix,2023
LEC,33.0,1,United States Grand Prix,2023
LEC,34.0,1,United States Grand Prix,2023
LEC,35.0,1,United States Grand Prix,2023
LEC,36.0,1,United States Grand Prix,2023
LEC,37.0,1,United States Grand Prix,2023
LEC,38.0,1,United States Grand Prix,2023
LEC,39.0,1,United States Grand Prix,2023
LEC,40.0,1,United States Grand Prix,2023
LEC,41.0,1,United States Grand Prix,2023
LEC,42.0,1,United States Grand Prix,2023
LEC,43.0,1,United States Grand Prix,2023
LEC,44.0,1,United States Grand Prix,2023
LEC,45.0,1,United States Grand Prix,2023
LEC,46.0,1,United States Grand Prix,2023
LEC,47.0,1,United States Grand Prix,2023
LEC,48.0,1,United States Grand Prix,2023
LEC,49.0,1,United States Grand Prix,2023
LEC,50.0,1,United States Grand Prix,2023
LEC,51.0,1,United States Grand Prix,2023
LEC,52.0,1,United States Grand Prix,2023
LEC,53.0,1,United States Grand Prix,2023
LEC,54.0,1,United States Grand Prix,2023
LEC,55.0,1,United States Grand Prix,2023
LEC,56.0,1,United States Grand Prix,2023
VER,1.0,12,Mexico City Grand Prix,2023
VER,2.0,1,Mexico City Grand Prix,2023
VER,3.0,1,Mexico City Grand Prix,2023
VER,4.0,1,Mexico City Grand Prix,2023
VER,5.0,167,Mexico City Grand Prix,2023
VER,6.0,1,Mexico City Grand Prix,2023
VER,7.0,1,Mexico City Grand Prix,2023
VER,8.0,12,Mexico City Grand Prix,2023
VER,9.0,1,Mexico City Grand Prix,2023
VER,10.0,1,Mexico City Grand Prix,2023
VER,11.0,1,Mexico City Grand Prix,2023
VER,12.0,1,Mexico City Grand Prix,2023
VER,13.0,1,Mexico City Grand Prix,2023
VER,14.0,1,Mexico City Grand Prix,2023
VER,15.0,1,Mexico City Grand Prix,2023
VER,16.0,1,Mexico City Grand Prix,2023
VER,17.0,1,Mexico City Grand Prix,2023
VER,18.0,1,Mexico City Grand Prix,2023
VER,19.0,1,Mexico City Grand Prix,2023
VER,20.0,1,Mexico City Grand Prix,2023
VER,21.0,1,Mexico City Grand Prix,2023
VER,22.0,1,Mexico City Grand Prix,2023
VER,23.0,1,Mexico City Grand Prix,2023
VER,24.0,1,Mexico City Grand Prix,2023
VER,25.0,1,Mexico City Grand Prix,2023
VER,26.0,1,Mexico City Grand Prix,2023
VER,27.0,1,Mexico City Grand Prix,2023
VER,28.0,1,Mexico City Grand Prix,2023
VER,29.0,1,Mexico City Grand Prix,2023
VER,30.0,1,Mexico City Grand Prix,2023
VER,31.0,1,Mexico City Grand Prix,2023
VER,32.0,1,Mexico City Grand Prix,2023
VER,33.0,124,Mexico City Grand Prix,2023
VER,34.0,45,Mexico City Grand Prix,2023
VER,35.0,14,Mexico City Grand Prix,2023
VER,36.0,1,Mexico City Grand Prix,2023
VER,37.0,1,Mexico City Grand Prix,2023
VER,38.0,1,Mexico City Grand Prix,2023
VER,39.0,1,Mexico City Grand Prix,2023
VER,40.0,1,Mexico City Grand Prix,2023
VER,41.0,1,Mexico City Grand Prix,2023
VER,42.0,1,Mexico City Grand Prix,2023
VER,43.0,1,Mexico City Grand Prix,2023
VER,44.0,1,Mexico City Grand Prix,2023
VER,45.0,1,Mexico City Grand Prix,2023
VER,46.0,1,Mexico City Grand Prix,2023
VER,47.0,1,Mexico City Grand Prix,2023
VER,48.0,1,Mexico City Grand Prix,2023
VER,49.0,12,Mexico City Grand Prix,2023
VER,50.0,1,Mexico City Grand Prix,2023
VER,51.0,1,Mexico City Grand Prix,2023
VER,52.0,1,Mexico City Grand Prix,2023
VER,53.0,1,Mexico City Grand Prix,2023
VER,54.0,1,Mexico City Grand Prix,2023
VER,55.0,1,Mexico City Grand Prix,2023
VER,56.0,1,Mexico City Grand Prix,2023
VER,57.0,1,Mexico City Grand Prix,2023
VER,58.0,1,Mexico City Grand Prix,2023
VER,59.0,1,Mexico City Grand Prix,2023
VER,60.0,1,Mexico City Grand Prix,2023
VER,61.0,1,Mexico City Grand Prix,2023
VER,62.0,1,Mexico City Grand Prix,2023
VER,63.0,1,Mexico City Grand Prix,2023
VER,64.0,1,Mexico City Grand Prix,2023
VER,65.0,1,Mexico City Grand Prix,2023
VER,66.0,1,Mexico City Grand Prix,2023
VER,67.0,12,Mexico City Grand Prix,2023
VER,68.0,1,Mexico City Grand Prix,2023
VER,69.0,1,Mexico City Grand Prix,2023
VER,70.0,1,Mexico City Grand Prix,2023
VER,71.0,1,Mexico City Grand Prix,2023
GAS,1.0,12,Mexico City Grand Prix,2023
GAS,2.0,1,Mexico City Grand Prix,2023
GAS,3.0,1,Mexico City Grand Prix,2023
GAS,4.0,1,Mexico City Grand Prix,2023
GAS,5.0,167,Mexico City Grand Prix,2023
GAS,6.0,1,Mexico City Grand Prix,2023
GAS,7.0,1,Mexico City Grand Prix,2023
GAS,8.0,12,Mexico City Grand Prix,2023
GAS,9.0,1,Mexico City Grand Prix,2023
GAS,10.0,1,Mexico City Grand Prix,2023
GAS,11.0,1,Mexico City Grand Prix,2023
GAS,12.0,1,Mexico City Grand Prix,2023
GAS,13.0,1,Mexico City Grand Prix,2023
GAS,14.0,1,Mexico City Grand Prix,2023
GAS,15.0,1,Mexico City Grand Prix,2023
GAS,16.0,1,Mexico City Grand Prix,2023
GAS,17.0,1,Mexico City Grand Prix,2023
GAS,18.0,1,Mexico City Grand Prix,2023
GAS,19.0,1,Mexico City Grand Prix,2023
GAS,20.0,1,Mexico City Grand Prix,2023
GAS,21.0,1,Mexico City Grand Prix,2023
GAS,22.0,1,Mexico City Grand Prix,2023
GAS,23.0,1,Mexico City Grand Prix,2023
GAS,24.0,1,Mexico City Grand Prix,2023
GAS,25.0,1,Mexico City Grand Prix,2023
GAS,26.0,1,Mexico City Grand Prix,2023
GAS,27.0,1,Mexico City Grand Prix,2023
GAS,28.0,1,Mexico City Grand Prix,2023
GAS,29.0,1,Mexico City Grand Prix,2023
GAS,30.0,1,Mexico City Grand Prix,2023
GAS,31.0,1,Mexico City Grand Prix,2023
GAS,32.0,12,Mexico City Grand Prix,2023
GAS,33.0,24,Mexico City Grand Prix,2023
GAS,34.0,45,Mexico City Grand Prix,2023
GAS,35.0,14,Mexico City Grand Prix,2023
GAS,36.0,1,Mexico City Grand Prix,2023
GAS,37.0,1,Mexico City Grand Prix,2023
GAS,38.0,1,Mexico City Grand Prix,2023
GAS,39.0,1,Mexico City Grand Prix,2023
GAS,40.0,1,Mexico City Grand Prix,2023
GAS,41.0,1,Mexico City Grand Prix,2023
GAS,42.0,1,Mexico City Grand Prix,2023
GAS,43.0,1,Mexico City Grand Prix,2023
GAS,44.0,1,Mexico City Grand Prix,2023
GAS,45.0,1,Mexico City Grand Prix,2023
GAS,46.0,1,Mexico City Grand Prix,2023
GAS,47.0,1,Mexico City Grand Prix,2023
GAS,48.0,1,Mexico City Grand Prix,2023
GAS,49.0,12,Mexico City Grand Prix,2023
GAS,50.0,1,Mexico City Grand Prix,2023
GAS,51.0,1,Mexico City Grand Prix,2023
GAS,52.0,1,Mexico City Grand Prix,2023
GAS,53.0,1,Mexico City Grand Prix,2023
GAS,54.0,1,Mexico City Grand Prix,2023
GAS,55.0,1,Mexico City Grand Prix,2023
GAS,56.0,1,Mexico City Grand Prix,2023
GAS,57.0,1,Mexico City Grand Prix,2023
GAS,58.0,1,Mexico City Grand Prix,2023
GAS,59.0,1,Mexico City Grand Prix,2023
GAS,60.0,1,Mexico City Grand Prix,2023
GAS,61.0,1,Mexico City Grand Prix,2023
GAS,62.0,1,Mexico City Grand Prix,2023
GAS,63.0,1,Mexico City Grand Prix,2023
GAS,64.0,1,Mexico City Grand Prix,2023
GAS,65.0,1,Mexico City Grand Prix,2023
GAS,66.0,12,Mexico City Grand Prix,2023
GAS,67.0,21,Mexico City Grand Prix,2023
GAS,68.0,1,Mexico City Grand Prix,2023
GAS,69.0,1,Mexico City Grand Prix,2023
GAS,70.0,1,Mexico City Grand Prix,2023
GAS,71.0,1,Mexico City Grand Prix,2023
PER,1.0,12,Mexico City Grand Prix,2023
ALO,1.0,12,Mexico City Grand Prix,2023
ALO,2.0,1,Mexico City Grand Prix,2023
ALO,3.0,1,Mexico City Grand Prix,2023
ALO,4.0,16,Mexico City Grand Prix,2023
ALO,5.0,671,Mexico City Grand Prix,2023
ALO,6.0,1,Mexico City Grand Prix,2023
ALO,7.0,1,Mexico City Grand Prix,2023
ALO,8.0,12,Mexico City Grand Prix,2023
ALO,9.0,1,Mexico City Grand Prix,2023
ALO,10.0,1,Mexico City Grand Prix,2023
ALO,11.0,1,Mexico City Grand Prix,2023
ALO,12.0,1,Mexico City Grand Prix,2023
ALO,13.0,1,Mexico City Grand Prix,2023
ALO,14.0,1,Mexico City Grand Prix,2023
ALO,15.0,1,Mexico City Grand Prix,2023
ALO,16.0,1,Mexico City Grand Prix,2023
ALO,17.0,1,Mexico City Grand Prix,2023
ALO,18.0,1,Mexico City Grand Prix,2023
ALO,19.0,1,Mexico City Grand Prix,2023
ALO,20.0,1,Mexico City Grand Prix,2023
ALO,21.0,1,Mexico City Grand Prix,2023
ALO,22.0,1,Mexico City Grand Prix,2023
ALO,23.0,1,Mexico City Grand Prix,2023
ALO,24.0,1,Mexico City Grand Prix,2023
ALO,25.0,1,Mexico City Grand Prix,2023
ALO,26.0,1,Mexico City Grand Prix,2023
ALO,27.0,1,Mexico City Grand Prix,2023
ALO,28.0,1,Mexico City Grand Prix,2023
ALO,29.0,1,Mexico City Grand Prix,2023
ALO,30.0,1,Mexico City Grand Prix,2023
ALO,31.0,1,Mexico City Grand Prix,2023
ALO,32.0,124,Mexico City Grand Prix,2023
ALO,33.0,4,Mexico City Grand Prix,2023
ALO,34.0,45,Mexico City Grand Prix,2023
ALO,35.0,14,Mexico City Grand Prix,2023
ALO,36.0,1,Mexico City Grand Prix,2023
ALO,37.0,1,Mexico City Grand Prix,2023
ALO,38.0,1,Mexico City Grand Prix,2023
ALO,39.0,1,Mexico City Grand Prix,2023
ALO,40.0,1,Mexico City Grand Prix,2023
ALO,41.0,1,Mexico City Grand Prix,2023
ALO,42.0,1,Mexico City Grand Prix,2023
ALO,43.0,1,Mexico City Grand Prix,2023
ALO,44.0,1,Mexico City Grand Prix,2023
ALO,45.0,1,Mexico City Grand Prix,2023
ALO,46.0,1,Mexico City Grand Prix,2023
ALO,47.0,1,Mexico City Grand Prix,2023
LEC,1.0,12,Mexico City Grand Prix,2023
LEC,2.0,1,Mexico City Grand Prix,2023
LEC,3.0,1,Mexico City Grand Prix,2023
LEC,4.0,1,Mexico City Grand Prix,2023
LEC,5.0,167,Mexico City Grand Prix,2023
LEC,6.0,1,Mexico City Grand Prix,2023
LEC,7.0,1,Mexico City Grand Prix,2023
LEC,8.0,12,Mexico City Grand Prix,2023
LEC,9.0,1,Mexico City Grand Prix,2023
LEC,10.0,1,Mexico City Grand Prix,2023
LEC,11.0,1,Mexico City Grand Prix,2023
LEC,12.0,1,Mexico City Grand Prix,2023
LEC,13.0,1,Mexico City Grand Prix,2023
LEC,14.0,1,Mexico City Grand Prix,2023
LEC,15.0,1,Mexico City Grand Prix,2023
LEC,16.0,1,Mexico City Grand Prix,2023
LEC,17.0,1,Mexico City Grand Prix,2023
LEC,18.0,1,Mexico City Grand Prix,2023
LEC,19.0,1,Mexico City Grand Prix,2023
LEC,20.0,1,Mexico City Grand Prix,2023
LEC,21.0,1,Mexico City Grand Prix,2023
LEC,22.0,1,Mexico City Grand Prix,2023
LEC,23.0,1,Mexico City Grand Prix,2023
LEC,24.0,1,Mexico City Grand Prix,2023
LEC,25.0,1,Mexico City Grand Prix,2023
LEC,26.0,1,Mexico City Grand Prix,2023
LEC,27.0,1,Mexico City Grand Prix,2023
LEC,28.0,1,Mexico City Grand Prix,2023
LEC,29.0,1,Mexico City Grand Prix,2023
LEC,30.0,1,Mexico City Grand Prix,2023
LEC,31.0,1,Mexico City Grand Prix,2023
LEC,32.0,1,Mexico City Grand Prix,2023
LEC,33.0,124,Mexico City Grand Prix,2023
LEC,34.0,45,Mexico City Grand Prix,2023
LEC,35.0,14,Mexico City Grand Prix,2023
LEC,36.0,1,Mexico City Grand Prix,2023
LEC,37.0,1,Mexico City Grand Prix,2023
LEC,38.0,1,Mexico City Grand Prix,2023
LEC,39.0,1,Mexico City Grand Prix,2023
LEC,40.0,1,Mexico City Grand Prix,2023
LEC,41.0,1,Mexico City Grand Prix,2023
LEC,42.0,1,Mexico City Grand Prix,2023
LEC,43.0,1,Mexico City Grand Prix,2023
LEC,44.0,1,Mexico City Grand Prix,2023
LEC,45.0,1,Mexico City Grand Prix,2023
LEC,46.0,1,Mexico City Grand Prix,2023
LEC,47.0,1,Mexico City Grand Prix,2023
LEC,48.0,1,Mexico City Grand Prix,2023
LEC,49.0,12,Mexico City Grand Prix,2023
LEC,50.0,1,Mexico City Grand Prix,2023
LEC,51.0,1,Mexico City Grand Prix,2023
LEC,52.0,1,Mexico City Grand Prix,2023
LEC,53.0,1,Mexico City Grand Prix,2023
LEC,54.0,1,Mexico City Grand Prix,2023
LEC,55.0,1,Mexico City Grand Prix,2023
LEC,56.0,1,Mexico City Grand Prix,2023
LEC,57.0,1,Mexico City Grand Prix,2023
LEC,58.0,1,Mexico City Grand Prix,2023
LEC,59.0,1,Mexico City Grand Prix,2023
LEC,60.0,1,Mexico City Grand Prix,2023
LEC,61.0,1,Mexico City Grand Prix,2023
LEC,62.0,1,Mexico City Grand Prix,2023
LEC,63.0,1,Mexico City Grand Prix,2023
LEC,64.0,1,Mexico City Grand Prix,2023
LEC,65.0,1,Mexico City Grand Prix,2023
LEC,66.0,1,Mexico City Grand Prix,2023
LEC,67.0,12,Mexico City Grand Prix,2023
LEC,68.0,1,Mexico City Grand Prix,2023
LEC,69.0,1,Mexico City Grand Prix,2023
LEC,70.0,1,Mexico City Grand Prix,2023
LEC,71.0,1,Mexico City Grand Prix,2023
STR,1.0,12,Mexico City Grand Prix,2023
STR,2.0,1,Mexico City Grand Prix,2023
STR,3.0,1,Mexico City Grand Prix,2023
STR,4.0,16,Mexico City Grand Prix,2023
STR,5.0,671,Mexico City Grand Prix,2023
STR,6.0,1,Mexico City Grand Prix,2023
STR,7.0,1,Mexico City Grand Prix,2023
STR,8.0,12,Mexico City Grand Prix,2023
STR,9.0,1,Mexico City Grand Prix,2023
STR,10.0,1,Mexico City Grand Prix,2023
STR,11.0,1,Mexico City Grand Prix,2023
STR,12.0,1,Mexico City Grand Prix,2023
STR,13.0,1,Mexico City Grand Prix,2023
STR,14.0,1,Mexico City Grand Prix,2023
STR,15.0,1,Mexico City Grand Prix,2023
STR,16.0,1,Mexico City Grand Prix,2023
STR,17.0,1,Mexico City Grand Prix,2023
STR,18.0,1,Mexico City Grand Prix,2023
STR,19.0,1,Mexico City Grand Prix,2023
STR,20.0,1,Mexico City Grand Prix,2023
STR,21.0,1,Mexico City Grand Prix,2023
STR,22.0,1,Mexico City Grand Prix,2023
STR,23.0,1,Mexico City Grand Prix,2023
STR,24.0,1,Mexico City Grand Prix,2023
STR,25.0,1,Mexico City Grand Prix,2023
STR,26.0,1,Mexico City Grand Prix,2023
STR,27.0,1,Mexico City Grand Prix,2023
STR,28.0,1,Mexico City Grand Prix,2023
STR,29.0,1,Mexico City Grand Prix,2023
STR,30.0,1,Mexico City Grand Prix,2023
STR,31.0,1,Mexico City Grand Prix,2023
STR,32.0,124,Mexico City Grand Prix,2023
STR,33.0,4,Mexico City Grand Prix,2023
STR,34.0,45,Mexico City Grand Prix,2023
STR,35.0,14,Mexico City Grand Prix,2023
STR,36.0,1,Mexico City Grand Prix,2023
STR,37.0,1,Mexico City Grand Prix,2023
STR,38.0,1,Mexico City Grand Prix,2023
STR,39.0,1,Mexico City Grand Prix,2023
STR,40.0,1,Mexico City Grand Prix,2023
STR,41.0,1,Mexico City Grand Prix,2023
STR,42.0,1,Mexico City Grand Prix,2023
STR,43.0,1,Mexico City Grand Prix,2023
STR,44.0,1,Mexico City Grand Prix,2023
STR,45.0,1,Mexico City Grand Prix,2023
STR,46.0,1,Mexico City Grand Prix,2023
STR,47.0,1,Mexico City Grand Prix,2023
STR,48.0,1,Mexico City Grand Prix,2023
STR,49.0,12,Mexico City Grand Prix,2023
STR,50.0,1,Mexico City Grand Prix,2023
STR,51.0,1,Mexico City Grand Prix,2023
STR,52.0,1,Mexico City Grand Prix,2023
STR,53.0,1,Mexico City Grand Prix,2023
STR,54.0,1,Mexico City Grand Prix,2023
STR,55.0,1,Mexico City Grand Prix,2023
STR,56.0,1,Mexico City Grand Prix,2023
STR,57.0,1,Mexico City Grand Prix,2023
STR,58.0,1,Mexico City Grand Prix,2023
STR,59.0,1,Mexico City Grand Prix,2023
STR,60.0,1,Mexico City Grand Prix,2023
STR,61.0,1,Mexico City Grand Prix,2023
STR,62.0,1,Mexico City Grand Prix,2023
STR,63.0,1,Mexico City Grand Prix,2023
STR,64.0,1,Mexico City Grand Prix,2023
STR,65.0,1,Mexico City Grand Prix,2023
STR,66.0,12,Mexico City Grand Prix,2023
SAR,1.0,12,Mexico City Grand Prix,2023
SAR,2.0,1,Mexico City Grand Prix,2023
SAR,3.0,1,Mexico City Grand Prix,2023
SAR,4.0,16,Mexico City Grand Prix,2023
SAR,5.0,671,Mexico City Grand Prix,2023
SAR,6.0,1,Mexico City Grand Prix,2023
SAR,7.0,1,Mexico City Grand Prix,2023
SAR,8.0,12,Mexico City Grand Prix,2023
SAR,9.0,1,Mexico City Grand Prix,2023
SAR,10.0,1,Mexico City Grand Prix,2023
SAR,11.0,1,Mexico City Grand Prix,2023
SAR,12.0,1,Mexico City Grand Prix,2023
SAR,13.0,1,Mexico City Grand Prix,2023
SAR,14.0,1,Mexico City Grand Prix,2023
SAR,15.0,1,Mexico City Grand Prix,2023
SAR,16.0,1,Mexico City Grand Prix,2023
SAR,17.0,1,Mexico City Grand Prix,2023
SAR,18.0,1,Mexico City Grand Prix,2023
SAR,19.0,1,Mexico City Grand Prix,2023
SAR,20.0,1,Mexico City Grand Prix,2023
SAR,21.0,1,Mexico City Grand Prix,2023
SAR,22.0,1,Mexico City Grand Prix,2023
SAR,23.0,1,Mexico City Grand Prix,2023
SAR,24.0,1,Mexico City Grand Prix,2023
SAR,25.0,1,Mexico City Grand Prix,2023
SAR,26.0,1,Mexico City Grand Prix,2023
SAR,27.0,1,Mexico City Grand Prix,2023
SAR,28.0,1,Mexico City Grand Prix,2023
SAR,29.0,1,Mexico City Grand Prix,2023
SAR,30.0,1,Mexico City Grand Prix,2023
SAR,31.0,1,Mexico City Grand Prix,2023
SAR,32.0,124,Mexico City Grand Prix,2023
SAR,33.0,4,Mexico City Grand Prix,2023
SAR,34.0,45,Mexico City Grand Prix,2023
SAR,35.0,14,Mexico City Grand Prix,2023
SAR,36.0,1,Mexico City Grand Prix,2023
SAR,37.0,1,Mexico City Grand Prix,2023
SAR,38.0,1,Mexico City Grand Prix,2023
SAR,39.0,1,Mexico City Grand Prix,2023
SAR,40.0,1,Mexico City Grand Prix,2023
SAR,41.0,1,Mexico City Grand Prix,2023
SAR,42.0,1,Mexico City Grand Prix,2023
SAR,43.0,1,Mexico City Grand Prix,2023
SAR,44.0,1,Mexico City Grand Prix,2023
SAR,45.0,1,Mexico City Grand Prix,2023
SAR,46.0,1,Mexico City Grand Prix,2023
SAR,47.0,1,Mexico City Grand Prix,2023
SAR,48.0,1,Mexico City Grand Prix,2023
SAR,49.0,12,Mexico City Grand Prix,2023
SAR,50.0,1,Mexico City Grand Prix,2023
SAR,51.0,1,Mexico City Grand Prix,2023
SAR,52.0,1,Mexico City Grand Prix,2023
SAR,53.0,1,Mexico City Grand Prix,2023
SAR,54.0,1,Mexico City Grand Prix,2023
SAR,55.0,1,Mexico City Grand Prix,2023
SAR,56.0,1,Mexico City Grand Prix,2023
SAR,57.0,1,Mexico City Grand Prix,2023
SAR,58.0,1,Mexico City Grand Prix,2023
SAR,59.0,1,Mexico City Grand Prix,2023
SAR,60.0,1,Mexico City Grand Prix,2023
SAR,61.0,1,Mexico City Grand Prix,2023
SAR,62.0,1,Mexico City Grand Prix,2023
SAR,63.0,1,Mexico City Grand Prix,2023
SAR,64.0,1,Mexico City Grand Prix,2023
SAR,65.0,1,Mexico City Grand Prix,2023
SAR,66.0,12,Mexico City Grand Prix,2023
SAR,67.0,21,Mexico City Grand Prix,2023
SAR,68.0,1,Mexico City Grand Prix,2023
SAR,69.0,1,Mexico City Grand Prix,2023
SAR,70.0,1,Mexico City Grand Prix,2023
SAR,71.0,1,Mexico City Grand Prix,2023
MAG,1.0,12,Mexico City Grand Prix,2023
MAG,2.0,1,Mexico City Grand Prix,2023
MAG,3.0,1,Mexico City Grand Prix,2023
MAG,4.0,16,Mexico City Grand Prix,2023
MAG,5.0,671,Mexico City Grand Prix,2023
MAG,6.0,1,Mexico City Grand Prix,2023
MAG,7.0,1,Mexico City Grand Prix,2023
MAG,8.0,12,Mexico City Grand Prix,2023
MAG,9.0,1,Mexico City Grand Prix,2023
MAG,10.0,1,Mexico City Grand Prix,2023
MAG,11.0,1,Mexico City Grand Prix,2023
MAG,12.0,1,Mexico City Grand Prix,2023
MAG,13.0,1,Mexico City Grand Prix,2023
MAG,14.0,1,Mexico City Grand Prix,2023
MAG,15.0,1,Mexico City Grand Prix,2023
MAG,16.0,1,Mexico City Grand Prix,2023
MAG,17.0,1,Mexico City Grand Prix,2023
MAG,18.0,1,Mexico City Grand Prix,2023
MAG,19.0,1,Mexico City Grand Prix,2023
MAG,20.0,1,Mexico City Grand Prix,2023
MAG,21.0,1,Mexico City Grand Prix,2023
MAG,22.0,1,Mexico City Grand Prix,2023
MAG,23.0,1,Mexico City Grand Prix,2023
MAG,24.0,1,Mexico City Grand Prix,2023
MAG,25.0,1,Mexico City Grand Prix,2023
MAG,26.0,1,Mexico City Grand Prix,2023
MAG,27.0,1,Mexico City Grand Prix,2023
MAG,28.0,1,Mexico City Grand Prix,2023
MAG,29.0,1,Mexico City Grand Prix,2023
MAG,30.0,1,Mexico City Grand Prix,2023
MAG,31.0,1,Mexico City Grand Prix,2023
MAG,32.0,124,Mexico City Grand Prix,2023
TSU,1.0,12,Mexico City Grand Prix,2023
TSU,2.0,1,Mexico City Grand Prix,2023
TSU,3.0,1,Mexico City Grand Prix,2023
TSU,4.0,16,Mexico City Grand Prix,2023
TSU,5.0,671,Mexico City Grand Prix,2023
TSU,6.0,1,Mexico City Grand Prix,2023
TSU,7.0,1,Mexico City Grand Prix,2023
TSU,8.0,12,Mexico City Grand Prix,2023
TSU,9.0,1,Mexico City Grand Prix,2023
TSU,10.0,1,Mexico City Grand Prix,2023
TSU,11.0,1,Mexico City Grand Prix,2023
TSU,12.0,1,Mexico City Grand Prix,2023
TSU,13.0,1,Mexico City Grand Prix,2023
TSU,14.0,1,Mexico City Grand Prix,2023
TSU,15.0,1,Mexico City Grand Prix,2023
TSU,16.0,1,Mexico City Grand Prix,2023
TSU,17.0,1,Mexico City Grand Prix,2023
TSU,18.0,1,Mexico City Grand Prix,2023
TSU,19.0,1,Mexico City Grand Prix,2023
TSU,20.0,1,Mexico City Grand Prix,2023
TSU,21.0,1,Mexico City Grand Prix,2023
TSU,22.0,1,Mexico City Grand Prix,2023
TSU,23.0,1,Mexico City Grand Prix,2023
TSU,24.0,1,Mexico City Grand Prix,2023
TSU,25.0,1,Mexico City Grand Prix,2023
TSU,26.0,1,Mexico City Grand Prix,2023
TSU,27.0,1,Mexico City Grand Prix,2023
TSU,28.0,1,Mexico City Grand Prix,2023
TSU,29.0,1,Mexico City Grand Prix,2023
TSU,30.0,1,Mexico City Grand Prix,2023
TSU,31.0,1,Mexico City Grand Prix,2023
TSU,32.0,12,Mexico City Grand Prix,2023
TSU,33.0,24,Mexico City Grand Prix,2023
TSU,34.0,45,Mexico City Grand Prix,2023
TSU,35.0,14,Mexico City Grand Prix,2023
TSU,36.0,1,Mexico City Grand Prix,2023
TSU,37.0,1,Mexico City Grand Prix,2023
TSU,38.0,1,Mexico City Grand Prix,2023
TSU,39.0,1,Mexico City Grand Prix,2023
TSU,40.0,1,Mexico City Grand Prix,2023
TSU,41.0,1,Mexico City Grand Prix,2023
TSU,42.0,1,Mexico City Grand Prix,2023
TSU,43.0,1,Mexico City Grand Prix,2023
TSU,44.0,1,Mexico City Grand Prix,2023
TSU,45.0,1,Mexico City Grand Prix,2023
TSU,46.0,1,Mexico City Grand Prix,2023
TSU,47.0,1,Mexico City Grand Prix,2023
TSU,48.0,1,Mexico City Grand Prix,2023
TSU,49.0,12,Mexico City Grand Prix,2023
TSU,50.0,1,Mexico City Grand Prix,2023
TSU,51.0,1,Mexico City Grand Prix,2023
TSU,52.0,1,Mexico City Grand Prix,2023
TSU,53.0,1,Mexico City Grand Prix,2023
TSU,54.0,1,Mexico City Grand Prix,2023
TSU,55.0,1,Mexico City Grand Prix,2023
TSU,56.0,1,Mexico City Grand Prix,2023
TSU,57.0,1,Mexico City Grand Prix,2023
TSU,58.0,1,Mexico City Grand Prix,2023
TSU,59.0,1,Mexico City Grand Prix,2023
TSU,60.0,1,Mexico City Grand Prix,2023
TSU,61.0,1,Mexico City Grand Prix,2023
TSU,62.0,1,Mexico City Grand Prix,2023
TSU,63.0,1,Mexico City Grand Prix,2023
TSU,64.0,1,Mexico City Grand Prix,2023
TSU,65.0,1,Mexico City Grand Prix,2023
TSU,66.0,12,Mexico City Grand Prix,2023
TSU,67.0,21,Mexico City Grand Prix,2023
TSU,68.0,1,Mexico City Grand Prix,2023
TSU,69.0,1,Mexico City Grand Prix,2023
TSU,70.0,1,Mexico City Grand Prix,2023
TSU,71.0,1,Mexico City Grand Prix,2023
ALB,1.0,12,Mexico City Grand Prix,2023
ALB,2.0,1,Mexico City Grand Prix,2023
ALB,3.0,1,Mexico City Grand Prix,2023
ALB,4.0,16,Mexico City Grand Prix,2023
ALB,5.0,671,Mexico City Grand Prix,2023
ALB,6.0,1,Mexico City Grand Prix,2023
ALB,7.0,1,Mexico City Grand Prix,2023
ALB,8.0,12,Mexico City Grand Prix,2023
ALB,9.0,1,Mexico City Grand Prix,2023
ALB,10.0,1,Mexico City Grand Prix,2023
ALB,11.0,1,Mexico City Grand Prix,2023
ALB,12.0,1,Mexico City Grand Prix,2023
ALB,13.0,1,Mexico City Grand Prix,2023
ALB,14.0,1,Mexico City Grand Prix,2023
ALB,15.0,1,Mexico City Grand Prix,2023
ALB,16.0,1,Mexico City Grand Prix,2023
ALB,17.0,1,Mexico City Grand Prix,2023
ALB,18.0,1,Mexico City Grand Prix,2023
ALB,19.0,1,Mexico City Grand Prix,2023
ALB,20.0,1,Mexico City Grand Prix,2023
ALB,21.0,1,Mexico City Grand Prix,2023
ALB,22.0,1,Mexico City Grand Prix,2023
ALB,23.0,1,Mexico City Grand Prix,2023
ALB,24.0,1,Mexico City Grand Prix,2023
ALB,25.0,1,Mexico City Grand Prix,2023
ALB,26.0,1,Mexico City Grand Prix,2023
ALB,27.0,1,Mexico City Grand Prix,2023
ALB,28.0,1,Mexico City Grand Prix,2023
ALB,29.0,1,Mexico City Grand Prix,2023
ALB,30.0,1,Mexico City Grand Prix,2023
ALB,31.0,1,Mexico City Grand Prix,2023
ALB,32.0,12,Mexico City Grand Prix,2023
ALB,33.0,24,Mexico City Grand Prix,2023
ALB,34.0,45,Mexico City Grand Prix,2023
ALB,35.0,14,Mexico City Grand Prix,2023
ALB,36.0,1,Mexico City Grand Prix,2023
ALB,37.0,1,Mexico City Grand Prix,2023
ALB,38.0,1,Mexico City Grand Prix,2023
ALB,39.0,1,Mexico City Grand Prix,2023
ALB,40.0,1,Mexico City Grand Prix,2023
ALB,41.0,1,Mexico City Grand Prix,2023
ALB,42.0,1,Mexico City Grand Prix,2023
ALB,43.0,1,Mexico City Grand Prix,2023
ALB,44.0,1,Mexico City Grand Prix,2023
ALB,45.0,1,Mexico City Grand Prix,2023
ALB,46.0,1,Mexico City Grand Prix,2023
ALB,47.0,1,Mexico City Grand Prix,2023
ALB,48.0,1,Mexico City Grand Prix,2023
ALB,49.0,12,Mexico City Grand Prix,2023
ALB,50.0,1,Mexico City Grand Prix,2023
ALB,51.0,1,Mexico City Grand Prix,2023
ALB,52.0,1,Mexico City Grand Prix,2023
ALB,53.0,1,Mexico City Grand Prix,2023
ALB,54.0,1,Mexico City Grand Prix,2023
ALB,55.0,1,Mexico City Grand Prix,2023
ALB,56.0,1,Mexico City Grand Prix,2023
ALB,57.0,1,Mexico City Grand Prix,2023
ALB,58.0,1,Mexico City Grand Prix,2023
ALB,59.0,1,Mexico City Grand Prix,2023
ALB,60.0,1,Mexico City Grand Prix,2023
ALB,61.0,1,Mexico City Grand Prix,2023
ALB,62.0,1,Mexico City Grand Prix,2023
ALB,63.0,1,Mexico City Grand Prix,2023
ALB,64.0,1,Mexico City Grand Prix,2023
ALB,65.0,1,Mexico City Grand Prix,2023
ALB,66.0,1,Mexico City Grand Prix,2023
ALB,67.0,12,Mexico City Grand Prix,2023
ALB,68.0,1,Mexico City Grand Prix,2023
ALB,69.0,1,Mexico City Grand Prix,2023
ALB,70.0,1,Mexico City Grand Prix,2023
ALB,71.0,1,Mexico City Grand Prix,2023
ZHO,1.0,12,Mexico City Grand Prix,2023
ZHO,2.0,1,Mexico City Grand Prix,2023
ZHO,3.0,1,Mexico City Grand Prix,2023
ZHO,4.0,16,Mexico City Grand Prix,2023
ZHO,5.0,671,Mexico City Grand Prix,2023
ZHO,6.0,1,Mexico City Grand Prix,2023
ZHO,7.0,1,Mexico City Grand Prix,2023
ZHO,8.0,12,Mexico City Grand Prix,2023
ZHO,9.0,1,Mexico City Grand Prix,2023
ZHO,10.0,1,Mexico City Grand Prix,2023
ZHO,11.0,1,Mexico City Grand Prix,2023
ZHO,12.0,1,Mexico City Grand Prix,2023
ZHO,13.0,1,Mexico City Grand Prix,2023
ZHO,14.0,1,Mexico City Grand Prix,2023
ZHO,15.0,1,Mexico City Grand Prix,2023
ZHO,16.0,1,Mexico City Grand Prix,2023
ZHO,17.0,1,Mexico City Grand Prix,2023
ZHO,18.0,1,Mexico City Grand Prix,2023
ZHO,19.0,1,Mexico City Grand Prix,2023
ZHO,20.0,1,Mexico City Grand Prix,2023
ZHO,21.0,1,Mexico City Grand Prix,2023
ZHO,22.0,1,Mexico City Grand Prix,2023
ZHO,23.0,1,Mexico City Grand Prix,2023
ZHO,24.0,1,Mexico City Grand Prix,2023
ZHO,25.0,1,Mexico City Grand Prix,2023
ZHO,26.0,1,Mexico City Grand Prix,2023
ZHO,27.0,1,Mexico City Grand Prix,2023
ZHO,28.0,1,Mexico City Grand Prix,2023
ZHO,29.0,1,Mexico City Grand Prix,2023
ZHO,30.0,1,Mexico City Grand Prix,2023
ZHO,31.0,1,Mexico City Grand Prix,2023
ZHO,32.0,124,Mexico City Grand Prix,2023
ZHO,33.0,4,Mexico City Grand Prix,2023
ZHO,34.0,45,Mexico City Grand Prix,2023
ZHO,35.0,14,Mexico City Grand Prix,2023
ZHO,36.0,1,Mexico City Grand Prix,2023
ZHO,37.0,1,Mexico City Grand Prix,2023
ZHO,38.0,1,Mexico City Grand Prix,2023
ZHO,39.0,1,Mexico City Grand Prix,2023
ZHO,40.0,1,Mexico City Grand Prix,2023
ZHO,41.0,1,Mexico City Grand Prix,2023
ZHO,42.0,1,Mexico City Grand Prix,2023
ZHO,43.0,1,Mexico City Grand Prix,2023
ZHO,44.0,1,Mexico City Grand Prix,2023
ZHO,45.0,1,Mexico City Grand Prix,2023
ZHO,46.0,1,Mexico City Grand Prix,2023
ZHO,47.0,1,Mexico City Grand Prix,2023
ZHO,48.0,12,Mexico City Grand Prix,2023
ZHO,49.0,21,Mexico City Grand Prix,2023
ZHO,50.0,1,Mexico City Grand Prix,2023
ZHO,51.0,1,Mexico City Grand Prix,2023
ZHO,52.0,1,Mexico City Grand Prix,2023
ZHO,53.0,1,Mexico City Grand Prix,2023
ZHO,54.0,1,Mexico City Grand Prix,2023
ZHO,55.0,1,Mexico City Grand Prix,2023
ZHO,56.0,1,Mexico City Grand Prix,2023
ZHO,57.0,1,Mexico City Grand Prix,2023
ZHO,58.0,1,Mexico City Grand Prix,2023
ZHO,59.0,1,Mexico City Grand Prix,2023
ZHO,60.0,1,Mexico City Grand Prix,2023
ZHO,61.0,1,Mexico City Grand Prix,2023
ZHO,62.0,1,Mexico City Grand Prix,2023
ZHO,63.0,1,Mexico City Grand Prix,2023
ZHO,64.0,1,Mexico City Grand Prix,2023
ZHO,65.0,1,Mexico City Grand Prix,2023
ZHO,66.0,12,Mexico City Grand Prix,2023
ZHO,67.0,1,Mexico City Grand Prix,2023
ZHO,68.0,1,Mexico City Grand Prix,2023
ZHO,69.0,1,Mexico City Grand Prix,2023
ZHO,70.0,1,Mexico City Grand Prix,2023
ZHO,71.0,1,Mexico City Grand Prix,2023
HUL,1.0,12,Mexico City Grand Prix,2023
HUL,2.0,1,Mexico City Grand Prix,2023
HUL,3.0,1,Mexico City Grand Prix,2023
HUL,4.0,1,Mexico City Grand Prix,2023
HUL,5.0,167,Mexico City Grand Prix,2023
HUL,6.0,1,Mexico City Grand Prix,2023
HUL,7.0,1,Mexico City Grand Prix,2023
HUL,8.0,12,Mexico City Grand Prix,2023
HUL,9.0,1,Mexico City Grand Prix,2023
HUL,10.0,1,Mexico City Grand Prix,2023
HUL,11.0,1,Mexico City Grand Prix,2023
HUL,12.0,1,Mexico City Grand Prix,2023
HUL,13.0,1,Mexico City Grand Prix,2023
HUL,14.0,1,Mexico City Grand Prix,2023
HUL,15.0,1,Mexico City Grand Prix,2023
HUL,16.0,1,Mexico City Grand Prix,2023
HUL,17.0,1,Mexico City Grand Prix,2023
HUL,18.0,1,Mexico City Grand Prix,2023
HUL,19.0,1,Mexico City Grand Prix,2023
HUL,20.0,1,Mexico City Grand Prix,2023
HUL,21.0,1,Mexico City Grand Prix,2023
HUL,22.0,1,Mexico City Grand Prix,2023
HUL,23.0,1,Mexico City Grand Prix,2023
HUL,24.0,1,Mexico City Grand Prix,2023
HUL,25.0,1,Mexico City Grand Prix,2023
HUL,26.0,1,Mexico City Grand Prix,2023
HUL,27.0,1,Mexico City Grand Prix,2023
HUL,28.0,1,Mexico City Grand Prix,2023
HUL,29.0,1,Mexico City Grand Prix,2023
HUL,30.0,1,Mexico City Grand Prix,2023
HUL,31.0,1,Mexico City Grand Prix,2023
HUL,32.0,12,Mexico City Grand Prix,2023
HUL,33.0,24,Mexico City Grand Prix,2023
HUL,34.0,45,Mexico City Grand Prix,2023
HUL,35.0,14,Mexico City Grand Prix,2023
HUL,36.0,1,Mexico City Grand Prix,2023
HUL,37.0,1,Mexico City Grand Prix,2023
HUL,38.0,1,Mexico City Grand Prix,2023
HUL,39.0,1,Mexico City Grand Prix,2023
HUL,40.0,1,Mexico City Grand Prix,2023
HUL,41.0,1,Mexico City Grand Prix,2023
HUL,42.0,1,Mexico City Grand Prix,2023
HUL,43.0,1,Mexico City Grand Prix,2023
HUL,44.0,1,Mexico City Grand Prix,2023
HUL,45.0,1,Mexico City Grand Prix,2023
HUL,46.0,1,Mexico City Grand Prix,2023
HUL,47.0,1,Mexico City Grand Prix,2023
HUL,48.0,1,Mexico City Grand Prix,2023
HUL,49.0,12,Mexico City Grand Prix,2023
HUL,50.0,1,Mexico City Grand Prix,2023
HUL,51.0,1,Mexico City Grand Prix,2023
HUL,52.0,1,Mexico City Grand Prix,2023
HUL,53.0,1,Mexico City Grand Prix,2023
HUL,54.0,1,Mexico City Grand Prix,2023
HUL,55.0,1,Mexico City Grand Prix,2023
HUL,56.0,1,Mexico City Grand Prix,2023
HUL,57.0,1,Mexico City Grand Prix,2023
HUL,58.0,1,Mexico City Grand Prix,2023
HUL,59.0,1,Mexico City Grand Prix,2023
HUL,60.0,1,Mexico City Grand Prix,2023
HUL,61.0,1,Mexico City Grand Prix,2023
HUL,62.0,1,Mexico City Grand Prix,2023
HUL,63.0,1,Mexico City Grand Prix,2023
HUL,64.0,1,Mexico City Grand Prix,2023
HUL,65.0,1,Mexico City Grand Prix,2023
HUL,66.0,12,Mexico City Grand Prix,2023
HUL,67.0,21,Mexico City Grand Prix,2023
HUL,68.0,1,Mexico City Grand Prix,2023
HUL,69.0,1,Mexico City Grand Prix,2023
HUL,70.0,1,Mexico City Grand Prix,2023
HUL,71.0,1,Mexico City Grand Prix,2023
RIC,1.0,12,Mexico City Grand Prix,2023
RIC,2.0,1,Mexico City Grand Prix,2023
RIC,3.0,1,Mexico City Grand Prix,2023
RIC,4.0,1,Mexico City Grand Prix,2023
RIC,5.0,167,Mexico City Grand Prix,2023
RIC,6.0,1,Mexico City Grand Prix,2023
RIC,7.0,1,Mexico City Grand Prix,2023
RIC,8.0,12,Mexico City Grand Prix,2023
RIC,9.0,1,Mexico City Grand Prix,2023
RIC,10.0,1,Mexico City Grand Prix,2023
RIC,11.0,1,Mexico City Grand Prix,2023
RIC,12.0,1,Mexico City Grand Prix,2023
RIC,13.0,1,Mexico City Grand Prix,2023
RIC,14.0,1,Mexico City Grand Prix,2023
RIC,15.0,1,Mexico City Grand Prix,2023
RIC,16.0,1,Mexico City Grand Prix,2023
RIC,17.0,1,Mexico City Grand Prix,2023
RIC,18.0,1,Mexico City Grand Prix,2023
RIC,19.0,1,Mexico City Grand Prix,2023
RIC,20.0,1,Mexico City Grand Prix,2023
RIC,21.0,1,Mexico City Grand Prix,2023
RIC,22.0,1,Mexico City Grand Prix,2023
RIC,23.0,1,Mexico City Grand Prix,2023
RIC,24.0,1,Mexico City Grand Prix,2023
RIC,25.0,1,Mexico City Grand Prix,2023
RIC,26.0,1,Mexico City Grand Prix,2023
RIC,27.0,1,Mexico City Grand Prix,2023
RIC,28.0,1,Mexico City Grand Prix,2023
RIC,29.0,1,Mexico City Grand Prix,2023
RIC,30.0,1,Mexico City Grand Prix,2023
RIC,31.0,1,Mexico City Grand Prix,2023
RIC,32.0,1,Mexico City Grand Prix,2023
RIC,33.0,124,Mexico City Grand Prix,2023
RIC,34.0,45,Mexico City Grand Prix,2023
RIC,35.0,14,Mexico City Grand Prix,2023
RIC,36.0,1,Mexico City Grand Prix,2023
RIC,37.0,1,Mexico City Grand Prix,2023
RIC,38.0,1,Mexico City Grand Prix,2023
RIC,39.0,1,Mexico City Grand Prix,2023
RIC,40.0,1,Mexico City Grand Prix,2023
RIC,41.0,1,Mexico City Grand Prix,2023
RIC,42.0,1,Mexico City Grand Prix,2023
RIC,43.0,1,Mexico City Grand Prix,2023
RIC,44.0,1,Mexico City Grand Prix,2023
RIC,45.0,1,Mexico City Grand Prix,2023
RIC,46.0,1,Mexico City Grand Prix,2023
RIC,47.0,1,Mexico City Grand Prix,2023
RIC,48.0,1,Mexico City Grand Prix,2023
RIC,49.0,12,Mexico City Grand Prix,2023
RIC,50.0,1,Mexico City Grand Prix,2023
RIC,51.0,1,Mexico City Grand Prix,2023
RIC,52.0,1,Mexico City Grand Prix,2023
RIC,53.0,1,Mexico City Grand Prix,2023
RIC,54.0,1,Mexico City Grand Prix,2023
RIC,55.0,1,Mexico City Grand Prix,2023
RIC,56.0,1,Mexico City Grand Prix,2023
RIC,57.0,1,Mexico City Grand Prix,2023
RIC,58.0,1,Mexico City Grand Prix,2023
RIC,59.0,1,Mexico City Grand Prix,2023
RIC,60.0,1,Mexico City Grand Prix,2023
RIC,61.0,1,Mexico City Grand Prix,2023
RIC,62.0,1,Mexico City Grand Prix,2023
RIC,63.0,1,Mexico City Grand Prix,2023
RIC,64.0,1,Mexico City Grand Prix,2023
RIC,65.0,1,Mexico City Grand Prix,2023
RIC,66.0,1,Mexico City Grand Prix,2023
RIC,67.0,12,Mexico City Grand Prix,2023
RIC,68.0,1,Mexico City Grand Prix,2023
RIC,69.0,1,Mexico City Grand Prix,2023
RIC,70.0,1,Mexico City Grand Prix,2023
RIC,71.0,1,Mexico City Grand Prix,2023
OCO,1.0,12,Mexico City Grand Prix,2023
OCO,2.0,1,Mexico City Grand Prix,2023
OCO,3.0,1,Mexico City Grand Prix,2023
OCO,4.0,16,Mexico City Grand Prix,2023
OCO,5.0,671,Mexico City Grand Prix,2023
OCO,6.0,1,Mexico City Grand Prix,2023
OCO,7.0,1,Mexico City Grand Prix,2023
OCO,8.0,12,Mexico City Grand Prix,2023
OCO,9.0,1,Mexico City Grand Prix,2023
OCO,10.0,1,Mexico City Grand Prix,2023
OCO,11.0,1,Mexico City Grand Prix,2023
OCO,12.0,1,Mexico City Grand Prix,2023
OCO,13.0,1,Mexico City Grand Prix,2023
OCO,14.0,1,Mexico City Grand Prix,2023
OCO,15.0,1,Mexico City Grand Prix,2023
OCO,16.0,1,Mexico City Grand Prix,2023
OCO,17.0,1,Mexico City Grand Prix,2023
OCO,18.0,1,Mexico City Grand Prix,2023
OCO,19.0,1,Mexico City Grand Prix,2023
OCO,20.0,1,Mexico City Grand Prix,2023
OCO,21.0,1,Mexico City Grand Prix,2023
OCO,22.0,1,Mexico City Grand Prix,2023
OCO,23.0,1,Mexico City Grand Prix,2023
OCO,24.0,1,Mexico City Grand Prix,2023
OCO,25.0,1,Mexico City Grand Prix,2023
OCO,26.0,1,Mexico City Grand Prix,2023
OCO,27.0,1,Mexico City Grand Prix,2023
OCO,28.0,1,Mexico City Grand Prix,2023
OCO,29.0,1,Mexico City Grand Prix,2023
OCO,30.0,1,Mexico City Grand Prix,2023
OCO,31.0,1,Mexico City Grand Prix,2023
OCO,32.0,124,Mexico City Grand Prix,2023
OCO,33.0,4,Mexico City Grand Prix,2023
OCO,34.0,45,Mexico City Grand Prix,2023
OCO,35.0,14,Mexico City Grand Prix,2023
OCO,36.0,1,Mexico City Grand Prix,2023
OCO,37.0,1,Mexico City Grand Prix,2023
OCO,38.0,1,Mexico City Grand Prix,2023
OCO,39.0,1,Mexico City Grand Prix,2023
OCO,40.0,1,Mexico City Grand Prix,2023
OCO,41.0,1,Mexico City Grand Prix,2023
OCO,42.0,1,Mexico City Grand Prix,2023
OCO,43.0,1,Mexico City Grand Prix,2023
OCO,44.0,1,Mexico City Grand Prix,2023
OCO,45.0,1,Mexico City Grand Prix,2023
OCO,46.0,1,Mexico City Grand Prix,2023
OCO,47.0,1,Mexico City Grand Prix,2023
OCO,48.0,1,Mexico City Grand Prix,2023
OCO,49.0,12,Mexico City Grand Prix,2023
OCO,50.0,1,Mexico City Grand Prix,2023
OCO,51.0,1,Mexico City Grand Prix,2023
OCO,52.0,1,Mexico City Grand Prix,2023
OCO,53.0,1,Mexico City Grand Prix,2023
OCO,54.0,1,Mexico City Grand Prix,2023
OCO,55.0,1,Mexico City Grand Prix,2023
OCO,56.0,1,Mexico City Grand Prix,2023
OCO,57.0,1,Mexico City Grand Prix,2023
OCO,58.0,1,Mexico City Grand Prix,2023
OCO,59.0,1,Mexico City Grand Prix,2023
OCO,60.0,1,Mexico City Grand Prix,2023
OCO,61.0,1,Mexico City Grand Prix,2023
OCO,62.0,1,Mexico City Grand Prix,2023
OCO,63.0,1,Mexico City Grand Prix,2023
OCO,64.0,1,Mexico City Grand Prix,2023
OCO,65.0,1,Mexico City Grand Prix,2023
OCO,66.0,12,Mexico City Grand Prix,2023
OCO,67.0,21,Mexico City Grand Prix,2023
OCO,68.0,1,Mexico City Grand Prix,2023
OCO,69.0,1,Mexico City Grand Prix,2023
OCO,70.0,1,Mexico City Grand Prix,2023
OCO,71.0,1,Mexico City Grand Prix,2023
NOR,1.0,12,Mexico City Grand Prix,2023
NOR,2.0,1,Mexico City Grand Prix,2023
NOR,3.0,1,Mexico City Grand Prix,2023
NOR,4.0,16,Mexico City Grand Prix,2023
NOR,5.0,671,Mexico City Grand Prix,2023
NOR,6.0,1,Mexico City Grand Prix,2023
NOR,7.0,1,Mexico City Grand Prix,2023
NOR,8.0,12,Mexico City Grand Prix,2023
NOR,9.0,1,Mexico City Grand Prix,2023
NOR,10.0,1,Mexico City Grand Prix,2023
NOR,11.0,1,Mexico City Grand Prix,2023
NOR,12.0,1,Mexico City Grand Prix,2023
NOR,13.0,1,Mexico City Grand Prix,2023
NOR,14.0,1,Mexico City Grand Prix,2023
NOR,15.0,1,Mexico City Grand Prix,2023
NOR,16.0,1,Mexico City Grand Prix,2023
NOR,17.0,1,Mexico City Grand Prix,2023
NOR,18.0,1,Mexico City Grand Prix,2023
NOR,19.0,1,Mexico City Grand Prix,2023
NOR,20.0,1,Mexico City Grand Prix,2023
NOR,21.0,1,Mexico City Grand Prix,2023
NOR,22.0,1,Mexico City Grand Prix,2023
NOR,23.0,1,Mexico City Grand Prix,2023
NOR,24.0,1,Mexico City Grand Prix,2023
NOR,25.0,1,Mexico City Grand Prix,2023
NOR,26.0,1,Mexico City Grand Prix,2023
NOR,27.0,1,Mexico City Grand Prix,2023
NOR,28.0,1,Mexico City Grand Prix,2023
NOR,29.0,1,Mexico City Grand Prix,2023
NOR,30.0,1,Mexico City Grand Prix,2023
NOR,31.0,1,Mexico City Grand Prix,2023
NOR,32.0,12,Mexico City Grand Prix,2023
NOR,33.0,24,Mexico City Grand Prix,2023
NOR,34.0,45,Mexico City Grand Prix,2023
NOR,35.0,14,Mexico City Grand Prix,2023
NOR,36.0,1,Mexico City Grand Prix,2023
NOR,37.0,1,Mexico City Grand Prix,2023
NOR,38.0,1,Mexico City Grand Prix,2023
NOR,39.0,1,Mexico City Grand Prix,2023
NOR,40.0,1,Mexico City Grand Prix,2023
NOR,41.0,1,Mexico City Grand Prix,2023
NOR,42.0,1,Mexico City Grand Prix,2023
NOR,43.0,1,Mexico City Grand Prix,2023
NOR,44.0,1,Mexico City Grand Prix,2023
NOR,45.0,1,Mexico City Grand Prix,2023
NOR,46.0,1,Mexico City Grand Prix,2023
NOR,47.0,1,Mexico City Grand Prix,2023
NOR,48.0,1,Mexico City Grand Prix,2023
NOR,49.0,12,Mexico City Grand Prix,2023
NOR,50.0,1,Mexico City Grand Prix,2023
NOR,51.0,1,Mexico City Grand Prix,2023
NOR,52.0,1,Mexico City Grand Prix,2023
NOR,53.0,1,Mexico City Grand Prix,2023
NOR,54.0,1,Mexico City Grand Prix,2023
NOR,55.0,1,Mexico City Grand Prix,2023
NOR,56.0,1,Mexico City Grand Prix,2023
NOR,57.0,1,Mexico City Grand Prix,2023
NOR,58.0,1,Mexico City Grand Prix,2023
NOR,59.0,1,Mexico City Grand Prix,2023
NOR,60.0,1,Mexico City Grand Prix,2023
NOR,61.0,1,Mexico City Grand Prix,2023
NOR,62.0,1,Mexico City Grand Prix,2023
NOR,63.0,1,Mexico City Grand Prix,2023
NOR,64.0,1,Mexico City Grand Prix,2023
NOR,65.0,1,Mexico City Grand Prix,2023
NOR,66.0,1,Mexico City Grand Prix,2023
NOR,67.0,12,Mexico City Grand Prix,2023
NOR,68.0,1,Mexico City Grand Prix,2023
NOR,69.0,1,Mexico City Grand Prix,2023
NOR,70.0,1,Mexico City Grand Prix,2023
NOR,71.0,1,Mexico City Grand Prix,2023
HAM,1.0,12,Mexico City Grand Prix,2023
HAM,2.0,1,Mexico City Grand Prix,2023
HAM,3.0,1,Mexico City Grand Prix,2023
HAM,4.0,1,Mexico City Grand Prix,2023
HAM,5.0,167,Mexico City Grand Prix,2023
HAM,6.0,1,Mexico City Grand Prix,2023
HAM,7.0,1,Mexico City Grand Prix,2023
HAM,8.0,12,Mexico City Grand Prix,2023
HAM,9.0,1,Mexico City Grand Prix,2023
HAM,10.0,1,Mexico City Grand Prix,2023
HAM,11.0,1,Mexico City Grand Prix,2023
HAM,12.0,1,Mexico City Grand Prix,2023
HAM,13.0,1,Mexico City Grand Prix,2023
HAM,14.0,1,Mexico City Grand Prix,2023
HAM,15.0,1,Mexico City Grand Prix,2023
HAM,16.0,1,Mexico City Grand Prix,2023
HAM,17.0,1,Mexico City Grand Prix,2023
HAM,18.0,1,Mexico City Grand Prix,2023
HAM,19.0,1,Mexico City Grand Prix,2023
HAM,20.0,1,Mexico City Grand Prix,2023
HAM,21.0,1,Mexico City Grand Prix,2023
HAM,22.0,1,Mexico City Grand Prix,2023
HAM,23.0,1,Mexico City Grand Prix,2023
HAM,24.0,1,Mexico City Grand Prix,2023
HAM,25.0,1,Mexico City Grand Prix,2023
HAM,26.0,1,Mexico City Grand Prix,2023
HAM,27.0,1,Mexico City Grand Prix,2023
HAM,28.0,1,Mexico City Grand Prix,2023
HAM,29.0,1,Mexico City Grand Prix,2023
HAM,30.0,1,Mexico City Grand Prix,2023
HAM,31.0,1,Mexico City Grand Prix,2023
HAM,32.0,1,Mexico City Grand Prix,2023
HAM,33.0,124,Mexico City Grand Prix,2023
HAM,34.0,45,Mexico City Grand Prix,2023
HAM,35.0,14,Mexico City Grand Prix,2023
HAM,36.0,1,Mexico City Grand Prix,2023
HAM,37.0,1,Mexico City Grand Prix,2023
HAM,38.0,1,Mexico City Grand Prix,2023
HAM,39.0,1,Mexico City Grand Prix,2023
HAM,40.0,1,Mexico City Grand Prix,2023
HAM,41.0,1,Mexico City Grand Prix,2023
HAM,42.0,1,Mexico City Grand Prix,2023
HAM,43.0,1,Mexico City Grand Prix,2023
HAM,44.0,1,Mexico City Grand Prix,2023
HAM,45.0,1,Mexico City Grand Prix,2023
HAM,46.0,1,Mexico City Grand Prix,2023
HAM,47.0,1,Mexico City Grand Prix,2023
HAM,48.0,1,Mexico City Grand Prix,2023
HAM,49.0,12,Mexico City Grand Prix,2023
HAM,50.0,1,Mexico City Grand Prix,2023
HAM,51.0,1,Mexico City Grand Prix,2023
HAM,52.0,1,Mexico City Grand Prix,2023
HAM,53.0,1,Mexico City Grand Prix,2023
HAM,54.0,1,Mexico City Grand Prix,2023
HAM,55.0,1,Mexico City Grand Prix,2023
HAM,56.0,1,Mexico City Grand Prix,2023
HAM,57.0,1,Mexico City Grand Prix,2023
HAM,58.0,1,Mexico City Grand Prix,2023
HAM,59.0,1,Mexico City Grand Prix,2023
HAM,60.0,1,Mexico City Grand Prix,2023
HAM,61.0,1,Mexico City Grand Prix,2023
HAM,62.0,1,Mexico City Grand Prix,2023
HAM,63.0,1,Mexico City Grand Prix,2023
HAM,64.0,1,Mexico City Grand Prix,2023
HAM,65.0,1,Mexico City Grand Prix,2023
HAM,66.0,1,Mexico City Grand Prix,2023
HAM,67.0,12,Mexico City Grand Prix,2023
HAM,68.0,1,Mexico City Grand Prix,2023
HAM,69.0,1,Mexico City Grand Prix,2023
HAM,70.0,1,Mexico City Grand Prix,2023
HAM,71.0,1,Mexico City Grand Prix,2023
SAI,1.0,12,Mexico City Grand Prix,2023
SAI,2.0,1,Mexico City Grand Prix,2023
SAI,3.0,1,Mexico City Grand Prix,2023
SAI,4.0,1,Mexico City Grand Prix,2023
SAI,5.0,167,Mexico City Grand Prix,2023
SAI,6.0,1,Mexico City Grand Prix,2023
SAI,7.0,1,Mexico City Grand Prix,2023
SAI,8.0,12,Mexico City Grand Prix,2023
SAI,9.0,1,Mexico City Grand Prix,2023
SAI,10.0,1,Mexico City Grand Prix,2023
SAI,11.0,1,Mexico City Grand Prix,2023
SAI,12.0,1,Mexico City Grand Prix,2023
SAI,13.0,1,Mexico City Grand Prix,2023
SAI,14.0,1,Mexico City Grand Prix,2023
SAI,15.0,1,Mexico City Grand Prix,2023
SAI,16.0,1,Mexico City Grand Prix,2023
SAI,17.0,1,Mexico City Grand Prix,2023
SAI,18.0,1,Mexico City Grand Prix,2023
SAI,19.0,1,Mexico City Grand Prix,2023
SAI,20.0,1,Mexico City Grand Prix,2023
SAI,21.0,1,Mexico City Grand Prix,2023
SAI,22.0,1,Mexico City Grand Prix,2023
SAI,23.0,1,Mexico City Grand Prix,2023
SAI,24.0,1,Mexico City Grand Prix,2023
SAI,25.0,1,Mexico City Grand Prix,2023
SAI,26.0,1,Mexico City Grand Prix,2023
SAI,27.0,1,Mexico City Grand Prix,2023
SAI,28.0,1,Mexico City Grand Prix,2023
SAI,29.0,1,Mexico City Grand Prix,2023
SAI,30.0,1,Mexico City Grand Prix,2023
SAI,31.0,1,Mexico City Grand Prix,2023
SAI,32.0,1,Mexico City Grand Prix,2023
SAI,33.0,124,Mexico City Grand Prix,2023
SAI,34.0,45,Mexico City Grand Prix,2023
SAI,35.0,14,Mexico City Grand Prix,2023
SAI,36.0,1,Mexico City Grand Prix,2023
SAI,37.0,1,Mexico City Grand Prix,2023
SAI,38.0,1,Mexico City Grand Prix,2023
SAI,39.0,1,Mexico City Grand Prix,2023
SAI,40.0,1,Mexico City Grand Prix,2023
SAI,41.0,1,Mexico City Grand Prix,2023
SAI,42.0,1,Mexico City Grand Prix,2023
SAI,43.0,1,Mexico City Grand Prix,2023
SAI,44.0,1,Mexico City Grand Prix,2023
SAI,45.0,1,Mexico City Grand Prix,2023
SAI,46.0,1,Mexico City Grand Prix,2023
SAI,47.0,1,Mexico City Grand Prix,2023
SAI,48.0,1,Mexico City Grand Prix,2023
SAI,49.0,12,Mexico City Grand Prix,2023
SAI,50.0,1,Mexico City Grand Prix,2023
SAI,51.0,1,Mexico City Grand Prix,2023
SAI,52.0,1,Mexico City Grand Prix,2023
SAI,53.0,1,Mexico City Grand Prix,2023
SAI,54.0,1,Mexico City Grand Prix,2023
SAI,55.0,1,Mexico City Grand Prix,2023
SAI,56.0,1,Mexico City Grand Prix,2023
SAI,57.0,1,Mexico City Grand Prix,2023
SAI,58.0,1,Mexico City Grand Prix,2023
SAI,59.0,1,Mexico City Grand Prix,2023
SAI,60.0,1,Mexico City Grand Prix,2023
SAI,61.0,1,Mexico City Grand Prix,2023
SAI,62.0,1,Mexico City Grand Prix,2023
SAI,63.0,1,Mexico City Grand Prix,2023
SAI,64.0,1,Mexico City Grand Prix,2023
SAI,65.0,1,Mexico City Grand Prix,2023
SAI,66.0,1,Mexico City Grand Prix,2023
SAI,67.0,12,Mexico City Grand Prix,2023
SAI,68.0,1,Mexico City Grand Prix,2023
SAI,69.0,1,Mexico City Grand Prix,2023
SAI,70.0,1,Mexico City Grand Prix,2023
SAI,71.0,1,Mexico City Grand Prix,2023
RUS,1.0,12,Mexico City Grand Prix,2023
RUS,2.0,1,Mexico City Grand Prix,2023
RUS,3.0,1,Mexico City Grand Prix,2023
RUS,4.0,1,Mexico City Grand Prix,2023
RUS,5.0,167,Mexico City Grand Prix,2023
RUS,6.0,1,Mexico City Grand Prix,2023
RUS,7.0,1,Mexico City Grand Prix,2023
RUS,8.0,12,Mexico City Grand Prix,2023
RUS,9.0,1,Mexico City Grand Prix,2023
RUS,10.0,1,Mexico City Grand Prix,2023
RUS,11.0,1,Mexico City Grand Prix,2023
RUS,12.0,1,Mexico City Grand Prix,2023
RUS,13.0,1,Mexico City Grand Prix,2023
RUS,14.0,1,Mexico City Grand Prix,2023
RUS,15.0,1,Mexico City Grand Prix,2023
RUS,16.0,1,Mexico City Grand Prix,2023
RUS,17.0,1,Mexico City Grand Prix,2023
RUS,18.0,1,Mexico City Grand Prix,2023
RUS,19.0,1,Mexico City Grand Prix,2023
RUS,20.0,1,Mexico City Grand Prix,2023
RUS,21.0,1,Mexico City Grand Prix,2023
RUS,22.0,1,Mexico City Grand Prix,2023
RUS,23.0,1,Mexico City Grand Prix,2023
RUS,24.0,1,Mexico City Grand Prix,2023
RUS,25.0,1,Mexico City Grand Prix,2023
RUS,26.0,1,Mexico City Grand Prix,2023
RUS,27.0,1,Mexico City Grand Prix,2023
RUS,28.0,1,Mexico City Grand Prix,2023
RUS,29.0,1,Mexico City Grand Prix,2023
RUS,30.0,1,Mexico City Grand Prix,2023
RUS,31.0,1,Mexico City Grand Prix,2023
RUS,32.0,1,Mexico City Grand Prix,2023
RUS,33.0,124,Mexico City Grand Prix,2023
RUS,34.0,45,Mexico City Grand Prix,2023
RUS,35.0,14,Mexico City Grand Prix,2023
RUS,36.0,1,Mexico City Grand Prix,2023
RUS,37.0,1,Mexico City Grand Prix,2023
RUS,38.0,1,Mexico City Grand Prix,2023
RUS,39.0,1,Mexico City Grand Prix,2023
RUS,40.0,1,Mexico City Grand Prix,2023
RUS,41.0,1,Mexico City Grand Prix,2023
RUS,42.0,1,Mexico City Grand Prix,2023
RUS,43.0,1,Mexico City Grand Prix,2023
RUS,44.0,1,Mexico City Grand Prix,2023
RUS,45.0,1,Mexico City Grand Prix,2023
RUS,46.0,1,Mexico City Grand Prix,2023
RUS,47.0,1,Mexico City Grand Prix,2023
RUS,48.0,1,Mexico City Grand Prix,2023
RUS,49.0,12,Mexico City Grand Prix,2023
RUS,50.0,1,Mexico City Grand Prix,2023
RUS,51.0,1,Mexico City Grand Prix,2023
RUS,52.0,1,Mexico City Grand Prix,2023
RUS,53.0,1,Mexico City Grand Prix,2023
RUS,54.0,1,Mexico City Grand Prix,2023
RUS,55.0,1,Mexico City Grand Prix,2023
RUS,56.0,1,Mexico City Grand Prix,2023
RUS,57.0,1,Mexico City Grand Prix,2023
RUS,58.0,1,Mexico City Grand Prix,2023
RUS,59.0,1,Mexico City Grand Prix,2023
RUS,60.0,1,Mexico City Grand Prix,2023
RUS,61.0,1,Mexico City Grand Prix,2023
RUS,62.0,1,Mexico City Grand Prix,2023
RUS,63.0,1,Mexico City Grand Prix,2023
RUS,64.0,1,Mexico City Grand Prix,2023
RUS,65.0,1,Mexico City Grand Prix,2023
RUS,66.0,1,Mexico City Grand Prix,2023
RUS,67.0,12,Mexico City Grand Prix,2023
RUS,68.0,1,Mexico City Grand Prix,2023
RUS,69.0,1,Mexico City Grand Prix,2023
RUS,70.0,1,Mexico City Grand Prix,2023
RUS,71.0,1,Mexico City Grand Prix,2023
BOT,1.0,12,Mexico City Grand Prix,2023
BOT,2.0,1,Mexico City Grand Prix,2023
BOT,3.0,1,Mexico City Grand Prix,2023
BOT,4.0,16,Mexico City Grand Prix,2023
BOT,5.0,671,Mexico City Grand Prix,2023
BOT,6.0,1,Mexico City Grand Prix,2023
BOT,7.0,1,Mexico City Grand Prix,2023
BOT,8.0,12,Mexico City Grand Prix,2023
BOT,9.0,1,Mexico City Grand Prix,2023
BOT,10.0,1,Mexico City Grand Prix,2023
BOT,11.0,1,Mexico City Grand Prix,2023
BOT,12.0,1,Mexico City Grand Prix,2023
BOT,13.0,1,Mexico City Grand Prix,2023
BOT,14.0,1,Mexico City Grand Prix,2023
BOT,15.0,1,Mexico City Grand Prix,2023
BOT,16.0,1,Mexico City Grand Prix,2023
BOT,17.0,1,Mexico City Grand Prix,2023
BOT,18.0,1,Mexico City Grand Prix,2023
BOT,19.0,1,Mexico City Grand Prix,2023
BOT,20.0,1,Mexico City Grand Prix,2023
BOT,21.0,1,Mexico City Grand Prix,2023
BOT,22.0,1,Mexico City Grand Prix,2023
BOT,23.0,1,Mexico City Grand Prix,2023
BOT,24.0,1,Mexico City Grand Prix,2023
BOT,25.0,1,Mexico City Grand Prix,2023
BOT,26.0,1,Mexico City Grand Prix,2023
BOT,27.0,1,Mexico City Grand Prix,2023
BOT,28.0,1,Mexico City Grand Prix,2023
BOT,29.0,1,Mexico City Grand Prix,2023
BOT,30.0,1,Mexico City Grand Prix,2023
BOT,31.0,1,Mexico City Grand Prix,2023
BOT,32.0,124,Mexico City Grand Prix,2023
BOT,33.0,4,Mexico City Grand Prix,2023
BOT,34.0,45,Mexico City Grand Prix,2023
BOT,35.0,14,Mexico City Grand Prix,2023
BOT,36.0,1,Mexico City Grand Prix,2023
BOT,37.0,1,Mexico City Grand Prix,2023
BOT,38.0,1,Mexico City Grand Prix,2023
BOT,39.0,1,Mexico City Grand Prix,2023
BOT,40.0,1,Mexico City Grand Prix,2023
BOT,41.0,1,Mexico City Grand Prix,2023
BOT,42.0,1,Mexico City Grand Prix,2023
BOT,43.0,1,Mexico City Grand Prix,2023
BOT,44.0,1,Mexico City Grand Prix,2023
BOT,45.0,1,Mexico City Grand Prix,2023
BOT,46.0,1,Mexico City Grand Prix,2023
BOT,47.0,1,Mexico City Grand Prix,2023
BOT,48.0,1,Mexico City Grand Prix,2023
BOT,49.0,12,Mexico City Grand Prix,2023
BOT,50.0,1,Mexico City Grand Prix,2023
BOT,51.0,1,Mexico City Grand Prix,2023
BOT,52.0,1,Mexico City Grand Prix,2023
BOT,53.0,1,Mexico City Grand Prix,2023
BOT,54.0,1,Mexico City Grand Prix,2023
BOT,55.0,1,Mexico City Grand Prix,2023
BOT,56.0,1,Mexico City Grand Prix,2023
BOT,57.0,1,Mexico City Grand Prix,2023
BOT,58.0,1,Mexico City Grand Prix,2023
BOT,59.0,1,Mexico City Grand Prix,2023
BOT,60.0,1,Mexico City Grand Prix,2023
BOT,61.0,1,Mexico City Grand Prix,2023
BOT,62.0,1,Mexico City Grand Prix,2023
BOT,63.0,1,Mexico City Grand Prix,2023
BOT,64.0,1,Mexico City Grand Prix,2023
BOT,65.0,1,Mexico City Grand Prix,2023
BOT,66.0,12,Mexico City Grand Prix,2023
BOT,67.0,21,Mexico City Grand Prix,2023
BOT,68.0,1,Mexico City Grand Prix,2023
BOT,69.0,1,Mexico City Grand Prix,2023
BOT,70.0,1,Mexico City Grand Prix,2023
BOT,71.0,1,Mexico City Grand Prix,2023
PIA,1.0,12,Mexico City Grand Prix,2023
PIA,2.0,1,Mexico City Grand Prix,2023
PIA,3.0,1,Mexico City Grand Prix,2023
PIA,4.0,1,Mexico City Grand Prix,2023
PIA,5.0,167,Mexico City Grand Prix,2023
PIA,6.0,1,Mexico City Grand Prix,2023
PIA,7.0,1,Mexico City Grand Prix,2023
PIA,8.0,12,Mexico City Grand Prix,2023
PIA,9.0,1,Mexico City Grand Prix,2023
PIA,10.0,1,Mexico City Grand Prix,2023
PIA,11.0,1,Mexico City Grand Prix,2023
PIA,12.0,1,Mexico City Grand Prix,2023
PIA,13.0,1,Mexico City Grand Prix,2023
PIA,14.0,1,Mexico City Grand Prix,2023
PIA,15.0,1,Mexico City Grand Prix,2023
PIA,16.0,1,Mexico City Grand Prix,2023
PIA,17.0,1,Mexico City Grand Prix,2023
PIA,18.0,1,Mexico City Grand Prix,2023
PIA,19.0,1,Mexico City Grand Prix,2023
PIA,20.0,1,Mexico City Grand Prix,2023
PIA,21.0,1,Mexico City Grand Prix,2023
PIA,22.0,1,Mexico City Grand Prix,2023
PIA,23.0,1,Mexico City Grand Prix,2023
PIA,24.0,1,Mexico City Grand Prix,2023
PIA,25.0,1,Mexico City Grand Prix,2023
PIA,26.0,1,Mexico City Grand Prix,2023
PIA,27.0,1,Mexico City Grand Prix,2023
PIA,28.0,1,Mexico City Grand Prix,2023
PIA,29.0,1,Mexico City Grand Prix,2023
PIA,30.0,1,Mexico City Grand Prix,2023
PIA,31.0,1,Mexico City Grand Prix,2023
PIA,32.0,1,Mexico City Grand Prix,2023
PIA,33.0,124,Mexico City Grand Prix,2023
PIA,34.0,45,Mexico City Grand Prix,2023
PIA,35.0,14,Mexico City Grand Prix,2023
PIA,36.0,1,Mexico City Grand Prix,2023
PIA,37.0,1,Mexico City Grand Prix,2023
PIA,38.0,1,Mexico City Grand Prix,2023
PIA,39.0,1,Mexico City Grand Prix,2023
PIA,40.0,1,Mexico City Grand Prix,2023
PIA,41.0,1,Mexico City Grand Prix,2023
PIA,42.0,1,Mexico City Grand Prix,2023
PIA,43.0,1,Mexico City Grand Prix,2023
PIA,44.0,1,Mexico City Grand Prix,2023
PIA,45.0,1,Mexico City Grand Prix,2023
PIA,46.0,1,Mexico City Grand Prix,2023
PIA,47.0,1,Mexico City Grand Prix,2023
PIA,48.0,1,Mexico City Grand Prix,2023
PIA,49.0,12,Mexico City Grand Prix,2023
PIA,50.0,1,Mexico City Grand Prix,2023
PIA,51.0,1,Mexico City Grand Prix,2023
PIA,52.0,1,Mexico City Grand Prix,2023
PIA,53.0,1,Mexico City Grand Prix,2023
PIA,54.0,1,Mexico City Grand Prix,2023
PIA,55.0,1,Mexico City Grand Prix,2023
PIA,56.0,1,Mexico City Grand Prix,2023
PIA,57.0,1,Mexico City Grand Prix,2023
PIA,58.0,1,Mexico City Grand Prix,2023
PIA,59.0,1,Mexico City Grand Prix,2023
PIA,60.0,1,Mexico City Grand Prix,2023
PIA,61.0,1,Mexico City Grand Prix,2023
PIA,62.0,1,Mexico City Grand Prix,2023
PIA,63.0,1,Mexico City Grand Prix,2023
PIA,64.0,1,Mexico City Grand Prix,2023
PIA,65.0,1,Mexico City Grand Prix,2023
PIA,66.0,1,Mexico City Grand Prix,2023
PIA,67.0,12,Mexico City Grand Prix,2023
PIA,68.0,1,Mexico City Grand Prix,2023
PIA,69.0,1,Mexico City Grand Prix,2023
PIA,70.0,1,Mexico City Grand Prix,2023
PIA,71.0,1,Mexico City Grand Prix,2023
VER,1.0,124,São Paulo Grand Prix,2023
VER,2.0,45,São Paulo Grand Prix,2023
VER,3.0,1,São Paulo Grand Prix,2023
VER,4.0,1,São Paulo Grand Prix,2023
VER,5.0,1,São Paulo Grand Prix,2023
VER,6.0,1,São Paulo Grand Prix,2023
VER,7.0,1,São Paulo Grand Prix,2023
VER,8.0,1,São Paulo Grand Prix,2023
VER,9.0,1,São Paulo Grand Prix,2023
VER,10.0,1,São Paulo Grand Prix,2023
VER,11.0,1,São Paulo Grand Prix,2023
VER,12.0,1,São Paulo Grand Prix,2023
VER,13.0,1,São Paulo Grand Prix,2023
VER,14.0,1,São Paulo Grand Prix,2023
VER,15.0,1,São Paulo Grand Prix,2023
VER,16.0,1,São Paulo Grand Prix,2023
VER,17.0,1,São Paulo Grand Prix,2023
VER,18.0,1,São Paulo Grand Prix,2023
VER,19.0,1,São Paulo Grand Prix,2023
VER,20.0,1,São Paulo Grand Prix,2023
VER,21.0,1,São Paulo Grand Prix,2023
VER,22.0,1,São Paulo Grand Prix,2023
VER,23.0,1,São Paulo Grand Prix,2023
VER,24.0,1,São Paulo Grand Prix,2023
VER,25.0,1,São Paulo Grand Prix,2023
VER,26.0,1,São Paulo Grand Prix,2023
VER,27.0,1,São Paulo Grand Prix,2023
VER,28.0,1,São Paulo Grand Prix,2023
VER,29.0,1,São Paulo Grand Prix,2023
VER,30.0,1,São Paulo Grand Prix,2023
VER,31.0,1,São Paulo Grand Prix,2023
VER,32.0,1,São Paulo Grand Prix,2023
VER,33.0,1,São Paulo Grand Prix,2023
VER,34.0,1,São Paulo Grand Prix,2023
VER,35.0,1,São Paulo Grand Prix,2023
VER,36.0,1,São Paulo Grand Prix,2023
VER,37.0,1,São Paulo Grand Prix,2023
VER,38.0,1,São Paulo Grand Prix,2023
VER,39.0,1,São Paulo Grand Prix,2023
VER,40.0,1,São Paulo Grand Prix,2023
VER,41.0,1,São Paulo Grand Prix,2023
VER,42.0,1,São Paulo Grand Prix,2023
VER,43.0,1,São Paulo Grand Prix,2023
VER,44.0,1,São Paulo Grand Prix,2023
VER,45.0,1,São Paulo Grand Prix,2023
VER,46.0,1,São Paulo Grand Prix,2023
VER,47.0,1,São Paulo Grand Prix,2023
VER,48.0,1,São Paulo Grand Prix,2023
VER,49.0,1,São Paulo Grand Prix,2023
VER,50.0,1,São Paulo Grand Prix,2023
VER,51.0,1,São Paulo Grand Prix,2023
VER,52.0,1,São Paulo Grand Prix,2023
VER,53.0,1,São Paulo Grand Prix,2023
VER,54.0,1,São Paulo Grand Prix,2023
VER,55.0,1,São Paulo Grand Prix,2023
VER,56.0,1,São Paulo Grand Prix,2023
VER,57.0,1,São Paulo Grand Prix,2023
VER,58.0,1,São Paulo Grand Prix,2023
VER,59.0,1,São Paulo Grand Prix,2023
VER,60.0,1,São Paulo Grand Prix,2023
VER,61.0,1,São Paulo Grand Prix,2023
VER,62.0,1,São Paulo Grand Prix,2023
VER,63.0,1,São Paulo Grand Prix,2023
VER,64.0,1,São Paulo Grand Prix,2023
VER,65.0,1,São Paulo Grand Prix,2023
VER,66.0,1,São Paulo Grand Prix,2023
VER,67.0,1,São Paulo Grand Prix,2023
VER,68.0,1,São Paulo Grand Prix,2023
VER,69.0,1,São Paulo Grand Prix,2023
VER,70.0,1,São Paulo Grand Prix,2023
VER,71.0,1,São Paulo Grand Prix,2023
NOR,1.0,124,São Paulo Grand Prix,2023
NOR,2.0,45,São Paulo Grand Prix,2023
NOR,3.0,1,São Paulo Grand Prix,2023
NOR,4.0,1,São Paulo Grand Prix,2023
NOR,5.0,1,São Paulo Grand Prix,2023
NOR,6.0,1,São Paulo Grand Prix,2023
NOR,7.0,1,São Paulo Grand Prix,2023
NOR,8.0,1,São Paulo Grand Prix,2023
NOR,9.0,1,São Paulo Grand Prix,2023
NOR,10.0,1,São Paulo Grand Prix,2023
NOR,11.0,1,São Paulo Grand Prix,2023
NOR,12.0,1,São Paulo Grand Prix,2023
NOR,13.0,1,São Paulo Grand Prix,2023
NOR,14.0,1,São Paulo Grand Prix,2023
NOR,15.0,1,São Paulo Grand Prix,2023
NOR,16.0,1,São Paulo Grand Prix,2023
NOR,17.0,1,São Paulo Grand Prix,2023
NOR,18.0,1,São Paulo Grand Prix,2023
NOR,19.0,1,São Paulo Grand Prix,2023
NOR,20.0,1,São Paulo Grand Prix,2023
NOR,21.0,1,São Paulo Grand Prix,2023
NOR,22.0,1,São Paulo Grand Prix,2023
NOR,23.0,1,São Paulo Grand Prix,2023
NOR,24.0,1,São Paulo Grand Prix,2023
NOR,25.0,1,São Paulo Grand Prix,2023
NOR,26.0,1,São Paulo Grand Prix,2023
NOR,27.0,1,São Paulo Grand Prix,2023
NOR,28.0,1,São Paulo Grand Prix,2023
NOR,29.0,1,São Paulo Grand Prix,2023
NOR,30.0,1,São Paulo Grand Prix,2023
NOR,31.0,1,São Paulo Grand Prix,2023
NOR,32.0,1,São Paulo Grand Prix,2023
NOR,33.0,1,São Paulo Grand Prix,2023
NOR,34.0,1,São Paulo Grand Prix,2023
NOR,35.0,1,São Paulo Grand Prix,2023
NOR,36.0,1,São Paulo Grand Prix,2023
NOR,37.0,1,São Paulo Grand Prix,2023
NOR,38.0,1,São Paulo Grand Prix,2023
NOR,39.0,1,São Paulo Grand Prix,2023
NOR,40.0,1,São Paulo Grand Prix,2023
NOR,41.0,1,São Paulo Grand Prix,2023
NOR,42.0,1,São Paulo Grand Prix,2023
NOR,43.0,1,São Paulo Grand Prix,2023
NOR,44.0,1,São Paulo Grand Prix,2023
NOR,45.0,1,São Paulo Grand Prix,2023
NOR,46.0,1,São Paulo Grand Prix,2023
NOR,47.0,1,São Paulo Grand Prix,2023
NOR,48.0,1,São Paulo Grand Prix,2023
NOR,49.0,1,São Paulo Grand Prix,2023
NOR,50.0,1,São Paulo Grand Prix,2023
NOR,51.0,1,São Paulo Grand Prix,2023
NOR,52.0,1,São Paulo Grand Prix,2023
NOR,53.0,1,São Paulo Grand Prix,2023
NOR,54.0,1,São Paulo Grand Prix,2023
NOR,55.0,1,São Paulo Grand Prix,2023
NOR,56.0,1,São Paulo Grand Prix,2023
NOR,57.0,1,São Paulo Grand Prix,2023
NOR,58.0,1,São Paulo Grand Prix,2023
NOR,59.0,1,São Paulo Grand Prix,2023
NOR,60.0,1,São Paulo Grand Prix,2023
NOR,61.0,1,São Paulo Grand Prix,2023
NOR,62.0,1,São Paulo Grand Prix,2023
NOR,63.0,1,São Paulo Grand Prix,2023
NOR,64.0,1,São Paulo Grand Prix,2023
NOR,65.0,1,São Paulo Grand Prix,2023
NOR,66.0,1,São Paulo Grand Prix,2023
NOR,67.0,1,São Paulo Grand Prix,2023
NOR,68.0,1,São Paulo Grand Prix,2023
NOR,69.0,1,São Paulo Grand Prix,2023
NOR,70.0,1,São Paulo Grand Prix,2023
NOR,71.0,1,São Paulo Grand Prix,2023
ALO,1.0,124,São Paulo Grand Prix,2023
ALO,2.0,45,São Paulo Grand Prix,2023
ALO,3.0,1,São Paulo Grand Prix,2023
ALO,4.0,1,São Paulo Grand Prix,2023
ALO,5.0,1,São Paulo Grand Prix,2023
ALO,6.0,1,São Paulo Grand Prix,2023
ALO,7.0,1,São Paulo Grand Prix,2023
ALO,8.0,1,São Paulo Grand Prix,2023
ALO,9.0,1,São Paulo Grand Prix,2023
ALO,10.0,1,São Paulo Grand Prix,2023
ALO,11.0,1,São Paulo Grand Prix,2023
ALO,12.0,1,São Paulo Grand Prix,2023
ALO,13.0,1,São Paulo Grand Prix,2023
ALO,14.0,1,São Paulo Grand Prix,2023
ALO,15.0,1,São Paulo Grand Prix,2023
ALO,16.0,1,São Paulo Grand Prix,2023
ALO,17.0,1,São Paulo Grand Prix,2023
ALO,18.0,1,São Paulo Grand Prix,2023
ALO,19.0,1,São Paulo Grand Prix,2023
ALO,20.0,1,São Paulo Grand Prix,2023
ALO,21.0,1,São Paulo Grand Prix,2023
ALO,22.0,1,São Paulo Grand Prix,2023
ALO,23.0,1,São Paulo Grand Prix,2023
ALO,24.0,1,São Paulo Grand Prix,2023
ALO,25.0,1,São Paulo Grand Prix,2023
ALO,26.0,1,São Paulo Grand Prix,2023
ALO,27.0,1,São Paulo Grand Prix,2023
ALO,28.0,1,São Paulo Grand Prix,2023
ALO,29.0,1,São Paulo Grand Prix,2023
ALO,30.0,1,São Paulo Grand Prix,2023
ALO,31.0,1,São Paulo Grand Prix,2023
ALO,32.0,1,São Paulo Grand Prix,2023
ALO,33.0,1,São Paulo Grand Prix,2023
ALO,34.0,1,São Paulo Grand Prix,2023
ALO,35.0,1,São Paulo Grand Prix,2023
ALO,36.0,1,São Paulo Grand Prix,2023
ALO,37.0,1,São Paulo Grand Prix,2023
ALO,38.0,1,São Paulo Grand Prix,2023
ALO,39.0,1,São Paulo Grand Prix,2023
ALO,40.0,1,São Paulo Grand Prix,2023
ALO,41.0,1,São Paulo Grand Prix,2023
ALO,42.0,1,São Paulo Grand Prix,2023
ALO,43.0,1,São Paulo Grand Prix,2023
ALO,44.0,1,São Paulo Grand Prix,2023
ALO,45.0,1,São Paulo Grand Prix,2023
ALO,46.0,1,São Paulo Grand Prix,2023
ALO,47.0,1,São Paulo Grand Prix,2023
ALO,48.0,1,São Paulo Grand Prix,2023
ALO,49.0,1,São Paulo Grand Prix,2023
ALO,50.0,1,São Paulo Grand Prix,2023
ALO,51.0,1,São Paulo Grand Prix,2023
ALO,52.0,1,São Paulo Grand Prix,2023
ALO,53.0,1,São Paulo Grand Prix,2023
ALO,54.0,1,São Paulo Grand Prix,2023
ALO,55.0,1,São Paulo Grand Prix,2023
ALO,56.0,1,São Paulo Grand Prix,2023
ALO,57.0,1,São Paulo Grand Prix,2023
ALO,58.0,1,São Paulo Grand Prix,2023
ALO,59.0,1,São Paulo Grand Prix,2023
ALO,60.0,1,São Paulo Grand Prix,2023
ALO,61.0,1,São Paulo Grand Prix,2023
ALO,62.0,1,São Paulo Grand Prix,2023
ALO,63.0,1,São Paulo Grand Prix,2023
ALO,64.0,1,São Paulo Grand Prix,2023
ALO,65.0,1,São Paulo Grand Prix,2023
ALO,66.0,1,São Paulo Grand Prix,2023
ALO,67.0,1,São Paulo Grand Prix,2023
ALO,68.0,1,São Paulo Grand Prix,2023
ALO,69.0,1,São Paulo Grand Prix,2023
ALO,70.0,1,São Paulo Grand Prix,2023
ALO,71.0,1,São Paulo Grand Prix,2023
PER,1.0,124,São Paulo Grand Prix,2023
PER,2.0,45,São Paulo Grand Prix,2023
PER,3.0,1,São Paulo Grand Prix,2023
PER,4.0,1,São Paulo Grand Prix,2023
PER,5.0,1,São Paulo Grand Prix,2023
PER,6.0,1,São Paulo Grand Prix,2023
PER,7.0,1,São Paulo Grand Prix,2023
PER,8.0,1,São Paulo Grand Prix,2023
PER,9.0,1,São Paulo Grand Prix,2023
PER,10.0,1,São Paulo Grand Prix,2023
PER,11.0,1,São Paulo Grand Prix,2023
PER,12.0,1,São Paulo Grand Prix,2023
PER,13.0,1,São Paulo Grand Prix,2023
PER,14.0,1,São Paulo Grand Prix,2023
PER,15.0,1,São Paulo Grand Prix,2023
PER,16.0,1,São Paulo Grand Prix,2023
PER,17.0,1,São Paulo Grand Prix,2023
PER,18.0,1,São Paulo Grand Prix,2023
PER,19.0,1,São Paulo Grand Prix,2023
PER,20.0,1,São Paulo Grand Prix,2023
PER,21.0,1,São Paulo Grand Prix,2023
PER,22.0,1,São Paulo Grand Prix,2023
PER,23.0,1,São Paulo Grand Prix,2023
PER,24.0,1,São Paulo Grand Prix,2023
PER,25.0,1,São Paulo Grand Prix,2023
PER,26.0,1,São Paulo Grand Prix,2023
PER,27.0,1,São Paulo Grand Prix,2023
PER,28.0,1,São Paulo Grand Prix,2023
PER,29.0,1,São Paulo Grand Prix,2023
PER,30.0,1,São Paulo Grand Prix,2023
PER,31.0,1,São Paulo Grand Prix,2023
PER,32.0,1,São Paulo Grand Prix,2023
PER,33.0,1,São Paulo Grand Prix,2023
PER,34.0,1,São Paulo Grand Prix,2023
PER,35.0,1,São Paulo Grand Prix,2023
PER,36.0,1,São Paulo Grand Prix,2023
PER,37.0,1,São Paulo Grand Prix,2023
PER,38.0,1,São Paulo Grand Prix,2023
PER,39.0,1,São Paulo Grand Prix,2023
PER,40.0,1,São Paulo Grand Prix,2023
PER,41.0,1,São Paulo Grand Prix,2023
PER,42.0,1,São Paulo Grand Prix,2023
PER,43.0,1,São Paulo Grand Prix,2023
PER,44.0,1,São Paulo Grand Prix,2023
PER,45.0,1,São Paulo Grand Prix,2023
PER,46.0,1,São Paulo Grand Prix,2023
PER,47.0,1,São Paulo Grand Prix,2023
PER,48.0,1,São Paulo Grand Prix,2023
PER,49.0,1,São Paulo Grand Prix,2023
PER,50.0,1,São Paulo Grand Prix,2023
PER,51.0,1,São Paulo Grand Prix,2023
PER,52.0,1,São Paulo Grand Prix,2023
PER,53.0,1,São Paulo Grand Prix,2023
PER,54.0,1,São Paulo Grand Prix,2023
PER,55.0,1,São Paulo Grand Prix,2023
PER,56.0,1,São Paulo Grand Prix,2023
PER,57.0,1,São Paulo Grand Prix,2023
PER,58.0,1,São Paulo Grand Prix,2023
PER,59.0,1,São Paulo Grand Prix,2023
PER,60.0,1,São Paulo Grand Prix,2023
PER,61.0,1,São Paulo Grand Prix,2023
PER,62.0,1,São Paulo Grand Prix,2023
PER,63.0,1,São Paulo Grand Prix,2023
PER,64.0,1,São Paulo Grand Prix,2023
PER,65.0,1,São Paulo Grand Prix,2023
PER,66.0,1,São Paulo Grand Prix,2023
PER,67.0,1,São Paulo Grand Prix,2023
PER,68.0,1,São Paulo Grand Prix,2023
PER,69.0,1,São Paulo Grand Prix,2023
PER,70.0,1,São Paulo Grand Prix,2023
PER,71.0,1,São Paulo Grand Prix,2023
STR,1.0,124,São Paulo Grand Prix,2023
STR,2.0,45,São Paulo Grand Prix,2023
STR,3.0,1,São Paulo Grand Prix,2023
STR,4.0,1,São Paulo Grand Prix,2023
STR,5.0,1,São Paulo Grand Prix,2023
STR,6.0,1,São Paulo Grand Prix,2023
STR,7.0,1,São Paulo Grand Prix,2023
STR,8.0,1,São Paulo Grand Prix,2023
STR,9.0,1,São Paulo Grand Prix,2023
STR,10.0,1,São Paulo Grand Prix,2023
STR,11.0,1,São Paulo Grand Prix,2023
STR,12.0,1,São Paulo Grand Prix,2023
STR,13.0,1,São Paulo Grand Prix,2023
STR,14.0,1,São Paulo Grand Prix,2023
STR,15.0,1,São Paulo Grand Prix,2023
STR,16.0,1,São Paulo Grand Prix,2023
STR,17.0,1,São Paulo Grand Prix,2023
STR,18.0,1,São Paulo Grand Prix,2023
STR,19.0,1,São Paulo Grand Prix,2023
STR,20.0,1,São Paulo Grand Prix,2023
STR,21.0,1,São Paulo Grand Prix,2023
STR,22.0,1,São Paulo Grand Prix,2023
STR,23.0,1,São Paulo Grand Prix,2023
STR,24.0,1,São Paulo Grand Prix,2023
STR,25.0,1,São Paulo Grand Prix,2023
STR,26.0,1,São Paulo Grand Prix,2023
STR,27.0,1,São Paulo Grand Prix,2023
STR,28.0,1,São Paulo Grand Prix,2023
STR,29.0,1,São Paulo Grand Prix,2023
STR,30.0,1,São Paulo Grand Prix,2023
STR,31.0,1,São Paulo Grand Prix,2023
STR,32.0,1,São Paulo Grand Prix,2023
STR,33.0,1,São Paulo Grand Prix,2023
STR,34.0,1,São Paulo Grand Prix,2023
STR,35.0,1,São Paulo Grand Prix,2023
STR,36.0,1,São Paulo Grand Prix,2023
STR,37.0,1,São Paulo Grand Prix,2023
STR,38.0,1,São Paulo Grand Prix,2023
STR,39.0,1,São Paulo Grand Prix,2023
STR,40.0,1,São Paulo Grand Prix,2023
STR,41.0,1,São Paulo Grand Prix,2023
STR,42.0,1,São Paulo Grand Prix,2023
STR,43.0,1,São Paulo Grand Prix,2023
STR,44.0,1,São Paulo Grand Prix,2023
STR,45.0,1,São Paulo Grand Prix,2023
STR,46.0,1,São Paulo Grand Prix,2023
STR,47.0,1,São Paulo Grand Prix,2023
STR,48.0,1,São Paulo Grand Prix,2023
STR,49.0,1,São Paulo Grand Prix,2023
STR,50.0,1,São Paulo Grand Prix,2023
STR,51.0,1,São Paulo Grand Prix,2023
STR,52.0,1,São Paulo Grand Prix,2023
STR,53.0,1,São Paulo Grand Prix,2023
STR,54.0,1,São Paulo Grand Prix,2023
STR,55.0,1,São Paulo Grand Prix,2023
STR,56.0,1,São Paulo Grand Prix,2023
STR,57.0,1,São Paulo Grand Prix,2023
STR,58.0,1,São Paulo Grand Prix,2023
STR,59.0,1,São Paulo Grand Prix,2023
STR,60.0,1,São Paulo Grand Prix,2023
STR,61.0,1,São Paulo Grand Prix,2023
STR,62.0,1,São Paulo Grand Prix,2023
STR,63.0,1,São Paulo Grand Prix,2023
STR,64.0,1,São Paulo Grand Prix,2023
STR,65.0,1,São Paulo Grand Prix,2023
STR,66.0,1,São Paulo Grand Prix,2023
STR,67.0,1,São Paulo Grand Prix,2023
STR,68.0,1,São Paulo Grand Prix,2023
STR,69.0,1,São Paulo Grand Prix,2023
STR,70.0,1,São Paulo Grand Prix,2023
STR,71.0,1,São Paulo Grand Prix,2023
SAI,1.0,124,São Paulo Grand Prix,2023
SAI,2.0,45,São Paulo Grand Prix,2023
SAI,3.0,1,São Paulo Grand Prix,2023
SAI,4.0,1,São Paulo Grand Prix,2023
SAI,5.0,1,São Paulo Grand Prix,2023
SAI,6.0,1,São Paulo Grand Prix,2023
SAI,7.0,1,São Paulo Grand Prix,2023
SAI,8.0,1,São Paulo Grand Prix,2023
SAI,9.0,1,São Paulo Grand Prix,2023
SAI,10.0,1,São Paulo Grand Prix,2023
SAI,11.0,1,São Paulo Grand Prix,2023
SAI,12.0,1,São Paulo Grand Prix,2023
SAI,13.0,1,São Paulo Grand Prix,2023
SAI,14.0,1,São Paulo Grand Prix,2023
SAI,15.0,1,São Paulo Grand Prix,2023
SAI,16.0,1,São Paulo Grand Prix,2023
SAI,17.0,1,São Paulo Grand Prix,2023
SAI,18.0,1,São Paulo Grand Prix,2023
SAI,19.0,1,São Paulo Grand Prix,2023
SAI,20.0,1,São Paulo Grand Prix,2023
SAI,21.0,1,São Paulo Grand Prix,2023
SAI,22.0,1,São Paulo Grand Prix,2023
SAI,23.0,1,São Paulo Grand Prix,2023
SAI,24.0,1,São Paulo Grand Prix,2023
SAI,25.0,1,São Paulo Grand Prix,2023
SAI,26.0,1,São Paulo Grand Prix,2023
SAI,27.0,1,São Paulo Grand Prix,2023
SAI,28.0,1,São Paulo Grand Prix,2023
SAI,29.0,1,São Paulo Grand Prix,2023
SAI,30.0,1,São Paulo Grand Prix,2023
SAI,31.0,1,São Paulo Grand Prix,2023
SAI,32.0,1,São Paulo Grand Prix,2023
SAI,33.0,1,São Paulo Grand Prix,2023
SAI,34.0,1,São Paulo Grand Prix,2023
SAI,35.0,1,São Paulo Grand Prix,2023
SAI,36.0,1,São Paulo Grand Prix,2023
SAI,37.0,1,São Paulo Grand Prix,2023
SAI,38.0,1,São Paulo Grand Prix,2023
SAI,39.0,1,São Paulo Grand Prix,2023
SAI,40.0,1,São Paulo Grand Prix,2023
SAI,41.0,1,São Paulo Grand Prix,2023
SAI,42.0,1,São Paulo Grand Prix,2023
SAI,43.0,1,São Paulo Grand Prix,2023
SAI,44.0,1,São Paulo Grand Prix,2023
SAI,45.0,1,São Paulo Grand Prix,2023
SAI,46.0,1,São Paulo Grand Prix,2023
SAI,47.0,1,São Paulo Grand Prix,2023
SAI,48.0,1,São Paulo Grand Prix,2023
SAI,49.0,1,São Paulo Grand Prix,2023
SAI,50.0,1,São Paulo Grand Prix,2023
SAI,51.0,1,São Paulo Grand Prix,2023
SAI,52.0,1,São Paulo Grand Prix,2023
SAI,53.0,1,São Paulo Grand Prix,2023
SAI,54.0,1,São Paulo Grand Prix,2023
SAI,55.0,1,São Paulo Grand Prix,2023
SAI,56.0,1,São Paulo Grand Prix,2023
SAI,57.0,1,São Paulo Grand Prix,2023
SAI,58.0,1,São Paulo Grand Prix,2023
SAI,59.0,1,São Paulo Grand Prix,2023
SAI,60.0,1,São Paulo Grand Prix,2023
SAI,61.0,1,São Paulo Grand Prix,2023
SAI,62.0,1,São Paulo Grand Prix,2023
SAI,63.0,1,São Paulo Grand Prix,2023
SAI,64.0,1,São Paulo Grand Prix,2023
SAI,65.0,1,São Paulo Grand Prix,2023
SAI,66.0,1,São Paulo Grand Prix,2023
SAI,67.0,1,São Paulo Grand Prix,2023
SAI,68.0,1,São Paulo Grand Prix,2023
SAI,69.0,1,São Paulo Grand Prix,2023
SAI,70.0,1,São Paulo Grand Prix,2023
SAI,71.0,1,São Paulo Grand Prix,2023
GAS,1.0,124,São Paulo Grand Prix,2023
GAS,2.0,45,São Paulo Grand Prix,2023
GAS,3.0,1,São Paulo Grand Prix,2023
GAS,4.0,1,São Paulo Grand Prix,2023
GAS,5.0,1,São Paulo Grand Prix,2023
GAS,6.0,1,São Paulo Grand Prix,2023
GAS,7.0,1,São Paulo Grand Prix,2023
GAS,8.0,1,São Paulo Grand Prix,2023
GAS,9.0,1,São Paulo Grand Prix,2023
GAS,10.0,1,São Paulo Grand Prix,2023
GAS,11.0,1,São Paulo Grand Prix,2023
GAS,12.0,1,São Paulo Grand Prix,2023
GAS,13.0,1,São Paulo Grand Prix,2023
GAS,14.0,1,São Paulo Grand Prix,2023
GAS,15.0,1,São Paulo Grand Prix,2023
GAS,16.0,1,São Paulo Grand Prix,2023
GAS,17.0,1,São Paulo Grand Prix,2023
GAS,18.0,1,São Paulo Grand Prix,2023
GAS,19.0,1,São Paulo Grand Prix,2023
GAS,20.0,1,São Paulo Grand Prix,2023
GAS,21.0,1,São Paulo Grand Prix,2023
GAS,22.0,1,São Paulo Grand Prix,2023
GAS,23.0,1,São Paulo Grand Prix,2023
GAS,24.0,1,São Paulo Grand Prix,2023
GAS,25.0,1,São Paulo Grand Prix,2023
GAS,26.0,1,São Paulo Grand Prix,2023
GAS,27.0,1,São Paulo Grand Prix,2023
GAS,28.0,1,São Paulo Grand Prix,2023
GAS,29.0,1,São Paulo Grand Prix,2023
GAS,30.0,1,São Paulo Grand Prix,2023
GAS,31.0,1,São Paulo Grand Prix,2023
GAS,32.0,1,São Paulo Grand Prix,2023
GAS,33.0,1,São Paulo Grand Prix,2023
GAS,34.0,1,São Paulo Grand Prix,2023
GAS,35.0,1,São Paulo Grand Prix,2023
GAS,36.0,1,São Paulo Grand Prix,2023
GAS,37.0,1,São Paulo Grand Prix,2023
GAS,38.0,1,São Paulo Grand Prix,2023
GAS,39.0,1,São Paulo Grand Prix,2023
GAS,40.0,1,São Paulo Grand Prix,2023
GAS,41.0,1,São Paulo Grand Prix,2023
GAS,42.0,1,São Paulo Grand Prix,2023
GAS,43.0,1,São Paulo Grand Prix,2023
GAS,44.0,1,São Paulo Grand Prix,2023
GAS,45.0,1,São Paulo Grand Prix,2023
GAS,46.0,1,São Paulo Grand Prix,2023
GAS,47.0,1,São Paulo Grand Prix,2023
GAS,48.0,1,São Paulo Grand Prix,2023
GAS,49.0,1,São Paulo Grand Prix,2023
GAS,50.0,1,São Paulo Grand Prix,2023
GAS,51.0,1,São Paulo Grand Prix,2023
GAS,52.0,1,São Paulo Grand Prix,2023
GAS,53.0,1,São Paulo Grand Prix,2023
GAS,54.0,1,São Paulo Grand Prix,2023
GAS,55.0,1,São Paulo Grand Prix,2023
GAS,56.0,1,São Paulo Grand Prix,2023
GAS,57.0,1,São Paulo Grand Prix,2023
GAS,58.0,1,São Paulo Grand Prix,2023
GAS,59.0,1,São Paulo Grand Prix,2023
GAS,60.0,1,São Paulo Grand Prix,2023
GAS,61.0,1,São Paulo Grand Prix,2023
GAS,62.0,1,São Paulo Grand Prix,2023
GAS,63.0,1,São Paulo Grand Prix,2023
GAS,64.0,1,São Paulo Grand Prix,2023
GAS,65.0,1,São Paulo Grand Prix,2023
GAS,66.0,1,São Paulo Grand Prix,2023
GAS,67.0,1,São Paulo Grand Prix,2023
GAS,68.0,1,São Paulo Grand Prix,2023
GAS,69.0,1,São Paulo Grand Prix,2023
GAS,70.0,1,São Paulo Grand Prix,2023
GAS,71.0,1,São Paulo Grand Prix,2023
HAM,1.0,124,São Paulo Grand Prix,2023
HAM,2.0,45,São Paulo Grand Prix,2023
HAM,3.0,1,São Paulo Grand Prix,2023
HAM,4.0,1,São Paulo Grand Prix,2023
HAM,5.0,1,São Paulo Grand Prix,2023
HAM,6.0,1,São Paulo Grand Prix,2023
HAM,7.0,1,São Paulo Grand Prix,2023
HAM,8.0,1,São Paulo Grand Prix,2023
HAM,9.0,1,São Paulo Grand Prix,2023
HAM,10.0,1,São Paulo Grand Prix,2023
HAM,11.0,1,São Paulo Grand Prix,2023
HAM,12.0,1,São Paulo Grand Prix,2023
HAM,13.0,1,São Paulo Grand Prix,2023
HAM,14.0,1,São Paulo Grand Prix,2023
HAM,15.0,1,São Paulo Grand Prix,2023
HAM,16.0,1,São Paulo Grand Prix,2023
HAM,17.0,1,São Paulo Grand Prix,2023
HAM,18.0,1,São Paulo Grand Prix,2023
HAM,19.0,1,São Paulo Grand Prix,2023
HAM,20.0,1,São Paulo Grand Prix,2023
HAM,21.0,1,São Paulo Grand Prix,2023
HAM,22.0,1,São Paulo Grand Prix,2023
HAM,23.0,1,São Paulo Grand Prix,2023
HAM,24.0,1,São Paulo Grand Prix,2023
HAM,25.0,1,São Paulo Grand Prix,2023
HAM,26.0,1,São Paulo Grand Prix,2023
HAM,27.0,1,São Paulo Grand Prix,2023
HAM,28.0,1,São Paulo Grand Prix,2023
HAM,29.0,1,São Paulo Grand Prix,2023
HAM,30.0,1,São Paulo Grand Prix,2023
HAM,31.0,1,São Paulo Grand Prix,2023
HAM,32.0,1,São Paulo Grand Prix,2023
HAM,33.0,1,São Paulo Grand Prix,2023
HAM,34.0,1,São Paulo Grand Prix,2023
HAM,35.0,1,São Paulo Grand Prix,2023
HAM,36.0,1,São Paulo Grand Prix,2023
HAM,37.0,1,São Paulo Grand Prix,2023
HAM,38.0,1,São Paulo Grand Prix,2023
HAM,39.0,1,São Paulo Grand Prix,2023
HAM,40.0,1,São Paulo Grand Prix,2023
HAM,41.0,1,São Paulo Grand Prix,2023
HAM,42.0,1,São Paulo Grand Prix,2023
HAM,43.0,1,São Paulo Grand Prix,2023
HAM,44.0,1,São Paulo Grand Prix,2023
HAM,45.0,1,São Paulo Grand Prix,2023
HAM,46.0,1,São Paulo Grand Prix,2023
HAM,47.0,1,São Paulo Grand Prix,2023
HAM,48.0,1,São Paulo Grand Prix,2023
HAM,49.0,1,São Paulo Grand Prix,2023
HAM,50.0,1,São Paulo Grand Prix,2023
HAM,51.0,1,São Paulo Grand Prix,2023
HAM,52.0,1,São Paulo Grand Prix,2023
HAM,53.0,1,São Paulo Grand Prix,2023
HAM,54.0,1,São Paulo Grand Prix,2023
HAM,55.0,1,São Paulo Grand Prix,2023
HAM,56.0,1,São Paulo Grand Prix,2023
HAM,57.0,1,São Paulo Grand Prix,2023
HAM,58.0,1,São Paulo Grand Prix,2023
HAM,59.0,1,São Paulo Grand Prix,2023
HAM,60.0,1,São Paulo Grand Prix,2023
HAM,61.0,1,São Paulo Grand Prix,2023
HAM,62.0,1,São Paulo Grand Prix,2023
HAM,63.0,1,São Paulo Grand Prix,2023
HAM,64.0,1,São Paulo Grand Prix,2023
HAM,65.0,1,São Paulo Grand Prix,2023
HAM,66.0,1,São Paulo Grand Prix,2023
HAM,67.0,1,São Paulo Grand Prix,2023
HAM,68.0,1,São Paulo Grand Prix,2023
HAM,69.0,1,São Paulo Grand Prix,2023
HAM,70.0,1,São Paulo Grand Prix,2023
HAM,71.0,1,São Paulo Grand Prix,2023
TSU,1.0,124,São Paulo Grand Prix,2023
TSU,2.0,45,São Paulo Grand Prix,2023
TSU,3.0,1,São Paulo Grand Prix,2023
TSU,4.0,1,São Paulo Grand Prix,2023
TSU,5.0,1,São Paulo Grand Prix,2023
TSU,6.0,1,São Paulo Grand Prix,2023
TSU,7.0,1,São Paulo Grand Prix,2023
TSU,8.0,1,São Paulo Grand Prix,2023
TSU,9.0,1,São Paulo Grand Prix,2023
TSU,10.0,1,São Paulo Grand Prix,2023
TSU,11.0,1,São Paulo Grand Prix,2023
TSU,12.0,1,São Paulo Grand Prix,2023
TSU,13.0,1,São Paulo Grand Prix,2023
TSU,14.0,1,São Paulo Grand Prix,2023
TSU,15.0,1,São Paulo Grand Prix,2023
TSU,16.0,1,São Paulo Grand Prix,2023
TSU,17.0,1,São Paulo Grand Prix,2023
TSU,18.0,1,São Paulo Grand Prix,2023
TSU,19.0,1,São Paulo Grand Prix,2023
TSU,20.0,1,São Paulo Grand Prix,2023
TSU,21.0,1,São Paulo Grand Prix,2023
TSU,22.0,1,São Paulo Grand Prix,2023
TSU,23.0,1,São Paulo Grand Prix,2023
TSU,24.0,1,São Paulo Grand Prix,2023
TSU,25.0,1,São Paulo Grand Prix,2023
TSU,26.0,1,São Paulo Grand Prix,2023
TSU,27.0,1,São Paulo Grand Prix,2023
TSU,28.0,1,São Paulo Grand Prix,2023
TSU,29.0,1,São Paulo Grand Prix,2023
TSU,30.0,1,São Paulo Grand Prix,2023
TSU,31.0,1,São Paulo Grand Prix,2023
TSU,32.0,1,São Paulo Grand Prix,2023
TSU,33.0,1,São Paulo Grand Prix,2023
TSU,34.0,1,São Paulo Grand Prix,2023
TSU,35.0,1,São Paulo Grand Prix,2023
TSU,36.0,1,São Paulo Grand Prix,2023
TSU,37.0,1,São Paulo Grand Prix,2023
TSU,38.0,1,São Paulo Grand Prix,2023
TSU,39.0,1,São Paulo Grand Prix,2023
TSU,40.0,1,São Paulo Grand Prix,2023
TSU,41.0,1,São Paulo Grand Prix,2023
TSU,42.0,1,São Paulo Grand Prix,2023
TSU,43.0,1,São Paulo Grand Prix,2023
TSU,44.0,1,São Paulo Grand Prix,2023
TSU,45.0,1,São Paulo Grand Prix,2023
TSU,46.0,1,São Paulo Grand Prix,2023
TSU,47.0,1,São Paulo Grand Prix,2023
TSU,48.0,1,São Paulo Grand Prix,2023
TSU,49.0,1,São Paulo Grand Prix,2023
TSU,50.0,1,São Paulo Grand Prix,2023
TSU,51.0,1,São Paulo Grand Prix,2023
TSU,52.0,1,São Paulo Grand Prix,2023
TSU,53.0,1,São Paulo Grand Prix,2023
TSU,54.0,1,São Paulo Grand Prix,2023
TSU,55.0,1,São Paulo Grand Prix,2023
TSU,56.0,1,São Paulo Grand Prix,2023
TSU,57.0,1,São Paulo Grand Prix,2023
TSU,58.0,1,São Paulo Grand Prix,2023
TSU,59.0,1,São Paulo Grand Prix,2023
TSU,60.0,1,São Paulo Grand Prix,2023
TSU,61.0,1,São Paulo Grand Prix,2023
TSU,62.0,1,São Paulo Grand Prix,2023
TSU,63.0,1,São Paulo Grand Prix,2023
TSU,64.0,1,São Paulo Grand Prix,2023
TSU,65.0,1,São Paulo Grand Prix,2023
TSU,66.0,1,São Paulo Grand Prix,2023
TSU,67.0,1,São Paulo Grand Prix,2023
TSU,68.0,1,São Paulo Grand Prix,2023
TSU,69.0,1,São Paulo Grand Prix,2023
TSU,70.0,1,São Paulo Grand Prix,2023
TSU,71.0,1,São Paulo Grand Prix,2023
OCO,1.0,124,São Paulo Grand Prix,2023
OCO,2.0,45,São Paulo Grand Prix,2023
OCO,3.0,1,São Paulo Grand Prix,2023
OCO,4.0,1,São Paulo Grand Prix,2023
OCO,5.0,1,São Paulo Grand Prix,2023
OCO,6.0,1,São Paulo Grand Prix,2023
OCO,7.0,1,São Paulo Grand Prix,2023
OCO,8.0,1,São Paulo Grand Prix,2023
OCO,9.0,1,São Paulo Grand Prix,2023
OCO,10.0,1,São Paulo Grand Prix,2023
OCO,11.0,1,São Paulo Grand Prix,2023
OCO,12.0,1,São Paulo Grand Prix,2023
OCO,13.0,1,São Paulo Grand Prix,2023
OCO,14.0,1,São Paulo Grand Prix,2023
OCO,15.0,1,São Paulo Grand Prix,2023
OCO,16.0,1,São Paulo Grand Prix,2023
OCO,17.0,1,São Paulo Grand Prix,2023
OCO,18.0,1,São Paulo Grand Prix,2023
OCO,19.0,1,São Paulo Grand Prix,2023
OCO,20.0,1,São Paulo Grand Prix,2023
OCO,21.0,1,São Paulo Grand Prix,2023
OCO,22.0,1,São Paulo Grand Prix,2023
OCO,23.0,1,São Paulo Grand Prix,2023
OCO,24.0,1,São Paulo Grand Prix,2023
OCO,25.0,1,São Paulo Grand Prix,2023
OCO,26.0,1,São Paulo Grand Prix,2023
OCO,27.0,1,São Paulo Grand Prix,2023
OCO,28.0,1,São Paulo Grand Prix,2023
OCO,29.0,1,São Paulo Grand Prix,2023
OCO,30.0,1,São Paulo Grand Prix,2023
OCO,31.0,1,São Paulo Grand Prix,2023
OCO,32.0,1,São Paulo Grand Prix,2023
OCO,33.0,1,São Paulo Grand Prix,2023
OCO,34.0,1,São Paulo Grand Prix,2023
OCO,35.0,1,São Paulo Grand Prix,2023
OCO,36.0,1,São Paulo Grand Prix,2023
OCO,37.0,1,São Paulo Grand Prix,2023
OCO,38.0,1,São Paulo Grand Prix,2023
OCO,39.0,1,São Paulo Grand Prix,2023
OCO,40.0,1,São Paulo Grand Prix,2023
OCO,41.0,1,São Paulo Grand Prix,2023
OCO,42.0,1,São Paulo Grand Prix,2023
OCO,43.0,1,São Paulo Grand Prix,2023
OCO,44.0,1,São Paulo Grand Prix,2023
OCO,45.0,1,São Paulo Grand Prix,2023
OCO,46.0,1,São Paulo Grand Prix,2023
OCO,47.0,1,São Paulo Grand Prix,2023
OCO,48.0,1,São Paulo Grand Prix,2023
OCO,49.0,1,São Paulo Grand Prix,2023
OCO,50.0,1,São Paulo Grand Prix,2023
OCO,51.0,1,São Paulo Grand Prix,2023
OCO,52.0,1,São Paulo Grand Prix,2023
OCO,53.0,1,São Paulo Grand Prix,2023
OCO,54.0,1,São Paulo Grand Prix,2023
OCO,55.0,1,São Paulo Grand Prix,2023
OCO,56.0,1,São Paulo Grand Prix,2023
OCO,57.0,1,São Paulo Grand Prix,2023
OCO,58.0,1,São Paulo Grand Prix,2023
OCO,59.0,1,São Paulo Grand Prix,2023
OCO,60.0,1,São Paulo Grand Prix,2023
OCO,61.0,1,São Paulo Grand Prix,2023
OCO,62.0,1,São Paulo Grand Prix,2023
OCO,63.0,1,São Paulo Grand Prix,2023
OCO,64.0,1,São Paulo Grand Prix,2023
OCO,65.0,1,São Paulo Grand Prix,2023
OCO,66.0,1,São Paulo Grand Prix,2023
OCO,67.0,1,São Paulo Grand Prix,2023
OCO,68.0,1,São Paulo Grand Prix,2023
OCO,69.0,1,São Paulo Grand Prix,2023
OCO,70.0,1,São Paulo Grand Prix,2023
SAR,1.0,124,São Paulo Grand Prix,2023
SAR,2.0,45,São Paulo Grand Prix,2023
SAR,3.0,1,São Paulo Grand Prix,2023
SAR,4.0,1,São Paulo Grand Prix,2023
SAR,5.0,1,São Paulo Grand Prix,2023
SAR,6.0,1,São Paulo Grand Prix,2023
SAR,7.0,1,São Paulo Grand Prix,2023
SAR,8.0,1,São Paulo Grand Prix,2023
SAR,9.0,1,São Paulo Grand Prix,2023
SAR,10.0,1,São Paulo Grand Prix,2023
SAR,11.0,1,São Paulo Grand Prix,2023
SAR,12.0,1,São Paulo Grand Prix,2023
SAR,13.0,1,São Paulo Grand Prix,2023
SAR,14.0,1,São Paulo Grand Prix,2023
SAR,15.0,1,São Paulo Grand Prix,2023
SAR,16.0,1,São Paulo Grand Prix,2023
SAR,17.0,1,São Paulo Grand Prix,2023
SAR,18.0,1,São Paulo Grand Prix,2023
SAR,19.0,1,São Paulo Grand Prix,2023
SAR,20.0,1,São Paulo Grand Prix,2023
SAR,21.0,1,São Paulo Grand Prix,2023
SAR,22.0,1,São Paulo Grand Prix,2023
SAR,23.0,1,São Paulo Grand Prix,2023
SAR,24.0,1,São Paulo Grand Prix,2023
SAR,25.0,1,São Paulo Grand Prix,2023
SAR,26.0,1,São Paulo Grand Prix,2023
SAR,27.0,1,São Paulo Grand Prix,2023
SAR,28.0,1,São Paulo Grand Prix,2023
SAR,29.0,1,São Paulo Grand Prix,2023
SAR,30.0,1,São Paulo Grand Prix,2023
SAR,31.0,1,São Paulo Grand Prix,2023
SAR,32.0,1,São Paulo Grand Prix,2023
SAR,33.0,1,São Paulo Grand Prix,2023
SAR,34.0,1,São Paulo Grand Prix,2023
SAR,35.0,1,São Paulo Grand Prix,2023
SAR,36.0,1,São Paulo Grand Prix,2023
SAR,37.0,1,São Paulo Grand Prix,2023
SAR,38.0,1,São Paulo Grand Prix,2023
SAR,39.0,1,São Paulo Grand Prix,2023
SAR,40.0,1,São Paulo Grand Prix,2023
SAR,41.0,1,São Paulo Grand Prix,2023
SAR,42.0,1,São Paulo Grand Prix,2023
SAR,43.0,1,São Paulo Grand Prix,2023
SAR,44.0,1,São Paulo Grand Prix,2023
SAR,45.0,1,São Paulo Grand Prix,2023
SAR,46.0,1,São Paulo Grand Prix,2023
SAR,47.0,1,São Paulo Grand Prix,2023
SAR,48.0,1,São Paulo Grand Prix,2023
SAR,49.0,1,São Paulo Grand Prix,2023
SAR,50.0,1,São Paulo Grand Prix,2023
SAR,51.0,1,São Paulo Grand Prix,2023
SAR,52.0,1,São Paulo Grand Prix,2023
SAR,53.0,1,São Paulo Grand Prix,2023
SAR,54.0,1,São Paulo Grand Prix,2023
SAR,55.0,1,São Paulo Grand Prix,2023
SAR,56.0,1,São Paulo Grand Prix,2023
SAR,57.0,1,São Paulo Grand Prix,2023
SAR,58.0,1,São Paulo Grand Prix,2023
SAR,59.0,1,São Paulo Grand Prix,2023
SAR,60.0,1,São Paulo Grand Prix,2023
SAR,61.0,1,São Paulo Grand Prix,2023
SAR,62.0,1,São Paulo Grand Prix,2023
SAR,63.0,1,São Paulo Grand Prix,2023
SAR,64.0,1,São Paulo Grand Prix,2023
SAR,65.0,1,São Paulo Grand Prix,2023
SAR,66.0,1,São Paulo Grand Prix,2023
SAR,67.0,1,São Paulo Grand Prix,2023
SAR,68.0,1,São Paulo Grand Prix,2023
SAR,69.0,1,São Paulo Grand Prix,2023
SAR,70.0,1,São Paulo Grand Prix,2023
HUL,1.0,124,São Paulo Grand Prix,2023
HUL,2.0,45,São Paulo Grand Prix,2023
HUL,3.0,1,São Paulo Grand Prix,2023
HUL,4.0,1,São Paulo Grand Prix,2023
HUL,5.0,1,São Paulo Grand Prix,2023
HUL,6.0,1,São Paulo Grand Prix,2023
HUL,7.0,1,São Paulo Grand Prix,2023
HUL,8.0,1,São Paulo Grand Prix,2023
HUL,9.0,1,São Paulo Grand Prix,2023
HUL,10.0,1,São Paulo Grand Prix,2023
HUL,11.0,1,São Paulo Grand Prix,2023
HUL,12.0,1,São Paulo Grand Prix,2023
HUL,13.0,1,São Paulo Grand Prix,2023
HUL,14.0,1,São Paulo Grand Prix,2023
HUL,15.0,1,São Paulo Grand Prix,2023
HUL,16.0,1,São Paulo Grand Prix,2023
HUL,17.0,1,São Paulo Grand Prix,2023
HUL,18.0,1,São Paulo Grand Prix,2023
HUL,19.0,1,São Paulo Grand Prix,2023
HUL,20.0,1,São Paulo Grand Prix,2023
HUL,21.0,1,São Paulo Grand Prix,2023
HUL,22.0,1,São Paulo Grand Prix,2023
HUL,23.0,1,São Paulo Grand Prix,2023
HUL,24.0,1,São Paulo Grand Prix,2023
HUL,25.0,1,São Paulo Grand Prix,2023
HUL,26.0,1,São Paulo Grand Prix,2023
HUL,27.0,1,São Paulo Grand Prix,2023
HUL,28.0,1,São Paulo Grand Prix,2023
HUL,29.0,1,São Paulo Grand Prix,2023
HUL,30.0,1,São Paulo Grand Prix,2023
HUL,31.0,1,São Paulo Grand Prix,2023
HUL,32.0,1,São Paulo Grand Prix,2023
HUL,33.0,1,São Paulo Grand Prix,2023
HUL,34.0,1,São Paulo Grand Prix,2023
HUL,35.0,1,São Paulo Grand Prix,2023
HUL,36.0,1,São Paulo Grand Prix,2023
HUL,37.0,1,São Paulo Grand Prix,2023
HUL,38.0,1,São Paulo Grand Prix,2023
HUL,39.0,1,São Paulo Grand Prix,2023
HUL,40.0,1,São Paulo Grand Prix,2023
HUL,41.0,1,São Paulo Grand Prix,2023
HUL,42.0,1,São Paulo Grand Prix,2023
HUL,43.0,1,São Paulo Grand Prix,2023
HUL,44.0,1,São Paulo Grand Prix,2023
HUL,45.0,1,São Paulo Grand Prix,2023
HUL,46.0,1,São Paulo Grand Prix,2023
HUL,47.0,1,São Paulo Grand Prix,2023
HUL,48.0,1,São Paulo Grand Prix,2023
HUL,49.0,1,São Paulo Grand Prix,2023
HUL,50.0,1,São Paulo Grand Prix,2023
HUL,51.0,1,São Paulo Grand Prix,2023
HUL,52.0,1,São Paulo Grand Prix,2023
HUL,53.0,1,São Paulo Grand Prix,2023
HUL,54.0,1,São Paulo Grand Prix,2023
HUL,55.0,1,São Paulo Grand Prix,2023
HUL,56.0,1,São Paulo Grand Prix,2023
HUL,57.0,1,São Paulo Grand Prix,2023
HUL,58.0,1,São Paulo Grand Prix,2023
HUL,59.0,1,São Paulo Grand Prix,2023
HUL,60.0,1,São Paulo Grand Prix,2023
HUL,61.0,1,São Paulo Grand Prix,2023
HUL,62.0,1,São Paulo Grand Prix,2023
HUL,63.0,1,São Paulo Grand Prix,2023
HUL,64.0,1,São Paulo Grand Prix,2023
HUL,65.0,1,São Paulo Grand Prix,2023
HUL,66.0,1,São Paulo Grand Prix,2023
HUL,67.0,1,São Paulo Grand Prix,2023
HUL,68.0,1,São Paulo Grand Prix,2023
HUL,69.0,1,São Paulo Grand Prix,2023
HUL,70.0,1,São Paulo Grand Prix,2023
RIC,1.0,124,São Paulo Grand Prix,2023
RIC,2.0,1,São Paulo Grand Prix,2023
RIC,3.0,1,São Paulo Grand Prix,2023
RIC,4.0,1,São Paulo Grand Prix,2023
RIC,5.0,1,São Paulo Grand Prix,2023
RIC,6.0,1,São Paulo Grand Prix,2023
RIC,7.0,1,São Paulo Grand Prix,2023
RIC,8.0,1,São Paulo Grand Prix,2023
RIC,9.0,1,São Paulo Grand Prix,2023
RIC,10.0,1,São Paulo Grand Prix,2023
RIC,11.0,1,São Paulo Grand Prix,2023
RIC,12.0,1,São Paulo Grand Prix,2023
RIC,13.0,1,São Paulo Grand Prix,2023
RIC,14.0,1,São Paulo Grand Prix,2023
RIC,15.0,1,São Paulo Grand Prix,2023
RIC,16.0,1,São Paulo Grand Prix,2023
RIC,17.0,1,São Paulo Grand Prix,2023
RIC,18.0,1,São Paulo Grand Prix,2023
RIC,19.0,1,São Paulo Grand Prix,2023
RIC,20.0,1,São Paulo Grand Prix,2023
RIC,21.0,1,São Paulo Grand Prix,2023
RIC,22.0,1,São Paulo Grand Prix,2023
RIC,23.0,1,São Paulo Grand Prix,2023
RIC,24.0,1,São Paulo Grand Prix,2023
RIC,25.0,1,São Paulo Grand Prix,2023
RIC,26.0,1,São Paulo Grand Prix,2023
RIC,27.0,1,São Paulo Grand Prix,2023
RIC,28.0,1,São Paulo Grand Prix,2023
RIC,29.0,1,São Paulo Grand Prix,2023
RIC,30.0,1,São Paulo Grand Prix,2023
RIC,31.0,1,São Paulo Grand Prix,2023
RIC,32.0,1,São Paulo Grand Prix,2023
RIC,33.0,1,São Paulo Grand Prix,2023
RIC,34.0,1,São Paulo Grand Prix,2023
RIC,35.0,1,São Paulo Grand Prix,2023
RIC,36.0,1,São Paulo Grand Prix,2023
RIC,37.0,1,São Paulo Grand Prix,2023
RIC,38.0,1,São Paulo Grand Prix,2023
RIC,39.0,1,São Paulo Grand Prix,2023
RIC,40.0,1,São Paulo Grand Prix,2023
RIC,41.0,1,São Paulo Grand Prix,2023
RIC,42.0,1,São Paulo Grand Prix,2023
RIC,43.0,1,São Paulo Grand Prix,2023
RIC,44.0,1,São Paulo Grand Prix,2023
RIC,45.0,1,São Paulo Grand Prix,2023
RIC,46.0,1,São Paulo Grand Prix,2023
RIC,47.0,1,São Paulo Grand Prix,2023
RIC,48.0,1,São Paulo Grand Prix,2023
RIC,49.0,1,São Paulo Grand Prix,2023
RIC,50.0,1,São Paulo Grand Prix,2023
RIC,51.0,1,São Paulo Grand Prix,2023
RIC,52.0,1,São Paulo Grand Prix,2023
RIC,53.0,1,São Paulo Grand Prix,2023
RIC,54.0,1,São Paulo Grand Prix,2023
RIC,55.0,1,São Paulo Grand Prix,2023
RIC,56.0,1,São Paulo Grand Prix,2023
RIC,57.0,1,São Paulo Grand Prix,2023
RIC,58.0,1,São Paulo Grand Prix,2023
RIC,59.0,1,São Paulo Grand Prix,2023
RIC,60.0,1,São Paulo Grand Prix,2023
RIC,61.0,1,São Paulo Grand Prix,2023
RIC,62.0,1,São Paulo Grand Prix,2023
RIC,63.0,1,São Paulo Grand Prix,2023
RIC,64.0,1,São Paulo Grand Prix,2023
RIC,65.0,1,São Paulo Grand Prix,2023
RIC,66.0,1,São Paulo Grand Prix,2023
RIC,67.0,1,São Paulo Grand Prix,2023
RIC,68.0,1,São Paulo Grand Prix,2023
RIC,69.0,1,São Paulo Grand Prix,2023
RIC,70.0,1,São Paulo Grand Prix,2023
PIA,1.0,124,São Paulo Grand Prix,2023
PIA,2.0,1,São Paulo Grand Prix,2023
PIA,3.0,1,São Paulo Grand Prix,2023
PIA,4.0,1,São Paulo Grand Prix,2023
PIA,5.0,1,São Paulo Grand Prix,2023
PIA,6.0,1,São Paulo Grand Prix,2023
PIA,7.0,1,São Paulo Grand Prix,2023
PIA,8.0,1,São Paulo Grand Prix,2023
PIA,9.0,1,São Paulo Grand Prix,2023
PIA,10.0,1,São Paulo Grand Prix,2023
PIA,11.0,1,São Paulo Grand Prix,2023
PIA,12.0,1,São Paulo Grand Prix,2023
PIA,13.0,1,São Paulo Grand Prix,2023
PIA,14.0,1,São Paulo Grand Prix,2023
PIA,15.0,1,São Paulo Grand Prix,2023
PIA,16.0,1,São Paulo Grand Prix,2023
PIA,17.0,1,São Paulo Grand Prix,2023
PIA,18.0,1,São Paulo Grand Prix,2023
PIA,19.0,1,São Paulo Grand Prix,2023
PIA,20.0,1,São Paulo Grand Prix,2023
PIA,21.0,1,São Paulo Grand Prix,2023
PIA,22.0,1,São Paulo Grand Prix,2023
PIA,23.0,1,São Paulo Grand Prix,2023
PIA,24.0,1,São Paulo Grand Prix,2023
PIA,25.0,1,São Paulo Grand Prix,2023
PIA,26.0,1,São Paulo Grand Prix,2023
PIA,27.0,1,São Paulo Grand Prix,2023
PIA,28.0,1,São Paulo Grand Prix,2023
PIA,29.0,1,São Paulo Grand Prix,2023
PIA,30.0,1,São Paulo Grand Prix,2023
PIA,31.0,1,São Paulo Grand Prix,2023
PIA,32.0,1,São Paulo Grand Prix,2023
PIA,33.0,1,São Paulo Grand Prix,2023
PIA,34.0,1,São Paulo Grand Prix,2023
PIA,35.0,1,São Paulo Grand Prix,2023
PIA,36.0,1,São Paulo Grand Prix,2023
PIA,37.0,1,São Paulo Grand Prix,2023
PIA,38.0,1,São Paulo Grand Prix,2023
PIA,39.0,1,São Paulo Grand Prix,2023
PIA,40.0,1,São Paulo Grand Prix,2023
PIA,41.0,1,São Paulo Grand Prix,2023
PIA,42.0,1,São Paulo Grand Prix,2023
PIA,43.0,1,São Paulo Grand Prix,2023
PIA,44.0,1,São Paulo Grand Prix,2023
PIA,45.0,1,São Paulo Grand Prix,2023
PIA,46.0,1,São Paulo Grand Prix,2023
PIA,47.0,1,São Paulo Grand Prix,2023
PIA,48.0,1,São Paulo Grand Prix,2023
PIA,49.0,1,São Paulo Grand Prix,2023
PIA,50.0,1,São Paulo Grand Prix,2023
PIA,51.0,1,São Paulo Grand Prix,2023
PIA,52.0,1,São Paulo Grand Prix,2023
PIA,53.0,1,São Paulo Grand Prix,2023
PIA,54.0,1,São Paulo Grand Prix,2023
PIA,55.0,1,São Paulo Grand Prix,2023
PIA,56.0,1,São Paulo Grand Prix,2023
PIA,57.0,1,São Paulo Grand Prix,2023
PIA,58.0,1,São Paulo Grand Prix,2023
PIA,59.0,1,São Paulo Grand Prix,2023
PIA,60.0,1,São Paulo Grand Prix,2023
PIA,61.0,1,São Paulo Grand Prix,2023
PIA,62.0,1,São Paulo Grand Prix,2023
PIA,63.0,1,São Paulo Grand Prix,2023
PIA,64.0,1,São Paulo Grand Prix,2023
PIA,65.0,1,São Paulo Grand Prix,2023
PIA,66.0,1,São Paulo Grand Prix,2023
PIA,67.0,1,São Paulo Grand Prix,2023
PIA,68.0,1,São Paulo Grand Prix,2023
PIA,69.0,1,São Paulo Grand Prix,2023
RUS,1.0,124,São Paulo Grand Prix,2023
RUS,2.0,45,São Paulo Grand Prix,2023
RUS,3.0,1,São Paulo Grand Prix,2023
RUS,4.0,1,São Paulo Grand Prix,2023
RUS,5.0,1,São Paulo Grand Prix,2023
RUS,6.0,1,São Paulo Grand Prix,2023
RUS,7.0,1,São Paulo Grand Prix,2023
RUS,8.0,1,São Paulo Grand Prix,2023
RUS,9.0,1,São Paulo Grand Prix,2023
RUS,10.0,1,São Paulo Grand Prix,2023
RUS,11.0,1,São Paulo Grand Prix,2023
RUS,12.0,1,São Paulo Grand Prix,2023
RUS,13.0,1,São Paulo Grand Prix,2023
RUS,14.0,1,São Paulo Grand Prix,2023
RUS,15.0,1,São Paulo Grand Prix,2023
RUS,16.0,1,São Paulo Grand Prix,2023
RUS,17.0,1,São Paulo Grand Prix,2023
RUS,18.0,1,São Paulo Grand Prix,2023
RUS,19.0,1,São Paulo Grand Prix,2023
RUS,20.0,1,São Paulo Grand Prix,2023
RUS,21.0,1,São Paulo Grand Prix,2023
RUS,22.0,1,São Paulo Grand Prix,2023
RUS,23.0,1,São Paulo Grand Prix,2023
RUS,24.0,1,São Paulo Grand Prix,2023
RUS,25.0,1,São Paulo Grand Prix,2023
RUS,26.0,1,São Paulo Grand Prix,2023
RUS,27.0,1,São Paulo Grand Prix,2023
RUS,28.0,1,São Paulo Grand Prix,2023
RUS,29.0,1,São Paulo Grand Prix,2023
RUS,30.0,1,São Paulo Grand Prix,2023
RUS,31.0,1,São Paulo Grand Prix,2023
RUS,32.0,1,São Paulo Grand Prix,2023
RUS,33.0,1,São Paulo Grand Prix,2023
RUS,34.0,1,São Paulo Grand Prix,2023
RUS,35.0,1,São Paulo Grand Prix,2023
RUS,36.0,1,São Paulo Grand Prix,2023
RUS,37.0,1,São Paulo Grand Prix,2023
RUS,38.0,1,São Paulo Grand Prix,2023
RUS,39.0,1,São Paulo Grand Prix,2023
RUS,40.0,1,São Paulo Grand Prix,2023
RUS,41.0,1,São Paulo Grand Prix,2023
RUS,42.0,1,São Paulo Grand Prix,2023
RUS,43.0,1,São Paulo Grand Prix,2023
RUS,44.0,1,São Paulo Grand Prix,2023
RUS,45.0,1,São Paulo Grand Prix,2023
RUS,46.0,1,São Paulo Grand Prix,2023
RUS,47.0,1,São Paulo Grand Prix,2023
RUS,48.0,1,São Paulo Grand Prix,2023
RUS,49.0,1,São Paulo Grand Prix,2023
RUS,50.0,1,São Paulo Grand Prix,2023
RUS,51.0,1,São Paulo Grand Prix,2023
RUS,52.0,1,São Paulo Grand Prix,2023
RUS,53.0,1,São Paulo Grand Prix,2023
RUS,54.0,1,São Paulo Grand Prix,2023
RUS,55.0,1,São Paulo Grand Prix,2023
RUS,56.0,1,São Paulo Grand Prix,2023
RUS,57.0,1,São Paulo Grand Prix,2023
BOT,1.0,124,São Paulo Grand Prix,2023
BOT,2.0,45,São Paulo Grand Prix,2023
BOT,3.0,1,São Paulo Grand Prix,2023
BOT,4.0,1,São Paulo Grand Prix,2023
BOT,5.0,1,São Paulo Grand Prix,2023
BOT,6.0,1,São Paulo Grand Prix,2023
BOT,7.0,1,São Paulo Grand Prix,2023
BOT,8.0,1,São Paulo Grand Prix,2023
BOT,9.0,1,São Paulo Grand Prix,2023
BOT,10.0,1,São Paulo Grand Prix,2023
BOT,11.0,1,São Paulo Grand Prix,2023
BOT,12.0,1,São Paulo Grand Prix,2023
BOT,13.0,1,São Paulo Grand Prix,2023
BOT,14.0,1,São Paulo Grand Prix,2023
BOT,15.0,1,São Paulo Grand Prix,2023
BOT,16.0,1,São Paulo Grand Prix,2023
BOT,17.0,1,São Paulo Grand Prix,2023
BOT,18.0,1,São Paulo Grand Prix,2023
BOT,19.0,1,São Paulo Grand Prix,2023
BOT,20.0,1,São Paulo Grand Prix,2023
BOT,21.0,1,São Paulo Grand Prix,2023
BOT,22.0,1,São Paulo Grand Prix,2023
BOT,23.0,1,São Paulo Grand Prix,2023
BOT,24.0,1,São Paulo Grand Prix,2023
BOT,25.0,1,São Paulo Grand Prix,2023
BOT,26.0,1,São Paulo Grand Prix,2023
BOT,27.0,1,São Paulo Grand Prix,2023
BOT,28.0,1,São Paulo Grand Prix,2023
BOT,29.0,1,São Paulo Grand Prix,2023
BOT,30.0,1,São Paulo Grand Prix,2023
BOT,31.0,1,São Paulo Grand Prix,2023
BOT,32.0,1,São Paulo Grand Prix,2023
BOT,33.0,1,São Paulo Grand Prix,2023
BOT,34.0,1,São Paulo Grand Prix,2023
BOT,35.0,1,São Paulo Grand Prix,2023
BOT,36.0,1,São Paulo Grand Prix,2023
BOT,37.0,1,São Paulo Grand Prix,2023
BOT,38.0,1,São Paulo Grand Prix,2023
BOT,39.0,1,São Paulo Grand Prix,2023
ZHO,1.0,124,São Paulo Grand Prix,2023
ZHO,2.0,45,São Paulo Grand Prix,2023
ZHO,3.0,1,São Paulo Grand Prix,2023
ZHO,4.0,1,São Paulo Grand Prix,2023
ZHO,5.0,1,São Paulo Grand Prix,2023
ZHO,6.0,1,São Paulo Grand Prix,2023
ZHO,7.0,1,São Paulo Grand Prix,2023
ZHO,8.0,1,São Paulo Grand Prix,2023
ZHO,9.0,1,São Paulo Grand Prix,2023
ZHO,10.0,1,São Paulo Grand Prix,2023
ZHO,11.0,1,São Paulo Grand Prix,2023
ZHO,12.0,1,São Paulo Grand Prix,2023
ZHO,13.0,1,São Paulo Grand Prix,2023
ZHO,14.0,1,São Paulo Grand Prix,2023
ZHO,15.0,1,São Paulo Grand Prix,2023
ZHO,16.0,1,São Paulo Grand Prix,2023
ZHO,17.0,1,São Paulo Grand Prix,2023
ZHO,18.0,1,São Paulo Grand Prix,2023
ZHO,19.0,1,São Paulo Grand Prix,2023
ZHO,20.0,1,São Paulo Grand Prix,2023
ZHO,21.0,1,São Paulo Grand Prix,2023
ZHO,22.0,1,São Paulo Grand Prix,2023
MAG,1.0,124,São Paulo Grand Prix,2023
ALB,1.0,124,São Paulo Grand Prix,2023
LEC,1.0,124,São Paulo Grand Prix,2023
VER,1.0,126,Las Vegas Grand Prix,2023
VER,2.0,671,Las Vegas Grand Prix,2023
VER,3.0,124,Las Vegas Grand Prix,2023
VER,4.0,4,Las Vegas Grand Prix,2023
VER,5.0,4,Las Vegas Grand Prix,2023
VER,6.0,41,Las Vegas Grand Prix,2023
VER,7.0,1,Las Vegas Grand Prix,2023
VER,8.0,1,Las Vegas Grand Prix,2023
VER,9.0,1,Las Vegas Grand Prix,2023
VER,10.0,1,Las Vegas Grand Prix,2023
VER,11.0,1,Las Vegas Grand Prix,2023
VER,12.0,1,Las Vegas Grand Prix,2023
VER,13.0,1,Las Vegas Grand Prix,2023
VER,14.0,12,Las Vegas Grand Prix,2023
VER,15.0,1,Las Vegas Grand Prix,2023
VER,16.0,1,Las Vegas Grand Prix,2023
VER,17.0,1,Las Vegas Grand Prix,2023
VER,18.0,1,Las Vegas Grand Prix,2023
VER,19.0,1,Las Vegas Grand Prix,2023
VER,20.0,12,Las Vegas Grand Prix,2023
VER,21.0,1,Las Vegas Grand Prix,2023
VER,22.0,1,Las Vegas Grand Prix,2023
VER,23.0,1,Las Vegas Grand Prix,2023
VER,24.0,1,Las Vegas Grand Prix,2023
VER,25.0,1,Las Vegas Grand Prix,2023
VER,26.0,14,Las Vegas Grand Prix,2023
VER,27.0,4,Las Vegas Grand Prix,2023
VER,28.0,41,Las Vegas Grand Prix,2023
VER,29.0,1,Las Vegas Grand Prix,2023
VER,30.0,1,Las Vegas Grand Prix,2023
VER,31.0,1,Las Vegas Grand Prix,2023
VER,32.0,1,Las Vegas Grand Prix,2023
VER,33.0,1,Las Vegas Grand Prix,2023
VER,34.0,1,Las Vegas Grand Prix,2023
VER,35.0,1,Las Vegas Grand Prix,2023
VER,36.0,1,Las Vegas Grand Prix,2023
VER,37.0,1,Las Vegas Grand Prix,2023
VER,38.0,1,Las Vegas Grand Prix,2023
VER,39.0,1,Las Vegas Grand Prix,2023
VER,40.0,12,Las Vegas Grand Prix,2023
VER,41.0,1,Las Vegas Grand Prix,2023
VER,42.0,1,Las Vegas Grand Prix,2023
VER,43.0,1,Las Vegas Grand Prix,2023
VER,44.0,1,Las Vegas Grand Prix,2023
VER,45.0,1,Las Vegas Grand Prix,2023
VER,46.0,1,Las Vegas Grand Prix,2023
VER,47.0,12,Las Vegas Grand Prix,2023
VER,48.0,12,Las Vegas Grand Prix,2023
VER,49.0,1,Las Vegas Grand Prix,2023
VER,50.0,1,Las Vegas Grand Prix,2023
GAS,1.0,126,Las Vegas Grand Prix,2023
GAS,2.0,671,Las Vegas Grand Prix,2023
GAS,3.0,124,Las Vegas Grand Prix,2023
GAS,4.0,4,Las Vegas Grand Prix,2023
GAS,5.0,4,Las Vegas Grand Prix,2023
GAS,6.0,41,Las Vegas Grand Prix,2023
GAS,7.0,1,Las Vegas Grand Prix,2023
GAS,8.0,1,Las Vegas Grand Prix,2023
GAS,9.0,1,Las Vegas Grand Prix,2023
GAS,10.0,1,Las Vegas Grand Prix,2023
GAS,11.0,1,Las Vegas Grand Prix,2023
GAS,12.0,1,Las Vegas Grand Prix,2023
GAS,13.0,1,Las Vegas Grand Prix,2023
GAS,14.0,12,Las Vegas Grand Prix,2023
GAS,15.0,1,Las Vegas Grand Prix,2023
GAS,16.0,1,Las Vegas Grand Prix,2023
GAS,17.0,1,Las Vegas Grand Prix,2023
GAS,18.0,1,Las Vegas Grand Prix,2023
GAS,19.0,1,Las Vegas Grand Prix,2023
GAS,20.0,12,Las Vegas Grand Prix,2023
GAS,21.0,1,Las Vegas Grand Prix,2023
GAS,22.0,1,Las Vegas Grand Prix,2023
GAS,23.0,1,Las Vegas Grand Prix,2023
GAS,24.0,1,Las Vegas Grand Prix,2023
GAS,25.0,1,Las Vegas Grand Prix,2023
GAS,26.0,14,Las Vegas Grand Prix,2023
GAS,27.0,4,Las Vegas Grand Prix,2023
GAS,28.0,41,Las Vegas Grand Prix,2023
GAS,29.0,1,Las Vegas Grand Prix,2023
GAS,30.0,1,Las Vegas Grand Prix,2023
GAS,31.0,1,Las Vegas Grand Prix,2023
GAS,32.0,1,Las Vegas Grand Prix,2023
GAS,33.0,1,Las Vegas Grand Prix,2023
GAS,34.0,1,Las Vegas Grand Prix,2023
GAS,35.0,1,Las Vegas Grand Prix,2023
GAS,36.0,1,Las Vegas Grand Prix,2023
GAS,37.0,1,Las Vegas Grand Prix,2023
GAS,38.0,1,Las Vegas Grand Prix,2023
GAS,39.0,1,Las Vegas Grand Prix,2023
GAS,40.0,12,Las Vegas Grand Prix,2023
GAS,41.0,1,Las Vegas Grand Prix,2023
GAS,42.0,1,Las Vegas Grand Prix,2023
GAS,43.0,1,Las Vegas Grand Prix,2023
GAS,44.0,1,Las Vegas Grand Prix,2023
GAS,45.0,1,Las Vegas Grand Prix,2023
GAS,46.0,12,Las Vegas Grand Prix,2023
GAS,47.0,21,Las Vegas Grand Prix,2023
GAS,48.0,12,Las Vegas Grand Prix,2023
GAS,49.0,1,Las Vegas Grand Prix,2023
GAS,50.0,1,Las Vegas Grand Prix,2023
PER,1.0,126,Las Vegas Grand Prix,2023
PER,2.0,671,Las Vegas Grand Prix,2023
PER,3.0,124,Las Vegas Grand Prix,2023
PER,4.0,4,Las Vegas Grand Prix,2023
PER,5.0,4,Las Vegas Grand Prix,2023
PER,6.0,41,Las Vegas Grand Prix,2023
PER,7.0,1,Las Vegas Grand Prix,2023
PER,8.0,1,Las Vegas Grand Prix,2023
PER,9.0,1,Las Vegas Grand Prix,2023
PER,10.0,1,Las Vegas Grand Prix,2023
PER,11.0,1,Las Vegas Grand Prix,2023
PER,12.0,1,Las Vegas Grand Prix,2023
PER,13.0,1,Las Vegas Grand Prix,2023
PER,14.0,12,Las Vegas Grand Prix,2023
PER,15.0,1,Las Vegas Grand Prix,2023
PER,16.0,1,Las Vegas Grand Prix,2023
PER,17.0,1,Las Vegas Grand Prix,2023
PER,18.0,1,Las Vegas Grand Prix,2023
PER,19.0,1,Las Vegas Grand Prix,2023
PER,20.0,12,Las Vegas Grand Prix,2023
PER,21.0,1,Las Vegas Grand Prix,2023
PER,22.0,1,Las Vegas Grand Prix,2023
PER,23.0,1,Las Vegas Grand Prix,2023
PER,24.0,1,Las Vegas Grand Prix,2023
PER,25.0,1,Las Vegas Grand Prix,2023
PER,26.0,14,Las Vegas Grand Prix,2023
PER,27.0,4,Las Vegas Grand Prix,2023
PER,28.0,41,Las Vegas Grand Prix,2023
PER,29.0,1,Las Vegas Grand Prix,2023
PER,30.0,1,Las Vegas Grand Prix,2023
PER,31.0,1,Las Vegas Grand Prix,2023
PER,32.0,1,Las Vegas Grand Prix,2023
PER,33.0,1,Las Vegas Grand Prix,2023
PER,34.0,1,Las Vegas Grand Prix,2023
PER,35.0,1,Las Vegas Grand Prix,2023
PER,36.0,1,Las Vegas Grand Prix,2023
PER,37.0,1,Las Vegas Grand Prix,2023
PER,38.0,1,Las Vegas Grand Prix,2023
PER,39.0,1,Las Vegas Grand Prix,2023
PER,40.0,12,Las Vegas Grand Prix,2023
PER,41.0,1,Las Vegas Grand Prix,2023
PER,42.0,1,Las Vegas Grand Prix,2023
PER,43.0,1,Las Vegas Grand Prix,2023
PER,44.0,1,Las Vegas Grand Prix,2023
PER,45.0,1,Las Vegas Grand Prix,2023
PER,46.0,1,Las Vegas Grand Prix,2023
PER,47.0,12,Las Vegas Grand Prix,2023
PER,48.0,12,Las Vegas Grand Prix,2023
PER,49.0,1,Las Vegas Grand Prix,2023
PER,50.0,1,Las Vegas Grand Prix,2023
ALO,1.0,126,Las Vegas Grand Prix,2023
ALO,2.0,671,Las Vegas Grand Prix,2023
ALO,3.0,124,Las Vegas Grand Prix,2023
ALO,4.0,4,Las Vegas Grand Prix,2023
ALO,5.0,4,Las Vegas Grand Prix,2023
ALO,6.0,41,Las Vegas Grand Prix,2023
ALO,7.0,1,Las Vegas Grand Prix,2023
ALO,8.0,1,Las Vegas Grand Prix,2023
ALO,9.0,1,Las Vegas Grand Prix,2023
ALO,10.0,1,Las Vegas Grand Prix,2023
ALO,11.0,1,Las Vegas Grand Prix,2023
ALO,12.0,1,Las Vegas Grand Prix,2023
ALO,13.0,1,Las Vegas Grand Prix,2023
ALO,14.0,12,Las Vegas Grand Prix,2023
ALO,15.0,1,Las Vegas Grand Prix,2023
ALO,16.0,1,Las Vegas Grand Prix,2023
ALO,17.0,1,Las Vegas Grand Prix,2023
ALO,18.0,1,Las Vegas Grand Prix,2023
ALO,19.0,1,Las Vegas Grand Prix,2023
ALO,20.0,12,Las Vegas Grand Prix,2023
ALO,21.0,1,Las Vegas Grand Prix,2023
ALO,22.0,1,Las Vegas Grand Prix,2023
ALO,23.0,1,Las Vegas Grand Prix,2023
ALO,24.0,1,Las Vegas Grand Prix,2023
ALO,25.0,1,Las Vegas Grand Prix,2023
ALO,26.0,14,Las Vegas Grand Prix,2023
ALO,27.0,4,Las Vegas Grand Prix,2023
ALO,28.0,41,Las Vegas Grand Prix,2023
ALO,29.0,1,Las Vegas Grand Prix,2023
ALO,30.0,1,Las Vegas Grand Prix,2023
ALO,31.0,1,Las Vegas Grand Prix,2023
ALO,32.0,1,Las Vegas Grand Prix,2023
ALO,33.0,1,Las Vegas Grand Prix,2023
ALO,34.0,1,Las Vegas Grand Prix,2023
ALO,35.0,1,Las Vegas Grand Prix,2023
ALO,36.0,1,Las Vegas Grand Prix,2023
ALO,37.0,1,Las Vegas Grand Prix,2023
ALO,38.0,1,Las Vegas Grand Prix,2023
ALO,39.0,1,Las Vegas Grand Prix,2023
ALO,40.0,12,Las Vegas Grand Prix,2023
ALO,41.0,1,Las Vegas Grand Prix,2023
ALO,42.0,1,Las Vegas Grand Prix,2023
ALO,43.0,1,Las Vegas Grand Prix,2023
ALO,44.0,1,Las Vegas Grand Prix,2023
ALO,45.0,1,Las Vegas Grand Prix,2023
ALO,46.0,1,Las Vegas Grand Prix,2023
ALO,47.0,12,Las Vegas Grand Prix,2023
ALO,48.0,12,Las Vegas Grand Prix,2023
ALO,49.0,1,Las Vegas Grand Prix,2023
ALO,50.0,1,Las Vegas Grand Prix,2023
LEC,1.0,126,Las Vegas Grand Prix,2023
LEC,2.0,671,Las Vegas Grand Prix,2023
LEC,3.0,124,Las Vegas Grand Prix,2023
LEC,4.0,4,Las Vegas Grand Prix,2023
LEC,5.0,4,Las Vegas Grand Prix,2023
LEC,6.0,41,Las Vegas Grand Prix,2023
LEC,7.0,1,Las Vegas Grand Prix,2023
LEC,8.0,1,Las Vegas Grand Prix,2023
LEC,9.0,1,Las Vegas Grand Prix,2023
LEC,10.0,1,Las Vegas Grand Prix,2023
LEC,11.0,1,Las Vegas Grand Prix,2023
LEC,12.0,1,Las Vegas Grand Prix,2023
LEC,13.0,1,Las Vegas Grand Prix,2023
LEC,14.0,12,Las Vegas Grand Prix,2023
LEC,15.0,1,Las Vegas Grand Prix,2023
LEC,16.0,1,Las Vegas Grand Prix,2023
LEC,17.0,1,Las Vegas Grand Prix,2023
LEC,18.0,1,Las Vegas Grand Prix,2023
LEC,19.0,1,Las Vegas Grand Prix,2023
LEC,20.0,12,Las Vegas Grand Prix,2023
LEC,21.0,1,Las Vegas Grand Prix,2023
LEC,22.0,1,Las Vegas Grand Prix,2023
LEC,23.0,1,Las Vegas Grand Prix,2023
LEC,24.0,1,Las Vegas Grand Prix,2023
LEC,25.0,1,Las Vegas Grand Prix,2023
LEC,26.0,14,Las Vegas Grand Prix,2023
LEC,27.0,4,Las Vegas Grand Prix,2023
LEC,28.0,41,Las Vegas Grand Prix,2023
LEC,29.0,1,Las Vegas Grand Prix,2023
LEC,30.0,1,Las Vegas Grand Prix,2023
LEC,31.0,1,Las Vegas Grand Prix,2023
LEC,32.0,1,Las Vegas Grand Prix,2023
LEC,33.0,1,Las Vegas Grand Prix,2023
LEC,34.0,1,Las Vegas Grand Prix,2023
LEC,35.0,1,Las Vegas Grand Prix,2023
LEC,36.0,1,Las Vegas Grand Prix,2023
LEC,37.0,1,Las Vegas Grand Prix,2023
LEC,38.0,1,Las Vegas Grand Prix,2023
LEC,39.0,1,Las Vegas Grand Prix,2023
LEC,40.0,12,Las Vegas Grand Prix,2023
LEC,41.0,1,Las Vegas Grand Prix,2023
LEC,42.0,1,Las Vegas Grand Prix,2023
LEC,43.0,1,Las Vegas Grand Prix,2023
LEC,44.0,1,Las Vegas Grand Prix,2023
LEC,45.0,1,Las Vegas Grand Prix,2023
LEC,46.0,1,Las Vegas Grand Prix,2023
LEC,47.0,12,Las Vegas Grand Prix,2023
LEC,48.0,12,Las Vegas Grand Prix,2023
LEC,49.0,1,Las Vegas Grand Prix,2023
LEC,50.0,1,Las Vegas Grand Prix,2023
STR,1.0,126,Las Vegas Grand Prix,2023
STR,2.0,671,Las Vegas Grand Prix,2023
STR,3.0,124,Las Vegas Grand Prix,2023
STR,4.0,4,Las Vegas Grand Prix,2023
STR,5.0,4,Las Vegas Grand Prix,2023
STR,6.0,41,Las Vegas Grand Prix,2023
STR,7.0,1,Las Vegas Grand Prix,2023
STR,8.0,1,Las Vegas Grand Prix,2023
STR,9.0,1,Las Vegas Grand Prix,2023
STR,10.0,1,Las Vegas Grand Prix,2023
STR,11.0,1,Las Vegas Grand Prix,2023
STR,12.0,1,Las Vegas Grand Prix,2023
STR,13.0,1,Las Vegas Grand Prix,2023
STR,14.0,12,Las Vegas Grand Prix,2023
STR,15.0,1,Las Vegas Grand Prix,2023
STR,16.0,1,Las Vegas Grand Prix,2023
STR,17.0,1,Las Vegas Grand Prix,2023
STR,18.0,1,Las Vegas Grand Prix,2023
STR,19.0,1,Las Vegas Grand Prix,2023
STR,20.0,12,Las Vegas Grand Prix,2023
STR,21.0,1,Las Vegas Grand Prix,2023
STR,22.0,1,Las Vegas Grand Prix,2023
STR,23.0,1,Las Vegas Grand Prix,2023
STR,24.0,1,Las Vegas Grand Prix,2023
STR,25.0,1,Las Vegas Grand Prix,2023
STR,26.0,14,Las Vegas Grand Prix,2023
STR,27.0,4,Las Vegas Grand Prix,2023
STR,28.0,41,Las Vegas Grand Prix,2023
STR,29.0,1,Las Vegas Grand Prix,2023
STR,30.0,1,Las Vegas Grand Prix,2023
STR,31.0,1,Las Vegas Grand Prix,2023
STR,32.0,1,Las Vegas Grand Prix,2023
STR,33.0,1,Las Vegas Grand Prix,2023
STR,34.0,1,Las Vegas Grand Prix,2023
STR,35.0,1,Las Vegas Grand Prix,2023
STR,36.0,1,Las Vegas Grand Prix,2023
STR,37.0,1,Las Vegas Grand Prix,2023
STR,38.0,1,Las Vegas Grand Prix,2023
STR,39.0,1,Las Vegas Grand Prix,2023
STR,40.0,12,Las Vegas Grand Prix,2023
STR,41.0,1,Las Vegas Grand Prix,2023
STR,42.0,1,Las Vegas Grand Prix,2023
STR,43.0,1,Las Vegas Grand Prix,2023
STR,44.0,1,Las Vegas Grand Prix,2023
STR,45.0,1,Las Vegas Grand Prix,2023
STR,46.0,1,Las Vegas Grand Prix,2023
STR,47.0,12,Las Vegas Grand Prix,2023
STR,48.0,12,Las Vegas Grand Prix,2023
STR,49.0,1,Las Vegas Grand Prix,2023
STR,50.0,1,Las Vegas Grand Prix,2023
SAR,1.0,126,Las Vegas Grand Prix,2023
SAR,2.0,671,Las Vegas Grand Prix,2023
SAR,3.0,124,Las Vegas Grand Prix,2023
SAR,4.0,4,Las Vegas Grand Prix,2023
SAR,5.0,4,Las Vegas Grand Prix,2023
SAR,6.0,41,Las Vegas Grand Prix,2023
SAR,7.0,1,Las Vegas Grand Prix,2023
SAR,8.0,1,Las Vegas Grand Prix,2023
SAR,9.0,1,Las Vegas Grand Prix,2023
SAR,10.0,1,Las Vegas Grand Prix,2023
SAR,11.0,1,Las Vegas Grand Prix,2023
SAR,12.0,1,Las Vegas Grand Prix,2023
SAR,13.0,1,Las Vegas Grand Prix,2023
SAR,14.0,12,Las Vegas Grand Prix,2023
SAR,15.0,1,Las Vegas Grand Prix,2023
SAR,16.0,1,Las Vegas Grand Prix,2023
SAR,17.0,1,Las Vegas Grand Prix,2023
SAR,18.0,1,Las Vegas Grand Prix,2023
SAR,19.0,1,Las Vegas Grand Prix,2023
SAR,20.0,12,Las Vegas Grand Prix,2023
SAR,21.0,1,Las Vegas Grand Prix,2023
SAR,22.0,1,Las Vegas Grand Prix,2023
SAR,23.0,1,Las Vegas Grand Prix,2023
SAR,24.0,1,Las Vegas Grand Prix,2023
SAR,25.0,1,Las Vegas Grand Prix,2023
SAR,26.0,14,Las Vegas Grand Prix,2023
SAR,27.0,4,Las Vegas Grand Prix,2023
SAR,28.0,41,Las Vegas Grand Prix,2023
SAR,29.0,1,Las Vegas Grand Prix,2023
SAR,30.0,1,Las Vegas Grand Prix,2023
SAR,31.0,1,Las Vegas Grand Prix,2023
SAR,32.0,1,Las Vegas Grand Prix,2023
SAR,33.0,1,Las Vegas Grand Prix,2023
SAR,34.0,1,Las Vegas Grand Prix,2023
SAR,35.0,1,Las Vegas Grand Prix,2023
SAR,36.0,1,Las Vegas Grand Prix,2023
SAR,37.0,1,Las Vegas Grand Prix,2023
SAR,38.0,1,Las Vegas Grand Prix,2023
SAR,39.0,1,Las Vegas Grand Prix,2023
SAR,40.0,12,Las Vegas Grand Prix,2023
SAR,41.0,1,Las Vegas Grand Prix,2023
SAR,42.0,1,Las Vegas Grand Prix,2023
SAR,43.0,1,Las Vegas Grand Prix,2023
SAR,44.0,1,Las Vegas Grand Prix,2023
SAR,45.0,1,Las Vegas Grand Prix,2023
SAR,46.0,12,Las Vegas Grand Prix,2023
SAR,47.0,1,Las Vegas Grand Prix,2023
SAR,48.0,12,Las Vegas Grand Prix,2023
SAR,49.0,1,Las Vegas Grand Prix,2023
SAR,50.0,1,Las Vegas Grand Prix,2023
MAG,1.0,126,Las Vegas Grand Prix,2023
MAG,2.0,671,Las Vegas Grand Prix,2023
MAG,3.0,124,Las Vegas Grand Prix,2023
MAG,4.0,4,Las Vegas Grand Prix,2023
MAG,5.0,4,Las Vegas Grand Prix,2023
MAG,6.0,41,Las Vegas Grand Prix,2023
MAG,7.0,1,Las Vegas Grand Prix,2023
MAG,8.0,1,Las Vegas Grand Prix,2023
MAG,9.0,1,Las Vegas Grand Prix,2023
MAG,10.0,1,Las Vegas Grand Prix,2023
MAG,11.0,1,Las Vegas Grand Prix,2023
MAG,12.0,1,Las Vegas Grand Prix,2023
MAG,13.0,1,Las Vegas Grand Prix,2023
MAG,14.0,12,Las Vegas Grand Prix,2023
MAG,15.0,1,Las Vegas Grand Prix,2023
MAG,16.0,1,Las Vegas Grand Prix,2023
MAG,17.0,1,Las Vegas Grand Prix,2023
MAG,18.0,1,Las Vegas Grand Prix,2023
MAG,19.0,1,Las Vegas Grand Prix,2023
MAG,20.0,12,Las Vegas Grand Prix,2023
MAG,21.0,1,Las Vegas Grand Prix,2023
MAG,22.0,1,Las Vegas Grand Prix,2023
MAG,23.0,1,Las Vegas Grand Prix,2023
MAG,24.0,1,Las Vegas Grand Prix,2023
MAG,25.0,1,Las Vegas Grand Prix,2023
MAG,26.0,14,Las Vegas Grand Prix,2023
MAG,27.0,4,Las Vegas Grand Prix,2023
MAG,28.0,41,Las Vegas Grand Prix,2023
MAG,29.0,1,Las Vegas Grand Prix,2023
MAG,30.0,1,Las Vegas Grand Prix,2023
MAG,31.0,1,Las Vegas Grand Prix,2023
MAG,32.0,1,Las Vegas Grand Prix,2023
MAG,33.0,1,Las Vegas Grand Prix,2023
MAG,34.0,1,Las Vegas Grand Prix,2023
MAG,35.0,1,Las Vegas Grand Prix,2023
MAG,36.0,1,Las Vegas Grand Prix,2023
MAG,37.0,1,Las Vegas Grand Prix,2023
MAG,38.0,1,Las Vegas Grand Prix,2023
MAG,39.0,1,Las Vegas Grand Prix,2023
MAG,40.0,12,Las Vegas Grand Prix,2023
MAG,41.0,1,Las Vegas Grand Prix,2023
MAG,42.0,1,Las Vegas Grand Prix,2023
MAG,43.0,1,Las Vegas Grand Prix,2023
MAG,44.0,1,Las Vegas Grand Prix,2023
MAG,45.0,1,Las Vegas Grand Prix,2023
MAG,46.0,12,Las Vegas Grand Prix,2023
MAG,47.0,1,Las Vegas Grand Prix,2023
MAG,48.0,12,Las Vegas Grand Prix,2023
MAG,49.0,1,Las Vegas Grand Prix,2023
MAG,50.0,1,Las Vegas Grand Prix,2023
TSU,1.0,126,Las Vegas Grand Prix,2023
TSU,2.0,671,Las Vegas Grand Prix,2023
TSU,3.0,124,Las Vegas Grand Prix,2023
TSU,4.0,4,Las Vegas Grand Prix,2023
TSU,5.0,4,Las Vegas Grand Prix,2023
TSU,6.0,41,Las Vegas Grand Prix,2023
TSU,7.0,1,Las Vegas Grand Prix,2023
TSU,8.0,1,Las Vegas Grand Prix,2023
TSU,9.0,1,Las Vegas Grand Prix,2023
TSU,10.0,1,Las Vegas Grand Prix,2023
TSU,11.0,1,Las Vegas Grand Prix,2023
TSU,12.0,1,Las Vegas Grand Prix,2023
TSU,13.0,1,Las Vegas Grand Prix,2023
TSU,14.0,12,Las Vegas Grand Prix,2023
TSU,15.0,1,Las Vegas Grand Prix,2023
TSU,16.0,1,Las Vegas Grand Prix,2023
TSU,17.0,1,Las Vegas Grand Prix,2023
TSU,18.0,1,Las Vegas Grand Prix,2023
TSU,19.0,1,Las Vegas Grand Prix,2023
TSU,20.0,12,Las Vegas Grand Prix,2023
TSU,21.0,1,Las Vegas Grand Prix,2023
TSU,22.0,1,Las Vegas Grand Prix,2023
TSU,23.0,1,Las Vegas Grand Prix,2023
TSU,24.0,1,Las Vegas Grand Prix,2023
TSU,25.0,1,Las Vegas Grand Prix,2023
TSU,26.0,14,Las Vegas Grand Prix,2023
TSU,27.0,4,Las Vegas Grand Prix,2023
TSU,28.0,41,Las Vegas Grand Prix,2023
TSU,29.0,1,Las Vegas Grand Prix,2023
TSU,30.0,1,Las Vegas Grand Prix,2023
TSU,31.0,1,Las Vegas Grand Prix,2023
TSU,32.0,1,Las Vegas Grand Prix,2023
TSU,33.0,1,Las Vegas Grand Prix,2023
TSU,34.0,1,Las Vegas Grand Prix,2023
TSU,35.0,1,Las Vegas Grand Prix,2023
TSU,36.0,1,Las Vegas Grand Prix,2023
TSU,37.0,1,Las Vegas Grand Prix,2023
TSU,38.0,1,Las Vegas Grand Prix,2023
TSU,39.0,1,Las Vegas Grand Prix,2023
TSU,40.0,12,Las Vegas Grand Prix,2023
TSU,41.0,1,Las Vegas Grand Prix,2023
TSU,42.0,1,Las Vegas Grand Prix,2023
TSU,43.0,1,Las Vegas Grand Prix,2023
TSU,44.0,1,Las Vegas Grand Prix,2023
TSU,45.0,1,Las Vegas Grand Prix,2023
TSU,46.0,12,Las Vegas Grand Prix,2023
TSU,47.0,12,Las Vegas Grand Prix,2023
ALB,1.0,126,Las Vegas Grand Prix,2023
ALB,2.0,671,Las Vegas Grand Prix,2023
ALB,3.0,124,Las Vegas Grand Prix,2023
ALB,4.0,4,Las Vegas Grand Prix,2023
ALB,5.0,4,Las Vegas Grand Prix,2023
ALB,6.0,41,Las Vegas Grand Prix,2023
ALB,7.0,1,Las Vegas Grand Prix,2023
ALB,8.0,1,Las Vegas Grand Prix,2023
ALB,9.0,1,Las Vegas Grand Prix,2023
ALB,10.0,1,Las Vegas Grand Prix,2023
ALB,11.0,1,Las Vegas Grand Prix,2023
ALB,12.0,1,Las Vegas Grand Prix,2023
ALB,13.0,1,Las Vegas Grand Prix,2023
ALB,14.0,12,Las Vegas Grand Prix,2023
ALB,15.0,1,Las Vegas Grand Prix,2023
ALB,16.0,1,Las Vegas Grand Prix,2023
ALB,17.0,1,Las Vegas Grand Prix,2023
ALB,18.0,1,Las Vegas Grand Prix,2023
ALB,19.0,1,Las Vegas Grand Prix,2023
ALB,20.0,12,Las Vegas Grand Prix,2023
ALB,21.0,1,Las Vegas Grand Prix,2023
ALB,22.0,1,Las Vegas Grand Prix,2023
ALB,23.0,1,Las Vegas Grand Prix,2023
ALB,24.0,1,Las Vegas Grand Prix,2023
ALB,25.0,1,Las Vegas Grand Prix,2023
ALB,26.0,14,Las Vegas Grand Prix,2023
ALB,27.0,4,Las Vegas Grand Prix,2023
ALB,28.0,41,Las Vegas Grand Prix,2023
ALB,29.0,1,Las Vegas Grand Prix,2023
ALB,30.0,1,Las Vegas Grand Prix,2023
ALB,31.0,1,Las Vegas Grand Prix,2023
ALB,32.0,1,Las Vegas Grand Prix,2023
ALB,33.0,1,Las Vegas Grand Prix,2023
ALB,34.0,1,Las Vegas Grand Prix,2023
ALB,35.0,1,Las Vegas Grand Prix,2023
ALB,36.0,1,Las Vegas Grand Prix,2023
ALB,37.0,1,Las Vegas Grand Prix,2023
ALB,38.0,1,Las Vegas Grand Prix,2023
ALB,39.0,1,Las Vegas Grand Prix,2023
ALB,40.0,12,Las Vegas Grand Prix,2023
ALB,41.0,1,Las Vegas Grand Prix,2023
ALB,42.0,1,Las Vegas Grand Prix,2023
ALB,43.0,1,Las Vegas Grand Prix,2023
ALB,44.0,1,Las Vegas Grand Prix,2023
ALB,45.0,1,Las Vegas Grand Prix,2023
ALB,46.0,12,Las Vegas Grand Prix,2023
ALB,47.0,1,Las Vegas Grand Prix,2023
ALB,48.0,12,Las Vegas Grand Prix,2023
ALB,49.0,1,Las Vegas Grand Prix,2023
ALB,50.0,1,Las Vegas Grand Prix,2023
ZHO,1.0,126,Las Vegas Grand Prix,2023
ZHO,2.0,671,Las Vegas Grand Prix,2023
ZHO,3.0,124,Las Vegas Grand Prix,2023
ZHO,4.0,4,Las Vegas Grand Prix,2023
ZHO,5.0,4,Las Vegas Grand Prix,2023
ZHO,6.0,41,Las Vegas Grand Prix,2023
ZHO,7.0,1,Las Vegas Grand Prix,2023
ZHO,8.0,1,Las Vegas Grand Prix,2023
ZHO,9.0,1,Las Vegas Grand Prix,2023
ZHO,10.0,1,Las Vegas Grand Prix,2023
ZHO,11.0,1,Las Vegas Grand Prix,2023
ZHO,12.0,1,Las Vegas Grand Prix,2023
ZHO,13.0,1,Las Vegas Grand Prix,2023
ZHO,14.0,12,Las Vegas Grand Prix,2023
ZHO,15.0,1,Las Vegas Grand Prix,2023
ZHO,16.0,1,Las Vegas Grand Prix,2023
ZHO,17.0,1,Las Vegas Grand Prix,2023
ZHO,18.0,1,Las Vegas Grand Prix,2023
ZHO,19.0,1,Las Vegas Grand Prix,2023
ZHO,20.0,12,Las Vegas Grand Prix,2023
ZHO,21.0,1,Las Vegas Grand Prix,2023
ZHO,22.0,1,Las Vegas Grand Prix,2023
ZHO,23.0,1,Las Vegas Grand Prix,2023
ZHO,24.0,1,Las Vegas Grand Prix,2023
ZHO,25.0,1,Las Vegas Grand Prix,2023
ZHO,26.0,14,Las Vegas Grand Prix,2023
ZHO,27.0,4,Las Vegas Grand Prix,2023
ZHO,28.0,41,Las Vegas Grand Prix,2023
ZHO,29.0,1,Las Vegas Grand Prix,2023
ZHO,30.0,1,Las Vegas Grand Prix,2023
ZHO,31.0,1,Las Vegas Grand Prix,2023
ZHO,32.0,1,Las Vegas Grand Prix,2023
ZHO,33.0,1,Las Vegas Grand Prix,2023
ZHO,34.0,1,Las Vegas Grand Prix,2023
ZHO,35.0,1,Las Vegas Grand Prix,2023
ZHO,36.0,1,Las Vegas Grand Prix,2023
ZHO,37.0,1,Las Vegas Grand Prix,2023
ZHO,38.0,1,Las Vegas Grand Prix,2023
ZHO,39.0,1,Las Vegas Grand Prix,2023
ZHO,40.0,12,Las Vegas Grand Prix,2023
ZHO,41.0,1,Las Vegas Grand Prix,2023
ZHO,42.0,1,Las Vegas Grand Prix,2023
ZHO,43.0,1,Las Vegas Grand Prix,2023
ZHO,44.0,1,Las Vegas Grand Prix,2023
ZHO,45.0,1,Las Vegas Grand Prix,2023
ZHO,46.0,12,Las Vegas Grand Prix,2023
ZHO,47.0,1,Las Vegas Grand Prix,2023
ZHO,48.0,12,Las Vegas Grand Prix,2023
ZHO,49.0,1,Las Vegas Grand Prix,2023
ZHO,50.0,1,Las Vegas Grand Prix,2023
HUL,1.0,126,Las Vegas Grand Prix,2023
HUL,2.0,671,Las Vegas Grand Prix,2023
HUL,3.0,124,Las Vegas Grand Prix,2023
HUL,4.0,4,Las Vegas Grand Prix,2023
HUL,5.0,4,Las Vegas Grand Prix,2023
HUL,6.0,41,Las Vegas Grand Prix,2023
HUL,7.0,1,Las Vegas Grand Prix,2023
HUL,8.0,1,Las Vegas Grand Prix,2023
HUL,9.0,1,Las Vegas Grand Prix,2023
HUL,10.0,1,Las Vegas Grand Prix,2023
HUL,11.0,1,Las Vegas Grand Prix,2023
HUL,12.0,1,Las Vegas Grand Prix,2023
HUL,13.0,1,Las Vegas Grand Prix,2023
HUL,14.0,12,Las Vegas Grand Prix,2023
HUL,15.0,1,Las Vegas Grand Prix,2023
HUL,16.0,1,Las Vegas Grand Prix,2023
HUL,17.0,1,Las Vegas Grand Prix,2023
HUL,18.0,1,Las Vegas Grand Prix,2023
HUL,19.0,1,Las Vegas Grand Prix,2023
HUL,20.0,12,Las Vegas Grand Prix,2023
HUL,21.0,1,Las Vegas Grand Prix,2023
HUL,22.0,1,Las Vegas Grand Prix,2023
HUL,23.0,1,Las Vegas Grand Prix,2023
HUL,24.0,1,Las Vegas Grand Prix,2023
HUL,25.0,1,Las Vegas Grand Prix,2023
HUL,26.0,14,Las Vegas Grand Prix,2023
HUL,27.0,4,Las Vegas Grand Prix,2023
HUL,28.0,41,Las Vegas Grand Prix,2023
HUL,29.0,1,Las Vegas Grand Prix,2023
HUL,30.0,1,Las Vegas Grand Prix,2023
HUL,31.0,1,Las Vegas Grand Prix,2023
HUL,32.0,1,Las Vegas Grand Prix,2023
HUL,33.0,1,Las Vegas Grand Prix,2023
HUL,34.0,1,Las Vegas Grand Prix,2023
HUL,35.0,1,Las Vegas Grand Prix,2023
HUL,36.0,1,Las Vegas Grand Prix,2023
HUL,37.0,1,Las Vegas Grand Prix,2023
HUL,38.0,1,Las Vegas Grand Prix,2023
HUL,39.0,1,Las Vegas Grand Prix,2023
HUL,40.0,12,Las Vegas Grand Prix,2023
HUL,41.0,1,Las Vegas Grand Prix,2023
HUL,42.0,1,Las Vegas Grand Prix,2023
HUL,43.0,1,Las Vegas Grand Prix,2023
HUL,44.0,1,Las Vegas Grand Prix,2023
HUL,45.0,1,Las Vegas Grand Prix,2023
HUL,46.0,12,Las Vegas Grand Prix,2023
RIC,1.0,126,Las Vegas Grand Prix,2023
RIC,2.0,671,Las Vegas Grand Prix,2023
RIC,3.0,124,Las Vegas Grand Prix,2023
RIC,4.0,4,Las Vegas Grand Prix,2023
RIC,5.0,4,Las Vegas Grand Prix,2023
RIC,6.0,41,Las Vegas Grand Prix,2023
RIC,7.0,1,Las Vegas Grand Prix,2023
RIC,8.0,1,Las Vegas Grand Prix,2023
RIC,9.0,1,Las Vegas Grand Prix,2023
RIC,10.0,1,Las Vegas Grand Prix,2023
RIC,11.0,1,Las Vegas Grand Prix,2023
RIC,12.0,1,Las Vegas Grand Prix,2023
RIC,13.0,1,Las Vegas Grand Prix,2023
RIC,14.0,12,Las Vegas Grand Prix,2023
RIC,15.0,1,Las Vegas Grand Prix,2023
RIC,16.0,1,Las Vegas Grand Prix,2023
RIC,17.0,1,Las Vegas Grand Prix,2023
RIC,18.0,1,Las Vegas Grand Prix,2023
RIC,19.0,12,Las Vegas Grand Prix,2023
RIC,20.0,21,Las Vegas Grand Prix,2023
RIC,21.0,1,Las Vegas Grand Prix,2023
RIC,22.0,1,Las Vegas Grand Prix,2023
RIC,23.0,1,Las Vegas Grand Prix,2023
RIC,24.0,1,Las Vegas Grand Prix,2023
RIC,25.0,1,Las Vegas Grand Prix,2023
RIC,26.0,14,Las Vegas Grand Prix,2023
RIC,27.0,4,Las Vegas Grand Prix,2023
RIC,28.0,41,Las Vegas Grand Prix,2023
RIC,29.0,1,Las Vegas Grand Prix,2023
RIC,30.0,1,Las Vegas Grand Prix,2023
RIC,31.0,1,Las Vegas Grand Prix,2023
RIC,32.0,1,Las Vegas Grand Prix,2023
RIC,33.0,1,Las Vegas Grand Prix,2023
RIC,34.0,1,Las Vegas Grand Prix,2023
RIC,35.0,1,Las Vegas Grand Prix,2023
RIC,36.0,1,Las Vegas Grand Prix,2023
RIC,37.0,1,Las Vegas Grand Prix,2023
RIC,38.0,1,Las Vegas Grand Prix,2023
RIC,39.0,1,Las Vegas Grand Prix,2023
RIC,40.0,12,Las Vegas Grand Prix,2023
RIC,41.0,1,Las Vegas Grand Prix,2023
RIC,42.0,1,Las Vegas Grand Prix,2023
RIC,43.0,1,Las Vegas Grand Prix,2023
RIC,44.0,1,Las Vegas Grand Prix,2023
RIC,45.0,1,Las Vegas Grand Prix,2023
RIC,46.0,12,Las Vegas Grand Prix,2023
RIC,47.0,1,Las Vegas Grand Prix,2023
RIC,48.0,12,Las Vegas Grand Prix,2023
RIC,49.0,1,Las Vegas Grand Prix,2023
RIC,50.0,1,Las Vegas Grand Prix,2023
OCO,1.0,126,Las Vegas Grand Prix,2023
OCO,2.0,671,Las Vegas Grand Prix,2023
OCO,3.0,124,Las Vegas Grand Prix,2023
OCO,4.0,4,Las Vegas Grand Prix,2023
OCO,5.0,4,Las Vegas Grand Prix,2023
OCO,6.0,41,Las Vegas Grand Prix,2023
OCO,7.0,1,Las Vegas Grand Prix,2023
OCO,8.0,1,Las Vegas Grand Prix,2023
OCO,9.0,1,Las Vegas Grand Prix,2023
OCO,10.0,1,Las Vegas Grand Prix,2023
OCO,11.0,1,Las Vegas Grand Prix,2023
OCO,12.0,1,Las Vegas Grand Prix,2023
OCO,13.0,1,Las Vegas Grand Prix,2023
OCO,14.0,12,Las Vegas Grand Prix,2023
OCO,15.0,1,Las Vegas Grand Prix,2023
OCO,16.0,1,Las Vegas Grand Prix,2023
OCO,17.0,1,Las Vegas Grand Prix,2023
OCO,18.0,1,Las Vegas Grand Prix,2023
OCO,19.0,1,Las Vegas Grand Prix,2023
OCO,20.0,12,Las Vegas Grand Prix,2023
OCO,21.0,1,Las Vegas Grand Prix,2023
OCO,22.0,1,Las Vegas Grand Prix,2023
OCO,23.0,1,Las Vegas Grand Prix,2023
OCO,24.0,1,Las Vegas Grand Prix,2023
OCO,25.0,1,Las Vegas Grand Prix,2023
OCO,26.0,14,Las Vegas Grand Prix,2023
OCO,27.0,4,Las Vegas Grand Prix,2023
OCO,28.0,41,Las Vegas Grand Prix,2023
OCO,29.0,1,Las Vegas Grand Prix,2023
OCO,30.0,1,Las Vegas Grand Prix,2023
OCO,31.0,1,Las Vegas Grand Prix,2023
OCO,32.0,1,Las Vegas Grand Prix,2023
OCO,33.0,1,Las Vegas Grand Prix,2023
OCO,34.0,1,Las Vegas Grand Prix,2023
OCO,35.0,1,Las Vegas Grand Prix,2023
OCO,36.0,1,Las Vegas Grand Prix,2023
OCO,37.0,1,Las Vegas Grand Prix,2023
OCO,38.0,1,Las Vegas Grand Prix,2023
OCO,39.0,1,Las Vegas Grand Prix,2023
OCO,40.0,12,Las Vegas Grand Prix,2023
OCO,41.0,1,Las Vegas Grand Prix,2023
OCO,42.0,1,Las Vegas Grand Prix,2023
OCO,43.0,1,Las Vegas Grand Prix,2023
OCO,44.0,1,Las Vegas Grand Prix,2023
OCO,45.0,1,Las Vegas Grand Prix,2023
OCO,46.0,1,Las Vegas Grand Prix,2023
OCO,47.0,12,Las Vegas Grand Prix,2023
OCO,48.0,12,Las Vegas Grand Prix,2023
OCO,49.0,1,Las Vegas Grand Prix,2023
OCO,50.0,1,Las Vegas Grand Prix,2023
NOR,1.0,126,Las Vegas Grand Prix,2023
NOR,2.0,671,Las Vegas Grand Prix,2023
NOR,3.0,1,Las Vegas Grand Prix,2023
HAM,1.0,126,Las Vegas Grand Prix,2023
HAM,2.0,671,Las Vegas Grand Prix,2023
HAM,3.0,124,Las Vegas Grand Prix,2023
HAM,4.0,4,Las Vegas Grand Prix,2023
HAM,5.0,4,Las Vegas Grand Prix,2023
HAM,6.0,41,Las Vegas Grand Prix,2023
HAM,7.0,1,Las Vegas Grand Prix,2023
HAM,8.0,1,Las Vegas Grand Prix,2023
HAM,9.0,1,Las Vegas Grand Prix,2023
HAM,10.0,1,Las Vegas Grand Prix,2023
HAM,11.0,1,Las Vegas Grand Prix,2023
HAM,12.0,1,Las Vegas Grand Prix,2023
HAM,13.0,1,Las Vegas Grand Prix,2023
HAM,14.0,12,Las Vegas Grand Prix,2023
HAM,15.0,1,Las Vegas Grand Prix,2023
HAM,16.0,1,Las Vegas Grand Prix,2023
HAM,17.0,1,Las Vegas Grand Prix,2023
HAM,18.0,1,Las Vegas Grand Prix,2023
HAM,19.0,1,Las Vegas Grand Prix,2023
HAM,20.0,12,Las Vegas Grand Prix,2023
HAM,21.0,1,Las Vegas Grand Prix,2023
HAM,22.0,1,Las Vegas Grand Prix,2023
HAM,23.0,1,Las Vegas Grand Prix,2023
HAM,24.0,1,Las Vegas Grand Prix,2023
HAM,25.0,1,Las Vegas Grand Prix,2023
HAM,26.0,14,Las Vegas Grand Prix,2023
HAM,27.0,4,Las Vegas Grand Prix,2023
HAM,28.0,41,Las Vegas Grand Prix,2023
HAM,29.0,1,Las Vegas Grand Prix,2023
HAM,30.0,1,Las Vegas Grand Prix,2023
HAM,31.0,1,Las Vegas Grand Prix,2023
HAM,32.0,1,Las Vegas Grand Prix,2023
HAM,33.0,1,Las Vegas Grand Prix,2023
HAM,34.0,1,Las Vegas Grand Prix,2023
HAM,35.0,1,Las Vegas Grand Prix,2023
HAM,36.0,1,Las Vegas Grand Prix,2023
HAM,37.0,1,Las Vegas Grand Prix,2023
HAM,38.0,1,Las Vegas Grand Prix,2023
HAM,39.0,1,Las Vegas Grand Prix,2023
HAM,40.0,12,Las Vegas Grand Prix,2023
HAM,41.0,1,Las Vegas Grand Prix,2023
HAM,42.0,1,Las Vegas Grand Prix,2023
HAM,43.0,1,Las Vegas Grand Prix,2023
HAM,44.0,1,Las Vegas Grand Prix,2023
HAM,45.0,1,Las Vegas Grand Prix,2023
HAM,46.0,1,Las Vegas Grand Prix,2023
HAM,47.0,12,Las Vegas Grand Prix,2023
HAM,48.0,12,Las Vegas Grand Prix,2023
HAM,49.0,1,Las Vegas Grand Prix,2023
HAM,50.0,1,Las Vegas Grand Prix,2023
SAI,1.0,126,Las Vegas Grand Prix,2023
SAI,2.0,671,Las Vegas Grand Prix,2023
SAI,3.0,124,Las Vegas Grand Prix,2023
SAI,4.0,4,Las Vegas Grand Prix,2023
SAI,5.0,4,Las Vegas Grand Prix,2023
SAI,6.0,41,Las Vegas Grand Prix,2023
SAI,7.0,1,Las Vegas Grand Prix,2023
SAI,8.0,1,Las Vegas Grand Prix,2023
SAI,9.0,1,Las Vegas Grand Prix,2023
SAI,10.0,1,Las Vegas Grand Prix,2023
SAI,11.0,1,Las Vegas Grand Prix,2023
SAI,12.0,1,Las Vegas Grand Prix,2023
SAI,13.0,1,Las Vegas Grand Prix,2023
SAI,14.0,12,Las Vegas Grand Prix,2023
SAI,15.0,1,Las Vegas Grand Prix,2023
SAI,16.0,1,Las Vegas Grand Prix,2023
SAI,17.0,1,Las Vegas Grand Prix,2023
SAI,18.0,1,Las Vegas Grand Prix,2023
SAI,19.0,1,Las Vegas Grand Prix,2023
SAI,20.0,12,Las Vegas Grand Prix,2023
SAI,21.0,1,Las Vegas Grand Prix,2023
SAI,22.0,1,Las Vegas Grand Prix,2023
SAI,23.0,1,Las Vegas Grand Prix,2023
SAI,24.0,1,Las Vegas Grand Prix,2023
SAI,25.0,1,Las Vegas Grand Prix,2023
SAI,26.0,14,Las Vegas Grand Prix,2023
SAI,27.0,4,Las Vegas Grand Prix,2023
SAI,28.0,41,Las Vegas Grand Prix,2023
SAI,29.0,1,Las Vegas Grand Prix,2023
SAI,30.0,1,Las Vegas Grand Prix,2023
SAI,31.0,1,Las Vegas Grand Prix,2023
SAI,32.0,1,Las Vegas Grand Prix,2023
SAI,33.0,1,Las Vegas Grand Prix,2023
SAI,34.0,1,Las Vegas Grand Prix,2023
SAI,35.0,1,Las Vegas Grand Prix,2023
SAI,36.0,1,Las Vegas Grand Prix,2023
SAI,37.0,1,Las Vegas Grand Prix,2023
SAI,38.0,1,Las Vegas Grand Prix,2023
SAI,39.0,1,Las Vegas Grand Prix,2023
SAI,40.0,12,Las Vegas Grand Prix,2023
SAI,41.0,1,Las Vegas Grand Prix,2023
SAI,42.0,1,Las Vegas Grand Prix,2023
SAI,43.0,1,Las Vegas Grand Prix,2023
SAI,44.0,1,Las Vegas Grand Prix,2023
SAI,45.0,1,Las Vegas Grand Prix,2023
SAI,46.0,1,Las Vegas Grand Prix,2023
SAI,47.0,12,Las Vegas Grand Prix,2023
SAI,48.0,12,Las Vegas Grand Prix,2023
SAI,49.0,1,Las Vegas Grand Prix,2023
SAI,50.0,1,Las Vegas Grand Prix,2023
RUS,1.0,126,Las Vegas Grand Prix,2023
RUS,2.0,671,Las Vegas Grand Prix,2023
RUS,3.0,124,Las Vegas Grand Prix,2023
RUS,4.0,4,Las Vegas Grand Prix,2023
RUS,5.0,4,Las Vegas Grand Prix,2023
RUS,6.0,41,Las Vegas Grand Prix,2023
RUS,7.0,1,Las Vegas Grand Prix,2023
RUS,8.0,1,Las Vegas Grand Prix,2023
RUS,9.0,1,Las Vegas Grand Prix,2023
RUS,10.0,1,Las Vegas Grand Prix,2023
RUS,11.0,1,Las Vegas Grand Prix,2023
RUS,12.0,1,Las Vegas Grand Prix,2023
RUS,13.0,1,Las Vegas Grand Prix,2023
RUS,14.0,12,Las Vegas Grand Prix,2023
RUS,15.0,1,Las Vegas Grand Prix,2023
RUS,16.0,1,Las Vegas Grand Prix,2023
RUS,17.0,1,Las Vegas Grand Prix,2023
RUS,18.0,1,Las Vegas Grand Prix,2023
RUS,19.0,1,Las Vegas Grand Prix,2023
RUS,20.0,12,Las Vegas Grand Prix,2023
RUS,21.0,1,Las Vegas Grand Prix,2023
RUS,22.0,1,Las Vegas Grand Prix,2023
RUS,23.0,1,Las Vegas Grand Prix,2023
RUS,24.0,1,Las Vegas Grand Prix,2023
RUS,25.0,1,Las Vegas Grand Prix,2023
RUS,26.0,14,Las Vegas Grand Prix,2023
RUS,27.0,4,Las Vegas Grand Prix,2023
RUS,28.0,41,Las Vegas Grand Prix,2023
RUS,29.0,1,Las Vegas Grand Prix,2023
RUS,30.0,1,Las Vegas Grand Prix,2023
RUS,31.0,1,Las Vegas Grand Prix,2023
RUS,32.0,1,Las Vegas Grand Prix,2023
RUS,33.0,1,Las Vegas Grand Prix,2023
RUS,34.0,1,Las Vegas Grand Prix,2023
RUS,35.0,1,Las Vegas Grand Prix,2023
RUS,36.0,1,Las Vegas Grand Prix,2023
RUS,37.0,1,Las Vegas Grand Prix,2023
RUS,38.0,1,Las Vegas Grand Prix,2023
RUS,39.0,1,Las Vegas Grand Prix,2023
RUS,40.0,12,Las Vegas Grand Prix,2023
RUS,41.0,1,Las Vegas Grand Prix,2023
RUS,42.0,1,Las Vegas Grand Prix,2023
RUS,43.0,1,Las Vegas Grand Prix,2023
RUS,44.0,1,Las Vegas Grand Prix,2023
RUS,45.0,1,Las Vegas Grand Prix,2023
RUS,46.0,1,Las Vegas Grand Prix,2023
RUS,47.0,12,Las Vegas Grand Prix,2023
RUS,48.0,12,Las Vegas Grand Prix,2023
RUS,49.0,1,Las Vegas Grand Prix,2023
RUS,50.0,1,Las Vegas Grand Prix,2023
BOT,1.0,126,Las Vegas Grand Prix,2023
BOT,2.0,671,Las Vegas Grand Prix,2023
BOT,3.0,124,Las Vegas Grand Prix,2023
BOT,4.0,4,Las Vegas Grand Prix,2023
BOT,5.0,4,Las Vegas Grand Prix,2023
BOT,6.0,41,Las Vegas Grand Prix,2023
BOT,7.0,1,Las Vegas Grand Prix,2023
BOT,8.0,1,Las Vegas Grand Prix,2023
BOT,9.0,1,Las Vegas Grand Prix,2023
BOT,10.0,1,Las Vegas Grand Prix,2023
BOT,11.0,1,Las Vegas Grand Prix,2023
BOT,12.0,1,Las Vegas Grand Prix,2023
BOT,13.0,1,Las Vegas Grand Prix,2023
BOT,14.0,12,Las Vegas Grand Prix,2023
BOT,15.0,1,Las Vegas Grand Prix,2023
BOT,16.0,1,Las Vegas Grand Prix,2023
BOT,17.0,1,Las Vegas Grand Prix,2023
BOT,18.0,1,Las Vegas Grand Prix,2023
BOT,19.0,1,Las Vegas Grand Prix,2023
BOT,20.0,12,Las Vegas Grand Prix,2023
BOT,21.0,1,Las Vegas Grand Prix,2023
BOT,22.0,1,Las Vegas Grand Prix,2023
BOT,23.0,1,Las Vegas Grand Prix,2023
BOT,24.0,1,Las Vegas Grand Prix,2023
BOT,25.0,1,Las Vegas Grand Prix,2023
BOT,26.0,14,Las Vegas Grand Prix,2023
BOT,27.0,4,Las Vegas Grand Prix,2023
BOT,28.0,41,Las Vegas Grand Prix,2023
BOT,29.0,1,Las Vegas Grand Prix,2023
BOT,30.0,1,Las Vegas Grand Prix,2023
BOT,31.0,1,Las Vegas Grand Prix,2023
BOT,32.0,1,Las Vegas Grand Prix,2023
BOT,33.0,1,Las Vegas Grand Prix,2023
BOT,34.0,1,Las Vegas Grand Prix,2023
BOT,35.0,1,Las Vegas Grand Prix,2023
BOT,36.0,1,Las Vegas Grand Prix,2023
BOT,37.0,1,Las Vegas Grand Prix,2023
BOT,38.0,1,Las Vegas Grand Prix,2023
BOT,39.0,1,Las Vegas Grand Prix,2023
BOT,40.0,12,Las Vegas Grand Prix,2023
BOT,41.0,1,Las Vegas Grand Prix,2023
BOT,42.0,1,Las Vegas Grand Prix,2023
BOT,43.0,1,Las Vegas Grand Prix,2023
BOT,44.0,1,Las Vegas Grand Prix,2023
BOT,45.0,1,Las Vegas Grand Prix,2023
BOT,46.0,12,Las Vegas Grand Prix,2023
BOT,47.0,12,Las Vegas Grand Prix,2023
BOT,48.0,21,Las Vegas Grand Prix,2023
BOT,49.0,1,Las Vegas Grand Prix,2023
BOT,50.0,1,Las Vegas Grand Prix,2023
PIA,1.0,126,Las Vegas Grand Prix,2023
PIA,2.0,671,Las Vegas Grand Prix,2023
PIA,3.0,124,Las Vegas Grand Prix,2023
PIA,4.0,4,Las Vegas Grand Prix,2023
PIA,5.0,4,Las Vegas Grand Prix,2023
PIA,6.0,41,Las Vegas Grand Prix,2023
PIA,7.0,1,Las Vegas Grand Prix,2023
PIA,8.0,1,Las Vegas Grand Prix,2023
PIA,9.0,1,Las Vegas Grand Prix,2023
PIA,10.0,1,Las Vegas Grand Prix,2023
PIA,11.0,1,Las Vegas Grand Prix,2023
PIA,12.0,1,Las Vegas Grand Prix,2023
PIA,13.0,1,Las Vegas Grand Prix,2023
PIA,14.0,12,Las Vegas Grand Prix,2023
PIA,15.0,1,Las Vegas Grand Prix,2023
PIA,16.0,1,Las Vegas Grand Prix,2023
PIA,17.0,1,Las Vegas Grand Prix,2023
PIA,18.0,1,Las Vegas Grand Prix,2023
PIA,19.0,1,Las Vegas Grand Prix,2023
PIA,20.0,12,Las Vegas Grand Prix,2023
PIA,21.0,1,Las Vegas Grand Prix,2023
PIA,22.0,1,Las Vegas Grand Prix,2023
PIA,23.0,1,Las Vegas Grand Prix,2023
PIA,24.0,1,Las Vegas Grand Prix,2023
PIA,25.0,1,Las Vegas Grand Prix,2023
PIA,26.0,14,Las Vegas Grand Prix,2023
PIA,27.0,4,Las Vegas Grand Prix,2023
PIA,28.0,41,Las Vegas Grand Prix,2023
PIA,29.0,1,Las Vegas Grand Prix,2023
PIA,30.0,1,Las Vegas Grand Prix,2023
PIA,31.0,1,Las Vegas Grand Prix,2023
PIA,32.0,1,Las Vegas Grand Prix,2023
PIA,33.0,1,Las Vegas Grand Prix,2023
PIA,34.0,1,Las Vegas Grand Prix,2023
PIA,35.0,1,Las Vegas Grand Prix,2023
PIA,36.0,1,Las Vegas Grand Prix,2023
PIA,37.0,1,Las Vegas Grand Prix,2023
PIA,38.0,1,Las Vegas Grand Prix,2023
PIA,39.0,1,Las Vegas Grand Prix,2023
PIA,40.0,12,Las Vegas Grand Prix,2023
PIA,41.0,1,Las Vegas Grand Prix,2023
PIA,42.0,1,Las Vegas Grand Prix,2023
PIA,43.0,1,Las Vegas Grand Prix,2023
PIA,44.0,1,Las Vegas Grand Prix,2023
PIA,45.0,1,Las Vegas Grand Prix,2023
PIA,46.0,12,Las Vegas Grand Prix,2023
PIA,47.0,21,Las Vegas Grand Prix,2023
PIA,48.0,12,Las Vegas Grand Prix,2023
PIA,49.0,1,Las Vegas Grand Prix,2023
PIA,50.0,1,Las Vegas Grand Prix,2023
VER,1.0,1,Abu Dhabi Grand Prix,2023
VER,2.0,1,Abu Dhabi Grand Prix,2023
VER,3.0,1,Abu Dhabi Grand Prix,2023
VER,4.0,1,Abu Dhabi Grand Prix,2023
VER,5.0,1,Abu Dhabi Grand Prix,2023
VER,6.0,1,Abu Dhabi Grand Prix,2023
VER,7.0,1,Abu Dhabi Grand Prix,2023
VER,8.0,1,Abu Dhabi Grand Prix,2023
VER,9.0,1,Abu Dhabi Grand Prix,2023
VER,10.0,1,Abu Dhabi Grand Prix,2023
VER,11.0,1,Abu Dhabi Grand Prix,2023
VER,12.0,1,Abu Dhabi Grand Prix,2023
VER,13.0,1,Abu Dhabi Grand Prix,2023
VER,14.0,1,Abu Dhabi Grand Prix,2023
VER,15.0,1,Abu Dhabi Grand Prix,2023
VER,16.0,1,Abu Dhabi Grand Prix,2023
VER,17.0,1,Abu Dhabi Grand Prix,2023
VER,18.0,1,Abu Dhabi Grand Prix,2023
VER,19.0,1,Abu Dhabi Grand Prix,2023
VER,20.0,1,Abu Dhabi Grand Prix,2023
VER,21.0,1,Abu Dhabi Grand Prix,2023
VER,22.0,1,Abu Dhabi Grand Prix,2023
VER,23.0,1,Abu Dhabi Grand Prix,2023
VER,24.0,1,Abu Dhabi Grand Prix,2023
VER,25.0,1,Abu Dhabi Grand Prix,2023
VER,26.0,1,Abu Dhabi Grand Prix,2023
VER,27.0,1,Abu Dhabi Grand Prix,2023
VER,28.0,1,Abu Dhabi Grand Prix,2023
VER,29.0,1,Abu Dhabi Grand Prix,2023
VER,30.0,1,Abu Dhabi Grand Prix,2023
VER,31.0,1,Abu Dhabi Grand Prix,2023
VER,32.0,1,Abu Dhabi Grand Prix,2023
VER,33.0,1,Abu Dhabi Grand Prix,2023
VER,34.0,1,Abu Dhabi Grand Prix,2023
VER,35.0,1,Abu Dhabi Grand Prix,2023
VER,36.0,1,Abu Dhabi Grand Prix,2023
VER,37.0,1,Abu Dhabi Grand Prix,2023
VER,38.0,1,Abu Dhabi Grand Prix,2023
VER,39.0,1,Abu Dhabi Grand Prix,2023
VER,40.0,1,Abu Dhabi Grand Prix,2023
VER,41.0,1,Abu Dhabi Grand Prix,2023
VER,42.0,1,Abu Dhabi Grand Prix,2023
VER,43.0,1,Abu Dhabi Grand Prix,2023
VER,44.0,1,Abu Dhabi Grand Prix,2023
VER,45.0,1,Abu Dhabi Grand Prix,2023
VER,46.0,1,Abu Dhabi Grand Prix,2023
VER,47.0,1,Abu Dhabi Grand Prix,2023
VER,48.0,1,Abu Dhabi Grand Prix,2023
VER,49.0,1,Abu Dhabi Grand Prix,2023
VER,50.0,1,Abu Dhabi Grand Prix,2023
VER,51.0,1,Abu Dhabi Grand Prix,2023
VER,52.0,1,Abu Dhabi Grand Prix,2023
VER,53.0,1,Abu Dhabi Grand Prix,2023
VER,54.0,1,Abu Dhabi Grand Prix,2023
VER,55.0,1,Abu Dhabi Grand Prix,2023
VER,56.0,1,Abu Dhabi Grand Prix,2023
VER,57.0,1,Abu Dhabi Grand Prix,2023
VER,58.0,1,Abu Dhabi Grand Prix,2023
LEC,1.0,1,Abu Dhabi Grand Prix,2023
LEC,2.0,1,Abu Dhabi Grand Prix,2023
LEC,3.0,1,Abu Dhabi Grand Prix,2023
LEC,4.0,1,Abu Dhabi Grand Prix,2023
LEC,5.0,1,Abu Dhabi Grand Prix,2023
LEC,6.0,1,Abu Dhabi Grand Prix,2023
LEC,7.0,1,Abu Dhabi Grand Prix,2023
LEC,8.0,1,Abu Dhabi Grand Prix,2023
LEC,9.0,1,Abu Dhabi Grand Prix,2023
LEC,10.0,1,Abu Dhabi Grand Prix,2023
LEC,11.0,1,Abu Dhabi Grand Prix,2023
LEC,12.0,1,Abu Dhabi Grand Prix,2023
LEC,13.0,1,Abu Dhabi Grand Prix,2023
LEC,14.0,1,Abu Dhabi Grand Prix,2023
LEC,15.0,1,Abu Dhabi Grand Prix,2023
LEC,16.0,1,Abu Dhabi Grand Prix,2023
LEC,17.0,1,Abu Dhabi Grand Prix,2023
LEC,18.0,1,Abu Dhabi Grand Prix,2023
LEC,19.0,1,Abu Dhabi Grand Prix,2023
LEC,20.0,1,Abu Dhabi Grand Prix,2023
LEC,21.0,1,Abu Dhabi Grand Prix,2023
LEC,22.0,1,Abu Dhabi Grand Prix,2023
LEC,23.0,1,Abu Dhabi Grand Prix,2023
LEC,24.0,1,Abu Dhabi Grand Prix,2023
LEC,25.0,1,Abu Dhabi Grand Prix,2023
LEC,26.0,1,Abu Dhabi Grand Prix,2023
LEC,27.0,1,Abu Dhabi Grand Prix,2023
LEC,28.0,1,Abu Dhabi Grand Prix,2023
LEC,29.0,1,Abu Dhabi Grand Prix,2023
LEC,30.0,1,Abu Dhabi Grand Prix,2023
LEC,31.0,1,Abu Dhabi Grand Prix,2023
LEC,32.0,1,Abu Dhabi Grand Prix,2023
LEC,33.0,1,Abu Dhabi Grand Prix,2023
LEC,34.0,1,Abu Dhabi Grand Prix,2023
LEC,35.0,1,Abu Dhabi Grand Prix,2023
LEC,36.0,1,Abu Dhabi Grand Prix,2023
LEC,37.0,1,Abu Dhabi Grand Prix,2023
LEC,38.0,1,Abu Dhabi Grand Prix,2023
LEC,39.0,1,Abu Dhabi Grand Prix,2023
LEC,40.0,1,Abu Dhabi Grand Prix,2023
LEC,41.0,1,Abu Dhabi Grand Prix,2023
LEC,42.0,1,Abu Dhabi Grand Prix,2023
LEC,43.0,1,Abu Dhabi Grand Prix,2023
LEC,44.0,1,Abu Dhabi Grand Prix,2023
LEC,45.0,1,Abu Dhabi Grand Prix,2023
LEC,46.0,1,Abu Dhabi Grand Prix,2023
LEC,47.0,1,Abu Dhabi Grand Prix,2023
LEC,48.0,1,Abu Dhabi Grand Prix,2023
LEC,49.0,1,Abu Dhabi Grand Prix,2023
LEC,50.0,1,Abu Dhabi Grand Prix,2023
LEC,51.0,1,Abu Dhabi Grand Prix,2023
LEC,52.0,1,Abu Dhabi Grand Prix,2023
LEC,53.0,1,Abu Dhabi Grand Prix,2023
LEC,54.0,1,Abu Dhabi Grand Prix,2023
LEC,55.0,1,Abu Dhabi Grand Prix,2023
LEC,56.0,1,Abu Dhabi Grand Prix,2023
LEC,57.0,1,Abu Dhabi Grand Prix,2023
LEC,58.0,1,Abu Dhabi Grand Prix,2023
RUS,1.0,1,Abu Dhabi Grand Prix,2023
RUS,2.0,1,Abu Dhabi Grand Prix,2023
RUS,3.0,1,Abu Dhabi Grand Prix,2023
RUS,4.0,1,Abu Dhabi Grand Prix,2023
RUS,5.0,1,Abu Dhabi Grand Prix,2023
RUS,6.0,1,Abu Dhabi Grand Prix,2023
RUS,7.0,1,Abu Dhabi Grand Prix,2023
RUS,8.0,1,Abu Dhabi Grand Prix,2023
RUS,9.0,1,Abu Dhabi Grand Prix,2023
RUS,10.0,1,Abu Dhabi Grand Prix,2023
RUS,11.0,1,Abu Dhabi Grand Prix,2023
RUS,12.0,1,Abu Dhabi Grand Prix,2023
RUS,13.0,1,Abu Dhabi Grand Prix,2023
RUS,14.0,1,Abu Dhabi Grand Prix,2023
RUS,15.0,1,Abu Dhabi Grand Prix,2023
RUS,16.0,1,Abu Dhabi Grand Prix,2023
RUS,17.0,1,Abu Dhabi Grand Prix,2023
RUS,18.0,1,Abu Dhabi Grand Prix,2023
RUS,19.0,1,Abu Dhabi Grand Prix,2023
RUS,20.0,1,Abu Dhabi Grand Prix,2023
RUS,21.0,1,Abu Dhabi Grand Prix,2023
RUS,22.0,1,Abu Dhabi Grand Prix,2023
RUS,23.0,1,Abu Dhabi Grand Prix,2023
RUS,24.0,1,Abu Dhabi Grand Prix,2023
RUS,25.0,1,Abu Dhabi Grand Prix,2023
RUS,26.0,1,Abu Dhabi Grand Prix,2023
RUS,27.0,1,Abu Dhabi Grand Prix,2023
RUS,28.0,1,Abu Dhabi Grand Prix,2023
RUS,29.0,1,Abu Dhabi Grand Prix,2023
RUS,30.0,1,Abu Dhabi Grand Prix,2023
RUS,31.0,1,Abu Dhabi Grand Prix,2023
RUS,32.0,1,Abu Dhabi Grand Prix,2023
RUS,33.0,1,Abu Dhabi Grand Prix,2023
RUS,34.0,1,Abu Dhabi Grand Prix,2023
RUS,35.0,1,Abu Dhabi Grand Prix,2023
RUS,36.0,1,Abu Dhabi Grand Prix,2023
RUS,37.0,1,Abu Dhabi Grand Prix,2023
RUS,38.0,1,Abu Dhabi Grand Prix,2023
RUS,39.0,1,Abu Dhabi Grand Prix,2023
RUS,40.0,1,Abu Dhabi Grand Prix,2023
RUS,41.0,1,Abu Dhabi Grand Prix,2023
RUS,42.0,1,Abu Dhabi Grand Prix,2023
RUS,43.0,1,Abu Dhabi Grand Prix,2023
RUS,44.0,1,Abu Dhabi Grand Prix,2023
RUS,45.0,1,Abu Dhabi Grand Prix,2023
RUS,46.0,1,Abu Dhabi Grand Prix,2023
RUS,47.0,1,Abu Dhabi Grand Prix,2023
RUS,48.0,1,Abu Dhabi Grand Prix,2023
RUS,49.0,1,Abu Dhabi Grand Prix,2023
RUS,50.0,1,Abu Dhabi Grand Prix,2023
RUS,51.0,1,Abu Dhabi Grand Prix,2023
RUS,52.0,1,Abu Dhabi Grand Prix,2023
RUS,53.0,1,Abu Dhabi Grand Prix,2023
RUS,54.0,1,Abu Dhabi Grand Prix,2023
RUS,55.0,1,Abu Dhabi Grand Prix,2023
RUS,56.0,1,Abu Dhabi Grand Prix,2023
RUS,57.0,1,Abu Dhabi Grand Prix,2023
RUS,58.0,1,Abu Dhabi Grand Prix,2023
PER,1.0,1,Abu Dhabi Grand Prix,2023
PER,2.0,1,Abu Dhabi Grand Prix,2023
PER,3.0,1,Abu Dhabi Grand Prix,2023
PER,4.0,1,Abu Dhabi Grand Prix,2023
PER,5.0,1,Abu Dhabi Grand Prix,2023
PER,6.0,1,Abu Dhabi Grand Prix,2023
PER,7.0,1,Abu Dhabi Grand Prix,2023
PER,8.0,1,Abu Dhabi Grand Prix,2023
PER,9.0,1,Abu Dhabi Grand Prix,2023
PER,10.0,1,Abu Dhabi Grand Prix,2023
PER,11.0,1,Abu Dhabi Grand Prix,2023
PER,12.0,1,Abu Dhabi Grand Prix,2023
PER,13.0,1,Abu Dhabi Grand Prix,2023
PER,14.0,1,Abu Dhabi Grand Prix,2023
PER,15.0,1,Abu Dhabi Grand Prix,2023
PER,16.0,1,Abu Dhabi Grand Prix,2023
PER,17.0,1,Abu Dhabi Grand Prix,2023
PER,18.0,1,Abu Dhabi Grand Prix,2023
PER,19.0,1,Abu Dhabi Grand Prix,2023
PER,20.0,1,Abu Dhabi Grand Prix,2023
PER,21.0,1,Abu Dhabi Grand Prix,2023
PER,22.0,1,Abu Dhabi Grand Prix,2023
PER,23.0,1,Abu Dhabi Grand Prix,2023
PER,24.0,1,Abu Dhabi Grand Prix,2023
PER,25.0,1,Abu Dhabi Grand Prix,2023
PER,26.0,1,Abu Dhabi Grand Prix,2023
PER,27.0,1,Abu Dhabi Grand Prix,2023
PER,28.0,1,Abu Dhabi Grand Prix,2023
PER,29.0,1,Abu Dhabi Grand Prix,2023
PER,30.0,1,Abu Dhabi Grand Prix,2023
PER,31.0,1,Abu Dhabi Grand Prix,2023
PER,32.0,1,Abu Dhabi Grand Prix,2023
PER,33.0,1,Abu Dhabi Grand Prix,2023
PER,34.0,1,Abu Dhabi Grand Prix,2023
PER,35.0,1,Abu Dhabi Grand Prix,2023
PER,36.0,1,Abu Dhabi Grand Prix,2023
PER,37.0,1,Abu Dhabi Grand Prix,2023
PER,38.0,1,Abu Dhabi Grand Prix,2023
PER,39.0,1,Abu Dhabi Grand Prix,2023
PER,40.0,1,Abu Dhabi Grand Prix,2023
PER,41.0,1,Abu Dhabi Grand Prix,2023
PER,42.0,1,Abu Dhabi Grand Prix,2023
PER,43.0,1,Abu Dhabi Grand Prix,2023
PER,44.0,1,Abu Dhabi Grand Prix,2023
PER,45.0,1,Abu Dhabi Grand Prix,2023
PER,46.0,1,Abu Dhabi Grand Prix,2023
PER,47.0,1,Abu Dhabi Grand Prix,2023
PER,48.0,1,Abu Dhabi Grand Prix,2023
PER,49.0,1,Abu Dhabi Grand Prix,2023
PER,50.0,1,Abu Dhabi Grand Prix,2023
PER,51.0,1,Abu Dhabi Grand Prix,2023
PER,52.0,1,Abu Dhabi Grand Prix,2023
PER,53.0,1,Abu Dhabi Grand Prix,2023
PER,54.0,1,Abu Dhabi Grand Prix,2023
PER,55.0,1,Abu Dhabi Grand Prix,2023
PER,56.0,1,Abu Dhabi Grand Prix,2023
PER,57.0,1,Abu Dhabi Grand Prix,2023
PER,58.0,1,Abu Dhabi Grand Prix,2023
NOR,1.0,1,Abu Dhabi Grand Prix,2023
NOR,2.0,1,Abu Dhabi Grand Prix,2023
NOR,3.0,1,Abu Dhabi Grand Prix,2023
NOR,4.0,1,Abu Dhabi Grand Prix,2023
NOR,5.0,1,Abu Dhabi Grand Prix,2023
NOR,6.0,1,Abu Dhabi Grand Prix,2023
NOR,7.0,1,Abu Dhabi Grand Prix,2023
NOR,8.0,1,Abu Dhabi Grand Prix,2023
NOR,9.0,1,Abu Dhabi Grand Prix,2023
NOR,10.0,1,Abu Dhabi Grand Prix,2023
NOR,11.0,1,Abu Dhabi Grand Prix,2023
NOR,12.0,1,Abu Dhabi Grand Prix,2023
NOR,13.0,1,Abu Dhabi Grand Prix,2023
NOR,14.0,1,Abu Dhabi Grand Prix,2023
NOR,15.0,1,Abu Dhabi Grand Prix,2023
NOR,16.0,1,Abu Dhabi Grand Prix,2023
NOR,17.0,1,Abu Dhabi Grand Prix,2023
NOR,18.0,1,Abu Dhabi Grand Prix,2023
NOR,19.0,1,Abu Dhabi Grand Prix,2023
NOR,20.0,1,Abu Dhabi Grand Prix,2023
NOR,21.0,1,Abu Dhabi Grand Prix,2023
NOR,22.0,1,Abu Dhabi Grand Prix,2023
NOR,23.0,1,Abu Dhabi Grand Prix,2023
NOR,24.0,1,Abu Dhabi Grand Prix,2023
NOR,25.0,1,Abu Dhabi Grand Prix,2023
NOR,26.0,1,Abu Dhabi Grand Prix,2023
NOR,27.0,1,Abu Dhabi Grand Prix,2023
NOR,28.0,1,Abu Dhabi Grand Prix,2023
NOR,29.0,1,Abu Dhabi Grand Prix,2023
NOR,30.0,1,Abu Dhabi Grand Prix,2023
NOR,31.0,1,Abu Dhabi Grand Prix,2023
NOR,32.0,1,Abu Dhabi Grand Prix,2023
NOR,33.0,1,Abu Dhabi Grand Prix,2023
NOR,34.0,1,Abu Dhabi Grand Prix,2023
NOR,35.0,1,Abu Dhabi Grand Prix,2023
NOR,36.0,1,Abu Dhabi Grand Prix,2023
NOR,37.0,1,Abu Dhabi Grand Prix,2023
NOR,38.0,1,Abu Dhabi Grand Prix,2023
NOR,39.0,1,Abu Dhabi Grand Prix,2023
NOR,40.0,1,Abu Dhabi Grand Prix,2023
NOR,41.0,1,Abu Dhabi Grand Prix,2023
NOR,42.0,1,Abu Dhabi Grand Prix,2023
NOR,43.0,1,Abu Dhabi Grand Prix,2023
NOR,44.0,1,Abu Dhabi Grand Prix,2023
NOR,45.0,1,Abu Dhabi Grand Prix,2023
NOR,46.0,1,Abu Dhabi Grand Prix,2023
NOR,47.0,1,Abu Dhabi Grand Prix,2023
NOR,48.0,1,Abu Dhabi Grand Prix,2023
NOR,49.0,1,Abu Dhabi Grand Prix,2023
NOR,50.0,1,Abu Dhabi Grand Prix,2023
NOR,51.0,1,Abu Dhabi Grand Prix,2023
NOR,52.0,1,Abu Dhabi Grand Prix,2023
NOR,53.0,1,Abu Dhabi Grand Prix,2023
NOR,54.0,1,Abu Dhabi Grand Prix,2023
NOR,55.0,1,Abu Dhabi Grand Prix,2023
NOR,56.0,1,Abu Dhabi Grand Prix,2023
NOR,57.0,1,Abu Dhabi Grand Prix,2023
NOR,58.0,1,Abu Dhabi Grand Prix,2023
PIA,1.0,1,Abu Dhabi Grand Prix,2023
PIA,2.0,1,Abu Dhabi Grand Prix,2023
PIA,3.0,1,Abu Dhabi Grand Prix,2023
PIA,4.0,1,Abu Dhabi Grand Prix,2023
PIA,5.0,1,Abu Dhabi Grand Prix,2023
PIA,6.0,1,Abu Dhabi Grand Prix,2023
PIA,7.0,1,Abu Dhabi Grand Prix,2023
PIA,8.0,1,Abu Dhabi Grand Prix,2023
PIA,9.0,1,Abu Dhabi Grand Prix,2023
PIA,10.0,1,Abu Dhabi Grand Prix,2023
PIA,11.0,1,Abu Dhabi Grand Prix,2023
PIA,12.0,1,Abu Dhabi Grand Prix,2023
PIA,13.0,1,Abu Dhabi Grand Prix,2023
PIA,14.0,1,Abu Dhabi Grand Prix,2023
PIA,15.0,1,Abu Dhabi Grand Prix,2023
PIA,16.0,1,Abu Dhabi Grand Prix,2023
PIA,17.0,1,Abu Dhabi Grand Prix,2023
PIA,18.0,1,Abu Dhabi Grand Prix,2023
PIA,19.0,1,Abu Dhabi Grand Prix,2023
PIA,20.0,1,Abu Dhabi Grand Prix,2023
PIA,21.0,1,Abu Dhabi Grand Prix,2023
PIA,22.0,1,Abu Dhabi Grand Prix,2023
PIA,23.0,1,Abu Dhabi Grand Prix,2023
PIA,24.0,1,Abu Dhabi Grand Prix,2023
PIA,25.0,1,Abu Dhabi Grand Prix,2023
PIA,26.0,1,Abu Dhabi Grand Prix,2023
PIA,27.0,1,Abu Dhabi Grand Prix,2023
PIA,28.0,1,Abu Dhabi Grand Prix,2023
PIA,29.0,1,Abu Dhabi Grand Prix,2023
PIA,30.0,1,Abu Dhabi Grand Prix,2023
PIA,31.0,1,Abu Dhabi Grand Prix,2023
PIA,32.0,1,Abu Dhabi Grand Prix,2023
PIA,33.0,1,Abu Dhabi Grand Prix,2023
PIA,34.0,1,Abu Dhabi Grand Prix,2023
PIA,35.0,1,Abu Dhabi Grand Prix,2023
PIA,36.0,1,Abu Dhabi Grand Prix,2023
PIA,37.0,1,Abu Dhabi Grand Prix,2023
PIA,38.0,1,Abu Dhabi Grand Prix,2023
PIA,39.0,1,Abu Dhabi Grand Prix,2023
PIA,40.0,1,Abu Dhabi Grand Prix,2023
PIA,41.0,1,Abu Dhabi Grand Prix,2023
PIA,42.0,1,Abu Dhabi Grand Prix,2023
PIA,43.0,1,Abu Dhabi Grand Prix,2023
PIA,44.0,1,Abu Dhabi Grand Prix,2023
PIA,45.0,1,Abu Dhabi Grand Prix,2023
PIA,46.0,1,Abu Dhabi Grand Prix,2023
PIA,47.0,1,Abu Dhabi Grand Prix,2023
PIA,48.0,1,Abu Dhabi Grand Prix,2023
PIA,49.0,1,Abu Dhabi Grand Prix,2023
PIA,50.0,1,Abu Dhabi Grand Prix,2023
PIA,51.0,1,Abu Dhabi Grand Prix,2023
PIA,52.0,1,Abu Dhabi Grand Prix,2023
PIA,53.0,1,Abu Dhabi Grand Prix,2023
PIA,54.0,1,Abu Dhabi Grand Prix,2023
PIA,55.0,1,Abu Dhabi Grand Prix,2023
PIA,56.0,1,Abu Dhabi Grand Prix,2023
PIA,57.0,1,Abu Dhabi Grand Prix,2023
PIA,58.0,1,Abu Dhabi Grand Prix,2023
ALO,1.0,1,Abu Dhabi Grand Prix,2023
ALO,2.0,1,Abu Dhabi Grand Prix,2023
ALO,3.0,1,Abu Dhabi Grand Prix,2023
ALO,4.0,1,Abu Dhabi Grand Prix,2023
ALO,5.0,1,Abu Dhabi Grand Prix,2023
ALO,6.0,1,Abu Dhabi Grand Prix,2023
ALO,7.0,1,Abu Dhabi Grand Prix,2023
ALO,8.0,1,Abu Dhabi Grand Prix,2023
ALO,9.0,1,Abu Dhabi Grand Prix,2023
ALO,10.0,1,Abu Dhabi Grand Prix,2023
ALO,11.0,1,Abu Dhabi Grand Prix,2023
ALO,12.0,1,Abu Dhabi Grand Prix,2023
ALO,13.0,1,Abu Dhabi Grand Prix,2023
ALO,14.0,1,Abu Dhabi Grand Prix,2023
ALO,15.0,1,Abu Dhabi Grand Prix,2023
ALO,16.0,1,Abu Dhabi Grand Prix,2023
ALO,17.0,1,Abu Dhabi Grand Prix,2023
ALO,18.0,1,Abu Dhabi Grand Prix,2023
ALO,19.0,1,Abu Dhabi Grand Prix,2023
ALO,20.0,1,Abu Dhabi Grand Prix,2023
ALO,21.0,1,Abu Dhabi Grand Prix,2023
ALO,22.0,1,Abu Dhabi Grand Prix,2023
ALO,23.0,1,Abu Dhabi Grand Prix,2023
ALO,24.0,1,Abu Dhabi Grand Prix,2023
ALO,25.0,1,Abu Dhabi Grand Prix,2023
ALO,26.0,1,Abu Dhabi Grand Prix,2023
ALO,27.0,1,Abu Dhabi Grand Prix,2023
ALO,28.0,1,Abu Dhabi Grand Prix,2023
ALO,29.0,1,Abu Dhabi Grand Prix,2023
ALO,30.0,1,Abu Dhabi Grand Prix,2023
ALO,31.0,1,Abu Dhabi Grand Prix,2023
ALO,32.0,1,Abu Dhabi Grand Prix,2023
ALO,33.0,1,Abu Dhabi Grand Prix,2023
ALO,34.0,1,Abu Dhabi Grand Prix,2023
ALO,35.0,1,Abu Dhabi Grand Prix,2023
ALO,36.0,1,Abu Dhabi Grand Prix,2023
ALO,37.0,1,Abu Dhabi Grand Prix,2023
ALO,38.0,1,Abu Dhabi Grand Prix,2023
ALO,39.0,1,Abu Dhabi Grand Prix,2023
ALO,40.0,1,Abu Dhabi Grand Prix,2023
ALO,41.0,1,Abu Dhabi Grand Prix,2023
ALO,42.0,1,Abu Dhabi Grand Prix,2023
ALO,43.0,1,Abu Dhabi Grand Prix,2023
ALO,44.0,1,Abu Dhabi Grand Prix,2023
ALO,45.0,1,Abu Dhabi Grand Prix,2023
ALO,46.0,1,Abu Dhabi Grand Prix,2023
ALO,47.0,1,Abu Dhabi Grand Prix,2023
ALO,48.0,1,Abu Dhabi Grand Prix,2023
ALO,49.0,1,Abu Dhabi Grand Prix,2023
ALO,50.0,1,Abu Dhabi Grand Prix,2023
ALO,51.0,1,Abu Dhabi Grand Prix,2023
ALO,52.0,1,Abu Dhabi Grand Prix,2023
ALO,53.0,1,Abu Dhabi Grand Prix,2023
ALO,54.0,1,Abu Dhabi Grand Prix,2023
ALO,55.0,1,Abu Dhabi Grand Prix,2023
ALO,56.0,1,Abu Dhabi Grand Prix,2023
ALO,57.0,1,Abu Dhabi Grand Prix,2023
ALO,58.0,1,Abu Dhabi Grand Prix,2023
TSU,1.0,1,Abu Dhabi Grand Prix,2023
TSU,2.0,1,Abu Dhabi Grand Prix,2023
TSU,3.0,1,Abu Dhabi Grand Prix,2023
TSU,4.0,1,Abu Dhabi Grand Prix,2023
TSU,5.0,1,Abu Dhabi Grand Prix,2023
TSU,6.0,1,Abu Dhabi Grand Prix,2023
TSU,7.0,1,Abu Dhabi Grand Prix,2023
TSU,8.0,1,Abu Dhabi Grand Prix,2023
TSU,9.0,1,Abu Dhabi Grand Prix,2023
TSU,10.0,1,Abu Dhabi Grand Prix,2023
TSU,11.0,1,Abu Dhabi Grand Prix,2023
TSU,12.0,1,Abu Dhabi Grand Prix,2023
TSU,13.0,1,Abu Dhabi Grand Prix,2023
TSU,14.0,1,Abu Dhabi Grand Prix,2023
TSU,15.0,1,Abu Dhabi Grand Prix,2023
TSU,16.0,1,Abu Dhabi Grand Prix,2023
TSU,17.0,1,Abu Dhabi Grand Prix,2023
TSU,18.0,1,Abu Dhabi Grand Prix,2023
TSU,19.0,1,Abu Dhabi Grand Prix,2023
TSU,20.0,1,Abu Dhabi Grand Prix,2023
TSU,21.0,1,Abu Dhabi Grand Prix,2023
TSU,22.0,1,Abu Dhabi Grand Prix,2023
TSU,23.0,1,Abu Dhabi Grand Prix,2023
TSU,24.0,1,Abu Dhabi Grand Prix,2023
TSU,25.0,1,Abu Dhabi Grand Prix,2023
TSU,26.0,1,Abu Dhabi Grand Prix,2023
TSU,27.0,1,Abu Dhabi Grand Prix,2023
TSU,28.0,1,Abu Dhabi Grand Prix,2023
TSU,29.0,1,Abu Dhabi Grand Prix,2023
TSU,30.0,1,Abu Dhabi Grand Prix,2023
TSU,31.0,1,Abu Dhabi Grand Prix,2023
TSU,32.0,1,Abu Dhabi Grand Prix,2023
TSU,33.0,1,Abu Dhabi Grand Prix,2023
TSU,34.0,1,Abu Dhabi Grand Prix,2023
TSU,35.0,1,Abu Dhabi Grand Prix,2023
TSU,36.0,1,Abu Dhabi Grand Prix,2023
TSU,37.0,1,Abu Dhabi Grand Prix,2023
TSU,38.0,1,Abu Dhabi Grand Prix,2023
TSU,39.0,1,Abu Dhabi Grand Prix,2023
TSU,40.0,1,Abu Dhabi Grand Prix,2023
TSU,41.0,1,Abu Dhabi Grand Prix,2023
TSU,42.0,1,Abu Dhabi Grand Prix,2023
TSU,43.0,1,Abu Dhabi Grand Prix,2023
TSU,44.0,1,Abu Dhabi Grand Prix,2023
TSU,45.0,1,Abu Dhabi Grand Prix,2023
TSU,46.0,1,Abu Dhabi Grand Prix,2023
TSU,47.0,1,Abu Dhabi Grand Prix,2023
TSU,48.0,1,Abu Dhabi Grand Prix,2023
TSU,49.0,1,Abu Dhabi Grand Prix,2023
TSU,50.0,1,Abu Dhabi Grand Prix,2023
TSU,51.0,1,Abu Dhabi Grand Prix,2023
TSU,52.0,1,Abu Dhabi Grand Prix,2023
TSU,53.0,1,Abu Dhabi Grand Prix,2023
TSU,54.0,1,Abu Dhabi Grand Prix,2023
TSU,55.0,1,Abu Dhabi Grand Prix,2023
TSU,56.0,1,Abu Dhabi Grand Prix,2023
TSU,57.0,1,Abu Dhabi Grand Prix,2023
TSU,58.0,1,Abu Dhabi Grand Prix,2023
HAM,1.0,1,Abu Dhabi Grand Prix,2023
HAM,2.0,1,Abu Dhabi Grand Prix,2023
HAM,3.0,1,Abu Dhabi Grand Prix,2023
HAM,4.0,1,Abu Dhabi Grand Prix,2023
HAM,5.0,1,Abu Dhabi Grand Prix,2023
HAM,6.0,1,Abu Dhabi Grand Prix,2023
HAM,7.0,1,Abu Dhabi Grand Prix,2023
HAM,8.0,1,Abu Dhabi Grand Prix,2023
HAM,9.0,1,Abu Dhabi Grand Prix,2023
HAM,10.0,1,Abu Dhabi Grand Prix,2023
HAM,11.0,1,Abu Dhabi Grand Prix,2023
HAM,12.0,1,Abu Dhabi Grand Prix,2023
HAM,13.0,1,Abu Dhabi Grand Prix,2023
HAM,14.0,1,Abu Dhabi Grand Prix,2023
HAM,15.0,1,Abu Dhabi Grand Prix,2023
HAM,16.0,1,Abu Dhabi Grand Prix,2023
HAM,17.0,1,Abu Dhabi Grand Prix,2023
HAM,18.0,1,Abu Dhabi Grand Prix,2023
HAM,19.0,1,Abu Dhabi Grand Prix,2023
HAM,20.0,1,Abu Dhabi Grand Prix,2023
HAM,21.0,1,Abu Dhabi Grand Prix,2023
HAM,22.0,1,Abu Dhabi Grand Prix,2023
HAM,23.0,1,Abu Dhabi Grand Prix,2023
HAM,24.0,1,Abu Dhabi Grand Prix,2023
HAM,25.0,1,Abu Dhabi Grand Prix,2023
HAM,26.0,1,Abu Dhabi Grand Prix,2023
HAM,27.0,1,Abu Dhabi Grand Prix,2023
HAM,28.0,1,Abu Dhabi Grand Prix,2023
HAM,29.0,1,Abu Dhabi Grand Prix,2023
HAM,30.0,1,Abu Dhabi Grand Prix,2023
HAM,31.0,1,Abu Dhabi Grand Prix,2023
HAM,32.0,1,Abu Dhabi Grand Prix,2023
HAM,33.0,1,Abu Dhabi Grand Prix,2023
HAM,34.0,1,Abu Dhabi Grand Prix,2023
HAM,35.0,1,Abu Dhabi Grand Prix,2023
HAM,36.0,1,Abu Dhabi Grand Prix,2023
HAM,37.0,1,Abu Dhabi Grand Prix,2023
HAM,38.0,1,Abu Dhabi Grand Prix,2023
HAM,39.0,1,Abu Dhabi Grand Prix,2023
HAM,40.0,1,Abu Dhabi Grand Prix,2023
HAM,41.0,1,Abu Dhabi Grand Prix,2023
HAM,42.0,1,Abu Dhabi Grand Prix,2023
HAM,43.0,1,Abu Dhabi Grand Prix,2023
HAM,44.0,1,Abu Dhabi Grand Prix,2023
HAM,45.0,1,Abu Dhabi Grand Prix,2023
HAM,46.0,1,Abu Dhabi Grand Prix,2023
HAM,47.0,1,Abu Dhabi Grand Prix,2023
HAM,48.0,1,Abu Dhabi Grand Prix,2023
HAM,49.0,1,Abu Dhabi Grand Prix,2023
HAM,50.0,1,Abu Dhabi Grand Prix,2023
HAM,51.0,1,Abu Dhabi Grand Prix,2023
HAM,52.0,1,Abu Dhabi Grand Prix,2023
HAM,53.0,1,Abu Dhabi Grand Prix,2023
HAM,54.0,1,Abu Dhabi Grand Prix,2023
HAM,55.0,1,Abu Dhabi Grand Prix,2023
HAM,56.0,1,Abu Dhabi Grand Prix,2023
HAM,57.0,1,Abu Dhabi Grand Prix,2023
HAM,58.0,1,Abu Dhabi Grand Prix,2023
STR,1.0,1,Abu Dhabi Grand Prix,2023
STR,2.0,1,Abu Dhabi Grand Prix,2023
STR,3.0,1,Abu Dhabi Grand Prix,2023
STR,4.0,1,Abu Dhabi Grand Prix,2023
STR,5.0,1,Abu Dhabi Grand Prix,2023
STR,6.0,1,Abu Dhabi Grand Prix,2023
STR,7.0,1,Abu Dhabi Grand Prix,2023
STR,8.0,1,Abu Dhabi Grand Prix,2023
STR,9.0,1,Abu Dhabi Grand Prix,2023
STR,10.0,1,Abu Dhabi Grand Prix,2023
STR,11.0,1,Abu Dhabi Grand Prix,2023
STR,12.0,1,Abu Dhabi Grand Prix,2023
STR,13.0,1,Abu Dhabi Grand Prix,2023
STR,14.0,1,Abu Dhabi Grand Prix,2023
STR,15.0,1,Abu Dhabi Grand Prix,2023
STR,16.0,1,Abu Dhabi Grand Prix,2023
STR,17.0,1,Abu Dhabi Grand Prix,2023
STR,18.0,1,Abu Dhabi Grand Prix,2023
STR,19.0,1,Abu Dhabi Grand Prix,2023
STR,20.0,1,Abu Dhabi Grand Prix,2023
STR,21.0,1,Abu Dhabi Grand Prix,2023
STR,22.0,1,Abu Dhabi Grand Prix,2023
STR,23.0,1,Abu Dhabi Grand Prix,2023
STR,24.0,1,Abu Dhabi Grand Prix,2023
STR,25.0,1,Abu Dhabi Grand Prix,2023
STR,26.0,1,Abu Dhabi Grand Prix,2023
STR,27.0,1,Abu Dhabi Grand Prix,2023
STR,28.0,1,Abu Dhabi Grand Prix,2023
STR,29.0,1,Abu Dhabi Grand Prix,2023
STR,30.0,1,Abu Dhabi Grand Prix,2023
STR,31.0,1,Abu Dhabi Grand Prix,2023
STR,32.0,1,Abu Dhabi Grand Prix,2023
STR,33.0,1,Abu Dhabi Grand Prix,2023
STR,34.0,1,Abu Dhabi Grand Prix,2023
STR,35.0,1,Abu Dhabi Grand Prix,2023
STR,36.0,1,Abu Dhabi Grand Prix,2023
STR,37.0,1,Abu Dhabi Grand Prix,2023
STR,38.0,1,Abu Dhabi Grand Prix,2023
STR,39.0,1,Abu Dhabi Grand Prix,2023
STR,40.0,1,Abu Dhabi Grand Prix,2023
STR,41.0,1,Abu Dhabi Grand Prix,2023
STR,42.0,1,Abu Dhabi Grand Prix,2023
STR,43.0,1,Abu Dhabi Grand Prix,2023
STR,44.0,1,Abu Dhabi Grand Prix,2023
STR,45.0,1,Abu Dhabi Grand Prix,2023
STR,46.0,1,Abu Dhabi Grand Prix,2023
STR,47.0,1,Abu Dhabi Grand Prix,2023
STR,48.0,1,Abu Dhabi Grand Prix,2023
STR,49.0,1,Abu Dhabi Grand Prix,2023
STR,50.0,1,Abu Dhabi Grand Prix,2023
STR,51.0,1,Abu Dhabi Grand Prix,2023
STR,52.0,1,Abu Dhabi Grand Prix,2023
STR,53.0,1,Abu Dhabi Grand Prix,2023
STR,54.0,1,Abu Dhabi Grand Prix,2023
STR,55.0,1,Abu Dhabi Grand Prix,2023
STR,56.0,1,Abu Dhabi Grand Prix,2023
STR,57.0,1,Abu Dhabi Grand Prix,2023
STR,58.0,1,Abu Dhabi Grand Prix,2023
RIC,1.0,1,Abu Dhabi Grand Prix,2023
RIC,2.0,1,Abu Dhabi Grand Prix,2023
RIC,3.0,1,Abu Dhabi Grand Prix,2023
RIC,4.0,1,Abu Dhabi Grand Prix,2023
RIC,5.0,1,Abu Dhabi Grand Prix,2023
RIC,6.0,1,Abu Dhabi Grand Prix,2023
RIC,7.0,1,Abu Dhabi Grand Prix,2023
RIC,8.0,1,Abu Dhabi Grand Prix,2023
RIC,9.0,1,Abu Dhabi Grand Prix,2023
RIC,10.0,1,Abu Dhabi Grand Prix,2023
RIC,11.0,1,Abu Dhabi Grand Prix,2023
RIC,12.0,1,Abu Dhabi Grand Prix,2023
RIC,13.0,1,Abu Dhabi Grand Prix,2023
RIC,14.0,1,Abu Dhabi Grand Prix,2023
RIC,15.0,1,Abu Dhabi Grand Prix,2023
RIC,16.0,1,Abu Dhabi Grand Prix,2023
RIC,17.0,1,Abu Dhabi Grand Prix,2023
RIC,18.0,1,Abu Dhabi Grand Prix,2023
RIC,19.0,1,Abu Dhabi Grand Prix,2023
RIC,20.0,1,Abu Dhabi Grand Prix,2023
RIC,21.0,1,Abu Dhabi Grand Prix,2023
RIC,22.0,1,Abu Dhabi Grand Prix,2023
RIC,23.0,1,Abu Dhabi Grand Prix,2023
RIC,24.0,1,Abu Dhabi Grand Prix,2023
RIC,25.0,1,Abu Dhabi Grand Prix,2023
RIC,26.0,1,Abu Dhabi Grand Prix,2023
RIC,27.0,1,Abu Dhabi Grand Prix,2023
RIC,28.0,1,Abu Dhabi Grand Prix,2023
RIC,29.0,1,Abu Dhabi Grand Prix,2023
RIC,30.0,1,Abu Dhabi Grand Prix,2023
RIC,31.0,1,Abu Dhabi Grand Prix,2023
RIC,32.0,1,Abu Dhabi Grand Prix,2023
RIC,33.0,1,Abu Dhabi Grand Prix,2023
RIC,34.0,1,Abu Dhabi Grand Prix,2023
RIC,35.0,1,Abu Dhabi Grand Prix,2023
RIC,36.0,1,Abu Dhabi Grand Prix,2023
RIC,37.0,1,Abu Dhabi Grand Prix,2023
RIC,38.0,1,Abu Dhabi Grand Prix,2023
RIC,39.0,1,Abu Dhabi Grand Prix,2023
RIC,40.0,1,Abu Dhabi Grand Prix,2023
RIC,41.0,1,Abu Dhabi Grand Prix,2023
RIC,42.0,1,Abu Dhabi Grand Prix,2023
RIC,43.0,1,Abu Dhabi Grand Prix,2023
RIC,44.0,1,Abu Dhabi Grand Prix,2023
RIC,45.0,1,Abu Dhabi Grand Prix,2023
RIC,46.0,1,Abu Dhabi Grand Prix,2023
RIC,47.0,1,Abu Dhabi Grand Prix,2023
RIC,48.0,1,Abu Dhabi Grand Prix,2023
RIC,49.0,1,Abu Dhabi Grand Prix,2023
RIC,50.0,1,Abu Dhabi Grand Prix,2023
RIC,51.0,1,Abu Dhabi Grand Prix,2023
RIC,52.0,1,Abu Dhabi Grand Prix,2023
RIC,53.0,1,Abu Dhabi Grand Prix,2023
RIC,54.0,1,Abu Dhabi Grand Prix,2023
RIC,55.0,1,Abu Dhabi Grand Prix,2023
RIC,56.0,1,Abu Dhabi Grand Prix,2023
RIC,57.0,1,Abu Dhabi Grand Prix,2023
RIC,58.0,1,Abu Dhabi Grand Prix,2023
OCO,1.0,1,Abu Dhabi Grand Prix,2023
OCO,2.0,1,Abu Dhabi Grand Prix,2023
OCO,3.0,1,Abu Dhabi Grand Prix,2023
OCO,4.0,1,Abu Dhabi Grand Prix,2023
OCO,5.0,1,Abu Dhabi Grand Prix,2023
OCO,6.0,1,Abu Dhabi Grand Prix,2023
OCO,7.0,1,Abu Dhabi Grand Prix,2023
OCO,8.0,1,Abu Dhabi Grand Prix,2023
OCO,9.0,1,Abu Dhabi Grand Prix,2023
OCO,10.0,1,Abu Dhabi Grand Prix,2023
OCO,11.0,1,Abu Dhabi Grand Prix,2023
OCO,12.0,1,Abu Dhabi Grand Prix,2023
OCO,13.0,1,Abu Dhabi Grand Prix,2023
OCO,14.0,1,Abu Dhabi Grand Prix,2023
OCO,15.0,1,Abu Dhabi Grand Prix,2023
OCO,16.0,1,Abu Dhabi Grand Prix,2023
OCO,17.0,1,Abu Dhabi Grand Prix,2023
OCO,18.0,1,Abu Dhabi Grand Prix,2023
OCO,19.0,1,Abu Dhabi Grand Prix,2023
OCO,20.0,1,Abu Dhabi Grand Prix,2023
OCO,21.0,1,Abu Dhabi Grand Prix,2023
OCO,22.0,1,Abu Dhabi Grand Prix,2023
OCO,23.0,1,Abu Dhabi Grand Prix,2023
OCO,24.0,1,Abu Dhabi Grand Prix,2023
OCO,25.0,1,Abu Dhabi Grand Prix,2023
OCO,26.0,1,Abu Dhabi Grand Prix,2023
OCO,27.0,1,Abu Dhabi Grand Prix,2023
OCO,28.0,1,Abu Dhabi Grand Prix,2023
OCO,29.0,1,Abu Dhabi Grand Prix,2023
OCO,30.0,1,Abu Dhabi Grand Prix,2023
OCO,31.0,1,Abu Dhabi Grand Prix,2023
OCO,32.0,1,Abu Dhabi Grand Prix,2023
OCO,33.0,1,Abu Dhabi Grand Prix,2023
OCO,34.0,1,Abu Dhabi Grand Prix,2023
OCO,35.0,1,Abu Dhabi Grand Prix,2023
OCO,36.0,1,Abu Dhabi Grand Prix,2023
OCO,37.0,1,Abu Dhabi Grand Prix,2023
OCO,38.0,1,Abu Dhabi Grand Prix,2023
OCO,39.0,1,Abu Dhabi Grand Prix,2023
OCO,40.0,1,Abu Dhabi Grand Prix,2023
OCO,41.0,1,Abu Dhabi Grand Prix,2023
OCO,42.0,1,Abu Dhabi Grand Prix,2023
OCO,43.0,1,Abu Dhabi Grand Prix,2023
OCO,44.0,1,Abu Dhabi Grand Prix,2023
OCO,45.0,1,Abu Dhabi Grand Prix,2023
OCO,46.0,1,Abu Dhabi Grand Prix,2023
OCO,47.0,1,Abu Dhabi Grand Prix,2023
OCO,48.0,1,Abu Dhabi Grand Prix,2023
OCO,49.0,1,Abu Dhabi Grand Prix,2023
OCO,50.0,1,Abu Dhabi Grand Prix,2023
OCO,51.0,1,Abu Dhabi Grand Prix,2023
OCO,52.0,1,Abu Dhabi Grand Prix,2023
OCO,53.0,1,Abu Dhabi Grand Prix,2023
OCO,54.0,1,Abu Dhabi Grand Prix,2023
OCO,55.0,1,Abu Dhabi Grand Prix,2023
OCO,56.0,1,Abu Dhabi Grand Prix,2023
OCO,57.0,1,Abu Dhabi Grand Prix,2023
OCO,58.0,1,Abu Dhabi Grand Prix,2023
GAS,1.0,1,Abu Dhabi Grand Prix,2023
GAS,2.0,1,Abu Dhabi Grand Prix,2023
GAS,3.0,1,Abu Dhabi Grand Prix,2023
GAS,4.0,1,Abu Dhabi Grand Prix,2023
GAS,5.0,1,Abu Dhabi Grand Prix,2023
GAS,6.0,1,Abu Dhabi Grand Prix,2023
GAS,7.0,1,Abu Dhabi Grand Prix,2023
GAS,8.0,1,Abu Dhabi Grand Prix,2023
GAS,9.0,1,Abu Dhabi Grand Prix,2023
GAS,10.0,1,Abu Dhabi Grand Prix,2023
GAS,11.0,1,Abu Dhabi Grand Prix,2023
GAS,12.0,1,Abu Dhabi Grand Prix,2023
GAS,13.0,1,Abu Dhabi Grand Prix,2023
GAS,14.0,1,Abu Dhabi Grand Prix,2023
GAS,15.0,1,Abu Dhabi Grand Prix,2023
GAS,16.0,1,Abu Dhabi Grand Prix,2023
GAS,17.0,1,Abu Dhabi Grand Prix,2023
GAS,18.0,1,Abu Dhabi Grand Prix,2023
GAS,19.0,1,Abu Dhabi Grand Prix,2023
GAS,20.0,1,Abu Dhabi Grand Prix,2023
GAS,21.0,1,Abu Dhabi Grand Prix,2023
GAS,22.0,1,Abu Dhabi Grand Prix,2023
GAS,23.0,1,Abu Dhabi Grand Prix,2023
GAS,24.0,1,Abu Dhabi Grand Prix,2023
GAS,25.0,1,Abu Dhabi Grand Prix,2023
GAS,26.0,1,Abu Dhabi Grand Prix,2023
GAS,27.0,1,Abu Dhabi Grand Prix,2023
GAS,28.0,1,Abu Dhabi Grand Prix,2023
GAS,29.0,1,Abu Dhabi Grand Prix,2023
GAS,30.0,1,Abu Dhabi Grand Prix,2023
GAS,31.0,1,Abu Dhabi Grand Prix,2023
GAS,32.0,1,Abu Dhabi Grand Prix,2023
GAS,33.0,1,Abu Dhabi Grand Prix,2023
GAS,34.0,1,Abu Dhabi Grand Prix,2023
GAS,35.0,1,Abu Dhabi Grand Prix,2023
GAS,36.0,1,Abu Dhabi Grand Prix,2023
GAS,37.0,1,Abu Dhabi Grand Prix,2023
GAS,38.0,1,Abu Dhabi Grand Prix,2023
GAS,39.0,1,Abu Dhabi Grand Prix,2023
GAS,40.0,1,Abu Dhabi Grand Prix,2023
GAS,41.0,1,Abu Dhabi Grand Prix,2023
GAS,42.0,1,Abu Dhabi Grand Prix,2023
GAS,43.0,1,Abu Dhabi Grand Prix,2023
GAS,44.0,1,Abu Dhabi Grand Prix,2023
GAS,45.0,1,Abu Dhabi Grand Prix,2023
GAS,46.0,1,Abu Dhabi Grand Prix,2023
GAS,47.0,1,Abu Dhabi Grand Prix,2023
GAS,48.0,1,Abu Dhabi Grand Prix,2023
GAS,49.0,1,Abu Dhabi Grand Prix,2023
GAS,50.0,1,Abu Dhabi Grand Prix,2023
GAS,51.0,1,Abu Dhabi Grand Prix,2023
GAS,52.0,1,Abu Dhabi Grand Prix,2023
GAS,53.0,1,Abu Dhabi Grand Prix,2023
GAS,54.0,1,Abu Dhabi Grand Prix,2023
GAS,55.0,1,Abu Dhabi Grand Prix,2023
GAS,56.0,1,Abu Dhabi Grand Prix,2023
GAS,57.0,1,Abu Dhabi Grand Prix,2023
GAS,58.0,1,Abu Dhabi Grand Prix,2023
ALB,1.0,1,Abu Dhabi Grand Prix,2023
ALB,2.0,1,Abu Dhabi Grand Prix,2023
ALB,3.0,1,Abu Dhabi Grand Prix,2023
ALB,4.0,1,Abu Dhabi Grand Prix,2023
ALB,5.0,1,Abu Dhabi Grand Prix,2023
ALB,6.0,1,Abu Dhabi Grand Prix,2023
ALB,7.0,1,Abu Dhabi Grand Prix,2023
ALB,8.0,1,Abu Dhabi Grand Prix,2023
ALB,9.0,1,Abu Dhabi Grand Prix,2023
ALB,10.0,1,Abu Dhabi Grand Prix,2023
ALB,11.0,1,Abu Dhabi Grand Prix,2023
ALB,12.0,1,Abu Dhabi Grand Prix,2023
ALB,13.0,1,Abu Dhabi Grand Prix,2023
ALB,14.0,1,Abu Dhabi Grand Prix,2023
ALB,15.0,1,Abu Dhabi Grand Prix,2023
ALB,16.0,1,Abu Dhabi Grand Prix,2023
ALB,17.0,1,Abu Dhabi Grand Prix,2023
ALB,18.0,1,Abu Dhabi Grand Prix,2023
ALB,19.0,1,Abu Dhabi Grand Prix,2023
ALB,20.0,1,Abu Dhabi Grand Prix,2023
ALB,21.0,1,Abu Dhabi Grand Prix,2023
ALB,22.0,1,Abu Dhabi Grand Prix,2023
ALB,23.0,1,Abu Dhabi Grand Prix,2023
ALB,24.0,1,Abu Dhabi Grand Prix,2023
ALB,25.0,1,Abu Dhabi Grand Prix,2023
ALB,26.0,1,Abu Dhabi Grand Prix,2023
ALB,27.0,1,Abu Dhabi Grand Prix,2023
ALB,28.0,1,Abu Dhabi Grand Prix,2023
ALB,29.0,1,Abu Dhabi Grand Prix,2023
ALB,30.0,1,Abu Dhabi Grand Prix,2023
ALB,31.0,1,Abu Dhabi Grand Prix,2023
ALB,32.0,1,Abu Dhabi Grand Prix,2023
ALB,33.0,1,Abu Dhabi Grand Prix,2023
ALB,34.0,1,Abu Dhabi Grand Prix,2023
ALB,35.0,1,Abu Dhabi Grand Prix,2023
ALB,36.0,1,Abu Dhabi Grand Prix,2023
ALB,37.0,1,Abu Dhabi Grand Prix,2023
ALB,38.0,1,Abu Dhabi Grand Prix,2023
ALB,39.0,1,Abu Dhabi Grand Prix,2023
ALB,40.0,1,Abu Dhabi Grand Prix,2023
ALB,41.0,1,Abu Dhabi Grand Prix,2023
ALB,42.0,1,Abu Dhabi Grand Prix,2023
ALB,43.0,1,Abu Dhabi Grand Prix,2023
ALB,44.0,1,Abu Dhabi Grand Prix,2023
ALB,45.0,1,Abu Dhabi Grand Prix,2023
ALB,46.0,1,Abu Dhabi Grand Prix,2023
ALB,47.0,1,Abu Dhabi Grand Prix,2023
ALB,48.0,1,Abu Dhabi Grand Prix,2023
ALB,49.0,1,Abu Dhabi Grand Prix,2023
ALB,50.0,1,Abu Dhabi Grand Prix,2023
ALB,51.0,1,Abu Dhabi Grand Prix,2023
ALB,52.0,1,Abu Dhabi Grand Prix,2023
ALB,53.0,1,Abu Dhabi Grand Prix,2023
ALB,54.0,1,Abu Dhabi Grand Prix,2023
ALB,55.0,1,Abu Dhabi Grand Prix,2023
ALB,56.0,1,Abu Dhabi Grand Prix,2023
ALB,57.0,1,Abu Dhabi Grand Prix,2023
ALB,58.0,1,Abu Dhabi Grand Prix,2023
HUL,1.0,1,Abu Dhabi Grand Prix,2023
HUL,2.0,1,Abu Dhabi Grand Prix,2023
HUL,3.0,1,Abu Dhabi Grand Prix,2023
HUL,4.0,1,Abu Dhabi Grand Prix,2023
HUL,5.0,1,Abu Dhabi Grand Prix,2023
HUL,6.0,1,Abu Dhabi Grand Prix,2023
HUL,7.0,1,Abu Dhabi Grand Prix,2023
HUL,8.0,1,Abu Dhabi Grand Prix,2023
HUL,9.0,1,Abu Dhabi Grand Prix,2023
HUL,10.0,1,Abu Dhabi Grand Prix,2023
HUL,11.0,1,Abu Dhabi Grand Prix,2023
HUL,12.0,1,Abu Dhabi Grand Prix,2023
HUL,13.0,1,Abu Dhabi Grand Prix,2023
HUL,14.0,1,Abu Dhabi Grand Prix,2023
HUL,15.0,1,Abu Dhabi Grand Prix,2023
HUL,16.0,1,Abu Dhabi Grand Prix,2023
HUL,17.0,1,Abu Dhabi Grand Prix,2023
HUL,18.0,1,Abu Dhabi Grand Prix,2023
HUL,19.0,1,Abu Dhabi Grand Prix,2023
HUL,20.0,1,Abu Dhabi Grand Prix,2023
HUL,21.0,1,Abu Dhabi Grand Prix,2023
HUL,22.0,1,Abu Dhabi Grand Prix,2023
HUL,23.0,1,Abu Dhabi Grand Prix,2023
HUL,24.0,1,Abu Dhabi Grand Prix,2023
HUL,25.0,1,Abu Dhabi Grand Prix,2023
HUL,26.0,1,Abu Dhabi Grand Prix,2023
HUL,27.0,1,Abu Dhabi Grand Prix,2023
HUL,28.0,1,Abu Dhabi Grand Prix,2023
HUL,29.0,1,Abu Dhabi Grand Prix,2023
HUL,30.0,1,Abu Dhabi Grand Prix,2023
HUL,31.0,1,Abu Dhabi Grand Prix,2023
HUL,32.0,1,Abu Dhabi Grand Prix,2023
HUL,33.0,1,Abu Dhabi Grand Prix,2023
HUL,34.0,1,Abu Dhabi Grand Prix,2023
HUL,35.0,1,Abu Dhabi Grand Prix,2023
HUL,36.0,1,Abu Dhabi Grand Prix,2023
HUL,37.0,1,Abu Dhabi Grand Prix,2023
HUL,38.0,1,Abu Dhabi Grand Prix,2023
HUL,39.0,1,Abu Dhabi Grand Prix,2023
HUL,40.0,1,Abu Dhabi Grand Prix,2023
HUL,41.0,1,Abu Dhabi Grand Prix,2023
HUL,42.0,1,Abu Dhabi Grand Prix,2023
HUL,43.0,1,Abu Dhabi Grand Prix,2023
HUL,44.0,1,Abu Dhabi Grand Prix,2023
HUL,45.0,1,Abu Dhabi Grand Prix,2023
HUL,46.0,1,Abu Dhabi Grand Prix,2023
HUL,47.0,1,Abu Dhabi Grand Prix,2023
HUL,48.0,1,Abu Dhabi Grand Prix,2023
HUL,49.0,1,Abu Dhabi Grand Prix,2023
HUL,50.0,1,Abu Dhabi Grand Prix,2023
HUL,51.0,1,Abu Dhabi Grand Prix,2023
HUL,52.0,1,Abu Dhabi Grand Prix,2023
HUL,53.0,1,Abu Dhabi Grand Prix,2023
HUL,54.0,1,Abu Dhabi Grand Prix,2023
HUL,55.0,1,Abu Dhabi Grand Prix,2023
HUL,56.0,1,Abu Dhabi Grand Prix,2023
HUL,57.0,1,Abu Dhabi Grand Prix,2023
HUL,58.0,1,Abu Dhabi Grand Prix,2023
SAR,1.0,1,Abu Dhabi Grand Prix,2023
SAR,2.0,1,Abu Dhabi Grand Prix,2023
SAR,3.0,1,Abu Dhabi Grand Prix,2023
SAR,4.0,1,Abu Dhabi Grand Prix,2023
SAR,5.0,1,Abu Dhabi Grand Prix,2023
SAR,6.0,1,Abu Dhabi Grand Prix,2023
SAR,7.0,1,Abu Dhabi Grand Prix,2023
SAR,8.0,1,Abu Dhabi Grand Prix,2023
SAR,9.0,1,Abu Dhabi Grand Prix,2023
SAR,10.0,1,Abu Dhabi Grand Prix,2023
SAR,11.0,1,Abu Dhabi Grand Prix,2023
SAR,12.0,1,Abu Dhabi Grand Prix,2023
SAR,13.0,1,Abu Dhabi Grand Prix,2023
SAR,14.0,1,Abu Dhabi Grand Prix,2023
SAR,15.0,1,Abu Dhabi Grand Prix,2023
SAR,16.0,1,Abu Dhabi Grand Prix,2023
SAR,17.0,1,Abu Dhabi Grand Prix,2023
SAR,18.0,1,Abu Dhabi Grand Prix,2023
SAR,19.0,1,Abu Dhabi Grand Prix,2023
SAR,20.0,1,Abu Dhabi Grand Prix,2023
SAR,21.0,1,Abu Dhabi Grand Prix,2023
SAR,22.0,1,Abu Dhabi Grand Prix,2023
SAR,23.0,1,Abu Dhabi Grand Prix,2023
SAR,24.0,1,Abu Dhabi Grand Prix,2023
SAR,25.0,1,Abu Dhabi Grand Prix,2023
SAR,26.0,1,Abu Dhabi Grand Prix,2023
SAR,27.0,1,Abu Dhabi Grand Prix,2023
SAR,28.0,1,Abu Dhabi Grand Prix,2023
SAR,29.0,1,Abu Dhabi Grand Prix,2023
SAR,30.0,1,Abu Dhabi Grand Prix,2023
SAR,31.0,1,Abu Dhabi Grand Prix,2023
SAR,32.0,1,Abu Dhabi Grand Prix,2023
SAR,33.0,1,Abu Dhabi Grand Prix,2023
SAR,34.0,1,Abu Dhabi Grand Prix,2023
SAR,35.0,1,Abu Dhabi Grand Prix,2023
SAR,36.0,1,Abu Dhabi Grand Prix,2023
SAR,37.0,1,Abu Dhabi Grand Prix,2023
SAR,38.0,1,Abu Dhabi Grand Prix,2023
SAR,39.0,1,Abu Dhabi Grand Prix,2023
SAR,40.0,1,Abu Dhabi Grand Prix,2023
SAR,41.0,1,Abu Dhabi Grand Prix,2023
SAR,42.0,1,Abu Dhabi Grand Prix,2023
SAR,43.0,1,Abu Dhabi Grand Prix,2023
SAR,44.0,1,Abu Dhabi Grand Prix,2023
SAR,45.0,1,Abu Dhabi Grand Prix,2023
SAR,46.0,1,Abu Dhabi Grand Prix,2023
SAR,47.0,1,Abu Dhabi Grand Prix,2023
SAR,48.0,1,Abu Dhabi Grand Prix,2023
SAR,49.0,1,Abu Dhabi Grand Prix,2023
SAR,50.0,1,Abu Dhabi Grand Prix,2023
SAR,51.0,1,Abu Dhabi Grand Prix,2023
SAR,52.0,1,Abu Dhabi Grand Prix,2023
SAR,53.0,1,Abu Dhabi Grand Prix,2023
SAR,54.0,1,Abu Dhabi Grand Prix,2023
SAR,55.0,1,Abu Dhabi Grand Prix,2023
SAR,56.0,1,Abu Dhabi Grand Prix,2023
SAR,57.0,1,Abu Dhabi Grand Prix,2023
SAR,58.0,1,Abu Dhabi Grand Prix,2023
ZHO,1.0,1,Abu Dhabi Grand Prix,2023
ZHO,2.0,1,Abu Dhabi Grand Prix,2023
ZHO,3.0,1,Abu Dhabi Grand Prix,2023
ZHO,4.0,1,Abu Dhabi Grand Prix,2023
ZHO,5.0,1,Abu Dhabi Grand Prix,2023
ZHO,6.0,1,Abu Dhabi Grand Prix,2023
ZHO,7.0,1,Abu Dhabi Grand Prix,2023
ZHO,8.0,1,Abu Dhabi Grand Prix,2023
ZHO,9.0,1,Abu Dhabi Grand Prix,2023
ZHO,10.0,1,Abu Dhabi Grand Prix,2023
ZHO,11.0,1,Abu Dhabi Grand Prix,2023
ZHO,12.0,1,Abu Dhabi Grand Prix,2023
ZHO,13.0,1,Abu Dhabi Grand Prix,2023
ZHO,14.0,1,Abu Dhabi Grand Prix,2023
ZHO,15.0,1,Abu Dhabi Grand Prix,2023
ZHO,16.0,1,Abu Dhabi Grand Prix,2023
ZHO,17.0,1,Abu Dhabi Grand Prix,2023
ZHO,18.0,1,Abu Dhabi Grand Prix,2023
ZHO,19.0,1,Abu Dhabi Grand Prix,2023
ZHO,20.0,1,Abu Dhabi Grand Prix,2023
ZHO,21.0,1,Abu Dhabi Grand Prix,2023
ZHO,22.0,1,Abu Dhabi Grand Prix,2023
ZHO,23.0,1,Abu Dhabi Grand Prix,2023
ZHO,24.0,1,Abu Dhabi Grand Prix,2023
ZHO,25.0,1,Abu Dhabi Grand Prix,2023
ZHO,26.0,1,Abu Dhabi Grand Prix,2023
ZHO,27.0,1,Abu Dhabi Grand Prix,2023
ZHO,28.0,1,Abu Dhabi Grand Prix,2023
ZHO,29.0,1,Abu Dhabi Grand Prix,2023
ZHO,30.0,1,Abu Dhabi Grand Prix,2023
ZHO,31.0,1,Abu Dhabi Grand Prix,2023
ZHO,32.0,1,Abu Dhabi Grand Prix,2023
ZHO,33.0,1,Abu Dhabi Grand Prix,2023
ZHO,34.0,1,Abu Dhabi Grand Prix,2023
ZHO,35.0,1,Abu Dhabi Grand Prix,2023
ZHO,36.0,1,Abu Dhabi Grand Prix,2023
ZHO,37.0,1,Abu Dhabi Grand Prix,2023
ZHO,38.0,1,Abu Dhabi Grand Prix,2023
ZHO,39.0,1,Abu Dhabi Grand Prix,2023
ZHO,40.0,1,Abu Dhabi Grand Prix,2023
ZHO,41.0,1,Abu Dhabi Grand Prix,2023
ZHO,42.0,1,Abu Dhabi Grand Prix,2023
ZHO,43.0,1,Abu Dhabi Grand Prix,2023
ZHO,44.0,1,Abu Dhabi Grand Prix,2023
ZHO,45.0,1,Abu Dhabi Grand Prix,2023
ZHO,46.0,1,Abu Dhabi Grand Prix,2023
ZHO,47.0,1,Abu Dhabi Grand Prix,2023
ZHO,48.0,1,Abu Dhabi Grand Prix,2023
ZHO,49.0,1,Abu Dhabi Grand Prix,2023
ZHO,50.0,1,Abu Dhabi Grand Prix,2023
ZHO,51.0,1,Abu Dhabi Grand Prix,2023
ZHO,52.0,1,Abu Dhabi Grand Prix,2023
ZHO,53.0,1,Abu Dhabi Grand Prix,2023
ZHO,54.0,1,Abu Dhabi Grand Prix,2023
ZHO,55.0,1,Abu Dhabi Grand Prix,2023
ZHO,56.0,1,Abu Dhabi Grand Prix,2023
ZHO,57.0,1,Abu Dhabi Grand Prix,2023
ZHO,58.0,1,Abu Dhabi Grand Prix,2023
SAI,1.0,1,Abu Dhabi Grand Prix,2023
SAI,2.0,1,Abu Dhabi Grand Prix,2023
SAI,3.0,1,Abu Dhabi Grand Prix,2023
SAI,4.0,1,Abu Dhabi Grand Prix,2023
SAI,5.0,1,Abu Dhabi Grand Prix,2023
SAI,6.0,1,Abu Dhabi Grand Prix,2023
SAI,7.0,1,Abu Dhabi Grand Prix,2023
SAI,8.0,1,Abu Dhabi Grand Prix,2023
SAI,9.0,1,Abu Dhabi Grand Prix,2023
SAI,10.0,1,Abu Dhabi Grand Prix,2023
SAI,11.0,1,Abu Dhabi Grand Prix,2023
SAI,12.0,1,Abu Dhabi Grand Prix,2023
SAI,13.0,1,Abu Dhabi Grand Prix,2023
SAI,14.0,1,Abu Dhabi Grand Prix,2023
SAI,15.0,1,Abu Dhabi Grand Prix,2023
SAI,16.0,1,Abu Dhabi Grand Prix,2023
SAI,17.0,1,Abu Dhabi Grand Prix,2023
SAI,18.0,1,Abu Dhabi Grand Prix,2023
SAI,19.0,1,Abu Dhabi Grand Prix,2023
SAI,20.0,1,Abu Dhabi Grand Prix,2023
SAI,21.0,1,Abu Dhabi Grand Prix,2023
SAI,22.0,1,Abu Dhabi Grand Prix,2023
SAI,23.0,1,Abu Dhabi Grand Prix,2023
SAI,24.0,1,Abu Dhabi Grand Prix,2023
SAI,25.0,1,Abu Dhabi Grand Prix,2023
SAI,26.0,1,Abu Dhabi Grand Prix,2023
SAI,27.0,1,Abu Dhabi Grand Prix,2023
SAI,28.0,1,Abu Dhabi Grand Prix,2023
SAI,29.0,1,Abu Dhabi Grand Prix,2023
SAI,30.0,1,Abu Dhabi Grand Prix,2023
SAI,31.0,1,Abu Dhabi Grand Prix,2023
SAI,32.0,1,Abu Dhabi Grand Prix,2023
SAI,33.0,1,Abu Dhabi Grand Prix,2023
SAI,34.0,1,Abu Dhabi Grand Prix,2023
SAI,35.0,1,Abu Dhabi Grand Prix,2023
SAI,36.0,1,Abu Dhabi Grand Prix,2023
SAI,37.0,1,Abu Dhabi Grand Prix,2023
SAI,38.0,1,Abu Dhabi Grand Prix,2023
SAI,39.0,1,Abu Dhabi Grand Prix,2023
SAI,40.0,1,Abu Dhabi Grand Prix,2023
SAI,41.0,1,Abu Dhabi Grand Prix,2023
SAI,42.0,1,Abu Dhabi Grand Prix,2023
SAI,43.0,1,Abu Dhabi Grand Prix,2023
SAI,44.0,1,Abu Dhabi Grand Prix,2023
SAI,45.0,1,Abu Dhabi Grand Prix,2023
SAI,46.0,1,Abu Dhabi Grand Prix,2023
SAI,47.0,1,Abu Dhabi Grand Prix,2023
SAI,48.0,1,Abu Dhabi Grand Prix,2023
SAI,49.0,1,Abu Dhabi Grand Prix,2023
SAI,50.0,1,Abu Dhabi Grand Prix,2023
SAI,51.0,1,Abu Dhabi Grand Prix,2023
SAI,52.0,1,Abu Dhabi Grand Prix,2023
SAI,53.0,1,Abu Dhabi Grand Prix,2023
SAI,54.0,1,Abu Dhabi Grand Prix,2023
SAI,55.0,1,Abu Dhabi Grand Prix,2023
SAI,56.0,1,Abu Dhabi Grand Prix,2023
SAI,57.0,1,Abu Dhabi Grand Prix,2023
BOT,1.0,1,Abu Dhabi Grand Prix,2023
BOT,2.0,1,Abu Dhabi Grand Prix,2023
BOT,3.0,1,Abu Dhabi Grand Prix,2023
BOT,4.0,1,Abu Dhabi Grand Prix,2023
BOT,5.0,1,Abu Dhabi Grand Prix,2023
BOT,6.0,1,Abu Dhabi Grand Prix,2023
BOT,7.0,1,Abu Dhabi Grand Prix,2023
BOT,8.0,1,Abu Dhabi Grand Prix,2023
BOT,9.0,1,Abu Dhabi Grand Prix,2023
BOT,10.0,1,Abu Dhabi Grand Prix,2023
BOT,11.0,1,Abu Dhabi Grand Prix,2023
BOT,12.0,1,Abu Dhabi Grand Prix,2023
BOT,13.0,1,Abu Dhabi Grand Prix,2023
BOT,14.0,1,Abu Dhabi Grand Prix,2023
BOT,15.0,1,Abu Dhabi Grand Prix,2023
BOT,16.0,1,Abu Dhabi Grand Prix,2023
BOT,17.0,1,Abu Dhabi Grand Prix,2023
BOT,18.0,1,Abu Dhabi Grand Prix,2023
BOT,19.0,1,Abu Dhabi Grand Prix,2023
BOT,20.0,1,Abu Dhabi Grand Prix,2023
BOT,21.0,1,Abu Dhabi Grand Prix,2023
BOT,22.0,1,Abu Dhabi Grand Prix,2023
BOT,23.0,1,Abu Dhabi Grand Prix,2023
BOT,24.0,1,Abu Dhabi Grand Prix,2023
BOT,25.0,1,Abu Dhabi Grand Prix,2023
BOT,26.0,1,Abu Dhabi Grand Prix,2023
BOT,27.0,1,Abu Dhabi Grand Prix,2023
BOT,28.0,1,Abu Dhabi Grand Prix,2023
BOT,29.0,1,Abu Dhabi Grand Prix,2023
BOT,30.0,1,Abu Dhabi Grand Prix,2023
BOT,31.0,1,Abu Dhabi Grand Prix,2023
BOT,32.0,1,Abu Dhabi Grand Prix,2023
BOT,33.0,1,Abu Dhabi Grand Prix,2023
BOT,34.0,1,Abu Dhabi Grand Prix,2023
BOT,35.0,1,Abu Dhabi Grand Prix,2023
BOT,36.0,1,Abu Dhabi Grand Prix,2023
BOT,37.0,1,Abu Dhabi Grand Prix,2023
BOT,38.0,1,Abu Dhabi Grand Prix,2023
BOT,39.0,1,Abu Dhabi Grand Prix,2023
BOT,40.0,1,Abu Dhabi Grand Prix,2023
BOT,41.0,1,Abu Dhabi Grand Prix,2023
BOT,42.0,1,Abu Dhabi Grand Prix,2023
BOT,43.0,1,Abu Dhabi Grand Prix,2023
BOT,44.0,1,Abu Dhabi Grand Prix,2023
BOT,45.0,1,Abu Dhabi Grand Prix,2023
BOT,46.0,1,Abu Dhabi Grand Prix,2023
BOT,47.0,1,Abu Dhabi Grand Prix,2023
BOT,48.0,1,Abu Dhabi Grand Prix,2023
BOT,49.0,1,Abu Dhabi Grand Prix,2023
BOT,50.0,1,Abu Dhabi Grand Prix,2023
BOT,51.0,1,Abu Dhabi Grand Prix,2023
BOT,52.0,1,Abu Dhabi Grand Prix,2023
BOT,53.0,1,Abu Dhabi Grand Prix,2023
BOT,54.0,1,Abu Dhabi Grand Prix,2023
BOT,55.0,1,Abu Dhabi Grand Prix,2023
BOT,56.0,1,Abu Dhabi Grand Prix,2023
BOT,57.0,1,Abu Dhabi Grand Prix,2023
MAG,1.0,1,Abu Dhabi Grand Prix,2023
MAG,2.0,1,Abu Dhabi Grand Prix,2023
MAG,3.0,1,Abu Dhabi Grand Prix,2023
MAG,4.0,1,Abu Dhabi Grand Prix,2023
MAG,5.0,1,Abu Dhabi Grand Prix,2023
MAG,6.0,1,Abu Dhabi Grand Prix,2023
MAG,7.0,1,Abu Dhabi Grand Prix,2023
MAG,8.0,1,Abu Dhabi Grand Prix,2023
MAG,9.0,1,Abu Dhabi Grand Prix,2023
MAG,10.0,1,Abu Dhabi Grand Prix,2023
MAG,11.0,1,Abu Dhabi Grand Prix,2023
MAG,12.0,1,Abu Dhabi Grand Prix,2023
MAG,13.0,1,Abu Dhabi Grand Prix,2023
MAG,14.0,1,Abu Dhabi Grand Prix,2023
MAG,15.0,1,Abu Dhabi Grand Prix,2023
MAG,16.0,1,Abu Dhabi Grand Prix,2023
MAG,17.0,1,Abu Dhabi Grand Prix,2023
MAG,18.0,1,Abu Dhabi Grand Prix,2023
MAG,19.0,1,Abu Dhabi Grand Prix,2023
MAG,20.0,1,Abu Dhabi Grand Prix,2023
MAG,21.0,1,Abu Dhabi Grand Prix,2023
MAG,22.0,1,Abu Dhabi Grand Prix,2023
MAG,23.0,1,Abu Dhabi Grand Prix,2023
MAG,24.0,1,Abu Dhabi Grand Prix,2023
MAG,25.0,1,Abu Dhabi Grand Prix,2023
MAG,26.0,1,Abu Dhabi Grand Prix,2023
MAG,27.0,1,Abu Dhabi Grand Prix,2023
MAG,28.0,1,Abu Dhabi Grand Prix,2023
MAG,29.0,1,Abu Dhabi Grand Prix,2023
MAG,30.0,1,Abu Dhabi Grand Prix,2023
MAG,31.0,1,Abu Dhabi Grand Prix,2023
MAG,32.0,1,Abu Dhabi Grand Prix,2023
MAG,33.0,1,Abu Dhabi Grand Prix,2023
MAG,34.0,1,Abu Dhabi Grand Prix,2023
MAG,35.0,1,Abu Dhabi Grand Prix,2023
MAG,36.0,1,Abu Dhabi Grand Prix,2023
MAG,37.0,1,Abu Dhabi Grand Prix,2023
MAG,38.0,1,Abu Dhabi Grand Prix,2023
MAG,39.0,1,Abu Dhabi Grand Prix,2023
MAG,40.0,1,Abu Dhabi Grand Prix,2023
MAG,41.0,1,Abu Dhabi Grand Prix,2023
MAG,42.0,1,Abu Dhabi Grand Prix,2023
MAG,43.0,1,Abu Dhabi Grand Prix,2023
MAG,44.0,1,Abu Dhabi Grand Prix,2023
MAG,45.0,1,Abu Dhabi Grand Prix,2023
MAG,46.0,1,Abu Dhabi Grand Prix,2023
MAG,47.0,1,Abu Dhabi Grand Prix,2023
MAG,48.0,1,Abu Dhabi Grand Prix,2023
MAG,49.0,1,Abu Dhabi Grand Prix,2023
MAG,50.0,1,Abu Dhabi Grand Prix,2023
MAG,51.0,1,Abu Dhabi Grand Prix,2023
MAG,52.0,1,Abu Dhabi Grand Prix,2023
MAG,53.0,1,Abu Dhabi Grand Prix,2023
MAG,54.0,1,Abu Dhabi Grand Prix,2023
MAG,55.0,1,Abu Dhabi Grand Prix,2023
MAG,56.0,1,Abu Dhabi Grand Prix,2023
MAG,57.0,1,Abu Dhabi Grand Prix,2023
