GP,Driver,Stint,Compound,StintLength,AirTemp,TrackTemp,FreshTyre,RaceProgress,YellowLaps,SCLaps,VSCLaps,RedFlagLaps,CircuitType_x,TrackLength_x,CircuitType_y,TrackLength_y,CircuitType,TrackLength,TrackAbrasiveness
Australian Grand Prix,ALB,1,MEDIUM,6,15.985714285714286,27.26666666666667,1,0.0185185185185185,4,12,0,0,SemiPermanent,5.278,SemiPermanent,5.278,SemiPermanent,5.278,Medium
Australian Grand Prix,ALO,1,MEDIUM,8,17.1625,30.36875,0,0.0185185185185185,5,11,0,0,SemiPermanent,5.278,SemiPermanent,5.278,SemiPermanent,5.278,Medium
Australian Grand Prix,ALO,2,HARD,46,17.292063492063495,29.506349206349203,1,0.1851851851851851,3,7,2,2,SemiPermanent,5.278,SemiPermanent,5.278,SemiPermanent,5.278,Medium
Australian Grand Prix,BOT,1,SOFT,1,15.914285714285716,25.704761904761902,1,0.0185185185185185,6,14,0,0,SemiPermanent,5.278,SemiPermanent,5.278,SemiPermanent,5.278,Medium
Australian Grand Prix,BOT,2,HARD,6,16.683333333333334,28.37222222222222,1,0.037037037037037,3,7,0,2,SemiPermanent,5.278,SemiPermanent,5.278,SemiPermanent,5.278,Medium
Australian Grand Prix,BOT,3,HARD,52,17.182258064516127,28.80322580645161,0,0.1851851851851851,1,1,4,0,SemiPermanent,5.278,SemiPermanent,5.278,SemiPermanent,5.278,Medium
Australian Grand Prix,DEV,1,HARD,7,16.525641025641026,28.066666666666663,1,0.0185185185185185,9,21,0,2,SemiPermanent,5.278,SemiPermanent,5.278,SemiPermanent,5.278,Medium
Australian Grand Prix,DEV,2,MEDIUM,37,17.498,30.298,1,0.1851851851851851,1,2,3,1,SemiPermanent,5.278,SemiPermanent,5.278,SemiPermanent,5.278,Medium
Australian Grand Prix,DEV,3,SOFT,8,17.38235294117647,29.823529411764707,1,0.8518518518518519,1,1,0,0,SemiPermanent,5.278,SemiPermanent,5.278,SemiPermanent,5.278,Medium
Australian Grand Prix,GAS,1,SOFT,7,16.66774193548387,28.635483870967743,1,0.0185185185185185,7,17,0,2,SemiPermanent,5.278,SemiPermanent,5.278,SemiPermanent,5.278,Medium
Australian Grand Prix,GAS,2,HARD,46,17.21060606060606,29.44393939393939,1,0.1851851851851851,2,5,4,1,SemiPermanent,5.278,SemiPermanent,5.278,SemiPermanent,5.278,Medium
Australian Grand Prix,HAM,1,MEDIUM,7,16.26111111111111,27.405555555555555,1,0.0185185185185185,8,18,0,2,SemiPermanent,5.278,SemiPermanent,5.278,SemiPermanent,5.278,Medium
Australian Grand Prix,HAM,2,HARD,46,17.25076923076923,29.586153846153845,1,0.1851851851851851,2,5,4,2,SemiPermanent,5.278,SemiPermanent,5.278,SemiPermanent,5.278,Medium
Australian Grand Prix,HUL,1,MEDIUM,7,16.534615384615385,28.146153846153844,1,0.0185185185185185,6,16,0,0,SemiPermanent,5.278,SemiPermanent,5.278,SemiPermanent,5.278,Medium
Australian Grand Prix,HUL,2,HARD,46,17.122535211267607,28.95633802816901,1,0.1851851851851851,4,8,2,4,SemiPermanent,5.278,SemiPermanent,5.278,SemiPermanent,5.278,Medium
Australian Grand Prix,MAG,1,MEDIUM,7,16.423809523809524,28.195238095238096,1,0.0185185185185185,5,13,0,0,SemiPermanent,5.278,SemiPermanent,5.278,SemiPermanent,5.278,Medium
Australian Grand Prix,MAG,3,HARD,45,17.12121212121212,28.83939393939394,0,0.1851851851851851,1,2,4,1,SemiPermanent,5.278,SemiPermanent,5.278,SemiPermanent,5.278,Medium
Australian Grand Prix,NOR,1,MEDIUM,7,15.988461538461538,27.03846153846154,1,0.0185185185185185,5,14,0,1,SemiPermanent,5.278,SemiPermanent,5.278,SemiPermanent,5.278,Medium
Australian Grand Prix,NOR,2,HARD,46,17.390740740740743,29.62777777777778,1,0.1851851851851851,2,4,2,2,SemiPermanent,5.278,SemiPermanent,5.278,SemiPermanent,5.278,Medium
Australian Grand Prix,OCO,1,SOFT,1,16.396666666666665,27.23333333333333,1,0.0185185185185185,8,16,0,2,SemiPermanent,5.278,SemiPermanent,5.278,SemiPermanent,5.278,Medium
Australian Grand Prix,OCO,2,HARD,6,16.154166666666665,27.25,1,0.037037037037037,2,6,2,1,SemiPermanent,5.278,SemiPermanent,5.278,SemiPermanent,5.278,Medium
Australian Grand Prix,OCO,3,HARD,53,17.50701754385965,30.18421052631579,0,0.1851851851851851,1,1,4,0,SemiPermanent,5.278,SemiPermanent,5.278,SemiPermanent,5.278,Medium
Australian Grand Prix,PER,1,HARD,1,16.5,27.165,1,0.0185185185185185,6,13,0,1,SemiPermanent,5.278,SemiPermanent,5.278,SemiPermanent,5.278,Medium
Australian Grand Prix,PER,2,MEDIUM,1,16.275,28.125,1,0.037037037037037,2,5,0,2,SemiPermanent,5.278,SemiPermanent,5.278,SemiPermanent,5.278,Medium
Australian Grand Prix,PER,3,HARD,5,16.607692307692307,29.146153846153844,1,0.0555555555555555,1,2,0,0,SemiPermanent,5.278,SemiPermanent,5.278,SemiPermanent,5.278,Medium
Australian Grand Prix,PER,4,HARD,47,17.72978723404255,30.717021276595744,0,0.1851851851851851,1,1,2,0,SemiPermanent,5.278,SemiPermanent,5.278,SemiPermanent,5.278,Medium
Australian Grand Prix,PIA,1,MEDIUM,7,16.400000000000002,27.790909090909093,1,0.0185185185185185,8,19,0,1,SemiPermanent,5.278,SemiPermanent,5.278,SemiPermanent,5.278,Medium
Australian Grand Prix,PIA,2,HARD,46,16.951249999999998,28.222500000000004,1,0.1851851851851851,2,3,5,1,SemiPermanent,5.278,SemiPermanent,5.278,SemiPermanent,5.278,Medium
Australian Grand Prix,RUS,1,MEDIUM,7,16.433333333333334,27.81515151515152,1,0.0185185185185185,9,19,0,2,SemiPermanent,5.278,SemiPermanent,5.278,SemiPermanent,5.278,Medium
Australian Grand Prix,RUS,3,HARD,10,16.422727272727272,26.545454545454547,0,0.1851851851851851,1,1,1,0,SemiPermanent,5.278,SemiPermanent,5.278,SemiPermanent,5.278,Medium
Australian Grand Prix,SAI,1,MEDIUM,7,16.693333333333335,28.46333333333333,0,0.0185185185185185,7,17,0,2,SemiPermanent,5.278,SemiPermanent,5.278,SemiPermanent,5.278,Medium
Australian Grand Prix,SAI,3,HARD,47,17.412068965517243,30.00344827586207,0,0.1851851851851851,1,1,4,0,SemiPermanent,5.278,SemiPermanent,5.278,SemiPermanent,5.278,Medium
Australian Grand Prix,SAR,1,HARD,1,16.277272727272727,27.145454545454548,1,0.0185185185185185,5,13,0,2,SemiPermanent,5.278,SemiPermanent,5.278,SemiPermanent,5.278,Medium
Australian Grand Prix,SAR,2,MEDIUM,1,17.950000000000003,33.8,1,0.037037037037037,0,1,0,0,SemiPermanent,5.278,SemiPermanent,5.278,SemiPermanent,5.278,Medium
Australian Grand Prix,SAR,3,HARD,6,15.994736842105263,26.9,0,0.0555555555555555,2,4,1,1,SemiPermanent,5.278,SemiPermanent,5.278,SemiPermanent,5.278,Medium
Australian Grand Prix,SAR,4,MEDIUM,28,17.917241379310347,31.803448275862067,1,0.1851851851851851,0,0,2,0,SemiPermanent,5.278,SemiPermanent,5.278,SemiPermanent,5.278,Medium
Australian Grand Prix,SAR,5,HARD,24,17.804545454545455,30.88181818181818,0,0.6851851851851852,1,1,2,0,SemiPermanent,5.278,SemiPermanent,5.278,SemiPermanent,5.278,Medium
Australian Grand Prix,STR,1,MEDIUM,8,17.23,30.22,0,0.0185185185185185,6,12,0,0,SemiPermanent,5.278,SemiPermanent,5.278,SemiPermanent,5.278,Medium
Australian Grand Prix,STR,2,HARD,46,17.276666666666664,29.49,1,0.1851851851851851,2,5,2,1,SemiPermanent,5.278,SemiPermanent,5.278,SemiPermanent,5.278,Medium
Australian Grand Prix,TSU,1,MEDIUM,7,16.545714285714286,28.145714285714288,1,0.0185185185185185,8,20,0,2,SemiPermanent,5.278,SemiPermanent,5.278,SemiPermanent,5.278,Medium
Australian Grand Prix,TSU,2,HARD,46,16.977464788732394,28.343661971830983,1,0.1851851851851851,2,4,4,1,SemiPermanent,5.278,SemiPermanent,5.278,SemiPermanent,5.278,Medium
Australian Grand Prix,VER,1,MEDIUM,7,16.7,28.695652173913043,1,0.0185185185185185,6,14,0,0,SemiPermanent,5.278,SemiPermanent,5.278,SemiPermanent,5.278,Medium
Australian Grand Prix,VER,2,HARD,46,17.175757575757576,29.348484848484848,1,0.1851851851851851,5,7,2,3,SemiPermanent,5.278,SemiPermanent,5.278,SemiPermanent,5.278,Medium
Australian Grand Prix,ZHO,1,SOFT,1,16.103703703703705,26.25925925925926,1,0.0185185185185185,7,17,0,2,SemiPermanent,5.278,SemiPermanent,5.278,SemiPermanent,5.278,Medium
Australian Grand Prix,ZHO,2,HARD,6,16.47857142857143,28.1,1,0.037037037037037,2,6,0,2,SemiPermanent,5.278,SemiPermanent,5.278,SemiPermanent,5.278,Medium
Australian Grand Prix,ZHO,3,HARD,53,17.370967741935484,29.346774193548388,0,0.1851851851851851,1,2,4,0,SemiPermanent,5.278,SemiPermanent,5.278,SemiPermanent,5.278,Medium
Austrian Grand Prix,ALB,1,MEDIUM,2,24.9,38.55,1,0.0140845070422535,1,4,0,0,Permanent,4.326,Permanent,4.326,Permanent,4.326,Medium
Austrian Grand Prix,ALB,2,MEDIUM,14,25.90689655172413,41.49310344827586,0,0.0422535211267605,4,1,3,0,Permanent,4.326,Permanent,4.326,Permanent,4.326,Medium
Austrian Grand Prix,ALB,3,HARD,27,23.10666666666667,33.21666666666667,1,0.2112676056338028,0,0,1,0,Permanent,4.326,Permanent,4.326,Permanent,4.326,Medium
Austrian Grand Prix,ALB,4,HARD,30,22.97878787878788,32.31818181818182,1,0.5915492957746479,0,0,0,0,Permanent,4.326,Permanent,4.326,Permanent,4.326,Medium
Austrian Grand Prix,ALO,1,HARD,2,26.50909090909091,43.33636363636364,1,0.0140845070422535,1,6,0,0,Permanent,4.326,Permanent,4.326,Permanent,4.326,Medium
Austrian Grand Prix,ALO,2,HARD,15,24.47894736842105,37.38947368421052,0,0.0422535211267605,3,1,2,0,Permanent,4.326,Permanent,4.326,Permanent,4.326,Medium
Austrian Grand Prix,ALO,3,MEDIUM,29,23.541666666666668,34.18611111111111,0,0.2253521126760563,1,0,4,0,Permanent,4.326,Permanent,4.326,Permanent,4.326,Medium
Austrian Grand Prix,ALO,4,MEDIUM,27,24.55714285714286,36.82380952380952,1,0.6338028169014085,1,0,2,0,Permanent,4.326,Permanent,4.326,Permanent,4.326,Medium
Austrian Grand Prix,BOT,1,HARD,2,26.58181818181818,44.46363636363637,1,0.0140845070422535,1,4,0,0,Permanent,4.326,Permanent,4.326,Permanent,4.326,Medium
Austrian Grand Prix,BOT,2,HARD,21,24.85806451612904,38.53548387096774,0,0.0422535211267605,4,1,6,0,Permanent,4.326,Permanent,4.326,Permanent,4.326,Medium
Austrian Grand Prix,BOT,3,MEDIUM,19,23.22272727272728,33.33181818181818,1,0.3098591549295774,0,0,0,0,Permanent,4.326,Permanent,4.326,Permanent,4.326,Medium
Austrian Grand Prix,BOT,4,HARD,30,23.43055555555556,33.544444444444444,1,0.5774647887323944,0,0,0,0,Permanent,4.326,Permanent,4.326,Permanent,4.326,Medium
Austrian Grand Prix,DEV,1,MEDIUM,2,26.33,42.3,1,0.0140845070422535,1,6,0,0,Permanent,4.326,Permanent,4.326,Permanent,4.326,Medium
Austrian Grand Prix,DEV,2,MEDIUM,12,25.504761904761907,40.266666666666666,0,0.0422535211267605,2,1,2,0,Permanent,4.326,Permanent,4.326,Permanent,4.326,Medium
Austrian Grand Prix,DEV,3,HARD,25,24.51052631578948,37.37105263157895,1,0.1830985915492957,2,0,2,0,Permanent,4.326,Permanent,4.326,Permanent,4.326,Medium
Austrian Grand Prix,DEV,4,MEDIUM,33,23.70487804878049,34.68292682926829,1,0.5352112676056338,0,0,0,0,Permanent,4.326,Permanent,4.326,Permanent,4.326,Medium
Austrian Grand Prix,GAS,1,MEDIUM,2,26.31111111111112,43.22222222222222,1,0.0140845070422535,1,5,0,0,Permanent,4.326,Permanent,4.326,Permanent,4.326,Medium
Austrian Grand Prix,GAS,2,MEDIUM,14,24.73684210526316,38.15263157894736,0,0.0422535211267605,2,1,1,0,Permanent,4.326,Permanent,4.326,Permanent,4.326,Medium
Austrian Grand Prix,GAS,3,HARD,30,23.945,35.665,1,0.2112676056338028,1,0,5,0,Permanent,4.326,Permanent,4.326,Permanent,4.326,Medium
Austrian Grand Prix,GAS,4,MEDIUM,27,23.212903225806453,32.91290322580645,1,0.6338028169014085,0,0,0,0,Permanent,4.326,Permanent,4.326,Permanent,4.326,Medium
Austrian Grand Prix,HAM,1,MEDIUM,2,26.59166666666667,43.575,1,0.0140845070422535,1,6,0,0,Permanent,4.326,Permanent,4.326,Permanent,4.326,Medium
Austrian Grand Prix,HAM,2,MEDIUM,14,24.95238095238096,38.30952380952381,0,0.0422535211267605,4,1,2,0,Permanent,4.326,Permanent,4.326,Permanent,4.326,Medium
Austrian Grand Prix,HAM,3,HARD,28,24.2875,36.755,1,0.2112676056338028,0,0,3,0,Permanent,4.326,Permanent,4.326,Permanent,4.326,Medium
Austrian Grand Prix,HAM,4,MEDIUM,29,22.990625,32.309375,1,0.6056338028169014,2,0,1,0,Permanent,4.326,Permanent,4.326,Permanent,4.326,Medium
Austrian Grand Prix,HUL,1,MEDIUM,5,26.641666666666666,43.73333333333333,0,0.0140845070422535,1,6,0,0,Permanent,4.326,Permanent,4.326,Permanent,4.326,Medium
Austrian Grand Prix,HUL,2,MEDIUM,14,26.008000000000003,41.208,0,0.0422535211267605,1,1,0,0,Permanent,4.326,Permanent,4.326,Permanent,4.326,Medium
Austrian Grand Prix,HUL,3,HARD,1,26.116666666666664,39.5,1,0.1690140845070422,1,0,0,0,Permanent,4.326,Permanent,4.326,Permanent,4.326,Medium
Austrian Grand Prix,LEC,1,MEDIUM,2,27.052941176470583,44.858823529411765,1,0.0140845070422535,3,6,1,0,Permanent,4.326,Permanent,4.326,Permanent,4.326,Medium
Austrian Grand Prix,LEC,2,MEDIUM,15,24.63809523809524,37.285714285714285,0,0.0422535211267605,2,1,3,0,Permanent,4.326,Permanent,4.326,Permanent,4.326,Medium
Austrian Grand Prix,LEC,3,MEDIUM,32,23.700000000000003,34.826829268292684,1,0.2253521126760563,2,0,2,0,Permanent,4.326,Permanent,4.326,Permanent,4.326,Medium
Austrian Grand Prix,LEC,4,HARD,24,24.35135135135135,35.983783783783785,1,0.676056338028169,0,0,1,0,Permanent,4.326,Permanent,4.326,Permanent,4.326,Medium
Austrian Grand Prix,MAG,1,HARD,1,26.46666666666667,42.48333333333333,1,0.0140845070422535,1,5,0,0,Permanent,4.326,Permanent,4.326,Permanent,4.326,Medium
Austrian Grand Prix,MAG,2,MEDIUM,1,26.925,42.96666666666667,1,0.028169014084507,0,1,0,0,Permanent,4.326,Permanent,4.326,Permanent,4.326,Medium
Austrian Grand Prix,MAG,3,HARD,31,23.95897435897436,36.22307692307693,1,0.0422535211267605,4,1,4,0,Permanent,4.326,Permanent,4.326,Permanent,4.326,Medium
Austrian Grand Prix,MAG,4,HARD,37,23.506976744186044,34.1,0,0.4929577464788732,0,0,0,0,Permanent,4.326,Permanent,4.326,Permanent,4.326,Medium
Austrian Grand Prix,NOR,1,MEDIUM,2,26.77857142857143,44.15714285714286,1,0.0140845070422535,1,6,0,0,Permanent,4.326,Permanent,4.326,Permanent,4.326,Medium
Austrian Grand Prix,NOR,2,MEDIUM,14,24.376470588235293,37.10588235294117,0,0.0422535211267605,4,1,3,0,Permanent,4.326,Permanent,4.326,Permanent,4.326,Medium
Austrian Grand Prix,NOR,3,HARD,27,23.49090909090909,34.08787878787879,1,0.2112676056338028,0,0,3,0,Permanent,4.326,Permanent,4.326,Permanent,4.326,Medium
Austrian Grand Prix,NOR,4,HARD,30,23.141176470588235,32.794117647058826,1,0.5915492957746479,1,0,2,0,Permanent,4.326,Permanent,4.326,Permanent,4.326,Medium
Austrian Grand Prix,OCO,1,MEDIUM,2,25.666666666666668,42.01666666666667,1,0.0140845070422535,1,4,0,0,Permanent,4.326,Permanent,4.326,Permanent,4.326,Medium
Austrian Grand Prix,OCO,2,MEDIUM,14,25.412,39.8,0,0.0422535211267605,4,2,2,0,Permanent,4.326,Permanent,4.326,Permanent,4.326,Medium
Austrian Grand Prix,OCO,3,HARD,26,24.5625,37.37,1,0.2112676056338028,0,0,1,0,Permanent,4.326,Permanent,4.326,Permanent,4.326,Medium
Austrian Grand Prix,OCO,4,HARD,30,23.13823529411765,32.794117647058826,1,0.5774647887323944,0,0,0,0,Permanent,4.326,Permanent,4.326,Permanent,4.326,Medium
Austrian Grand Prix,PER,1,MEDIUM,2,26.0875,41.8375,1,0.0140845070422535,1,6,0,0,Permanent,4.326,Permanent,4.326,Permanent,4.326,Medium
Austrian Grand Prix,PER,2,MEDIUM,25,24.13870967741936,36.59032258064516,0,0.0422535211267605,2,1,3,0,Permanent,4.326,Permanent,4.326,Permanent,4.326,Medium
Austrian Grand Prix,PER,3,MEDIUM,25,24.347368421052632,36.66315789473684,1,0.3661971830985915,2,0,3,0,Permanent,4.326,Permanent,4.326,Permanent,4.326,Medium
Austrian Grand Prix,PER,4,HARD,21,23.725,33.871428571428574,1,0.7183098591549296,2,0,3,0,Permanent,4.326,Permanent,4.326,Permanent,4.326,Medium
Austrian Grand Prix,PIA,1,MEDIUM,2,26.518181818181816,43.33636363636364,1,0.0140845070422535,1,6,0,0,Permanent,4.326,Permanent,4.326,Permanent,4.326,Medium
Austrian Grand Prix,PIA,2,MEDIUM,14,25.372,39.38,0,0.0422535211267605,4,1,3,0,Permanent,4.326,Permanent,4.326,Permanent,4.326,Medium
Austrian Grand Prix,PIA,3,HARD,8,24.706666666666667,36.79333333333333,1,0.2112676056338028,2,0,3,0,Permanent,4.326,Permanent,4.326,Permanent,4.326,Medium
Austrian Grand Prix,PIA,4,HARD,19,23.39565217391305,33.93913043478261,1,0.323943661971831,0,0,0,0,Permanent,4.326,Permanent,4.326,Permanent,4.326,Medium
Austrian Grand Prix,PIA,5,MEDIUM,29,23.94473684210526,35.25,1,0.5915492957746479,0,0,0,0,Permanent,4.326,Permanent,4.326,Permanent,4.326,Medium
Austrian Grand Prix,RUS,1,MEDIUM,2,26.66923076923077,43.900000000000006,1,0.0140845070422535,1,6,0,0,Permanent,4.326,Permanent,4.326,Permanent,4.326,Medium
Austrian Grand Prix,RUS,2,MEDIUM,14,25.677777777777777,40.55555555555556,0,0.0422535211267605,4,1,3,0,Permanent,4.326,Permanent,4.326,Permanent,4.326,Medium
Austrian Grand Prix,RUS,3,HARD,27,23.274193548387096,33.62903225806452,1,0.2112676056338028,0,0,1,0,Permanent,4.326,Permanent,4.326,Permanent,4.326,Medium
Austrian Grand Prix,RUS,4,MEDIUM,30,23.13529411764706,32.79705882352941,1,0.5915492957746479,1,0,2,0,Permanent,4.326,Permanent,4.326,Permanent,4.326,Medium
Austrian Grand Prix,SAI,1,MEDIUM,2,27.126315789473683,45.05789473684211,1,0.0140845070422535,3,6,3,0,Permanent,4.326,Permanent,4.326,Permanent,4.326,Medium
Austrian Grand Prix,SAI,2,MEDIUM,15,24.68095238095238,37.43333333333334,0,0.0422535211267605,2,1,2,0,Permanent,4.326,Permanent,4.326,Permanent,4.326,Medium
Austrian Grand Prix,SAI,3,MEDIUM,30,23.450000000000003,34.24166666666667,1,0.2253521126760563,1,0,1,0,Permanent,4.326,Permanent,4.326,Permanent,4.326,Medium
Austrian Grand Prix,SAI,4,HARD,26,23.24333333333333,33.00666666666667,1,0.647887323943662,0,0,2,0,Permanent,4.326,Permanent,4.326,Permanent,4.326,Medium
Austrian Grand Prix,SAR,1,MEDIUM,2,27.294117647058822,45.00588235294118,1,0.0140845070422535,3,6,1,0,Permanent,4.326,Permanent,4.326,Permanent,4.326,Medium
Austrian Grand Prix,SAR,2,MEDIUM,14,23.88,35.72,0,0.0422535211267605,2,1,2,0,Permanent,4.326,Permanent,4.326,Permanent,4.326,Medium
Austrian Grand Prix,SAR,3,HARD,29,23.059375,33.084375,1,0.2112676056338028,0,0,1,0,Permanent,4.326,Permanent,4.326,Permanent,4.326,Medium
Austrian Grand Prix,SAR,4,HARD,27,23.49375,33.953125,1,0.6197183098591549,0,0,0,0,Permanent,4.326,Permanent,4.326,Permanent,4.326,Medium
Austrian Grand Prix,STR,1,MEDIUM,2,26.37,42.9,1,0.0140845070422535,1,6,0,0,Permanent,4.326,Permanent,4.326,Permanent,4.326,Medium
Austrian Grand Prix,STR,2,MEDIUM,15,24.415,36.635000000000005,0,0.0422535211267605,2,1,2,0,Permanent,4.326,Permanent,4.326,Permanent,4.326,Medium
Austrian Grand Prix,STR,3,HARD,21,23.86206896551724,34.93448275862069,0,0.2253521126760563,3,0,4,0,Permanent,4.326,Permanent,4.326,Permanent,4.326,Medium
Austrian Grand Prix,STR,4,HARD,18,24.185185185185187,36.048148148148144,1,0.5211267605633803,1,0,3,0,Permanent,4.326,Permanent,4.326,Permanent,4.326,Medium
Austrian Grand Prix,STR,5,MEDIUM,17,24.15,35.38333333333333,1,0.7746478873239436,0,0,0,0,Permanent,4.326,Permanent,4.326,Permanent,4.326,Medium
Austrian Grand Prix,TSU,1,MEDIUM,1,26.94,43.89,1,0.0140845070422535,1,5,0,0,Permanent,4.326,Permanent,4.326,Permanent,4.326,Medium
Austrian Grand Prix,TSU,2,HARD,1,27.200000000000003,44.24444444444444,1,0.028169014084507,1,1,0,0,Permanent,4.326,Permanent,4.326,Permanent,4.326,Medium
Austrian Grand Prix,TSU,3,HARD,22,24.855882352941176,38.58529411764706,0,0.0422535211267605,2,1,5,0,Permanent,4.326,Permanent,4.326,Permanent,4.326,Medium
Austrian Grand Prix,TSU,4,HARD,20,24.228571428571428,36.48571428571429,1,0.3380281690140845,0,0,0,0,Permanent,4.326,Permanent,4.326,Permanent,4.326,Medium
Austrian Grand Prix,TSU,5,MEDIUM,27,22.6,31.3962962962963,1,0.6197183098591549,0,0,0,0,Permanent,4.326,Permanent,4.326,Permanent,4.326,Medium
Austrian Grand Prix,VER,1,MEDIUM,2,26.35,42.81,1,0.0140845070422535,1,6,0,0,Permanent,4.326,Permanent,4.326,Permanent,4.326,Medium
Austrian Grand Prix,VER,2,MEDIUM,24,23.98275862068965,35.86551724137931,0,0.0422535211267605,2,1,3,0,Permanent,4.326,Permanent,4.326,Permanent,4.326,Medium
Austrian Grand Prix,VER,3,HARD,25,24.339473684210525,36.63157894736842,1,0.352112676056338,2,0,3,0,Permanent,4.326,Permanent,4.326,Permanent,4.326,Medium
Austrian Grand Prix,VER,4,MEDIUM,20,24.223333333333336,35.39666666666667,1,0.704225352112676,1,0,3,0,Permanent,4.326,Permanent,4.326,Permanent,4.326,Medium
Austrian Grand Prix,VER,5,SOFT,5,24.35,34.425,0,0.9859154929577464,0,0,0,0,Permanent,4.326,Permanent,4.326,Permanent,4.326,Medium
Austrian Grand Prix,ZHO,1,MEDIUM,2,26.675,44.175,1,0.0140845070422535,1,5,0,0,Permanent,4.326,Permanent,4.326,Permanent,4.326,Medium
Austrian Grand Prix,ZHO,2,MEDIUM,8,24.344444444444445,36.68888888888889,0,0.0422535211267605,0,1,0,0,Permanent,4.326,Permanent,4.326,Permanent,4.326,Medium
Austrian Grand Prix,ZHO,3,HARD,30,24.242857142857144,36.61904761904762,1,0.1267605633802817,4,0,4,0,Permanent,4.326,Permanent,4.326,Permanent,4.326,Medium
Austrian Grand Prix,ZHO,4,HARD,32,23.35135135135135,33.597297297297295,1,0.5492957746478874,0,0,0,0,Permanent,4.326,Permanent,4.326,Permanent,4.326,Medium
Azerbaijan Grand Prix,ALB,1,MEDIUM,7,22.526666666666664,42.85333333333333,1,0.0196078431372549,1,0,0,0,Street,6.003,Street,6.003,Street,6.003,Low
Azerbaijan Grand Prix,ALB,2,HARD,44,24.704166666666666,40.36875,1,0.1568627450980392,4,6,0,0,Street,6.003,Street,6.003,Street,6.003,Low
Azerbaijan Grand Prix,ALO,1,MEDIUM,10,22.938888888888886,42.72777777777778,0,0.0196078431372549,2,0,0,0,Street,6.003,Street,6.003,Street,6.003,Low
Azerbaijan Grand Prix,ALO,2,HARD,40,24.69772727272728,40.27727272727273,0,0.2745098039215686,4,3,0,0,Street,6.003,Street,6.003,Street,6.003,Low
Azerbaijan Grand Prix,BOT,1,MEDIUM,6,22.37857142857143,42.85714285714285,1,0.0196078431372549,1,0,0,0,Street,6.003,Street,6.003,Street,6.003,Low
Azerbaijan Grand Prix,BOT,2,HARD,6,22.98,43.53,1,0.1372549019607843,2,6,0,0,Street,6.003,Street,6.003,Street,6.003,Low
Azerbaijan Grand Prix,BOT,3,HARD,22,23.98275862068965,41.189655172413794,1,0.2745098039215686,3,1,0,0,Street,6.003,Street,6.003,Street,6.003,Low
Azerbaijan Grand Prix,BOT,4,MEDIUM,16,24.55,36.62777777777777,1,0.6862745098039216,1,1,0,0,Street,6.003,Street,6.003,Street,6.003,Low
Azerbaijan Grand Prix,DEV,1,HARD,9,23.0125,43.05,0,0.0196078431372549,1,0,0,0,Street,6.003,Street,6.003,Street,6.003,Low
Azerbaijan Grand Prix,GAS,1,MEDIUM,5,22.33333333333333,42.75833333333333,1,0.0196078431372549,1,0,0,0,Street,6.003,Street,6.003,Street,6.003,Low
Azerbaijan Grand Prix,GAS,2,HARD,18,25.10625,41.85,1,0.1176470588235294,2,2,0,0,Street,6.003,Street,6.003,Street,6.003,Low
Azerbaijan Grand Prix,GAS,3,HARD,28,25.275,38.596428571428575,1,0.4705882352941176,1,0,0,0,Street,6.003,Street,6.003,Street,6.003,Low
Azerbaijan Grand Prix,HAM,1,MEDIUM,9,23.384615384615383,41.68461538461538,1,0.0196078431372549,1,0,0,0,Street,6.003,Street,6.003,Street,6.003,Low
Azerbaijan Grand Prix,HAM,2,HARD,42,25.27435897435897,39.57179487179487,1,0.196078431372549,3,1,0,0,Street,6.003,Street,6.003,Street,6.003,Low
Azerbaijan Grand Prix,HUL,1,HARD,49,24.41818181818181,40.64363636363637,1,0.0196078431372549,4,1,0,0,Street,6.003,Street,6.003,Street,6.003,Low
Azerbaijan Grand Prix,HUL,2,SOFT,1,20.85,38.95,1,0.9803921568627452,2,4,0,0,Street,6.003,Street,6.003,Street,6.003,Low
Azerbaijan Grand Prix,LEC,1,MEDIUM,10,23.15294117647059,42.976470588235294,1,0.0196078431372549,2,0,0,0,Street,6.003,Street,6.003,Street,6.003,Low
Azerbaijan Grand Prix,LEC,2,HARD,40,24.86904761904762,40.05238095238095,1,0.2745098039215686,4,2,0,0,Street,6.003,Street,6.003,Street,6.003,Low
Azerbaijan Grand Prix,MAG,1,MEDIUM,10,22.77894736842105,42.45789473684211,1,0.0196078431372549,2,1,0,0,Street,6.003,Street,6.003,Street,6.003,Low
Azerbaijan Grand Prix,MAG,2,HARD,41,25.24871794871795,39.47948717948718,1,0.2352941176470588,2,1,0,0,Street,6.003,Street,6.003,Street,6.003,Low
Azerbaijan Grand Prix,NOR,1,MEDIUM,9,22.84117647058824,42.71176470588235,1,0.0196078431372549,1,0,0,0,Street,6.003,Street,6.003,Street,6.003,Low
Azerbaijan Grand Prix,NOR,2,HARD,42,24.69333333333333,40.29111111111111,1,0.196078431372549,4,5,0,0,Street,6.003,Street,6.003,Street,6.003,Low
Azerbaijan Grand Prix,OCO,1,HARD,50,24.652830188679243,40.46415094339623,1,0.0196078431372549,4,1,0,0,Street,6.003,Street,6.003,Street,6.003,Low
Azerbaijan Grand Prix,OCO,2,SOFT,1,24.6,34.8,1,1.0,0,0,0,0,Street,6.003,Street,6.003,Street,6.003,Low
Azerbaijan Grand Prix,PER,1,MEDIUM,10,23.466666666666665,42.806666666666665,1,0.0196078431372549,2,0,0,0,Street,6.003,Street,6.003,Street,6.003,Low
Azerbaijan Grand Prix,PER,2,HARD,40,24.79069767441861,40.20232558139535,1,0.2745098039215686,4,3,0,0,Street,6.003,Street,6.003,Street,6.003,Low
Azerbaijan Grand Prix,PIA,1,MEDIUM,8,22.80666666666667,42.68,1,0.0196078431372549,1,0,0,0,Street,6.003,Street,6.003,Street,6.003,Low
Azerbaijan Grand Prix,PIA,2,HARD,43,24.780434782608697,40.23913043478261,1,0.1764705882352941,4,6,0,0,Street,6.003,Street,6.003,Street,6.003,Low
Azerbaijan Grand Prix,RUS,1,MEDIUM,10,22.97222222222222,42.72777777777778,1,0.0196078431372549,2,0,0,0,Street,6.003,Street,6.003,Street,6.003,Low
Azerbaijan Grand Prix,RUS,2,HARD,38,24.97948717948718,40.148717948717945,1,0.2745098039215686,4,2,0,0,Street,6.003,Street,6.003,Street,6.003,Low
Azerbaijan Grand Prix,RUS,3,SOFT,2,21.05,36.1125,1,0.9803921568627452,2,1,0,0,Street,6.003,Street,6.003,Street,6.003,Low
Azerbaijan Grand Prix,SAI,1,MEDIUM,10,23.13529411764706,43.01764705882353,1,0.0196078431372549,2,0,0,0,Street,6.003,Street,6.003,Street,6.003,Low
Azerbaijan Grand Prix,SAI,2,HARD,40,24.693181818181817,40.26363636363636,1,0.2745098039215686,4,3,0,0,Street,6.003,Street,6.003,Street,6.003,Low
Azerbaijan Grand Prix,SAR,1,MEDIUM,8,22.84,42.64666666666667,1,0.0196078431372549,1,0,0,0,Street,6.003,Street,6.003,Street,6.003,Low
Azerbaijan Grand Prix,SAR,2,HARD,43,24.778260869565216,40.22391304347826,1,0.1764705882352941,4,6,0,0,Street,6.003,Street,6.003,Street,6.003,Low
Azerbaijan Grand Prix,STR,1,MEDIUM,10,22.950000000000003,42.71111111111111,0,0.0196078431372549,2,0,0,0,Street,6.003,Street,6.003,Street,6.003,Low
Azerbaijan Grand Prix,STR,2,HARD,43,24.69772727272728,40.25909090909091,0,0.2745098039215686,3,2,0,0,Street,6.003,Street,6.003,Street,6.003,Low
Azerbaijan Grand Prix,TSU,1,MEDIUM,8,23.57272727272728,42.02727272727273,1,0.0196078431372549,1,0,0,0,Street,6.003,Street,6.003,Street,6.003,Low
Azerbaijan Grand Prix,TSU,2,HARD,43,24.53125,39.63333333333333,0,0.1764705882352941,3,2,0,0,Street,6.003,Street,6.003,Street,6.003,Low
Azerbaijan Grand Prix,VER,1,MEDIUM,10,23.2875,42.9125,1,0.0196078431372549,2,0,0,0,Street,6.003,Street,6.003,Street,6.003,Low
Azerbaijan Grand Prix,VER,2,HARD,41,24.79069767441861,40.20232558139535,1,0.2745098039215686,4,3,0,0,Street,6.003,Street,6.003,Street,6.003,Low
Azerbaijan Grand Prix,ZHO,1,MEDIUM,10,22.950000000000003,42.73888888888889,1,0.0196078431372549,2,1,0,0,Street,6.003,Street,6.003,Street,6.003,Low
Azerbaijan Grand Prix,ZHO,2,HARD,25,24.45172413793104,41.8448275862069,1,0.2745098039215686,2,4,0,0,Street,6.003,Street,6.003,Street,6.003,Low
Bahrain Grand Prix,ALB,1,SOFT,11,26.194117647058825,30.7,1,0.0175438596491228,5,0,0,0,Permanent,5.412,Permanent,5.412,Permanent,5.412,VeryHigh
Bahrain Grand Prix,ALB,2,SOFT,15,26.508000000000003,32.384,1,0.2105263157894736,0,0,0,0,Permanent,5.412,Permanent,5.412,Permanent,5.412,VeryHigh
Bahrain Grand Prix,ALB,3,HARD,14,26.164,31.576,1,0.4736842105263157,1,0,1,0,Permanent,5.412,Permanent,5.412,Permanent,5.412,VeryHigh
Bahrain Grand Prix,ALB,4,SOFT,17,24.82857142857143,28.985714285714284,0,0.7192982456140351,0,0,1,0,Permanent,5.412,Permanent,5.412,Permanent,5.412,VeryHigh
Bahrain Grand Prix,ALO,1,SOFT,17,26.2448275862069,32.54482758620689,0,0.0175438596491228,6,0,0,0,Permanent,5.412,Permanent,5.412,Permanent,5.412,VeryHigh
Bahrain Grand Prix,ALO,2,HARD,20,26.27741935483871,31.541935483870965,1,0.2631578947368421,0,0,0,0,Permanent,5.412,Permanent,5.412,Permanent,5.412,VeryHigh
Bahrain Grand Prix,ALO,3,HARD,23,26.4,31.296875,1,0.6140350877192983,2,0,1,0,Permanent,5.412,Permanent,5.412,Permanent,5.412,VeryHigh
Bahrain Grand Prix,BOT,1,SOFT,11,25.83333333333333,30.81904761904762,1,0.0175438596491228,6,0,0,0,Permanent,5.412,Permanent,5.412,Permanent,5.412,VeryHigh
Bahrain Grand Prix,BOT,2,HARD,18,26.839285714285715,33.13928571428571,1,0.2105263157894736,0,0,0,0,Permanent,5.412,Permanent,5.412,Permanent,5.412,VeryHigh
Bahrain Grand Prix,BOT,3,HARD,28,26.24,29.92571428571429,1,0.5263157894736842,1,0,2,0,Permanent,5.412,Permanent,5.412,Permanent,5.412,VeryHigh
Bahrain Grand Prix,DEV,1,SOFT,11,26.05652173913043,32.23913043478261,1,0.0175438596491228,6,0,0,0,Permanent,5.412,Permanent,5.412,Permanent,5.412,VeryHigh
Bahrain Grand Prix,DEV,2,HARD,16,26.32903225806452,32.29677419354839,1,0.2105263157894736,0,0,0,0,Permanent,5.412,Permanent,5.412,Permanent,5.412,VeryHigh
Bahrain Grand Prix,DEV,3,HARD,29,25.595744680851062,29.96382978723404,1,0.4912280701754385,1,0,2,0,Permanent,5.412,Permanent,5.412,Permanent,5.412,VeryHigh
Bahrain Grand Prix,GAS,1,SOFT,9,26.3125,33.4625,1,0.0175438596491228,6,0,0,0,Permanent,5.412,Permanent,5.412,Permanent,5.412,VeryHigh
Bahrain Grand Prix,GAS,2,HARD,16,26.236,31.28,1,0.175438596491228,0,0,0,0,Permanent,5.412,Permanent,5.412,Permanent,5.412,VeryHigh
Bahrain Grand Prix,GAS,3,HARD,15,25.42,30.97714285714286,1,0.4561403508771929,1,0,1,0,Permanent,5.412,Permanent,5.412,Permanent,5.412,VeryHigh
Bahrain Grand Prix,GAS,4,SOFT,17,26.34117647058824,28.98235294117647,1,0.7192982456140351,0,0,1,0,Permanent,5.412,Permanent,5.412,Permanent,5.412,VeryHigh
Bahrain Grand Prix,HAM,1,SOFT,15,26.65882352941176,31.670588235294115,0,0.0175438596491228,6,0,0,0,Permanent,5.412,Permanent,5.412,Permanent,5.412,VeryHigh
Bahrain Grand Prix,HAM,2,HARD,18,26.319230769230767,30.93076923076924,1,0.2280701754385964,0,0,0,0,Permanent,5.412,Permanent,5.412,Permanent,5.412,VeryHigh
Bahrain Grand Prix,HAM,3,HARD,27,26.35945945945946,30.87297297297297,1,0.543859649122807,2,0,1,0,Permanent,5.412,Permanent,5.412,Permanent,5.412,VeryHigh
Bahrain Grand Prix,HUL,1,SOFT,14,26.58823529411765,32.11764705882353,0,0.0175438596491228,4,0,0,0,Permanent,5.412,Permanent,5.412,Permanent,5.412,VeryHigh
Bahrain Grand Prix,HUL,2,HARD,15,26.945945945945947,35.097297297297295,1,0.2105263157894736,0,0,0,0,Permanent,5.412,Permanent,5.412,Permanent,5.412,VeryHigh
Bahrain Grand Prix,HUL,3,HARD,14,25.857142857142858,32.511428571428574,1,0.4736842105263157,1,0,1,0,Permanent,5.412,Permanent,5.412,Permanent,5.412,VeryHigh
Bahrain Grand Prix,HUL,4,SOFT,19,25.02962962962963,28.42222222222222,0,0.7192982456140351,0,0,1,0,Permanent,5.412,Permanent,5.412,Permanent,5.412,VeryHigh
Bahrain Grand Prix,LEC,1,SOFT,13,26.855555555555554,32.34444444444445,1,0.0175438596491228,6,0,0,0,Permanent,5.412,Permanent,5.412,Permanent,5.412,VeryHigh
Bahrain Grand Prix,LEC,2,HARD,20,26.451851851851853,30.98148148148148,1,0.2456140350877192,0,0,0,0,Permanent,5.412,Permanent,5.412,Permanent,5.412,VeryHigh
Bahrain Grand Prix,LEC,3,HARD,6,26.08333333333333,31.766666666666666,1,0.5964912280701754,0,0,0,0,Permanent,5.412,Permanent,5.412,Permanent,5.412,VeryHigh
Bahrain Grand Prix,MAG,1,HARD,15,26.3375,31.391666666666666,1,0.0175438596491228,5,0,0,0,Permanent,5.412,Permanent,5.412,Permanent,5.412,VeryHigh
Bahrain Grand Prix,MAG,2,HARD,14,26.738235294117647,34.40294117647059,1,0.2807017543859649,0,0,0,0,Permanent,5.412,Permanent,5.412,Permanent,5.412,VeryHigh
Bahrain Grand Prix,MAG,3,SOFT,11,25.946428571428573,33.017857142857146,1,0.5263157894736842,1,0,1,0,Permanent,5.412,Permanent,5.412,Permanent,5.412,VeryHigh
Bahrain Grand Prix,MAG,4,SOFT,16,26.34375,28.98125,1,0.7192982456140351,0,0,1,0,Permanent,5.412,Permanent,5.412,Permanent,5.412,VeryHigh
Bahrain Grand Prix,NOR,1,SOFT,10,26.571428571428573,33.74761904761905,1,0.0175438596491228,5,0,0,0,Permanent,5.412,Permanent,5.412,Permanent,5.412,VeryHigh
Bahrain Grand Prix,NOR,2,HARD,7,26.313333333333333,32.44,1,0.1929824561403508,0,0,0,0,Permanent,5.412,Permanent,5.412,Permanent,5.412,VeryHigh
Bahrain Grand Prix,NOR,3,SOFT,13,24.99642857142857,30.207142857142856,0,0.3157894736842105,0,0,0,0,Permanent,5.412,Permanent,5.412,Permanent,5.412,VeryHigh
Bahrain Grand Prix,NOR,4,MEDIUM,10,25.65384615384616,32.034615384615385,1,0.4912280701754385,0,0,0,0,Permanent,5.412,Permanent,5.412,Permanent,5.412,VeryHigh
Bahrain Grand Prix,NOR,5,HARD,10,25.95833333333333,28.941666666666663,1,0.6666666666666666,2,0,1,0,Permanent,5.412,Permanent,5.412,Permanent,5.412,VeryHigh
Bahrain Grand Prix,NOR,6,SOFT,11,26.285714285714285,28.885714285714283,0,0.8421052631578947,0,0,0,0,Permanent,5.412,Permanent,5.412,Permanent,5.412,VeryHigh
Bahrain Grand Prix,NOR,7,SOFT,7,26.3,28.7,0,0.9649122807017544,0,0,0,0,Permanent,5.412,Permanent,5.412,Permanent,5.412,VeryHigh
Bahrain Grand Prix,OCO,1,SOFT,15,26.38636363636364,31.97272727272728,0,0.0175438596491228,5,0,0,0,Permanent,5.412,Permanent,5.412,Permanent,5.412,VeryHigh
Bahrain Grand Prix,OCO,2,HARD,3,25.55333333333333,33.32,1,0.2280701754385964,0,0,0,0,Permanent,5.412,Permanent,5.412,Permanent,5.412,VeryHigh
Bahrain Grand Prix,OCO,3,HARD,20,25.613953488372093,31.66046511627907,0,0.2807017543859649,0,0,0,0,Permanent,5.412,Permanent,5.412,Permanent,5.412,VeryHigh
Bahrain Grand Prix,OCO,4,HARD,9,26.00909090909091,29.127272727272725,1,0.5789473684210527,2,0,1,0,Permanent,5.412,Permanent,5.412,Permanent,5.412,VeryHigh
Bahrain Grand Prix,PER,1,SOFT,20,26.845454545454547,31.95909090909091,0,0.0175438596491228,5,0,0,0,Permanent,5.412,Permanent,5.412,Permanent,5.412,VeryHigh
Bahrain Grand Prix,PER,2,SOFT,19,26.452,31.404,0,0.3157894736842105,0,0,0,0,Permanent,5.412,Permanent,5.412,Permanent,5.412,VeryHigh
Bahrain Grand Prix,PER,3,HARD,23,26.226666666666667,30.41,1,0.6140350877192983,1,0,2,0,Permanent,5.412,Permanent,5.412,Permanent,5.412,VeryHigh
Bahrain Grand Prix,PIA,1,SOFT,13,26.726923076923075,33.96923076923077,1,0.0175438596491228,5,0,0,0,Permanent,5.412,Permanent,5.412,Permanent,5.412,VeryHigh
Bahrain Grand Prix,RUS,1,SOFT,16,26.392592592592592,33.214814814814815,0,0.0175438596491228,6,0,0,0,Permanent,5.412,Permanent,5.412,Permanent,5.412,VeryHigh
Bahrain Grand Prix,RUS,2,HARD,18,26.32,30.872,1,0.2456140350877192,0,0,0,0,Permanent,5.412,Permanent,5.412,Permanent,5.412,VeryHigh
Bahrain Grand Prix,RUS,3,HARD,26,25.71875,30.73333333333333,1,0.5614035087719298,1,0,2,0,Permanent,5.412,Permanent,5.412,Permanent,5.412,VeryHigh
Bahrain Grand Prix,SAI,1,SOFT,16,26.885,33.255,0,0.0175438596491228,5,0,0,0,Permanent,5.412,Permanent,5.412,Permanent,5.412,VeryHigh
Bahrain Grand Prix,SAI,2,HARD,18,26.412,31.06,1,0.2456140350877192,0,0,0,0,Permanent,5.412,Permanent,5.412,Permanent,5.412,VeryHigh
Bahrain Grand Prix,SAI,3,HARD,26,26.23548387096774,29.74516129032258,1,0.5614035087719298,2,0,1,0,Permanent,5.412,Permanent,5.412,Permanent,5.412,VeryHigh
Bahrain Grand Prix,SAR,1,SOFT,12,26.205,31.055,1,0.0175438596491228,5,0,0,0,Permanent,5.412,Permanent,5.412,Permanent,5.412,VeryHigh
Bahrain Grand Prix,SAR,2,SOFT,18,26.334375,32.321875,1,0.2280701754385964,0,0,0,0,Permanent,5.412,Permanent,5.412,Permanent,5.412,VeryHigh
Bahrain Grand Prix,SAR,3,HARD,10,25.98421052631579,31.68421052631579,1,0.543859649122807,1,0,1,0,Permanent,5.412,Permanent,5.412,Permanent,5.412,VeryHigh
Bahrain Grand Prix,SAR,4,SOFT,16,25.126829268292685,30.70731707317073,1,0.7192982456140351,0,0,1,0,Permanent,5.412,Permanent,5.412,Permanent,5.412,VeryHigh
Bahrain Grand Prix,STR,1,SOFT,18,26.417857142857144,32.31071428571429,0,0.0175438596491228,6,0,0,0,Permanent,5.412,Permanent,5.412,Permanent,5.412,VeryHigh
Bahrain Grand Prix,STR,2,HARD,15,26.09642857142857,31.967857142857145,1,0.2807017543859649,0,0,0,0,Permanent,5.412,Permanent,5.412,Permanent,5.412,VeryHigh
Bahrain Grand Prix,STR,3,HARD,27,26.365714285714283,30.55142857142857,1,0.543859649122807,1,0,2,0,Permanent,5.412,Permanent,5.412,Permanent,5.412,VeryHigh
Bahrain Grand Prix,TSU,1,SOFT,10,26.420689655172417,34.40689655172414,1,0.0175438596491228,6,0,0,0,Permanent,5.412,Permanent,5.412,Permanent,5.412,VeryHigh
Bahrain Grand Prix,TSU,2,HARD,16,26.044,30.728,1,0.1929824561403508,0,0,0,0,Permanent,5.412,Permanent,5.412,Permanent,5.412,VeryHigh
Bahrain Grand Prix,TSU,3,HARD,14,25.13823529411765,30.029411764705884,1,0.4736842105263157,1,0,1,0,Permanent,5.412,Permanent,5.412,Permanent,5.412,VeryHigh
Bahrain Grand Prix,TSU,4,SOFT,20,26.07894736842105,28.847368421052632,0,0.7192982456140351,0,0,1,0,Permanent,5.412,Permanent,5.412,Permanent,5.412,VeryHigh
Bahrain Grand Prix,VER,1,SOFT,17,26.83181818181818,32.70909090909091,0,0.0175438596491228,5,0,0,0,Permanent,5.412,Permanent,5.412,Permanent,5.412,VeryHigh
Bahrain Grand Prix,VER,2,SOFT,22,26.43793103448276,30.7,0,0.2631578947368421,0,0,0,0,Permanent,5.412,Permanent,5.412,Permanent,5.412,VeryHigh
Bahrain Grand Prix,VER,3,HARD,21,25.11081081081081,29.02432432432433,1,0.6491228070175439,1,0,2,0,Permanent,5.412,Permanent,5.412,Permanent,5.412,VeryHigh
Bahrain Grand Prix,ZHO,1,SOFT,12,26.10454545454546,31.4,1,0.0175438596491228,6,0,0,0,Permanent,5.412,Permanent,5.412,Permanent,5.412,VeryHigh
Bahrain Grand Prix,ZHO,2,HARD,20,26.793333333333333,32.79666666666667,1,0.2280701754385964,0,0,0,0,Permanent,5.412,Permanent,5.412,Permanent,5.412,VeryHigh
Bahrain Grand Prix,ZHO,3,SOFT,25,26.23703703703704,29.82962962962963,0,0.5789473684210527,1,0,2,0,Permanent,5.412,Permanent,5.412,Permanent,5.412,VeryHigh
Bahrain Grand Prix,ZHO,4,SOFT,5,24.85,30.7,0,0.9649122807017544,0,0,0,0,Permanent,5.412,Permanent,5.412,Permanent,5.412,VeryHigh
Belgian Grand Prix,ALB,1,SOFT,7,18.441666666666663,28.2,1,0.0227272727272727,5,0,0,0,Permanent,7.004,Permanent,7.004,Permanent,7.004,Medium
Belgian Grand Prix,ALB,2,MEDIUM,16,18.01764705882353,28.0,1,0.1818181818181818,0,0,0,0,Permanent,7.004,Permanent,7.004,Permanent,7.004,Medium
Belgian Grand Prix,ALB,3,MEDIUM,10,17.52,28.29,1,0.5454545454545454,0,0,0,0,Permanent,7.004,Permanent,7.004,Permanent,7.004,Medium
Belgian Grand Prix,ALB,4,SOFT,11,18.78181818181818,29.25454545454545,1,0.7727272727272727,1,0,0,0,Permanent,7.004,Permanent,7.004,Permanent,7.004,Medium
Belgian Grand Prix,ALO,1,MEDIUM,10,18.292857142857144,28.571428571428573,1,0.0227272727272727,5,0,0,0,Permanent,7.004,Permanent,7.004,Permanent,7.004,Medium
Belgian Grand Prix,ALO,2,MEDIUM,19,17.695,27.26,1,0.25,0,0,0,0,Permanent,7.004,Permanent,7.004,Permanent,7.004,Medium
Belgian Grand Prix,ALO,3,SOFT,15,18.7125,29.3875,1,0.6818181818181818,1,0,0,0,Permanent,7.004,Permanent,7.004,Permanent,7.004,Medium
Belgian Grand Prix,BOT,1,SOFT,6,18.35,29.0375,1,0.0227272727272727,4,0,0,0,Permanent,7.004,Permanent,7.004,Permanent,7.004,Medium
Belgian Grand Prix,BOT,2,MEDIUM,18,18.02,27.76,1,0.1590909090909091,0,0,0,0,Permanent,7.004,Permanent,7.004,Permanent,7.004,Medium
Belgian Grand Prix,BOT,3,MEDIUM,20,18.360869565217392,28.291304347826088,1,0.5681818181818182,1,0,0,0,Permanent,7.004,Permanent,7.004,Permanent,7.004,Medium
Belgian Grand Prix,GAS,1,SOFT,23,18.11923076923077,28.54615384615385,1,0.0227272727272727,4,0,0,0,Permanent,7.004,Permanent,7.004,Permanent,7.004,Medium
Belgian Grand Prix,GAS,2,MEDIUM,21,18.269565217391303,28.41304347826087,1,0.5454545454545454,1,0,0,0,Permanent,7.004,Permanent,7.004,Permanent,7.004,Medium
Belgian Grand Prix,HAM,1,SOFT,12,18.24,28.846666666666668,1,0.0227272727272727,5,0,0,0,Permanent,7.004,Permanent,7.004,Permanent,7.004,Medium
Belgian Grand Prix,HAM,2,MEDIUM,15,17.794117647058822,26.705882352941178,1,0.2954545454545454,0,0,0,0,Permanent,7.004,Permanent,7.004,Permanent,7.004,Medium
Belgian Grand Prix,HAM,3,SOFT,15,18.558823529411764,29.08235294117647,1,0.6363636363636364,0,0,0,0,Permanent,7.004,Permanent,7.004,Permanent,7.004,Medium
Belgian Grand Prix,HAM,4,MEDIUM,2,19.6,25.74,1,0.9772727272727272,1,0,0,0,Permanent,7.004,Permanent,7.004,Permanent,7.004,Medium
Belgian Grand Prix,HUL,1,MEDIUM,12,18.313333333333333,29.24,1,0.0227272727272727,4,0,0,0,Permanent,7.004,Permanent,7.004,Permanent,7.004,Medium
Belgian Grand Prix,HUL,2,SOFT,12,17.823076923076922,27.03076923076923,1,0.2954545454545454,1,0,0,0,Permanent,7.004,Permanent,7.004,Permanent,7.004,Medium
Belgian Grand Prix,HUL,3,SOFT,20,18.25,29.03,1,0.5681818181818182,1,0,0,0,Permanent,7.004,Permanent,7.004,Permanent,7.004,Medium
Belgian Grand Prix,LEC,1,SOFT,13,18.323529411764707,28.723529411764705,1,0.0227272727272727,5,0,0,0,Permanent,7.004,Permanent,7.004,Permanent,7.004,Medium
Belgian Grand Prix,LEC,2,MEDIUM,15,17.65,26.80625,1,0.3181818181818182,0,0,0,0,Permanent,7.004,Permanent,7.004,Permanent,7.004,Medium
Belgian Grand Prix,LEC,3,SOFT,16,18.61176470588235,29.423529411764704,1,0.6590909090909091,1,0,0,0,Permanent,7.004,Permanent,7.004,Permanent,7.004,Medium
Belgian Grand Prix,MAG,1,SOFT,5,18.55555555555556,28.27777777777778,1,0.0227272727272727,4,0,0,0,Permanent,7.004,Permanent,7.004,Permanent,7.004,Medium
Belgian Grand Prix,MAG,2,MEDIUM,20,17.98695652173913,27.60434782608696,1,0.1363636363636363,1,0,0,0,Permanent,7.004,Permanent,7.004,Permanent,7.004,Medium
Belgian Grand Prix,MAG,3,MEDIUM,19,18.442857142857143,28.695238095238096,1,0.5909090909090909,1,0,0,0,Permanent,7.004,Permanent,7.004,Permanent,7.004,Medium
Belgian Grand Prix,NOR,1,MEDIUM,5,18.55555555555556,28.166666666666668,1,0.0227272727272727,4,0,0,0,Permanent,7.004,Permanent,7.004,Permanent,7.004,Medium
Belgian Grand Prix,NOR,2,HARD,12,18.2875,27.95625,1,0.1363636363636363,1,0,0,0,Permanent,7.004,Permanent,7.004,Permanent,7.004,Medium
Belgian Grand Prix,NOR,3,SOFT,27,18.107142857142858,28.214285714285715,1,0.4090909090909091,1,0,0,0,Permanent,7.004,Permanent,7.004,Permanent,7.004,Medium
Belgian Grand Prix,OCO,1,SOFT,6,18.366666666666667,28.54444444444444,1,0.0227272727272727,5,0,0,0,Permanent,7.004,Permanent,7.004,Permanent,7.004,Medium
Belgian Grand Prix,OCO,2,MEDIUM,19,17.96666666666667,27.64761904761905,1,0.1590909090909091,0,0,0,0,Permanent,7.004,Permanent,7.004,Permanent,7.004,Medium
Belgian Grand Prix,OCO,3,SOFT,19,18.385,28.96,1,0.5909090909090909,1,0,0,0,Permanent,7.004,Permanent,7.004,Permanent,7.004,Medium
Belgian Grand Prix,PER,1,SOFT,13,18.38888888888889,28.46111111111111,1,0.0227272727272727,5,0,0,0,Permanent,7.004,Permanent,7.004,Permanent,7.004,Medium
Belgian Grand Prix,PER,2,MEDIUM,16,17.670588235294115,26.988235294117647,1,0.3181818181818182,0,0,0,0,Permanent,7.004,Permanent,7.004,Permanent,7.004,Medium
Belgian Grand Prix,PER,3,SOFT,15,18.827777777777776,28.76111111111112,1,0.6818181818181818,1,0,0,0,Permanent,7.004,Permanent,7.004,Permanent,7.004,Medium
Belgian Grand Prix,RIC,1,SOFT,5,18.3375,28.0375,1,0.0227272727272727,4,0,0,0,Permanent,7.004,Permanent,7.004,Permanent,7.004,Medium
Belgian Grand Prix,RIC,2,MEDIUM,17,18.089473684210525,28.20526315789473,1,0.1363636363636363,0,0,0,0,Permanent,7.004,Permanent,7.004,Permanent,7.004,Medium
Belgian Grand Prix,RIC,3,MEDIUM,22,18.14090909090909,28.663636363636364,1,0.5227272727272727,1,0,0,0,Permanent,7.004,Permanent,7.004,Permanent,7.004,Medium
Belgian Grand Prix,RUS,1,MEDIUM,22,18.161538461538463,28.41538461538461,1,0.0227272727272727,5,0,0,0,Permanent,7.004,Permanent,7.004,Permanent,7.004,Medium
Belgian Grand Prix,RUS,2,SOFT,22,18.224,28.092,1,0.5227272727272727,1,0,0,0,Permanent,7.004,Permanent,7.004,Permanent,7.004,Medium
Belgian Grand Prix,SAI,1,SOFT,7,18.372727272727275,28.29090909090909,1,0.0227272727272727,5,0,0,0,Permanent,7.004,Permanent,7.004,Permanent,7.004,Medium
Belgian Grand Prix,SAI,2,MEDIUM,16,18.021052631578947,27.31578947368421,1,0.1818181818181818,0,0,0,0,Permanent,7.004,Permanent,7.004,Permanent,7.004,Medium
Belgian Grand Prix,SAR,1,SOFT,8,18.35833333333333,28.10833333333333,1,0.0227272727272727,5,0,0,0,Permanent,7.004,Permanent,7.004,Permanent,7.004,Medium
Belgian Grand Prix,SAR,2,MEDIUM,16,17.8625,27.85,1,0.2045454545454545,0,0,0,0,Permanent,7.004,Permanent,7.004,Permanent,7.004,Medium
Belgian Grand Prix,SAR,3,MEDIUM,10,17.669999999999998,28.72,1,0.5681818181818182,0,0,0,0,Permanent,7.004,Permanent,7.004,Permanent,7.004,Medium
Belgian Grand Prix,SAR,4,SOFT,10,18.83,29.34,1,0.7954545454545454,1,0,0,0,Permanent,7.004,Permanent,7.004,Permanent,7.004,Medium
Belgian Grand Prix,STR,1,MEDIUM,20,18.17727272727273,29.01363636363636,1,0.0227272727272727,3,0,0,0,Permanent,7.004,Permanent,7.004,Permanent,7.004,Medium
Belgian Grand Prix,STR,2,SOFT,24,18.116,28.2,1,0.4772727272727273,1,0,0,0,Permanent,7.004,Permanent,7.004,Permanent,7.004,Medium
Belgian Grand Prix,TSU,1,MEDIUM,9,18.33076923076923,28.5,1,0.0227272727272727,4,0,0,0,Permanent,7.004,Permanent,7.004,Permanent,7.004,Medium
Belgian Grand Prix,TSU,2,MEDIUM,15,17.96470588235294,27.34705882352941,1,0.2272727272727272,0,0,0,0,Permanent,7.004,Permanent,7.004,Permanent,7.004,Medium
Belgian Grand Prix,TSU,3,SOFT,20,18.304761904761904,28.757142857142856,1,0.5681818181818182,1,0,0,0,Permanent,7.004,Permanent,7.004,Permanent,7.004,Medium
Belgian Grand Prix,VER,1,SOFT,14,18.344444444444445,28.700000000000003,1,0.0227272727272727,4,0,0,0,Permanent,7.004,Permanent,7.004,Permanent,7.004,Medium
Belgian Grand Prix,VER,2,MEDIUM,16,17.76111111111111,26.83333333333333,1,0.3409090909090909,0,0,0,0,Permanent,7.004,Permanent,7.004,Permanent,7.004,Medium
Belgian Grand Prix,VER,3,SOFT,14,18.876470588235293,28.66470588235294,1,0.7045454545454546,0,0,0,0,Permanent,7.004,Permanent,7.004,Permanent,7.004,Medium
Belgian Grand Prix,ZHO,1,SOFT,7,18.3,28.59,1,0.0227272727272727,5,0,0,0,Permanent,7.004,Permanent,7.004,Permanent,7.004,Medium
Belgian Grand Prix,ZHO,2,MEDIUM,18,17.96,27.47,1,0.1818181818181818,0,0,0,0,Permanent,7.004,Permanent,7.004,Permanent,7.004,Medium
Belgian Grand Prix,ZHO,3,SOFT,19,18.31578947368421,29.194736842105264,1,0.5909090909090909,1,0,0,0,Permanent,7.004,Permanent,7.004,Permanent,7.004,Medium
British Grand Prix,ALB,1,MEDIUM,32,21.26744186046512,29.01627906976744,1,0.0192307692307692,1,0,1,0,Permanent,5.891,Permanent,5.891,Permanent,5.891,VeryHigh
British Grand Prix,ALB,2,SOFT,24,21.95,30.56,0,0.6538461538461539,0,2,0,0,Permanent,5.891,Permanent,5.891,Permanent,5.891,VeryHigh
British Grand Prix,ALO,1,MEDIUM,34,21.47906976744186,30.17209302325581,0,0.0192307692307692,1,1,2,0,Permanent,5.891,Permanent,5.891,Permanent,5.891,VeryHigh
British Grand Prix,ALO,2,SOFT,22,22.79259259259259,34.41481481481482,0,0.7307692307692307,0,1,0,0,Permanent,5.891,Permanent,5.891,Permanent,5.891,VeryHigh
British Grand Prix,BOT,1,HARD,32,22.00862068965517,31.124137931034483,1,0.0192307692307692,1,0,1,0,Permanent,5.891,Permanent,5.891,Permanent,5.891,VeryHigh
British Grand Prix,BOT,2,SOFT,20,22.404545454545453,31.904545454545453,1,0.6538461538461539,0,3,0,0,Permanent,5.891,Permanent,5.891,Permanent,5.891,VeryHigh
British Grand Prix,DEV,1,SOFT,27,22.083673469387755,30.64897959183673,1,0.0192307692307692,0,0,0,0,Permanent,5.891,Permanent,5.891,Permanent,5.891,VeryHigh
British Grand Prix,DEV,2,MEDIUM,5,23.242105263157896,34.53684210526316,1,0.5384615384615384,1,0,1,0,Permanent,5.891,Permanent,5.891,Permanent,5.891,VeryHigh
British Grand Prix,DEV,3,SOFT,20,23.12121212121212,32.75151515151515,1,0.6538461538461539,0,3,0,0,Permanent,5.891,Permanent,5.891,Permanent,5.891,VeryHigh
British Grand Prix,GAS,1,MEDIUM,31,21.95357142857143,31.2,1,0.0192307692307692,0,0,0,0,Permanent,5.891,Permanent,5.891,Permanent,5.891,VeryHigh
British Grand Prix,GAS,2,SOFT,17,21.577777777777776,28.98333333333333,0,0.6153846153846154,1,4,2,0,Permanent,5.891,Permanent,5.891,Permanent,5.891,VeryHigh
British Grand Prix,HAM,1,MEDIUM,33,21.678431372549017,30.49215686274509,1,0.0192307692307692,1,1,2,0,Permanent,5.891,Permanent,5.891,Permanent,5.891,VeryHigh
British Grand Prix,HAM,2,SOFT,22,22.24230769230769,30.950000000000003,0,0.75,0,0,0,0,Permanent,5.891,Permanent,5.891,Permanent,5.891,VeryHigh
British Grand Prix,HUL,1,HARD,7,23.095,32.61,1,0.0192307692307692,0,0,0,0,Permanent,5.891,Permanent,5.891,Permanent,5.891,VeryHigh
British Grand Prix,HUL,2,MEDIUM,25,21.34,30.042857142857144,1,0.1538461538461538,1,0,1,0,Permanent,5.891,Permanent,5.891,Permanent,5.891,VeryHigh
British Grand Prix,HUL,3,SOFT,20,23.65,32.89772727272727,1,0.6538461538461539,0,4,0,0,Permanent,5.891,Permanent,5.891,Permanent,5.891,VeryHigh
British Grand Prix,LEC,1,MEDIUM,18,21.568181818181817,30.38636363636364,1,0.0192307692307692,0,0,0,0,Permanent,5.891,Permanent,5.891,Permanent,5.891,VeryHigh
British Grand Prix,LEC,2,HARD,14,21.348148148148148,30.01111111111111,1,0.3653846153846153,1,0,1,0,Permanent,5.891,Permanent,5.891,Permanent,5.891,VeryHigh
British Grand Prix,LEC,3,MEDIUM,20,21.52272727272728,29.113636363636363,1,0.6538461538461539,0,2,0,0,Permanent,5.891,Permanent,5.891,Permanent,5.891,VeryHigh
British Grand Prix,MAG,1,MEDIUM,31,21.6475,31.085,1,0.0192307692307692,0,0,0,0,Permanent,5.891,Permanent,5.891,Permanent,5.891,VeryHigh
British Grand Prix,NOR,1,MEDIUM,33,21.66938775510204,30.597959183673467,1,0.0192307692307692,1,1,1,0,Permanent,5.891,Permanent,5.891,Permanent,5.891,VeryHigh
British Grand Prix,NOR,2,HARD,19,22.357894736842105,31.021052631578947,1,0.75,0,0,0,0,Permanent,5.891,Permanent,5.891,Permanent,5.891,VeryHigh
British Grand Prix,OCO,1,SOFT,9,22.17391304347826,28.60434782608696,1,0.0192307692307692,0,0,0,0,Permanent,5.891,Permanent,5.891,Permanent,5.891,VeryHigh
British Grand Prix,PER,1,MEDIUM,28,21.639024390243904,30.07560975609756,1,0.0192307692307692,0,0,0,0,Permanent,5.891,Permanent,5.891,Permanent,5.891,VeryHigh
British Grand Prix,PER,2,SOFT,24,22.17096774193548,32.68709677419355,1,0.5576923076923077,1,3,2,0,Permanent,5.891,Permanent,5.891,Permanent,5.891,VeryHigh
British Grand Prix,PIA,1,MEDIUM,29,21.860869565217392,30.13478260869565,1,0.0192307692307692,0,0,0,0,Permanent,5.891,Permanent,5.891,Permanent,5.891,VeryHigh
British Grand Prix,PIA,2,HARD,23,21.95,31.04583333333333,1,0.5769230769230769,1,2,2,0,Permanent,5.891,Permanent,5.891,Permanent,5.891,VeryHigh
British Grand Prix,RUS,1,SOFT,31,21.667391304347827,30.13043478260869,0,0.0192307692307692,0,0,0,0,Permanent,5.891,Permanent,5.891,Permanent,5.891,VeryHigh
British Grand Prix,RUS,2,MEDIUM,24,22.00344827586207,32.03103448275862,1,0.5576923076923077,1,2,2,0,Permanent,5.891,Permanent,5.891,Permanent,5.891,VeryHigh
British Grand Prix,SAI,1,MEDIUM,26,22.025,31.8275,1,0.0192307692307692,0,0,0,0,Permanent,5.891,Permanent,5.891,Permanent,5.891,VeryHigh
British Grand Prix,SAI,2,HARD,26,21.655555555555555,29.577777777777776,1,0.5192307692307693,1,3,2,0,Permanent,5.891,Permanent,5.891,Permanent,5.891,VeryHigh
British Grand Prix,SAR,1,MEDIUM,29,21.85384615384616,31.107692307692307,1,0.0192307692307692,0,0,0,0,Permanent,5.891,Permanent,5.891,Permanent,5.891,VeryHigh
British Grand Prix,SAR,2,SOFT,23,22.021875,30.134375,1,0.5769230769230769,1,4,2,0,Permanent,5.891,Permanent,5.891,Permanent,5.891,VeryHigh
British Grand Prix,STR,1,MEDIUM,32,21.979166666666668,31.914583333333336,0,0.0192307692307692,0,0,0,0,Permanent,5.891,Permanent,5.891,Permanent,5.891,VeryHigh
British Grand Prix,STR,2,SOFT,24,22.26875,32.68125,0,0.6153846153846154,1,4,2,0,Permanent,5.891,Permanent,5.891,Permanent,5.891,VeryHigh
British Grand Prix,TSU,1,SOFT,14,22.71052631578948,31.757894736842104,1,0.0192307692307692,0,0,0,0,Permanent,5.891,Permanent,5.891,Permanent,5.891,VeryHigh
British Grand Prix,TSU,2,HARD,18,21.46666666666667,31.44074074074074,1,0.2884615384615384,1,0,1,0,Permanent,5.891,Permanent,5.891,Permanent,5.891,VeryHigh
British Grand Prix,TSU,3,SOFT,20,22.61764705882353,33.33529411764706,1,0.6538461538461539,0,3,0,0,Permanent,5.891,Permanent,5.891,Permanent,5.891,VeryHigh
British Grand Prix,VER,1,MEDIUM,33,21.678,30.934,1,0.0192307692307692,1,1,1,0,Permanent,5.891,Permanent,5.891,Permanent,5.891,VeryHigh
British Grand Prix,VER,2,SOFT,22,22.496666666666663,32.36666666666667,0,0.75,0,0,0,0,Permanent,5.891,Permanent,5.891,Permanent,5.891,VeryHigh
British Grand Prix,ZHO,1,MEDIUM,24,21.51428571428572,29.042857142857144,1,0.0192307692307692,0,0,0,0,Permanent,5.891,Permanent,5.891,Permanent,5.891,VeryHigh
British Grand Prix,ZHO,2,HARD,9,22.84210526315789,36.17368421052631,1,0.4807692307692308,1,1,2,0,Permanent,5.891,Permanent,5.891,Permanent,5.891,VeryHigh
British Grand Prix,ZHO,3,SOFT,2,24.077777777777776,34.94444444444444,1,0.6730769230769231,0,1,0,0,Permanent,5.891,Permanent,5.891,Permanent,5.891,VeryHigh
British Grand Prix,ZHO,4,SOFT,19,22.485714285714284,32.938095238095244,0,0.7307692307692307,0,1,0,0,Permanent,5.891,Permanent,5.891,Permanent,5.891,VeryHigh
Canadian Grand Prix,ALB,1,MEDIUM,13,19.06551724137931,29.475862068965515,0,0.0142857142857142,4,1,5,0,SemiPermanent,4.361,SemiPermanent,4.361,SemiPermanent,4.361,Medium
Canadian Grand Prix,ALB,2,HARD,58,18.56756756756757,28.389189189189192,1,0.1857142857142857,6,9,3,0,SemiPermanent,4.361,SemiPermanent,4.361,SemiPermanent,4.361,Medium
Canadian Grand Prix,ALO,1,MEDIUM,12,19.48,31.196,1,0.0142857142857142,4,1,1,0,SemiPermanent,4.361,SemiPermanent,4.361,SemiPermanent,4.361,Medium
Canadian Grand Prix,ALO,2,HARD,29,18.659574468085108,28.138297872340427,0,0.2,8,5,2,0,SemiPermanent,4.361,SemiPermanent,4.361,SemiPermanent,4.361,Medium
Canadian Grand Prix,ALO,3,HARD,29,18.297727272727272,26.568181818181817,1,0.6,1,11,0,0,SemiPermanent,4.361,SemiPermanent,4.361,SemiPermanent,4.361,Medium
Canadian Grand Prix,BOT,1,HARD,36,19.319607843137256,31.29803921568628,1,0.0142857142857142,6,5,4,0,SemiPermanent,4.361,SemiPermanent,4.361,SemiPermanent,4.361,Medium
Canadian Grand Prix,BOT,2,MEDIUM,34,17.96153846153846,25.89423076923077,1,0.5285714285714286,4,2,4,0,SemiPermanent,4.361,SemiPermanent,4.361,SemiPermanent,4.361,Medium
Canadian Grand Prix,DEV,1,MEDIUM,11,19.424,30.8,1,0.0142857142857142,2,0,4,0,SemiPermanent,4.361,SemiPermanent,4.361,SemiPermanent,4.361,Medium
Canadian Grand Prix,DEV,2,HARD,39,18.63859649122807,28.54561403508772,1,0.1714285714285714,6,9,4,0,SemiPermanent,4.361,SemiPermanent,4.361,SemiPermanent,4.361,Medium
Canadian Grand Prix,DEV,3,HARD,19,19.1625,28.47083333333333,1,0.7285714285714285,0,0,0,0,SemiPermanent,4.361,SemiPermanent,4.361,SemiPermanent,4.361,Medium
Canadian Grand Prix,GAS,1,SOFT,10,18.926315789473687,27.79736842105263,1,0.0142857142857142,4,1,6,0,SemiPermanent,4.361,SemiPermanent,4.361,SemiPermanent,4.361,Medium
Canadian Grand Prix,GAS,2,HARD,23,19.54615384615385,32.03846153846154,0,0.1571428571428571,2,8,0,0,SemiPermanent,4.361,SemiPermanent,4.361,SemiPermanent,4.361,Medium
Canadian Grand Prix,GAS,3,HARD,37,20.09803921568628,30.764705882352946,1,0.4857142857142857,3,0,1,0,SemiPermanent,4.361,SemiPermanent,4.361,SemiPermanent,4.361,Medium
Canadian Grand Prix,HAM,1,MEDIUM,12,20.34,32.46,1,0.0142857142857142,6,5,2,0,SemiPermanent,4.361,SemiPermanent,4.361,SemiPermanent,4.361,Medium
Canadian Grand Prix,HAM,2,HARD,28,18.45853658536585,27.882926829268293,1,0.2,6,3,1,0,SemiPermanent,4.361,SemiPermanent,4.361,SemiPermanent,4.361,Medium
Canadian Grand Prix,HAM,3,MEDIUM,30,18.93421052631579,28.26842105263158,1,0.5857142857142857,0,4,0,0,SemiPermanent,4.361,SemiPermanent,4.361,SemiPermanent,4.361,Medium
Canadian Grand Prix,HUL,1,MEDIUM,11,18.989655172413794,29.48275862068965,1,0.0142857142857142,5,0,2,0,SemiPermanent,4.361,SemiPermanent,4.361,SemiPermanent,4.361,Medium
Canadian Grand Prix,HUL,2,HARD,20,18.05,27.153125,1,0.1714285714285714,6,6,2,0,SemiPermanent,4.361,SemiPermanent,4.361,SemiPermanent,4.361,Medium
Canadian Grand Prix,HUL,3,HARD,38,18.433333333333334,27.697916666666668,1,0.4571428571428571,2,4,0,0,SemiPermanent,4.361,SemiPermanent,4.361,SemiPermanent,4.361,Medium
Canadian Grand Prix,LEC,1,MEDIUM,39,18.374137931034483,28.936206896551724,1,0.0142857142857142,9,7,2,0,SemiPermanent,4.361,SemiPermanent,4.361,SemiPermanent,4.361,Medium
Canadian Grand Prix,LEC,2,HARD,31,18.627777777777776,26.996296296296297,1,0.5714285714285714,4,2,2,0,SemiPermanent,4.361,SemiPermanent,4.361,SemiPermanent,4.361,Medium
Canadian Grand Prix,MAG,1,HARD,34,18.93529411764706,30.2921568627451,1,0.0142857142857142,5,5,4,0,SemiPermanent,4.361,SemiPermanent,4.361,SemiPermanent,4.361,Medium
Canadian Grand Prix,MAG,2,MEDIUM,18,18.40625,26.8875,1,0.5142857142857142,2,1,3,0,SemiPermanent,4.361,SemiPermanent,4.361,SemiPermanent,4.361,Medium
Canadian Grand Prix,MAG,3,MEDIUM,16,17.923333333333336,25.08,1,0.7714285714285715,0,5,0,0,SemiPermanent,4.361,SemiPermanent,4.361,SemiPermanent,4.361,Medium
Canadian Grand Prix,NOR,1,MEDIUM,12,19.588,31.408,1,0.0142857142857142,5,1,2,0,SemiPermanent,4.361,SemiPermanent,4.361,SemiPermanent,4.361,Medium
Canadian Grand Prix,NOR,2,HARD,23,17.530952380952378,25.428571428571427,1,0.1857142857142857,8,6,2,0,SemiPermanent,4.361,SemiPermanent,4.361,SemiPermanent,4.361,Medium
Canadian Grand Prix,NOR,3,HARD,36,18.738636363636363,28.420454545454547,0,0.5142857142857142,1,4,0,0,SemiPermanent,4.361,SemiPermanent,4.361,SemiPermanent,4.361,Medium
Canadian Grand Prix,OCO,1,MEDIUM,12,19.874193548387098,31.34193548387097,1,0.0142857142857142,6,3,2,0,SemiPermanent,4.361,SemiPermanent,4.361,SemiPermanent,4.361,Medium
Canadian Grand Prix,OCO,2,HARD,24,18.38157894736842,27.628947368421056,1,0.1857142857142857,7,6,2,0,SemiPermanent,4.361,SemiPermanent,4.361,SemiPermanent,4.361,Medium
Canadian Grand Prix,OCO,3,HARD,34,18.97567567567568,29.178378378378376,1,0.5285714285714286,0,3,0,0,SemiPermanent,4.361,SemiPermanent,4.361,SemiPermanent,4.361,Medium
Canadian Grand Prix,PER,1,HARD,37,19.048076923076923,30.609615384615385,1,0.0142857142857142,6,5,3,0,SemiPermanent,4.361,SemiPermanent,4.361,SemiPermanent,4.361,Medium
Canadian Grand Prix,PER,2,MEDIUM,31,17.879591836734694,25.618367346938776,1,0.5428571428571428,4,4,4,0,SemiPermanent,4.361,SemiPermanent,4.361,SemiPermanent,4.361,Medium
Canadian Grand Prix,PER,3,SOFT,2,17.18,22.09,1,0.9857142857142858,0,4,0,0,SemiPermanent,4.361,SemiPermanent,4.361,SemiPermanent,4.361,Medium
Canadian Grand Prix,PIA,1,MEDIUM,12,19.7448275862069,31.33103448275862,1,0.0142857142857142,5,1,2,0,SemiPermanent,4.361,SemiPermanent,4.361,SemiPermanent,4.361,Medium
Canadian Grand Prix,PIA,2,HARD,25,17.871739130434783,26.2,1,0.1857142857142857,9,9,2,0,SemiPermanent,4.361,SemiPermanent,4.361,SemiPermanent,4.361,Medium
Canadian Grand Prix,PIA,3,HARD,33,18.27173913043478,26.93260869565217,0,0.5428571428571428,0,5,0,0,SemiPermanent,4.361,SemiPermanent,4.361,SemiPermanent,4.361,Medium
Canadian Grand Prix,RUS,1,MEDIUM,11,20.693103448275863,33.13448275862069,1,0.0142857142857142,5,5,2,0,SemiPermanent,4.361,SemiPermanent,4.361,SemiPermanent,4.361,Medium
Canadian Grand Prix,RUS,2,HARD,41,18.64181818181818,28.605454545454545,1,0.1857142857142857,4,4,1,0,SemiPermanent,4.361,SemiPermanent,4.361,SemiPermanent,4.361,Medium
Canadian Grand Prix,SAI,1,MEDIUM,38,18.60333333333333,29.34333333333333,1,0.0142857142857142,8,7,5,0,SemiPermanent,4.361,SemiPermanent,4.361,SemiPermanent,4.361,Medium
Canadian Grand Prix,SAI,2,HARD,32,19.06382978723404,28.274468085106385,1,0.5571428571428572,2,1,3,0,SemiPermanent,4.361,SemiPermanent,4.361,SemiPermanent,4.361,Medium
Canadian Grand Prix,SAR,1,MEDIUM,6,18.47777777777777,27.29259259259259,1,0.0142857142857142,2,0,0,0,SemiPermanent,4.361,SemiPermanent,4.361,SemiPermanent,4.361,Medium
Canadian Grand Prix,STR,1,MEDIUM,11,18.880000000000003,30.095,1,0.0142857142857142,1,0,2,0,SemiPermanent,4.361,SemiPermanent,4.361,SemiPermanent,4.361,Medium
Canadian Grand Prix,STR,2,HARD,16,18.20833333333333,26.86111111111111,0,0.1714285714285714,5,6,6,0,SemiPermanent,4.361,SemiPermanent,4.361,SemiPermanent,4.361,Medium
Canadian Grand Prix,STR,3,HARD,43,18.666666666666668,28.080701754385963,1,0.4,2,6,0,0,SemiPermanent,4.361,SemiPermanent,4.361,SemiPermanent,4.361,Medium
Canadian Grand Prix,TSU,1,MEDIUM,1,19.9,30.3,1,0.0142857142857142,1,0,2,0,SemiPermanent,4.361,SemiPermanent,4.361,SemiPermanent,4.361,Medium
Canadian Grand Prix,TSU,2,HARD,34,18.51538461538461,28.64423076923077,1,0.0285714285714285,8,10,4,0,SemiPermanent,4.361,SemiPermanent,4.361,SemiPermanent,4.361,Medium
Canadian Grand Prix,VER,1,MEDIUM,12,19.552,31.344,1,0.0142857142857142,5,1,2,0,SemiPermanent,4.361,SemiPermanent,4.361,SemiPermanent,4.361,Medium
Canadian Grand Prix,VER,2,HARD,30,18.053061224489795,26.79387755102041,1,0.2,8,5,2,0,SemiPermanent,4.361,SemiPermanent,4.361,SemiPermanent,4.361,Medium
Canadian Grand Prix,VER,3,MEDIUM,28,18.34210526315789,27.057894736842105,1,0.6142857142857143,0,5,0,0,SemiPermanent,4.361,SemiPermanent,4.361,SemiPermanent,4.361,Medium
Canadian Grand Prix,ZHO,1,MEDIUM,12,20.05185185185185,32.4,1,0.0142857142857142,3,1,4,0,SemiPermanent,4.361,SemiPermanent,4.361,SemiPermanent,4.361,Medium
Canadian Grand Prix,ZHO,2,HARD,20,18.01578947368421,26.56578947368421,1,0.1857142857142857,5,8,3,0,SemiPermanent,4.361,SemiPermanent,4.361,SemiPermanent,4.361,Medium
Canadian Grand Prix,ZHO,3,HARD,37,18.45098039215686,27.53529411764706,1,0.4714285714285714,2,4,1,0,SemiPermanent,4.361,SemiPermanent,4.361,SemiPermanent,4.361,Medium
Dutch Grand Prix,ALB,1,SOFT,44,17.462745098039218,27.24705882352941,1,0.0138888888888888,1,6,0,0,Permanent,4.259,Permanent,4.259,Permanent,4.259,VeryHigh
Dutch Grand Prix,ALB,2,MEDIUM,17,18.204545454545453,28.29090909090909,1,0.625,0,0,0,0,Permanent,4.259,Permanent,4.259,Permanent,4.259,VeryHigh
Dutch Grand Prix,ALB,3,INTERMEDIATE,7,20.25454545454545,33.36363636363637,0,0.8611111111111112,3,6,1,1,Permanent,4.259,Permanent,4.259,Permanent,4.259,VeryHigh
Dutch Grand Prix,ALB,5,INTERMEDIATE,14,15.814285714285717,19.25714285714286,0,0.9166666666666666,0,1,0,0,Permanent,4.259,Permanent,4.259,Permanent,4.259,VeryHigh
Dutch Grand Prix,ALO,1,SOFT,2,18.6,29.9,1,0.0138888888888888,0,0,0,0,Permanent,4.259,Permanent,4.259,Permanent,4.259,VeryHigh
Dutch Grand Prix,ALO,2,INTERMEDIATE,8,18.025,27.950000000000003,1,0.0416666666666666,0,0,0,0,Permanent,4.259,Permanent,4.259,Permanent,4.259,VeryHigh
Dutch Grand Prix,ALO,3,SOFT,38,17.41904761904762,27.62142857142857,1,0.1527777777777778,1,6,0,0,Permanent,4.259,Permanent,4.259,Permanent,4.259,VeryHigh
Dutch Grand Prix,ALO,4,SOFT,15,18.685714285714283,29.3904761904762,0,0.6805555555555556,1,6,0,0,Permanent,4.259,Permanent,4.259,Permanent,4.259,VeryHigh
Dutch Grand Prix,ALO,5,INTERMEDIATE,5,17.1,24.35,0,0.8611111111111112,1,0,1,0,Permanent,4.259,Permanent,4.259,Permanent,4.259,VeryHigh
Dutch Grand Prix,ALO,6,INTERMEDIATE,14,15.814285714285717,19.27142857142857,0,0.9166666666666666,0,1,0,0,Permanent,4.259,Permanent,4.259,Permanent,4.259,VeryHigh
Dutch Grand Prix,BOT,1,SOFT,16,16.86470588235294,25.49411764705882,1,0.0138888888888888,2,1,0,0,Permanent,4.259,Permanent,4.259,Permanent,4.259,VeryHigh
Dutch Grand Prix,BOT,2,MEDIUM,31,17.943589743589744,28.446153846153848,1,0.2361111111111111,0,5,0,0,Permanent,4.259,Permanent,4.259,Permanent,4.259,VeryHigh
Dutch Grand Prix,BOT,3,SOFT,12,17.630769230769232,26.57692307692308,1,0.6666666666666666,0,0,0,0,Permanent,4.259,Permanent,4.259,Permanent,4.259,VeryHigh
Dutch Grand Prix,BOT,4,INTERMEDIATE,4,19.51,31.21,1,0.8333333333333334,4,4,1,1,Permanent,4.259,Permanent,4.259,Permanent,4.259,VeryHigh
Dutch Grand Prix,BOT,6,INTERMEDIATE,9,15.8,19.25714285714286,0,0.9166666666666666,0,1,0,0,Permanent,4.259,Permanent,4.259,Permanent,4.259,VeryHigh
Dutch Grand Prix,GAS,1,SOFT,1,20.666666666666668,32.325,1,0.0138888888888888,0,0,0,0,Permanent,4.259,Permanent,4.259,Permanent,4.259,VeryHigh
Dutch Grand Prix,GAS,2,INTERMEDIATE,16,18.44117647058824,29.435294117647057,0,0.0277777777777777,1,5,0,0,Permanent,4.259,Permanent,4.259,Permanent,4.259,VeryHigh
Dutch Grand Prix,GAS,3,SOFT,35,17.74186046511628,28.32325581395349,1,0.1666666666666666,1,6,0,0,Permanent,4.259,Permanent,4.259,Permanent,4.259,VeryHigh
Dutch Grand Prix,GAS,4,SOFT,14,17.37142857142857,26.17142857142857,1,0.6527777777777778,0,0,0,0,Permanent,4.259,Permanent,4.259,Permanent,4.259,VeryHigh
Dutch Grand Prix,GAS,5,INTERMEDIATE,3,17.1,24.46666666666667,1,0.8472222222222222,2,0,1,0,Permanent,4.259,Permanent,4.259,Permanent,4.259,VeryHigh
Dutch Grand Prix,GAS,6,INTERMEDIATE,12,15.814285714285717,19.25714285714286,0,0.9166666666666666,0,1,0,0,Permanent,4.259,Permanent,4.259,Permanent,4.259,VeryHigh
Dutch Grand Prix,HAM,1,MEDIUM,3,19.845454545454547,30.88181818181818,1,0.0138888888888888,0,0,0,0,Permanent,4.259,Permanent,4.259,Permanent,4.259,VeryHigh
Dutch Grand Prix,HAM,2,INTERMEDIATE,6,18.24,28.25,1,0.0555555555555555,0,0,0,0,Permanent,4.259,Permanent,4.259,Permanent,4.259,VeryHigh
Dutch Grand Prix,HAM,3,SOFT,36,16.977777777777778,26.605555555555554,1,0.1388888888888889,2,6,0,0,Permanent,4.259,Permanent,4.259,Permanent,4.259,VeryHigh
Dutch Grand Prix,HAM,4,SOFT,15,18.265,28.545,1,0.6388888888888888,0,2,0,0,Permanent,4.259,Permanent,4.259,Permanent,4.259,VeryHigh
Dutch Grand Prix,HAM,5,INTERMEDIATE,9,17.1,24.46666666666667,0,0.8472222222222222,2,0,1,0,Permanent,4.259,Permanent,4.259,Permanent,4.259,VeryHigh
Dutch Grand Prix,HAM,6,INTERMEDIATE,14,15.814285714285717,19.25714285714286,0,0.9166666666666666,0,1,0,0,Permanent,4.259,Permanent,4.259,Permanent,4.259,VeryHigh
Dutch Grand Prix,HUL,1,SOFT,16,17.891304347826086,27.230434782608693,1,0.0138888888888888,2,1,0,0,Permanent,4.259,Permanent,4.259,Permanent,4.259,VeryHigh
Dutch Grand Prix,HUL,2,MEDIUM,32,17.36470588235294,27.685294117647057,1,0.2361111111111111,0,5,0,0,Permanent,4.259,Permanent,4.259,Permanent,4.259,VeryHigh
Dutch Grand Prix,HUL,3,SOFT,12,17.576923076923077,26.46923076923077,1,0.6805555555555556,0,0,0,0,Permanent,4.259,Permanent,4.259,Permanent,4.259,VeryHigh
Dutch Grand Prix,HUL,4,INTERMEDIATE,6,17.066666666666666,23.933333333333334,0,0.8472222222222222,2,0,1,1,Permanent,4.259,Permanent,4.259,Permanent,4.259,VeryHigh
Dutch Grand Prix,HUL,6,INTERMEDIATE,13,15.814285714285717,19.25714285714286,0,0.9166666666666666,0,1,0,0,Permanent,4.259,Permanent,4.259,Permanent,4.259,VeryHigh
Dutch Grand Prix,LAW,1,SOFT,1,17.5,28.6,1,0.0138888888888888,0,0,0,0,Permanent,4.259,Permanent,4.259,Permanent,4.259,VeryHigh
Dutch Grand Prix,LAW,2,INTERMEDIATE,14,16.544444444444444,24.85555555555556,0,0.0277777777777777,0,0,0,0,Permanent,4.259,Permanent,4.259,Permanent,4.259,VeryHigh
Dutch Grand Prix,LAW,3,SOFT,7,16.62857142857143,25.014285714285712,1,0.1527777777777778,2,2,0,0,Permanent,4.259,Permanent,4.259,Permanent,4.259,VeryHigh
Dutch Grand Prix,LAW,4,MEDIUM,29,17.106896551724137,27.155172413793103,1,0.25,0,4,0,0,Permanent,4.259,Permanent,4.259,Permanent,4.259,VeryHigh
Dutch Grand Prix,LAW,5,SOFT,13,17.361538461538462,26.09230769230769,1,0.6527777777777778,0,0,0,0,Permanent,4.259,Permanent,4.259,Permanent,4.259,VeryHigh
Dutch Grand Prix,LAW,6,INTERMEDIATE,3,17.1,24.566666666666663,1,0.8333333333333334,1,0,0,0,Permanent,4.259,Permanent,4.259,Permanent,4.259,VeryHigh
Dutch Grand Prix,LAW,8,INTERMEDIATE,16,15.814285714285717,19.25714285714286,0,0.9166666666666666,0,1,0,0,Permanent,4.259,Permanent,4.259,Permanent,4.259,VeryHigh
Dutch Grand Prix,LEC,1,SOFT,1,20.47777777777777,31.8,1,0.0138888888888888,0,0,0,0,Permanent,4.259,Permanent,4.259,Permanent,4.259,VeryHigh
Dutch Grand Prix,LEC,2,INTERMEDIATE,10,18.28125,29.13125,1,0.0277777777777777,2,1,0,0,Permanent,4.259,Permanent,4.259,Permanent,4.259,VeryHigh
Dutch Grand Prix,LEC,3,SOFT,30,17.818421052631578,28.68684210526316,1,0.1666666666666666,2,10,0,0,Permanent,4.259,Permanent,4.259,Permanent,4.259,VeryHigh
Dutch Grand Prix,MAG,1,SOFT,1,19.96,30.62,1,0.0138888888888888,0,0,0,0,Permanent,4.259,Permanent,4.259,Permanent,4.259,VeryHigh
Dutch Grand Prix,MAG,2,INTERMEDIATE,8,18.23846153846154,27.884615384615383,1,0.0277777777777777,0,0,0,0,Permanent,4.259,Permanent,4.259,Permanent,4.259,VeryHigh
Dutch Grand Prix,MAG,3,SOFT,26,17.40344827586207,27.78620689655172,1,0.1388888888888889,1,6,0,0,Permanent,4.259,Permanent,4.259,Permanent,4.259,VeryHigh
Dutch Grand Prix,MAG,4,MEDIUM,25,17.660714285714285,26.760714285714283,1,0.5,1,1,0,0,Permanent,4.259,Permanent,4.259,Permanent,4.259,VeryHigh
Dutch Grand Prix,MAG,5,INTERMEDIATE,2,19.1,30.3,1,0.8472222222222222,1,2,0,0,Permanent,4.259,Permanent,4.259,Permanent,4.259,VeryHigh
Dutch Grand Prix,MAG,7,INTERMEDIATE,12,15.814285714285717,19.25714285714286,0,0.9166666666666666,0,1,0,0,Permanent,4.259,Permanent,4.259,Permanent,4.259,VeryHigh
Dutch Grand Prix,NOR,1,SOFT,3,17.3,28.066666666666663,1,0.0138888888888888,0,0,0,0,Permanent,4.259,Permanent,4.259,Permanent,4.259,VeryHigh
Dutch Grand Prix,NOR,2,INTERMEDIATE,7,16.4,24.31428571428572,1,0.0555555555555555,0,0,0,0,Permanent,4.259,Permanent,4.259,Permanent,4.259,VeryHigh
Dutch Grand Prix,NOR,3,SOFT,33,17.096969696969698,26.98181818181818,0,0.1527777777777778,1,6,0,0,Permanent,4.259,Permanent,4.259,Permanent,4.259,VeryHigh
Dutch Grand Prix,NOR,4,SOFT,21,17.557894736842105,26.542105263157897,0,0.5972222222222222,0,0,0,0,Permanent,4.259,Permanent,4.259,Permanent,4.259,VeryHigh
Dutch Grand Prix,NOR,5,INTERMEDIATE,7,18.15,26.85,0,0.8472222222222222,2,0,1,1,Permanent,4.259,Permanent,4.259,Permanent,4.259,VeryHigh
Dutch Grand Prix,NOR,7,INTERMEDIATE,20,16.4875,21.3375,0,0.9166666666666666,0,1,0,0,Permanent,4.259,Permanent,4.259,Permanent,4.259,VeryHigh
Dutch Grand Prix,OCO,1,SOFT,2,20.392307692307693,32.04615384615385,1,0.0138888888888888,0,0,0,0,Permanent,4.259,Permanent,4.259,Permanent,4.259,VeryHigh
Dutch Grand Prix,OCO,2,INTERMEDIATE,8,18.246153846153845,28.976923076923075,1,0.0416666666666666,1,3,0,0,Permanent,4.259,Permanent,4.259,Permanent,4.259,VeryHigh
Dutch Grand Prix,OCO,3,SOFT,33,17.823809523809523,28.566666666666663,1,0.1527777777777778,1,8,0,0,Permanent,4.259,Permanent,4.259,Permanent,4.259,VeryHigh
Dutch Grand Prix,OCO,4,SOFT,18,17.355555555555558,26.12222222222222,1,0.6111111111111112,0,0,0,0,Permanent,4.259,Permanent,4.259,Permanent,4.259,VeryHigh
Dutch Grand Prix,OCO,5,WET,2,17.05,23.55,1,0.8611111111111112,2,0,1,1,Permanent,4.259,Permanent,4.259,Permanent,4.259,VeryHigh
Dutch Grand Prix,OCO,7,INTERMEDIATE,9,15.814285714285717,19.25714285714286,0,0.9166666666666666,0,1,0,0,Permanent,4.259,Permanent,4.259,Permanent,4.259,VeryHigh
Dutch Grand Prix,PER,1,SOFT,1,20.60909090909091,32.20909090909091,1,0.0138888888888888,0,0,0,0,Permanent,4.259,Permanent,4.259,Permanent,4.259,VeryHigh
Dutch Grand Prix,PER,2,INTERMEDIATE,11,17.98125,28.2625,1,0.0277777777777777,1,2,0,0,Permanent,4.259,Permanent,4.259,Permanent,4.259,VeryHigh
Dutch Grand Prix,PER,3,SOFT,33,17.778048780487804,28.48048780487805,1,0.1805555555555555,1,9,0,0,Permanent,4.259,Permanent,4.259,Permanent,4.259,VeryHigh
Dutch Grand Prix,PER,4,SOFT,16,17.386666666666667,26.25333333333333,0,0.6388888888888888,0,0,0,0,Permanent,4.259,Permanent,4.259,Permanent,4.259,VeryHigh
Dutch Grand Prix,PER,5,INTERMEDIATE,9,17.1,24.46666666666667,0,0.8472222222222222,1,0,1,0,Permanent,4.259,Permanent,4.259,Permanent,4.259,VeryHigh
Dutch Grand Prix,PER,7,INTERMEDIATE,15,15.814285714285717,19.27142857142857,0,0.9166666666666666,0,1,0,0,Permanent,4.259,Permanent,4.259,Permanent,4.259,VeryHigh
Dutch Grand Prix,PIA,1,SOFT,15,16.62666666666667,25.133333333333333,1,0.0138888888888888,0,0,0,0,Permanent,4.259,Permanent,4.259,Permanent,4.259,VeryHigh
Dutch Grand Prix,PIA,2,SOFT,31,17.083870967741937,27.048387096774192,1,0.2222222222222222,1,6,0,0,Permanent,4.259,Permanent,4.259,Permanent,4.259,VeryHigh
Dutch Grand Prix,PIA,3,MEDIUM,14,18.69090909090909,29.245454545454542,1,0.6527777777777778,0,0,0,0,Permanent,4.259,Permanent,4.259,Permanent,4.259,VeryHigh
Dutch Grand Prix,PIA,4,INTERMEDIATE,8,19.89090909090909,32.27272727272727,0,0.8472222222222222,3,5,1,1,Permanent,4.259,Permanent,4.259,Permanent,4.259,VeryHigh
Dutch Grand Prix,PIA,6,INTERMEDIATE,13,15.814285714285717,19.25714285714286,0,0.9166666666666666,0,1,0,0,Permanent,4.259,Permanent,4.259,Permanent,4.259,VeryHigh
Dutch Grand Prix,RUS,1,SOFT,4,19.21,29.73,1,0.0138888888888888,0,0,0,0,Permanent,4.259,Permanent,4.259,Permanent,4.259,VeryHigh
Dutch Grand Prix,RUS,2,INTERMEDIATE,6,18.7,29.23333333333333,1,0.0694444444444444,0,0,0,0,Permanent,4.259,Permanent,4.259,Permanent,4.259,VeryHigh
Dutch Grand Prix,RUS,3,SOFT,6,16.566666666666666,24.8,1,0.1527777777777778,2,1,0,0,Permanent,4.259,Permanent,4.259,Permanent,4.259,VeryHigh
Dutch Grand Prix,RUS,4,HARD,44,17.69607843137255,27.97450980392157,1,0.2361111111111111,0,10,0,0,Permanent,4.259,Permanent,4.259,Permanent,4.259,VeryHigh
Dutch Grand Prix,RUS,5,INTERMEDIATE,15,17.1,24.46666666666667,0,0.8472222222222222,2,0,1,1,Permanent,4.259,Permanent,4.259,Permanent,4.259,VeryHigh
Dutch Grand Prix,RUS,7,INTERMEDIATE,9,15.85,19.55,0,0.9166666666666666,0,1,0,0,Permanent,4.259,Permanent,4.259,Permanent,4.259,VeryHigh
Dutch Grand Prix,RUS,8,INTERMEDIATE,11,15.76,19.08,0,0.9444444444444444,0,0,0,0,Permanent,4.259,Permanent,4.259,Permanent,4.259,VeryHigh
Dutch Grand Prix,SAI,1,SOFT,2,17.5,29.0,1,0.0138888888888888,0,0,0,0,Permanent,4.259,Permanent,4.259,Permanent,4.259,VeryHigh
Dutch Grand Prix,SAI,2,INTERMEDIATE,8,16.4875,24.7625,1,0.0416666666666666,0,0,0,0,Permanent,4.259,Permanent,4.259,Permanent,4.259,VeryHigh
Dutch Grand Prix,SAI,3,SOFT,31,16.967741935483872,26.816129032258065,1,0.1527777777777778,1,6,0,0,Permanent,4.259,Permanent,4.259,Permanent,4.259,VeryHigh
Dutch Grand Prix,SAI,4,SOFT,21,17.33157894736842,26.042105263157897,0,0.5833333333333334,0,0,0,0,Permanent,4.259,Permanent,4.259,Permanent,4.259,VeryHigh
Dutch Grand Prix,SAI,5,INTERMEDIATE,18,17.1,24.46666666666667,0,0.8472222222222222,2,0,1,0,Permanent,4.259,Permanent,4.259,Permanent,4.259,VeryHigh
Dutch Grand Prix,SAI,6,INTERMEDIATE,12,15.814285714285717,19.25714285714286,0,0.9166666666666666,0,1,0,0,Permanent,4.259,Permanent,4.259,Permanent,4.259,VeryHigh
Dutch Grand Prix,SAR,1,SOFT,14,18.282608695652176,27.95652173913044,1,0.0138888888888888,0,0,0,0,Permanent,4.259,Permanent,4.259,Permanent,4.259,VeryHigh
Dutch Grand Prix,STR,1,SOFT,4,17.86,28.64,1,0.0138888888888888,0,0,0,0,Permanent,4.259,Permanent,4.259,Permanent,4.259,VeryHigh
Dutch Grand Prix,STR,2,INTERMEDIATE,5,16.4,24.24,1,0.0694444444444444,0,0,0,0,Permanent,4.259,Permanent,4.259,Permanent,4.259,VeryHigh
Dutch Grand Prix,STR,3,SOFT,7,16.6,24.857142857142858,1,0.1388888888888889,2,1,0,0,Permanent,4.259,Permanent,4.259,Permanent,4.259,VeryHigh
Dutch Grand Prix,STR,4,MEDIUM,18,17.144444444444446,28.211111111111112,1,0.2361111111111111,0,5,0,0,Permanent,4.259,Permanent,4.259,Permanent,4.259,VeryHigh
Dutch Grand Prix,STR,5,SOFT,26,17.21923076923077,25.83076923076923,1,0.4861111111111111,0,0,0,0,Permanent,4.259,Permanent,4.259,Permanent,4.259,VeryHigh
Dutch Grand Prix,STR,6,INTERMEDIATE,8,17.066666666666666,23.933333333333334,0,0.8472222222222222,2,0,1,1,Permanent,4.259,Permanent,4.259,Permanent,4.259,VeryHigh
Dutch Grand Prix,STR,8,INTERMEDIATE,14,15.814285714285717,19.25714285714286,0,0.9166666666666666,0,1,0,0,Permanent,4.259,Permanent,4.259,Permanent,4.259,VeryHigh
Dutch Grand Prix,TSU,1,SOFT,1,19.0,29.55,1,0.0138888888888888,0,0,0,0,Permanent,4.259,Permanent,4.259,Permanent,4.259,VeryHigh
Dutch Grand Prix,TSU,2,INTERMEDIATE,14,16.97,25.630000000000003,0,0.0277777777777777,0,0,0,0,Permanent,4.259,Permanent,4.259,Permanent,4.259,VeryHigh
Dutch Grand Prix,TSU,3,SOFT,50,17.59122807017544,27.59649122807017,1,0.1527777777777778,1,6,0,0,Permanent,4.259,Permanent,4.259,Permanent,4.259,VeryHigh
Dutch Grand Prix,TSU,4,INTERMEDIATE,8,19.3,30.457142857142856,0,0.8472222222222222,3,2,1,1,Permanent,4.259,Permanent,4.259,Permanent,4.259,VeryHigh
Dutch Grand Prix,TSU,6,INTERMEDIATE,14,15.814285714285717,19.25714285714286,0,0.9166666666666666,0,1,0,0,Permanent,4.259,Permanent,4.259,Permanent,4.259,VeryHigh
Dutch Grand Prix,VER,1,SOFT,2,20.15,31.410000000000004,1,0.0138888888888888,0,0,0,0,Permanent,4.259,Permanent,4.259,Permanent,4.259,VeryHigh
Dutch Grand Prix,VER,2,INTERMEDIATE,9,19.09047619047619,30.419047619047618,1,0.0416666666666666,1,6,0,0,Permanent,4.259,Permanent,4.259,Permanent,4.259,VeryHigh
Dutch Grand Prix,VER,3,SOFT,38,17.59318181818182,27.98636363636364,1,0.1666666666666666,1,6,0,0,Permanent,4.259,Permanent,4.259,Permanent,4.259,VeryHigh
Dutch Grand Prix,VER,4,SOFT,13,17.275000000000002,25.616666666666664,0,0.6944444444444444,0,0,0,0,Permanent,4.259,Permanent,4.259,Permanent,4.259,VeryHigh
Dutch Grand Prix,VER,5,INTERMEDIATE,14,17.1,24.450000000000003,0,0.8611111111111112,1,0,0,0,Permanent,4.259,Permanent,4.259,Permanent,4.259,VeryHigh
Dutch Grand Prix,VER,7,INTERMEDIATE,12,15.814285714285717,19.27142857142857,0,0.9166666666666666,0,1,0,0,Permanent,4.259,Permanent,4.259,Permanent,4.259,VeryHigh
Dutch Grand Prix,ZHO,1,SOFT,1,19.0,29.85,1,0.0138888888888888,0,0,0,0,Permanent,4.259,Permanent,4.259,Permanent,4.259,VeryHigh
Dutch Grand Prix,ZHO,2,INTERMEDIATE,9,18.34,29.006666666666668,1,0.0277777777777777,0,0,0,0,Permanent,4.259,Permanent,4.259,Permanent,4.259,VeryHigh
Dutch Grand Prix,ZHO,3,MEDIUM,27,16.977777777777778,27.07037037037037,1,0.1527777777777778,1,6,0,0,Permanent,4.259,Permanent,4.259,Permanent,4.259,VeryHigh
Dutch Grand Prix,ZHO,4,SOFT,23,18.126666666666665,28.08,1,0.5277777777777778,1,4,0,0,Permanent,4.259,Permanent,4.259,Permanent,4.259,VeryHigh
Dutch Grand Prix,ZHO,5,INTERMEDIATE,2,17.1,24.5,1,0.8472222222222222,1,0,0,0,Permanent,4.259,Permanent,4.259,Permanent,4.259,VeryHigh
Hungarian Grand Prix,ALB,1,MEDIUM,8,25.922727272727272,42.77727272727273,1,0.0142857142857142,1,0,0,0,Permanent,4.381,Permanent,4.381,Permanent,4.381,Medium
Hungarian Grand Prix,ALB,2,HARD,26,27.7625,46.56875,0,0.1285714285714285,0,0,0,0,Permanent,4.381,Permanent,4.381,Permanent,4.381,Medium
Hungarian Grand Prix,ALB,3,HARD,38,28.904878048780485,46.42926829268293,1,0.4571428571428571,1,0,0,0,Permanent,4.381,Permanent,4.381,Permanent,4.381,Medium
Hungarian Grand Prix,ALO,1,MEDIUM,23,27.275757575757577,46.19090909090909,0,0.0142857142857142,1,0,0,0,Permanent,4.381,Permanent,4.381,Permanent,4.381,Medium
Hungarian Grand Prix,ALO,2,HARD,27,27.896774193548385,45.95483870967742,0,0.3,0,0,0,0,Permanent,4.381,Permanent,4.381,Permanent,4.381,Medium
Hungarian Grand Prix,ALO,3,HARD,27,28.46060606060606,45.68787878787879,1,0.6285714285714286,1,0,0,0,Permanent,4.381,Permanent,4.381,Permanent,4.381,Medium
Hungarian Grand Prix,BOT,1,MEDIUM,12,26.87058823529412,44.42352941176471,0,0.0142857142857142,1,0,0,0,Permanent,4.381,Permanent,4.381,Permanent,4.381,Medium
Hungarian Grand Prix,BOT,2,HARD,36,28.37297297297297,47.13243243243244,0,0.1428571428571428,0,0,0,0,Permanent,4.381,Permanent,4.381,Permanent,4.381,Medium
Hungarian Grand Prix,BOT,3,HARD,32,27.785000000000004,43.805,0,0.5857142857142857,1,0,0,0,Permanent,4.381,Permanent,4.381,Permanent,4.381,Medium
Hungarian Grand Prix,GAS,1,SOFT,1,24.52,40.94,1,0.0142857142857142,1,0,0,0,Permanent,4.381,Permanent,4.381,Permanent,4.381,Medium
Hungarian Grand Prix,HAM,1,MEDIUM,19,28.02272727272728,47.809090909090905,0,0.0142857142857142,1,0,0,0,Permanent,4.381,Permanent,4.381,Permanent,4.381,Medium
Hungarian Grand Prix,HAM,2,HARD,33,28.35,46.83,1,0.2428571428571428,0,0,0,0,Permanent,4.381,Permanent,4.381,Permanent,4.381,Medium
Hungarian Grand Prix,HAM,3,MEDIUM,24,28.25185185185185,44.81851851851852,0,0.7142857142857143,1,0,0,0,Permanent,4.381,Permanent,4.381,Permanent,4.381,Medium
Hungarian Grand Prix,HUL,1,MEDIUM,19,26.91,45.9,0,0.0142857142857142,1,0,0,0,Permanent,4.381,Permanent,4.381,Permanent,4.381,Medium
Hungarian Grand Prix,HUL,2,HARD,25,27.445714285714285,46.12857142857143,0,0.2428571428571428,0,0,0,0,Permanent,4.381,Permanent,4.381,Permanent,4.381,Medium
Hungarian Grand Prix,HUL,3,HARD,36,26.92678571428572,42.33571428571429,0,0.5571428571428572,1,0,0,0,Permanent,4.381,Permanent,4.381,Permanent,4.381,Medium
Hungarian Grand Prix,LEC,1,MEDIUM,20,27.712,47.176,0,0.0142857142857142,1,0,0,0,Permanent,4.381,Permanent,4.381,Permanent,4.381,Medium
Hungarian Grand Prix,LEC,2,HARD,26,27.127659574468087,46.4063829787234,1,0.2571428571428571,0,0,0,0,Permanent,4.381,Permanent,4.381,Permanent,4.381,Medium
Hungarian Grand Prix,LEC,3,HARD,31,28.211111111111112,45.900000000000006,0,0.6285714285714286,1,0,0,0,Permanent,4.381,Permanent,4.381,Permanent,4.381,Medium
Hungarian Grand Prix,MAG,1,MEDIUM,14,26.728571428571428,45.44285714285714,1,0.0142857142857142,1,0,0,0,Permanent,4.381,Permanent,4.381,Permanent,4.381,Medium
Hungarian Grand Prix,MAG,2,HARD,30,27.65897435897436,45.715384615384615,0,0.2142857142857142,0,0,0,0,Permanent,4.381,Permanent,4.381,Permanent,4.381,Medium
Hungarian Grand Prix,MAG,3,HARD,33,27.15652173913044,43.04565217391304,0,0.6,1,0,0,0,Permanent,4.381,Permanent,4.381,Permanent,4.381,Medium
Hungarian Grand Prix,NOR,1,MEDIUM,17,26.619444444444444,45.3,1,0.0142857142857142,1,0,0,0,Permanent,4.381,Permanent,4.381,Permanent,4.381,Medium
Hungarian Grand Prix,NOR,2,HARD,27,27.98684210526316,46.97368421052632,1,0.2571428571428571,0,0,0,0,Permanent,4.381,Permanent,4.381,Permanent,4.381,Medium
Hungarian Grand Prix,NOR,3,MEDIUM,29,26.85106382978724,41.34255319148936,0,0.6428571428571429,1,0,0,0,Permanent,4.381,Permanent,4.381,Permanent,4.381,Medium
Hungarian Grand Prix,OCO,1,MEDIUM,5,24.582608695652173,40.73913043478261,0,0.0142857142857142,1,0,0,0,Permanent,4.381,Permanent,4.381,Permanent,4.381,Medium
Hungarian Grand Prix,PER,1,HARD,27,27.72,47.36,0,0.0142857142857142,1,0,0,0,Permanent,4.381,Permanent,4.381,Permanent,4.381,Medium
Hungarian Grand Prix,PER,2,MEDIUM,24,26.908571428571427,45.52,0,0.3571428571428571,0,0,0,0,Permanent,4.381,Permanent,4.381,Permanent,4.381,Medium
Hungarian Grand Prix,PER,3,MEDIUM,31,28.335135135135136,45.62432432432432,0,0.6142857142857143,1,0,0,0,Permanent,4.381,Permanent,4.381,Permanent,4.381,Medium
Hungarian Grand Prix,PIA,1,MEDIUM,20,27.28333333333333,46.56666666666667,0,0.0142857142857142,1,0,0,0,Permanent,4.381,Permanent,4.381,Permanent,4.381,Medium
Hungarian Grand Prix,PIA,2,HARD,24,27.467567567567567,45.554054054054056,1,0.2714285714285714,0,0,0,0,Permanent,4.381,Permanent,4.381,Permanent,4.381,Medium
Hungarian Grand Prix,PIA,3,MEDIUM,31,27.64761904761905,44.49047619047619,0,0.6142857142857143,1,0,0,0,Permanent,4.381,Permanent,4.381,Permanent,4.381,Medium
Hungarian Grand Prix,RIC,1,MEDIUM,21,26.28,44.395,0,0.0142857142857142,1,0,0,0,Permanent,4.381,Permanent,4.381,Permanent,4.381,Medium
Hungarian Grand Prix,RIC,2,HARD,14,26.492,44.716,0,0.2714285714285714,0,0,0,0,Permanent,4.381,Permanent,4.381,Permanent,4.381,Medium
Hungarian Grand Prix,RIC,3,MEDIUM,43,28.789130434782606,47.03478260869565,0,0.4285714285714285,1,0,0,0,Permanent,4.381,Permanent,4.381,Permanent,4.381,Medium
Hungarian Grand Prix,RUS,1,HARD,28,27.580487804878047,45.88780487804878,1,0.0142857142857142,1,0,0,0,Permanent,4.381,Permanent,4.381,Permanent,4.381,Medium
Hungarian Grand Prix,RUS,2,MEDIUM,18,26.57631578947368,43.90526315789474,1,0.4142857142857143,0,0,0,0,Permanent,4.381,Permanent,4.381,Permanent,4.381,Medium
Hungarian Grand Prix,RUS,3,MEDIUM,24,26.96578947368421,41.3421052631579,1,0.6714285714285714,1,0,0,0,Permanent,4.381,Permanent,4.381,Permanent,4.381,Medium
Hungarian Grand Prix,SAI,1,SOFT,15,27.303846153846152,46.72692307692308,1,0.0142857142857142,1,0,0,0,Permanent,4.381,Permanent,4.381,Permanent,4.381,Medium
Hungarian Grand Prix,SAI,2,HARD,29,27.186274509803923,46.38235294117647,1,0.2285714285714285,0,0,0,0,Permanent,4.381,Permanent,4.381,Permanent,4.381,Medium
Hungarian Grand Prix,SAI,3,HARD,29,28.484375,45.64375,0,0.6428571428571429,1,0,0,0,Permanent,4.381,Permanent,4.381,Permanent,4.381,Medium
Hungarian Grand Prix,SAR,1,MEDIUM,13,26.792,44.86,1,0.0142857142857142,1,0,0,0,Permanent,4.381,Permanent,4.381,Permanent,4.381,Medium
Hungarian Grand Prix,SAR,2,HARD,24,27.55625,46.29375,0,0.2,0,0,0,0,Permanent,4.381,Permanent,4.381,Permanent,4.381,Medium
Hungarian Grand Prix,SAR,3,HARD,33,29.02,47.01714285714286,1,0.5,1,0,0,0,Permanent,4.381,Permanent,4.381,Permanent,4.381,Medium
Hungarian Grand Prix,STR,1,SOFT,9,25.815384615384616,42.86923076923077,1,0.0142857142857142,1,0,0,0,Permanent,4.381,Permanent,4.381,Permanent,4.381,Medium
Hungarian Grand Prix,STR,2,HARD,30,27.86176470588235,46.22058823529412,0,0.1428571428571428,0,0,0,0,Permanent,4.381,Permanent,4.381,Permanent,4.381,Medium
Hungarian Grand Prix,STR,3,HARD,39,27.3625,43.03214285714286,0,0.5,2,0,0,0,Permanent,4.381,Permanent,4.381,Permanent,4.381,Medium
Hungarian Grand Prix,TSU,1,SOFT,9,25.56,43.59666666666667,1,0.0142857142857142,1,0,0,0,Permanent,4.381,Permanent,4.381,Permanent,4.381,Medium
Hungarian Grand Prix,TSU,2,HARD,38,28.10217391304348,47.40217391304348,0,0.1428571428571428,0,0,0,0,Permanent,4.381,Permanent,4.381,Permanent,4.381,Medium
Hungarian Grand Prix,TSU,3,MEDIUM,25,28.44193548387097,45.68387096774194,1,0.6428571428571429,1,0,0,0,Permanent,4.381,Permanent,4.381,Permanent,4.381,Medium
Hungarian Grand Prix,VER,1,MEDIUM,26,27.494444444444444,46.58055555555556,0,0.0142857142857142,1,0,0,0,Permanent,4.381,Permanent,4.381,Permanent,4.381,Medium
Hungarian Grand Prix,VER,2,HARD,28,27.6046511627907,46.593023255813954,1,0.3428571428571428,0,0,0,0,Permanent,4.381,Permanent,4.381,Permanent,4.381,Medium
Hungarian Grand Prix,VER,3,MEDIUM,22,27.41333333333333,42.833333333333336,0,0.7428571428571429,1,0,0,0,Permanent,4.381,Permanent,4.381,Permanent,4.381,Medium
Hungarian Grand Prix,ZHO,1,MEDIUM,13,26.59,43.515,0,0.0142857142857142,1,0,0,0,Permanent,4.381,Permanent,4.381,Permanent,4.381,Medium
Hungarian Grand Prix,ZHO,2,HARD,33,28.365714285714283,47.22285714285714,0,0.1571428571428571,0,0,0,0,Permanent,4.381,Permanent,4.381,Permanent,4.381,Medium
Hungarian Grand Prix,ZHO,3,HARD,36,28.79714285714285,46.24,0,0.5571428571428572,1,0,0,0,Permanent,4.381,Permanent,4.381,Permanent,4.381,Medium
Italian Grand Prix,ALB,1,MEDIUM,18,29.673333333333336,43.44666666666667,0,0.0196078431372549,0,0,0,0,Permanent,5.793,Permanent,5.793,Permanent,5.793,Medium
Italian Grand Prix,ALB,2,HARD,39,29.94166666666667,42.68055555555556,0,0.3137254901960784,0,0,0,0,Permanent,5.793,Permanent,5.793,Permanent,5.793,Medium
Italian Grand Prix,ALO,1,MEDIUM,21,29.742857142857144,43.58095238095238,1,0.0196078431372549,0,0,0,0,Permanent,5.793,Permanent,5.793,Permanent,5.793,Medium
Italian Grand Prix,ALO,2,HARD,33,29.953333333333333,42.43333333333333,0,0.4313725490196078,0,0,0,0,Permanent,5.793,Permanent,5.793,Permanent,5.793,Medium
Italian Grand Prix,BOT,1,HARD,28,29.764,43.572,0,0.0196078431372549,0,0,0,0,Permanent,5.793,Permanent,5.793,Permanent,5.793,Medium
Italian Grand Prix,BOT,2,MEDIUM,28,29.968000000000004,42.28,0,0.5098039215686274,0,0,0,0,Permanent,5.793,Permanent,5.793,Permanent,5.793,Medium
Italian Grand Prix,GAS,1,MEDIUM,10,29.56,43.36,1,0.0196078431372549,0,0,0,0,Permanent,5.793,Permanent,5.793,Permanent,5.793,Medium
Italian Grand Prix,GAS,2,HARD,24,29.8904761904762,43.46666666666666,0,0.2156862745098039,0,0,0,0,Permanent,5.793,Permanent,5.793,Permanent,5.793,Medium
Italian Grand Prix,GAS,3,MEDIUM,19,30.00526315789474,42.04210526315789,1,0.6274509803921569,0,0,0,0,Permanent,5.793,Permanent,5.793,Permanent,5.793,Medium
Italian Grand Prix,HAM,1,HARD,30,29.77777777777778,43.55555555555556,0,0.0196078431372549,0,0,0,0,Permanent,5.793,Permanent,5.793,Permanent,5.793,Medium
Italian Grand Prix,HAM,2,MEDIUM,24,29.97083333333333,42.175,1,0.5490196078431373,0,0,0,0,Permanent,5.793,Permanent,5.793,Permanent,5.793,Medium
Italian Grand Prix,HUL,1,MEDIUM,17,29.65714285714285,43.44285714285714,0,0.0196078431372549,0,0,0,0,Permanent,5.793,Permanent,5.793,Permanent,5.793,Medium
Italian Grand Prix,HUL,2,HARD,30,29.892,43.20399999999999,0,0.2941176470588235,0,0,0,0,Permanent,5.793,Permanent,5.793,Permanent,5.793,Medium
Italian Grand Prix,HUL,3,MEDIUM,14,30.063636363636363,41.64545454545455,0,0.7843137254901961,0,0,0,0,Permanent,5.793,Permanent,5.793,Permanent,5.793,Medium
Italian Grand Prix,LAW,1,MEDIUM,16,29.63076923076923,43.42307692307692,0,0.0196078431372549,0,0,0,0,Permanent,5.793,Permanent,5.793,Permanent,5.793,Medium
Italian Grand Prix,LAW,2,HARD,23,29.87,43.37,0,0.2745098039215686,0,0,0,0,Permanent,5.793,Permanent,5.793,Permanent,5.793,Medium
Italian Grand Prix,LAW,3,MEDIUM,20,30.029411764705884,41.99411764705882,0,0.6666666666666666,0,0,0,0,Permanent,5.793,Permanent,5.793,Permanent,5.793,Medium
Italian Grand Prix,LEC,1,MEDIUM,20,29.73,43.555,1,0.0196078431372549,0,0,0,0,Permanent,5.793,Permanent,5.793,Permanent,5.793,Medium
Italian Grand Prix,LEC,2,HARD,31,29.958064516129035,42.50967741935484,1,0.4117647058823529,0,0,0,0,Permanent,5.793,Permanent,5.793,Permanent,5.793,Medium
Italian Grand Prix,MAG,1,HARD,16,29.60833333333333,43.333333333333336,0,0.0196078431372549,0,0,0,0,Permanent,5.793,Permanent,5.793,Permanent,5.793,Medium
Italian Grand Prix,MAG,2,MEDIUM,21,29.88571428571429,43.37619047619047,1,0.2549019607843137,0,0,0,0,Permanent,5.793,Permanent,5.793,Permanent,5.793,Medium
Italian Grand Prix,MAG,3,MEDIUM,17,30.023529411764702,41.99411764705882,1,0.6666666666666666,0,0,0,0,Permanent,5.793,Permanent,5.793,Permanent,5.793,Medium
Italian Grand Prix,NOR,1,MEDIUM,22,29.745454545454542,43.58181818181818,1,0.0196078431372549,0,0,0,0,Permanent,5.793,Permanent,5.793,Permanent,5.793,Medium
Italian Grand Prix,NOR,2,HARD,33,29.95172413793104,42.393103448275866,0,0.4509803921568627,0,0,0,0,Permanent,5.793,Permanent,5.793,Permanent,5.793,Medium
Italian Grand Prix,OCO,1,MEDIUM,24,29.7625,43.57083333333333,1,0.0196078431372549,0,0,0,0,Permanent,5.793,Permanent,5.793,Permanent,5.793,Medium
Italian Grand Prix,OCO,2,HARD,18,29.87333333333333,42.78,0,0.4901960784313725,0,0,0,0,Permanent,5.793,Permanent,5.793,Permanent,5.793,Medium
Italian Grand Prix,PER,1,MEDIUM,21,29.73809523809524,43.58571428571428,1,0.0196078431372549,0,0,0,0,Permanent,5.793,Permanent,5.793,Permanent,5.793,Medium
Italian Grand Prix,PER,2,HARD,30,29.956666666666667,42.46,1,0.4313725490196078,0,0,0,0,Permanent,5.793,Permanent,5.793,Permanent,5.793,Medium
Italian Grand Prix,PIA,1,MEDIUM,23,29.752173913043475,43.582608695652176,1,0.0196078431372549,0,0,0,0,Permanent,5.793,Permanent,5.793,Permanent,5.793,Medium
Italian Grand Prix,PIA,2,HARD,23,29.90555555555555,42.827777777777776,0,0.4705882352941176,0,0,0,0,Permanent,5.793,Permanent,5.793,Permanent,5.793,Medium
Italian Grand Prix,PIA,3,MEDIUM,12,30.03333333333333,41.388888888888886,0,0.8235294117647058,0,0,0,0,Permanent,5.793,Permanent,5.793,Permanent,5.793,Medium
Italian Grand Prix,RUS,1,MEDIUM,19,29.71052631578948,43.52105263157895,1,0.0196078431372549,0,0,0,0,Permanent,5.793,Permanent,5.793,Permanent,5.793,Medium
Italian Grand Prix,RUS,2,HARD,35,29.95,42.55,0,0.392156862745098,0,0,0,0,Permanent,5.793,Permanent,5.793,Permanent,5.793,Medium
Italian Grand Prix,SAI,1,MEDIUM,19,29.71578947368421,43.51052631578948,1,0.0196078431372549,0,0,0,0,Permanent,5.793,Permanent,5.793,Permanent,5.793,Medium
Italian Grand Prix,SAI,2,HARD,32,29.95625,42.565625,1,0.392156862745098,0,0,0,0,Permanent,5.793,Permanent,5.793,Permanent,5.793,Medium
Italian Grand Prix,SAR,1,MEDIUM,17,29.65714285714285,43.44285714285714,0,0.0196078431372549,0,0,0,0,Permanent,5.793,Permanent,5.793,Permanent,5.793,Medium
Italian Grand Prix,SAR,2,HARD,39,29.938888888888886,42.74444444444444,0,0.2941176470588235,0,0,0,0,Permanent,5.793,Permanent,5.793,Permanent,5.793,Medium
Italian Grand Prix,STR,1,MEDIUM,20,29.73,43.545,1,0.0196078431372549,0,0,0,0,Permanent,5.793,Permanent,5.793,Permanent,5.793,Medium
Italian Grand Prix,STR,2,HARD,34,29.95,42.47666666666667,0,0.4117647058823529,0,0,0,0,Permanent,5.793,Permanent,5.793,Permanent,5.793,Medium
Italian Grand Prix,VER,1,MEDIUM,20,29.73,43.555,1,0.0196078431372549,0,0,0,0,Permanent,5.793,Permanent,5.793,Permanent,5.793,Medium
Italian Grand Prix,VER,2,HARD,31,29.95483870967742,42.50645161290323,1,0.4117647058823529,0,0,0,0,Permanent,5.793,Permanent,5.793,Permanent,5.793,Medium
Italian Grand Prix,ZHO,1,MEDIUM,11,29.59090909090909,43.35454545454545,1,0.0196078431372549,0,0,0,0,Permanent,5.793,Permanent,5.793,Permanent,5.793,Medium
Italian Grand Prix,ZHO,2,HARD,25,29.877272727272725,43.37272727272728,0,0.2352941176470588,0,0,0,0,Permanent,5.793,Permanent,5.793,Permanent,5.793,Medium
Italian Grand Prix,ZHO,3,MEDIUM,17,30.029411764705884,42.00588235294118,1,0.6666666666666666,0,0,0,0,Permanent,5.793,Permanent,5.793,Permanent,5.793,Medium
Japanese Grand Prix,ALB,2,MEDIUM,12,27.200000000000003,43.02222222222222,1,0.0943396226415094,1,0,1,0,Permanent,5.807,Permanent,5.807,Permanent,5.807,High
Japanese Grand Prix,ALB,3,SOFT,13,27.325,41.325,1,0.2830188679245283,0,0,0,0,Permanent,5.807,Permanent,5.807,Permanent,5.807,High
Japanese Grand Prix,ALO,1,SOFT,14,27.1375,43.0875,0,0.0188679245283018,1,1,0,0,Permanent,5.807,Permanent,5.807,Permanent,5.807,High
Japanese Grand Prix,ALO,2,HARD,14,27.32857142857143,41.971428571428575,1,0.2264150943396226,1,0,2,0,Permanent,5.807,Permanent,5.807,Permanent,5.807,High
Japanese Grand Prix,ALO,3,HARD,28,27.260714285714283,37.45,1,0.490566037735849,0,0,0,0,Permanent,5.807,Permanent,5.807,Permanent,5.807,High
Japanese Grand Prix,BOT,2,SOFT,5,27.15,42.9,1,0.0943396226415094,0,0,0,0,Permanent,5.807,Permanent,5.807,Permanent,5.807,High
Japanese Grand Prix,GAS,1,MEDIUM,18,27.228571428571428,43.02857142857143,1,0.0943396226415094,1,0,2,0,Permanent,5.807,Permanent,5.807,Permanent,5.807,High
Japanese Grand Prix,GAS,2,HARD,16,27.35625,39.41875,1,0.3584905660377358,0,0,0,0,Permanent,5.807,Permanent,5.807,Permanent,5.807,High
Japanese Grand Prix,GAS,3,HARD,19,27.21052631578948,37.00526315789474,1,0.660377358490566,0,0,0,0,Permanent,5.807,Permanent,5.807,Permanent,5.807,High
Japanese Grand Prix,HAM,1,MEDIUM,16,27.200000000000003,43.1,1,0.0188679245283018,2,1,1,0,Permanent,5.807,Permanent,5.807,Permanent,5.807,High
Japanese Grand Prix,HAM,2,HARD,18,27.35,39.86666666666667,1,0.320754716981132,0,0,0,0,Permanent,5.807,Permanent,5.807,Permanent,5.807,High
Japanese Grand Prix,HAM,3,HARD,19,27.22631578947368,37.06842105263158,1,0.660377358490566,0,0,0,0,Permanent,5.807,Permanent,5.807,Permanent,5.807,High
Japanese Grand Prix,HUL,1,SOFT,8,27.15,42.775,1,0.0943396226415094,0,0,0,0,Permanent,5.807,Permanent,5.807,Permanent,5.807,High
Japanese Grand Prix,HUL,2,MEDIUM,13,27.26923076923077,42.83076923076923,1,0.1698113207547169,1,0,2,0,Permanent,5.807,Permanent,5.807,Permanent,5.807,High
Japanese Grand Prix,HUL,3,HARD,16,27.35,38.5875,1,0.4150943396226415,0,0,0,0,Permanent,5.807,Permanent,5.807,Permanent,5.807,High
Japanese Grand Prix,HUL,4,MEDIUM,15,27.206666666666667,36.92666666666666,1,0.7169811320754716,0,0,0,0,Permanent,5.807,Permanent,5.807,Permanent,5.807,High
Japanese Grand Prix,LAW,1,SOFT,10,27.12857142857143,43.05714285714286,1,0.0188679245283018,1,1,0,0,Permanent,5.807,Permanent,5.807,Permanent,5.807,High
Japanese Grand Prix,LAW,2,MEDIUM,15,27.32,42.04666666666667,1,0.2075471698113207,1,0,2,0,Permanent,5.807,Permanent,5.807,Permanent,5.807,High
Japanese Grand Prix,LAW,3,HARD,27,27.27037037037037,37.49629629629629,1,0.490566037735849,0,0,0,0,Permanent,5.807,Permanent,5.807,Permanent,5.807,High
Japanese Grand Prix,LEC,1,MEDIUM,17,27.207142857142856,43.10714285714285,1,0.0188679245283018,2,1,1,0,Permanent,5.807,Permanent,5.807,Permanent,5.807,High
Japanese Grand Prix,LEC,2,MEDIUM,17,27.35882352941176,39.80588235294118,1,0.3396226415094339,0,0,0,0,Permanent,5.807,Permanent,5.807,Permanent,5.807,High
Japanese Grand Prix,LEC,3,HARD,19,27.22631578947368,37.06842105263158,1,0.660377358490566,0,0,0,0,Permanent,5.807,Permanent,5.807,Permanent,5.807,High
Japanese Grand Prix,MAG,1,MEDIUM,12,27.175,43.025,1,0.0943396226415094,1,0,0,0,Permanent,5.807,Permanent,5.807,Permanent,5.807,High
Japanese Grand Prix,MAG,2,HARD,19,27.32631578947369,40.752631578947366,1,0.2452830188679245,0,0,2,0,Permanent,5.807,Permanent,5.807,Permanent,5.807,High
Japanese Grand Prix,MAG,3,HARD,21,27.23333333333333,37.15238095238095,1,0.6037735849056604,0,0,0,0,Permanent,5.807,Permanent,5.807,Permanent,5.807,High
Japanese Grand Prix,NOR,1,MEDIUM,17,27.192857142857143,43.12857142857143,1,0.0188679245283018,2,1,1,0,Permanent,5.807,Permanent,5.807,Permanent,5.807,High
Japanese Grand Prix,NOR,2,HARD,19,27.35263157894737,39.55789473684211,1,0.3396226415094339,0,0,0,0,Permanent,5.807,Permanent,5.807,Permanent,5.807,High
Japanese Grand Prix,NOR,3,HARD,17,27.22941176470588,37.05294117647059,1,0.6981132075471698,0,0,0,0,Permanent,5.807,Permanent,5.807,Permanent,5.807,High
Japanese Grand Prix,OCO,2,HARD,27,27.28333333333333,41.925,1,0.0943396226415094,1,0,2,0,Permanent,5.807,Permanent,5.807,Permanent,5.807,High
Japanese Grand Prix,OCO,3,HARD,25,27.248,37.276,1,0.5471698113207547,0,0,0,0,Permanent,5.807,Permanent,5.807,Permanent,5.807,High
Japanese Grand Prix,PER,1,MEDIUM,1,27.0,43.9,1,0.0188679245283018,1,1,0,0,Permanent,5.807,Permanent,5.807,Permanent,5.807,High
Japanese Grand Prix,PER,2,HARD,10,27.175,43.025,1,0.0943396226415094,1,0,0,0,Permanent,5.807,Permanent,5.807,Permanent,5.807,High
Japanese Grand Prix,PER,5,SOFT,7,27.3,37.2,0,0.2830188679245283,0,0,0,0,Permanent,5.807,Permanent,5.807,Permanent,5.807,High
Japanese Grand Prix,PIA,1,MEDIUM,13,27.18,43.12,1,0.0188679245283018,2,1,0,0,Permanent,5.807,Permanent,5.807,Permanent,5.807,High
Japanese Grand Prix,PIA,2,HARD,22,27.34090909090909,40.3,1,0.2641509433962264,0,0,1,0,Permanent,5.807,Permanent,5.807,Permanent,5.807,High
Japanese Grand Prix,PIA,3,HARD,18,27.22777777777777,37.05555555555556,1,0.6792452830188679,0,0,0,0,Permanent,5.807,Permanent,5.807,Permanent,5.807,High
Japanese Grand Prix,RUS,1,MEDIUM,24,27.24761904761905,42.62380952380953,1,0.0188679245283018,2,1,1,0,Permanent,5.807,Permanent,5.807,Permanent,5.807,High
Japanese Grand Prix,RUS,2,HARD,29,27.282758620689656,37.55862068965517,1,0.4716981132075472,0,0,0,0,Permanent,5.807,Permanent,5.807,Permanent,5.807,High
Japanese Grand Prix,SAI,1,MEDIUM,18,27.21333333333333,43.086666666666666,1,0.0188679245283018,2,1,1,0,Permanent,5.807,Permanent,5.807,Permanent,5.807,High
Japanese Grand Prix,SAI,2,MEDIUM,20,27.35,39.22,1,0.3584905660377358,0,0,0,0,Permanent,5.807,Permanent,5.807,Permanent,5.807,High
Japanese Grand Prix,SAI,3,HARD,15,27.21333333333333,36.92,1,0.7358490566037735,0,0,0,0,Permanent,5.807,Permanent,5.807,Permanent,5.807,High
Japanese Grand Prix,SAR,2,MEDIUM,5,27.2,43.0,0,0.0943396226415094,0,0,0,0,Permanent,5.807,Permanent,5.807,Permanent,5.807,High
Japanese Grand Prix,SAR,3,MEDIUM,16,27.24,42.873333333333335,1,0.1320754716981132,1,0,2,0,Permanent,5.807,Permanent,5.807,Permanent,5.807,High
Japanese Grand Prix,SAR,4,HARD,1,27.4,40.4,1,0.4150943396226415,0,0,0,0,Permanent,5.807,Permanent,5.807,Permanent,5.807,High
Japanese Grand Prix,STR,1,SOFT,14,27.21,43.03,1,0.0943396226415094,1,0,2,0,Permanent,5.807,Permanent,5.807,Permanent,5.807,High
Japanese Grand Prix,STR,2,MEDIUM,6,27.266666666666666,42.8,1,0.2830188679245283,0,0,0,0,Permanent,5.807,Permanent,5.807,Permanent,5.807,High
Japanese Grand Prix,TSU,1,SOFT,12,27.116666666666664,42.98333333333333,0,0.0188679245283018,1,1,0,0,Permanent,5.807,Permanent,5.807,Permanent,5.807,High
Japanese Grand Prix,TSU,2,MEDIUM,21,27.323809523809523,41.285714285714285,1,0.1886792452830188,1,0,2,0,Permanent,5.807,Permanent,5.807,Permanent,5.807,High
Japanese Grand Prix,TSU,3,HARD,22,27.25,37.25454545454546,1,0.5849056603773585,0,0,0,0,Permanent,5.807,Permanent,5.807,Permanent,5.807,High
Japanese Grand Prix,VER,1,MEDIUM,16,27.184615384615384,43.12307692307692,1,0.0188679245283018,2,1,1,0,Permanent,5.807,Permanent,5.807,Permanent,5.807,High
Japanese Grand Prix,VER,2,MEDIUM,21,27.342857142857145,39.642857142857146,1,0.320754716981132,0,0,0,0,Permanent,5.807,Permanent,5.807,Permanent,5.807,High
Japanese Grand Prix,VER,3,HARD,16,27.225,36.99375,1,0.7169811320754716,0,0,0,0,Permanent,5.807,Permanent,5.807,Permanent,5.807,High
Japanese Grand Prix,ZHO,2,SOFT,9,27.15,42.91666666666666,1,0.0943396226415094,0,0,0,0,Permanent,5.807,Permanent,5.807,Permanent,5.807,High
Japanese Grand Prix,ZHO,3,SOFT,19,27.32631578947369,41.32105263157895,1,0.2075471698113207,1,0,2,0,Permanent,5.807,Permanent,5.807,Permanent,5.807,High
Japanese Grand Prix,ZHO,4,HARD,23,27.247826086956525,37.29130434782609,1,0.5660377358490566,0,0,0,0,Permanent,5.807,Permanent,5.807,Permanent,5.807,High
Las Vegas Grand Prix,ALB,1,MEDIUM,17,17.355,17.419999999999998,0,0.0172413793103448,5,6,4,0,Street,6.201,Street,6.201,Street,6.201,VeryLow
Las Vegas Grand Prix,ALB,2,HARD,27,17.71875,17.66875,1,0.293103448275862,3,7,0,0,Street,6.201,Street,6.201,Street,6.201,VeryLow
Las Vegas Grand Prix,ALB,3,HARD,15,17.538888888888888,17.56666666666667,1,0.7586206896551724,2,0,0,0,Street,6.201,Street,6.201,Street,6.201,VeryLow
Las Vegas Grand Prix,ALO,1,MEDIUM,12,17.1625,17.31875,1,0.0172413793103448,3,6,4,0,Street,6.201,Street,6.201,Street,6.201,VeryLow
Las Vegas Grand Prix,ALO,2,HARD,25,17.815384615384616,17.61923076923077,0,0.2241379310344827,2,5,0,0,Street,6.201,Street,6.201,Street,6.201,VeryLow
Las Vegas Grand Prix,ALO,3,HARD,23,17.351724137931033,17.53793103448276,0,0.6379310344827587,3,1,0,0,Street,6.201,Street,6.201,Street,6.201,VeryLow
Las Vegas Grand Prix,BOT,1,HARD,29,17.542105263157897,17.650000000000002,1,0.0172413793103448,6,13,5,0,Street,6.201,Street,6.201,Street,6.201,VeryLow
Las Vegas Grand Prix,BOT,2,MEDIUM,28,17.59142857142857,17.682857142857145,1,0.5172413793103449,4,2,0,0,Street,6.201,Street,6.201,Street,6.201,VeryLow
Las Vegas Grand Prix,GAS,1,MEDIUM,17,17.2,17.4375,1,0.0172413793103448,6,8,5,0,Street,6.201,Street,6.201,Street,6.201,VeryLow
Las Vegas Grand Prix,GAS,2,HARD,15,17.518181818181816,17.813636363636366,1,0.3103448275862069,2,10,0,0,Street,6.201,Street,6.201,Street,6.201,VeryLow
Las Vegas Grand Prix,GAS,3,HARD,26,17.33888888888889,17.59166666666667,1,0.5689655172413793,4,0,0,0,Street,6.201,Street,6.201,Street,6.201,VeryLow
Las Vegas Grand Prix,HAM,1,MEDIUM,15,17.44,17.64,1,0.0172413793103448,4,6,5,0,Street,6.201,Street,6.201,Street,6.201,VeryLow
Las Vegas Grand Prix,HAM,2,HARD,20,17.73913043478261,17.63478260869565,1,0.2758620689655172,1,5,0,0,Street,6.201,Street,6.201,Street,6.201,VeryLow
Las Vegas Grand Prix,HAM,3,HARD,23,17.2,17.57027027027027,1,0.6206896551724138,4,0,0,0,Street,6.201,Street,6.201,Street,6.201,VeryLow
Las Vegas Grand Prix,HUL,1,MEDIUM,13,17.16,17.555,1,0.0172413793103448,3,8,5,0,Street,6.201,Street,6.201,Street,6.201,VeryLow
Las Vegas Grand Prix,HUL,2,HARD,20,17.606896551724137,17.83103448275862,1,0.2413793103448276,2,5,0,0,Street,6.201,Street,6.201,Street,6.201,VeryLow
Las Vegas Grand Prix,HUL,3,HARD,25,17.63448275862069,17.617241379310347,1,0.5862068965517241,2,0,0,0,Street,6.201,Street,6.201,Street,6.201,VeryLow
Las Vegas Grand Prix,LEC,1,MEDIUM,17,17.363636363636363,17.490909090909092,1,0.0172413793103448,5,6,5,0,Street,6.201,Street,6.201,Street,6.201,VeryLow
Las Vegas Grand Prix,LEC,2,HARD,18,17.663636363636364,17.686363636363637,1,0.3103448275862069,1,7,0,0,Street,6.201,Street,6.201,Street,6.201,VeryLow
Las Vegas Grand Prix,LEC,3,HARD,23,16.68936170212766,17.27872340425532,1,0.6206896551724138,5,0,0,0,Street,6.201,Street,6.201,Street,6.201,VeryLow
Las Vegas Grand Prix,MAG,1,MEDIUM,5,16.80625,17.91875,1,0.0172413793103448,3,7,6,0,Street,6.201,Street,6.201,Street,6.201,VeryLow
Las Vegas Grand Prix,MAG,2,HARD,17,17.719047619047622,17.738095238095237,1,0.1034482758620689,2,3,0,0,Street,6.201,Street,6.201,Street,6.201,VeryLow
Las Vegas Grand Prix,MAG,3,HARD,35,17.623255813953488,17.672093023255815,1,0.396551724137931,4,3,0,0,Street,6.201,Street,6.201,Street,6.201,VeryLow
Las Vegas Grand Prix,NOR,1,MEDIUM,14,17.235,17.53,1,0.0172413793103448,1,0,5,0,Street,6.201,Street,6.201,Street,6.201,VeryLow
Las Vegas Grand Prix,NOR,2,HARD,19,17.813636363636363,17.70909090909091,1,0.2586206896551724,0,0,0,0,Street,6.201,Street,6.201,Street,6.201,VeryLow
Las Vegas Grand Prix,NOR,3,HARD,25,17.675,17.592857142857145,1,0.5862068965517241,0,0,0,0,Street,6.201,Street,6.201,Street,6.201,VeryLow
Las Vegas Grand Prix,OCO,1,MEDIUM,15,17.12272727272727,17.431818181818183,1,0.0172413793103448,6,8,5,0,Street,6.201,Street,6.201,Street,6.201,VeryLow
Las Vegas Grand Prix,OCO,2,HARD,43,17.802127659574467,17.629787234042553,1,0.2758620689655172,4,7,0,0,Street,6.201,Street,6.201,Street,6.201,VeryLow
Las Vegas Grand Prix,PER,1,MEDIUM,17,17.47826086956522,17.704347826086956,1,0.0172413793103448,4,7,5,0,Street,6.201,Street,6.201,Street,6.201,VeryLow
Las Vegas Grand Prix,PER,2,HARD,25,17.605882352941176,17.741176470588236,1,0.3103448275862069,3,5,0,0,Street,6.201,Street,6.201,Street,6.201,VeryLow
Las Vegas Grand Prix,PER,3,HARD,16,17.44090909090909,17.681818181818183,1,0.7413793103448276,3,0,0,0,Street,6.201,Street,6.201,Street,6.201,VeryLow
Las Vegas Grand Prix,PIA,1,MEDIUM,13,17.394444444444446,17.605555555555554,1,0.0172413793103448,4,6,5,0,Street,6.201,Street,6.201,Street,6.201,VeryLow
Las Vegas Grand Prix,PIA,2,HARD,23,17.733333333333334,17.674074074074074,1,0.2413793103448276,2,7,0,0,Street,6.201,Street,6.201,Street,6.201,VeryLow
Las Vegas Grand Prix,PIA,3,HARD,22,17.25151515151515,17.612121212121213,1,0.6379310344827587,4,2,0,0,Street,6.201,Street,6.201,Street,6.201,VeryLow
Las Vegas Grand Prix,RIC,1,MEDIUM,7,16.905,17.93,1,0.0172413793103448,3,9,6,0,Street,6.201,Street,6.201,Street,6.201,VeryLow
Las Vegas Grand Prix,RIC,2,HARD,24,17.67096774193548,17.770967741935483,1,0.1379310344827586,3,5,0,0,Street,6.201,Street,6.201,Street,6.201,VeryLow
Las Vegas Grand Prix,RIC,3,HARD,27,17.31282051282051,17.617948717948718,1,0.5517241379310345,5,0,0,0,Street,6.201,Street,6.201,Street,6.201,VeryLow
Las Vegas Grand Prix,RUS,1,MEDIUM,14,17.384999999999998,17.705000000000002,1,0.0172413793103448,5,6,6,0,Street,6.201,Street,6.201,Street,6.201,VeryLow
Las Vegas Grand Prix,RUS,2,HARD,20,17.68,17.72,1,0.2586206896551724,1,8,0,0,Street,6.201,Street,6.201,Street,6.201,VeryLow
Las Vegas Grand Prix,RUS,3,HARD,24,16.88888888888889,17.211111111111112,1,0.603448275862069,3,0,0,0,Street,6.201,Street,6.201,Street,6.201,VeryLow
Las Vegas Grand Prix,SAI,1,HARD,23,17.525,17.803125,1,0.0172413793103448,5,9,6,0,Street,6.201,Street,6.201,Street,6.201,VeryLow
Las Vegas Grand Prix,SAI,2,HARD,33,17.67948717948718,17.661538461538463,1,0.4137931034482758,3,5,0,0,Street,6.201,Street,6.201,Street,6.201,VeryLow
Las Vegas Grand Prix,SAI,3,SOFT,1,16.82,18.365,1,0.9827586206896552,3,0,0,0,Street,6.201,Street,6.201,Street,6.201,VeryLow
Las Vegas Grand Prix,SAR,1,MEDIUM,16,17.36818181818182,17.745454545454546,0,0.0172413793103448,5,8,5,0,Street,6.201,Street,6.201,Street,6.201,VeryLow
Las Vegas Grand Prix,SAR,2,HARD,26,17.675,17.7,1,0.2758620689655172,3,7,0,0,Street,6.201,Street,6.201,Street,6.201,VeryLow
Las Vegas Grand Prix,SAR,3,HARD,17,16.487096774193546,16.9741935483871,1,0.7241379310344828,3,1,0,0,Street,6.201,Street,6.201,Street,6.201,VeryLow
Las Vegas Grand Prix,STR,1,HARD,23,17.344827586206897,17.482758620689655,0,0.0172413793103448,7,8,5,0,Street,6.201,Street,6.201,Street,6.201,VeryLow
Las Vegas Grand Prix,STR,2,HARD,21,17.482142857142858,17.760714285714286,0,0.396551724137931,1,6,1,0,Street,6.201,Street,6.201,Street,6.201,VeryLow
Las Vegas Grand Prix,STR,3,MEDIUM,16,16.46764705882353,17.16470588235294,1,0.7413793103448276,3,3,0,0,Street,6.201,Street,6.201,Street,6.201,VeryLow
Las Vegas Grand Prix,TSU,1,MEDIUM,22,17.484375,17.790625,1,0.0172413793103448,5,9,6,0,Street,6.201,Street,6.201,Street,6.201,VeryLow
Las Vegas Grand Prix,TSU,2,HARD,36,17.709756097560973,17.63170731707317,1,0.396551724137931,3,5,0,0,Street,6.201,Street,6.201,Street,6.201,VeryLow
Las Vegas Grand Prix,VER,1,MEDIUM,16,17.485,17.6,1,0.0172413793103448,4,5,5,0,Street,6.201,Street,6.201,Street,6.201,VeryLow
Las Vegas Grand Prix,VER,2,HARD,27,17.61081081081081,17.754054054054052,1,0.293103448275862,2,7,0,0,Street,6.201,Street,6.201,Street,6.201,VeryLow
Las Vegas Grand Prix,VER,3,HARD,15,17.53333333333333,17.572222222222223,1,0.7586206896551724,3,0,0,0,Street,6.201,Street,6.201,Street,6.201,VeryLow
Las Vegas Grand Prix,ZHO,1,MEDIUM,13,17.166666666666668,17.614285714285714,1,0.0172413793103448,3,9,5,0,Street,6.201,Street,6.201,Street,6.201,VeryLow
Las Vegas Grand Prix,ZHO,2,HARD,24,17.64375,17.740625,1,0.2413793103448276,2,5,0,0,Street,6.201,Street,6.201,Street,6.201,VeryLow
Las Vegas Grand Prix,ZHO,3,MEDIUM,21,16.707894736842103,17.205263157894738,1,0.6551724137931034,5,0,0,0,Street,6.201,Street,6.201,Street,6.201,VeryLow
Mexico City Grand Prix,ALO,1,SOFT,4,23.975,44.0875,0,0.0140845070422535,1,0,2,0,Permanent,4.304,Permanent,4.304,Permanent,4.304,Low
Mexico City Grand Prix,ALO,3,SOFT,26,25.24117647058824,45.92352941176471,0,0.056338028169014,2,0,2,0,Permanent,4.304,Permanent,4.304,Permanent,4.304,Low
Mexico City Grand Prix,ALO,4,MEDIUM,22,25.993548387096773,45.36774193548386,1,0.3661971830985915,1,4,0,1,Permanent,4.304,Permanent,4.304,Permanent,4.304,Low
Mexico City Grand Prix,ALO,5,SOFT,24,26.51923076923077,41.91538461538461,1,0.676056338028169,0,0,0,0,Permanent,4.304,Permanent,4.304,Permanent,4.304,Low
Mexico City Grand Prix,BOT,3,SOFT,16,25.253846153846155,46.48461538461538,1,0.056338028169014,1,0,2,0,Permanent,4.304,Permanent,4.304,Permanent,4.304,Low
Mexico City Grand Prix,BOT,4,MEDIUM,21,26.14761904761905,45.76190476190476,1,0.2676056338028169,1,4,0,1,Permanent,4.304,Permanent,4.304,Permanent,4.304,Low
Mexico City Grand Prix,GAS,3,SOFT,27,25.55454545454545,46.43939393939394,0,0.056338028169014,2,0,1,0,Permanent,4.304,Permanent,4.304,Permanent,4.304,Low
Mexico City Grand Prix,GAS,4,MEDIUM,20,26.318181818181817,45.03636363636363,1,0.380281690140845,2,3,0,1,Permanent,4.304,Permanent,4.304,Permanent,4.304,Low
Mexico City Grand Prix,GAS,5,SOFT,25,26.522222222222226,41.94814814814814,1,0.6619718309859155,3,0,0,0,Permanent,4.304,Permanent,4.304,Permanent,4.304,Low
Mexico City Grand Prix,HAM,1,SOFT,4,23.9,43.88,0,0.0140845070422535,2,0,1,0,Permanent,4.304,Permanent,4.304,Permanent,4.304,Low
Mexico City Grand Prix,HAM,3,SOFT,19,25.68,46.255,0,0.056338028169014,2,0,1,0,Permanent,4.304,Permanent,4.304,Permanent,4.304,Low
Mexico City Grand Prix,HAM,4,MEDIUM,28,26.118181818181817,45.39696969696969,1,0.2676056338028169,1,3,0,1,Permanent,4.304,Permanent,4.304,Permanent,4.304,Low
Mexico City Grand Prix,HAM,5,SOFT,28,26.485714285714288,42.06428571428571,0,0.6619718309859155,2,0,0,0,Permanent,4.304,Permanent,4.304,Permanent,4.304,Low
Mexico City Grand Prix,HUL,3,SOFT,22,25.85,46.475,0,0.056338028169014,2,0,1,0,Permanent,4.304,Permanent,4.304,Permanent,4.304,Low
Mexico City Grand Prix,HUL,4,SOFT,28,25.909375,45.26875,0,0.3098591549295774,2,3,0,1,Permanent,4.304,Permanent,4.304,Permanent,4.304,Low
Mexico City Grand Prix,HUL,5,SOFT,27,26.43703703703704,42.0925925925926,0,0.6619718309859155,3,0,0,0,Permanent,4.304,Permanent,4.304,Permanent,4.304,Low
Mexico City Grand Prix,NOR,1,SOFT,4,23.845454545454547,44.06363636363636,0,0.0140845070422535,2,0,2,0,Permanent,4.304,Permanent,4.304,Permanent,4.304,Low
Mexico City Grand Prix,NOR,3,SOFT,25,25.67586206896552,46.31379310344828,1,0.056338028169014,1,0,2,0,Permanent,4.304,Permanent,4.304,Permanent,4.304,Low
Mexico City Grand Prix,NOR,4,MEDIUM,32,26.377142857142857,44.40285714285714,1,0.3943661971830985,3,3,0,1,Permanent,4.304,Permanent,4.304,Permanent,4.304,Low
Mexico City Grand Prix,NOR,5,SOFT,15,26.26875,40.75,0,0.8450704225352113,1,0,0,0,Permanent,4.304,Permanent,4.304,Permanent,4.304,Low
Mexico City Grand Prix,OCO,1,SOFT,4,23.746666666666663,44.29333333333333,0,0.0140845070422535,2,0,2,0,Permanent,4.304,Permanent,4.304,Permanent,4.304,Low
Mexico City Grand Prix,OCO,3,SOFT,15,25.44,46.49,0,0.056338028169014,2,0,2,0,Permanent,4.304,Permanent,4.304,Permanent,4.304,Low
Mexico City Grand Prix,OCO,4,MEDIUM,17,25.989473684210527,45.96315789473684,1,0.2112676056338028,0,0,0,0,Permanent,4.304,Permanent,4.304,Permanent,4.304,Low
Mexico City Grand Prix,OCO,5,SOFT,23,26.47272727272728,44.37272727272728,0,0.4507042253521127,2,4,0,1,Permanent,4.304,Permanent,4.304,Permanent,4.304,Low
Mexico City Grand Prix,OCO,6,SOFT,19,26.542105263157897,41.58421052631579,1,0.7323943661971831,2,0,0,0,Permanent,4.304,Permanent,4.304,Permanent,4.304,Low
Mexico City Grand Prix,PER,1,SOFT,4,23.880000000000003,43.85,0,0.0140845070422535,1,0,0,0,Permanent,4.304,Permanent,4.304,Permanent,4.304,Low
Mexico City Grand Prix,PER,3,SOFT,21,25.11428571428572,46.35142857142857,0,0.056338028169014,0,0,0,0,Permanent,4.304,Permanent,4.304,Permanent,4.304,Low
Mexico City Grand Prix,PER,4,MEDIUM,26,26.264285714285712,45.32857142857143,1,0.2957746478873239,0,0,0,0,Permanent,4.304,Permanent,4.304,Permanent,4.304,Low
Mexico City Grand Prix,PER,5,SOFT,28,26.52592592592593,42.0,0,0.6619718309859155,0,0,0,0,Permanent,4.304,Permanent,4.304,Permanent,4.304,Low
Mexico City Grand Prix,PIA,1,SOFT,3,23.76153846153846,44.26153846153846,0,0.0140845070422535,2,0,1,0,Permanent,4.304,Permanent,4.304,Permanent,4.304,Low
Mexico City Grand Prix,PIA,3,MEDIUM,23,25.78,46.36,0,0.0422535211267605,2,0,1,0,Permanent,4.304,Permanent,4.304,Permanent,4.304,Low
Mexico City Grand Prix,PIA,4,SOFT,31,26.43793103448276,44.75862068965517,0,0.352112676056338,2,3,0,1,Permanent,4.304,Permanent,4.304,Permanent,4.304,Low
Mexico City Grand Prix,PIA,5,SOFT,22,26.18636363636364,42.095454545454544,0,0.7464788732394366,1,0,0,0,Permanent,4.304,Permanent,4.304,Permanent,4.304,Low
Mexico City Grand Prix,RIC,3,SOFT,28,25.76538461538461,46.58461538461539,0,0.0422535211267605,1,0,1,0,Permanent,4.304,Permanent,4.304,Permanent,4.304,Low
Mexico City Grand Prix,RIC,4,MEDIUM,29,26.309090909090912,44.83939393939394,1,0.380281690140845,2,3,0,1,Permanent,4.304,Permanent,4.304,Permanent,4.304,Low
Mexico City Grand Prix,RIC,5,SOFT,15,26.51333333333333,40.766666666666666,1,0.7887323943661971,1,0,0,0,Permanent,4.304,Permanent,4.304,Permanent,4.304,Low
Mexico City Grand Prix,RUS,1,SOFT,4,23.891666666666666,44.24166666666667,0,0.0140845070422535,2,0,1,0,Permanent,4.304,Permanent,4.304,Permanent,4.304,Low
Mexico City Grand Prix,RUS,3,SOFT,20,25.51363636363636,45.904545454545456,0,0.056338028169014,2,0,1,0,Permanent,4.304,Permanent,4.304,Permanent,4.304,Low
Mexico City Grand Prix,RUS,4,MEDIUM,26,25.678048780487803,45.52195121951219,1,0.2816901408450704,1,3,0,1,Permanent,4.304,Permanent,4.304,Permanent,4.304,Low
Mexico City Grand Prix,RUS,5,SOFT,15,26.453333333333333,43.46666666666667,0,0.647887323943662,1,0,0,0,Permanent,4.304,Permanent,4.304,Permanent,4.304,Low
Mexico City Grand Prix,SAI,1,SOFT,3,23.75,44.30714285714286,0,0.0140845070422535,2,0,1,0,Permanent,4.304,Permanent,4.304,Permanent,4.304,Low
Mexico City Grand Prix,SAI,3,SOFT,28,25.81851851851852,46.525925925925925,0,0.056338028169014,2,0,1,0,Permanent,4.304,Permanent,4.304,Permanent,4.304,Low
Mexico City Grand Prix,SAI,4,MEDIUM,25,26.29655172413793,44.79655172413793,1,0.380281690140845,2,3,0,1,Permanent,4.304,Permanent,4.304,Permanent,4.304,Low
Mexico City Grand Prix,SAI,5,SOFT,23,26.430434782608696,41.61739130434783,0,0.7323943661971831,1,0,0,0,Permanent,4.304,Permanent,4.304,Permanent,4.304,Low
Mexico City Grand Prix,SAR,3,SOFT,15,25.447058823529414,46.47058823529412,1,0.056338028169014,1,0,2,0,Permanent,4.304,Permanent,4.304,Permanent,4.304,Low
Mexico City Grand Prix,SAR,4,SOFT,27,25.993939393939392,45.79090909090909,1,0.2535211267605634,1,4,0,1,Permanent,4.304,Permanent,4.304,Permanent,4.304,Low
Mexico City Grand Prix,SAR,5,SOFT,26,26.596153846153847,42.17692307692308,1,0.6338028169014085,3,0,0,0,Permanent,4.304,Permanent,4.304,Permanent,4.304,Low
Mexico City Grand Prix,STR,1,SOFT,1,24.1,44.42857142857143,1,0.0140845070422535,1,0,2,0,Permanent,4.304,Permanent,4.304,Permanent,4.304,Low
Mexico City Grand Prix,STR,3,SOFT,23,25.383333333333336,46.21666666666667,0,0.056338028169014,1,0,2,0,Permanent,4.304,Permanent,4.304,Permanent,4.304,Low
Mexico City Grand Prix,STR,4,MEDIUM,30,26.22058823529412,44.94705882352941,1,0.323943661971831,2,4,0,1,Permanent,4.304,Permanent,4.304,Permanent,4.304,Low
Mexico City Grand Prix,STR,5,SOFT,21,26.254166666666663,41.94583333333333,0,0.7464788732394366,1,0,0,0,Permanent,4.304,Permanent,4.304,Permanent,4.304,Low
Mexico City Grand Prix,TSU,3,SOFT,24,25.48125,46.38125,1,0.056338028169014,2,0,2,0,Permanent,4.304,Permanent,4.304,Permanent,4.304,Low
Mexico City Grand Prix,TSU,4,MEDIUM,29,26.205714285714286,45.068571428571424,1,0.380281690140845,3,3,0,1,Permanent,4.304,Permanent,4.304,Permanent,4.304,Low
Mexico City Grand Prix,TSU,5,SOFT,19,26.5125,40.9375,0,0.7887323943661971,2,0,0,0,Permanent,4.304,Permanent,4.304,Permanent,4.304,Low
Mexico City Grand Prix,VER,1,SOFT,4,23.9,43.87777777777777,0,0.0140845070422535,1,0,1,0,Permanent,4.304,Permanent,4.304,Permanent,4.304,Low
Mexico City Grand Prix,VER,3,SOFT,28,25.295238095238098,46.27619047619047,0,0.056338028169014,2,0,1,0,Permanent,4.304,Permanent,4.304,Permanent,4.304,Low
Mexico City Grand Prix,VER,4,MEDIUM,29,26.44193548387097,44.641935483870974,1,0.3943661971830985,2,3,0,1,Permanent,4.304,Permanent,4.304,Permanent,4.304,Low
Mexico City Grand Prix,VER,5,SOFT,15,26.429411764705883,41.10588235294117,1,0.8028169014084507,1,0,0,0,Permanent,4.304,Permanent,4.304,Permanent,4.304,Low
Mexico City Grand Prix,ZHO,3,SOFT,13,25.24705882352941,46.61764705882353,1,0.056338028169014,1,0,2,0,Permanent,4.304,Permanent,4.304,Permanent,4.304,Low
Mexico City Grand Prix,ZHO,4,MEDIUM,7,25.37142857142857,46.521428571428565,1,0.2253521126760563,0,0,0,0,Permanent,4.304,Permanent,4.304,Permanent,4.304,Low
Miami Grand Prix,ALB,1,MEDIUM,22,28.025,40.095,1,0.0175438596491228,0,0,0,0,SemiPermanent,5.412,SemiPermanent,5.412,SemiPermanent,5.412,Medium
Miami Grand Prix,ALB,2,HARD,35,27.520000000000003,37.23777777777778,1,0.4035087719298245,0,0,0,0,SemiPermanent,5.412,SemiPermanent,5.412,SemiPermanent,5.412,Medium
Miami Grand Prix,ALO,1,MEDIUM,25,27.68108108108108,37.63783783783784,0,0.0175438596491228,0,0,0,0,SemiPermanent,5.412,SemiPermanent,5.412,SemiPermanent,5.412,Medium
Miami Grand Prix,ALO,2,HARD,34,27.544444444444444,37.27555555555556,0,0.4385964912280701,0,0,0,0,SemiPermanent,5.412,SemiPermanent,5.412,SemiPermanent,5.412,Medium
Miami Grand Prix,BOT,1,MEDIUM,15,27.976666666666667,39.42,1,0.0175438596491228,0,0,0,0,SemiPermanent,5.412,SemiPermanent,5.412,SemiPermanent,5.412,Medium
Miami Grand Prix,BOT,2,HARD,42,27.316666666666663,35.87916666666667,1,0.2807017543859649,0,0,0,0,SemiPermanent,5.412,SemiPermanent,5.412,SemiPermanent,5.412,Medium
Miami Grand Prix,DEV,1,MEDIUM,15,28.294736842105262,41.56315789473685,1,0.0175438596491228,0,0,0,0,SemiPermanent,5.412,SemiPermanent,5.412,SemiPermanent,5.412,Medium
Miami Grand Prix,DEV,2,HARD,42,27.4,36.47407407407408,1,0.2807017543859649,0,0,0,0,SemiPermanent,5.412,SemiPermanent,5.412,SemiPermanent,5.412,Medium
Miami Grand Prix,GAS,1,MEDIUM,15,28.310256410256407,41.74358974358975,1,0.0175438596491228,0,0,0,0,SemiPermanent,5.412,SemiPermanent,5.412,SemiPermanent,5.412,Medium
Miami Grand Prix,GAS,2,HARD,42,27.361538461538466,36.20961538461539,1,0.2807017543859649,0,0,0,0,SemiPermanent,5.412,SemiPermanent,5.412,SemiPermanent,5.412,Medium
Miami Grand Prix,HAM,1,HARD,37,27.711764705882352,38.1764705882353,0,0.0175438596491228,0,0,0,0,SemiPermanent,5.412,SemiPermanent,5.412,SemiPermanent,5.412,Medium
Miami Grand Prix,HAM,2,MEDIUM,20,27.42758620689655,36.248275862068965,1,0.6666666666666666,0,0,0,0,SemiPermanent,5.412,SemiPermanent,5.412,SemiPermanent,5.412,Medium
Miami Grand Prix,HUL,1,HARD,33,27.96481481481481,39.69814814814814,1,0.0175438596491228,0,0,0,0,SemiPermanent,5.412,SemiPermanent,5.412,SemiPermanent,5.412,Medium
Miami Grand Prix,HUL,2,MEDIUM,24,27.710256410256413,38.44615384615385,1,0.5964912280701754,0,0,0,0,SemiPermanent,5.412,SemiPermanent,5.412,SemiPermanent,5.412,Medium
Miami Grand Prix,LEC,1,MEDIUM,17,28.24473684210526,41.25526315789474,1,0.0175438596491228,0,0,0,0,SemiPermanent,5.412,SemiPermanent,5.412,SemiPermanent,5.412,Medium
Miami Grand Prix,LEC,2,HARD,40,27.42549019607843,36.67058823529412,1,0.3157894736842105,0,0,0,0,SemiPermanent,5.412,SemiPermanent,5.412,SemiPermanent,5.412,Medium
Miami Grand Prix,MAG,1,MEDIUM,14,28.28787878787879,41.54242424242425,1,0.0175438596491228,0,0,0,0,SemiPermanent,5.412,SemiPermanent,5.412,SemiPermanent,5.412,Medium
Miami Grand Prix,MAG,2,HARD,43,27.54561403508772,37.5140350877193,1,0.2631578947368421,0,0,0,0,SemiPermanent,5.412,SemiPermanent,5.412,SemiPermanent,5.412,Medium
Miami Grand Prix,NOR,1,SOFT,4,28.228571428571428,41.2,1,0.0175438596491228,0,0,0,0,SemiPermanent,5.412,SemiPermanent,5.412,SemiPermanent,5.412,Medium
Miami Grand Prix,NOR,2,HARD,53,27.49047619047619,36.87301587301587,1,0.087719298245614,0,0,0,0,SemiPermanent,5.412,SemiPermanent,5.412,SemiPermanent,5.412,Medium
Miami Grand Prix,OCO,1,HARD,39,28.0231884057971,40.24927536231884,1,0.0175438596491228,0,0,0,0,SemiPermanent,5.412,SemiPermanent,5.412,SemiPermanent,5.412,Medium
Miami Grand Prix,OCO,2,MEDIUM,18,28.077272727272728,40.440909090909095,1,0.7017543859649122,0,0,0,0,SemiPermanent,5.412,SemiPermanent,5.412,SemiPermanent,5.412,Medium
Miami Grand Prix,PER,1,MEDIUM,20,28.00857142857143,39.65142857142857,1,0.0175438596491228,0,0,0,0,SemiPermanent,5.412,SemiPermanent,5.412,SemiPermanent,5.412,Medium
Miami Grand Prix,PER,2,HARD,37,27.35454545454545,36.31818181818182,1,0.3684210526315789,0,0,0,0,SemiPermanent,5.412,SemiPermanent,5.412,SemiPermanent,5.412,Medium
Miami Grand Prix,PIA,1,SOFT,5,28.288888888888888,41.76111111111111,1,0.0175438596491228,0,0,0,0,SemiPermanent,5.412,SemiPermanent,5.412,SemiPermanent,5.412,Medium
Miami Grand Prix,PIA,2,HARD,51,27.566666666666663,37.40454545454545,1,0.1052631578947368,0,0,0,0,SemiPermanent,5.412,SemiPermanent,5.412,SemiPermanent,5.412,Medium
Miami Grand Prix,RUS,1,MEDIUM,17,27.915625,39.171875,1,0.0175438596491228,0,0,0,0,SemiPermanent,5.412,SemiPermanent,5.412,SemiPermanent,5.412,Medium
Miami Grand Prix,RUS,2,HARD,40,27.384313725490195,36.36862745098039,1,0.3157894736842105,0,0,0,0,SemiPermanent,5.412,SemiPermanent,5.412,SemiPermanent,5.412,Medium
Miami Grand Prix,SAI,1,MEDIUM,18,28.24761904761905,41.17380952380952,1,0.0175438596491228,0,0,0,0,SemiPermanent,5.412,SemiPermanent,5.412,SemiPermanent,5.412,Medium
Miami Grand Prix,SAI,2,HARD,39,27.369565217391305,36.34130434782609,1,0.3333333333333333,0,0,0,0,SemiPermanent,5.412,SemiPermanent,5.412,SemiPermanent,5.412,Medium
Miami Grand Prix,SAR,1,MEDIUM,2,28.934615384615384,45.388461538461534,1,0.0175438596491228,0,0,0,0,SemiPermanent,5.412,SemiPermanent,5.412,SemiPermanent,5.412,Medium
Miami Grand Prix,SAR,2,HARD,54,27.443076923076923,36.64,1,0.0526315789473684,0,0,0,0,SemiPermanent,5.412,SemiPermanent,5.412,SemiPermanent,5.412,Medium
Miami Grand Prix,STR,1,HARD,43,27.72622950819672,38.30491803278689,0,0.0175438596491228,0,0,0,0,SemiPermanent,5.412,SemiPermanent,5.412,SemiPermanent,5.412,Medium
Miami Grand Prix,STR,2,MEDIUM,16,27.347619047619045,35.65714285714286,0,0.7543859649122807,0,0,0,0,SemiPermanent,5.412,SemiPermanent,5.412,SemiPermanent,5.412,Medium
Miami Grand Prix,TSU,1,HARD,36,27.940677966101696,39.66949152542373,1,0.0175438596491228,0,0,0,0,SemiPermanent,5.412,SemiPermanent,5.412,SemiPermanent,5.412,Medium
Miami Grand Prix,TSU,2,MEDIUM,21,27.61142857142857,37.41142857142857,1,0.6491228070175439,0,0,0,0,SemiPermanent,5.412,SemiPermanent,5.412,SemiPermanent,5.412,Medium
Miami Grand Prix,VER,1,HARD,45,27.7,38.26190476190476,1,0.0175438596491228,0,0,0,0,SemiPermanent,5.412,SemiPermanent,5.412,SemiPermanent,5.412,Medium
Miami Grand Prix,VER,2,MEDIUM,12,27.62857142857143,37.6,1,0.8070175438596491,0,0,0,0,SemiPermanent,5.412,SemiPermanent,5.412,SemiPermanent,5.412,Medium
Miami Grand Prix,ZHO,1,HARD,31,27.777083333333334,38.41458333333333,1,0.0175438596491228,0,0,0,0,SemiPermanent,5.412,SemiPermanent,5.412,SemiPermanent,5.412,Medium
Miami Grand Prix,ZHO,2,MEDIUM,26,27.70888888888889,38.126666666666665,1,0.5614035087719298,0,0,0,0,SemiPermanent,5.412,SemiPermanent,5.412,SemiPermanent,5.412,Medium
Monaco Grand Prix,ALB,1,MEDIUM,18,26.267307692307693,43.46153846153846,1,0.0128205128205128,9,0,0,0,Street,3.337,Street,3.337,Street,3.337,VeryLow
Monaco Grand Prix,ALB,2,HARD,34,25.894642857142856,41.035714285714285,1,0.2435897435897435,3,0,0,0,Street,3.337,Street,3.337,Street,3.337,VeryLow
Monaco Grand Prix,ALB,3,INTERMEDIATE,25,24.212903225806453,32.9741935483871,1,0.6794871794871795,10,0,0,0,Street,3.337,Street,3.337,Street,3.337,VeryLow
Monaco Grand Prix,ALO,1,HARD,55,25.666233766233766,40.91298701298702,0,0.0128205128205128,9,0,0,0,Street,3.337,Street,3.337,Street,3.337,VeryLow
Monaco Grand Prix,ALO,2,MEDIUM,2,26.361904761904764,44.17619047619048,0,0.7051282051282052,5,0,0,0,Street,3.337,Street,3.337,Street,3.337,VeryLow
Monaco Grand Prix,ALO,3,INTERMEDIATE,23,25.164444444444445,37.422222222222224,1,0.717948717948718,9,0,0,0,Street,3.337,Street,3.337,Street,3.337,VeryLow
Monaco Grand Prix,BOT,1,HARD,51,25.8,41.62771084337349,1,0.0128205128205128,11,0,0,0,Street,3.337,Street,3.337,Street,3.337,VeryLow
Monaco Grand Prix,BOT,2,INTERMEDIATE,26,24.480555555555554,34.58055555555556,1,0.6666666666666666,9,0,0,0,Street,3.337,Street,3.337,Street,3.337,VeryLow
Monaco Grand Prix,DEV,1,MEDIUM,53,25.74642857142857,41.35714285714285,1,0.0128205128205128,12,0,0,0,Street,3.337,Street,3.337,Street,3.337,VeryLow
Monaco Grand Prix,DEV,2,INTERMEDIATE,24,25.348000000000003,37.692,1,0.6923076923076923,11,0,0,0,Street,3.337,Street,3.337,Street,3.337,VeryLow
Monaco Grand Prix,GAS,1,HARD,47,25.95402298850575,42.244827586206895,1,0.0128205128205128,9,0,0,0,Street,3.337,Street,3.337,Street,3.337,VeryLow
Monaco Grand Prix,GAS,2,MEDIUM,7,26.264705882352946,43.45882352941176,1,0.6153846153846154,4,0,0,0,Street,3.337,Street,3.337,Street,3.337,VeryLow
Monaco Grand Prix,GAS,3,INTERMEDIATE,24,25.211111111111112,36.24888888888889,1,0.7051282051282052,9,0,0,0,Street,3.337,Street,3.337,Street,3.337,VeryLow
Monaco Grand Prix,HAM,1,MEDIUM,31,26.124590163934425,43.00819672131148,1,0.0128205128205128,7,0,0,0,Street,3.337,Street,3.337,Street,3.337,VeryLow
Monaco Grand Prix,HAM,2,HARD,23,26.024,41.13399999999999,1,0.4102564102564102,6,0,0,0,Street,3.337,Street,3.337,Street,3.337,VeryLow
Monaco Grand Prix,HAM,3,INTERMEDIATE,24,24.90952380952381,35.87142857142857,1,0.7051282051282052,8,0,0,0,Street,3.337,Street,3.337,Street,3.337,VeryLow
Monaco Grand Prix,HUL,1,MEDIUM,1,26.728571428571428,45.73428571428572,1,0.0128205128205128,7,0,0,0,Street,3.337,Street,3.337,Street,3.337,VeryLow
Monaco Grand Prix,HUL,2,HARD,52,25.635820895522382,40.0776119402985,1,0.0256410256410256,9,0,0,0,Street,3.337,Street,3.337,Street,3.337,VeryLow
Monaco Grand Prix,HUL,3,INTERMEDIATE,5,25.7,36.94545454545455,1,0.7051282051282052,4,0,0,0,Street,3.337,Street,3.337,Street,3.337,VeryLow
Monaco Grand Prix,HUL,4,WET,17,24.72222222222222,33.2,1,0.7692307692307693,3,0,0,0,Street,3.337,Street,3.337,Street,3.337,VeryLow
Monaco Grand Prix,LEC,1,HARD,44,25.79384615384616,41.49230769230769,1,0.0128205128205128,7,0,0,0,Street,3.337,Street,3.337,Street,3.337,VeryLow
Monaco Grand Prix,LEC,2,MEDIUM,11,26.147222222222226,42.36944444444444,1,0.5769230769230769,4,0,0,0,Street,3.337,Street,3.337,Street,3.337,VeryLow
Monaco Grand Prix,LEC,3,INTERMEDIATE,23,24.9075,36.23,1,0.717948717948718,10,0,0,0,Street,3.337,Street,3.337,Street,3.337,VeryLow
Monaco Grand Prix,MAG,1,HARD,55,25.83370786516853,41.26966292134831,1,0.0128205128205128,13,0,0,0,Street,3.337,Street,3.337,Street,3.337,VeryLow
Monaco Grand Prix,MAG,2,WET,14,25.21034482758621,37.50344827586206,1,0.7307692307692307,8,0,0,0,Street,3.337,Street,3.337,Street,3.337,VeryLow
Monaco Grand Prix,NOR,1,MEDIUM,50,25.887804878048783,41.45121951219512,1,0.0128205128205128,7,0,0,0,Street,3.337,Street,3.337,Street,3.337,VeryLow
Monaco Grand Prix,NOR,2,HARD,4,26.095652173913045,43.2695652173913,1,0.6538461538461539,5,0,0,0,Street,3.337,Street,3.337,Street,3.337,VeryLow
Monaco Grand Prix,NOR,3,INTERMEDIATE,23,24.91351351351351,35.68378378378378,1,0.7051282051282052,8,0,0,0,Street,3.337,Street,3.337,Street,3.337,VeryLow
Monaco Grand Prix,OCO,1,MEDIUM,32,25.89032258064516,43.07258064516129,1,0.0128205128205128,9,0,0,0,Street,3.337,Street,3.337,Street,3.337,VeryLow
Monaco Grand Prix,OCO,2,HARD,22,26.143636363636364,41.69818181818182,1,0.4230769230769231,2,0,0,0,Street,3.337,Street,3.337,Street,3.337,VeryLow
Monaco Grand Prix,OCO,3,INTERMEDIATE,24,25.15777777777777,36.13333333333333,1,0.7051282051282052,10,0,0,0,Street,3.337,Street,3.337,Street,3.337,VeryLow
Monaco Grand Prix,PER,1,MEDIUM,1,27.048387096774192,45.34193548387096,1,0.0128205128205128,7,0,0,0,Street,3.337,Street,3.337,Street,3.337,VeryLow
Monaco Grand Prix,PER,2,HARD,33,25.91346153846154,41.99615384615385,1,0.0256410256410256,7,0,0,0,Street,3.337,Street,3.337,Street,3.337,VeryLow
Monaco Grand Prix,PER,3,MEDIUM,20,25.71333333333333,38.99666666666667,0,0.4487179487179487,1,0,0,0,Street,3.337,Street,3.337,Street,3.337,VeryLow
Monaco Grand Prix,PER,4,INTERMEDIATE,4,26.183333333333334,40.97222222222222,1,0.6923076923076923,3,0,0,0,Street,3.337,Street,3.337,Street,3.337,VeryLow
Monaco Grand Prix,PER,5,WET,13,23.37692307692308,28.17692307692308,1,0.7435897435897436,5,0,0,0,Street,3.337,Street,3.337,Street,3.337,VeryLow
Monaco Grand Prix,PER,6,INTERMEDIATE,6,23.85,30.28333333333333,1,0.9102564102564102,0,0,0,0,Street,3.337,Street,3.337,Street,3.337,VeryLow
Monaco Grand Prix,PIA,1,HARD,54,25.78333333333333,41.26904761904762,1,0.0128205128205128,9,0,0,0,Street,3.337,Street,3.337,Street,3.337,VeryLow
Monaco Grand Prix,PIA,2,INTERMEDIATE,23,25.241666666666664,38.10625,1,0.7051282051282052,9,0,0,0,Street,3.337,Street,3.337,Street,3.337,VeryLow
Monaco Grand Prix,RUS,1,HARD,54,25.85421686746988,41.15903614457831,1,0.0128205128205128,7,0,0,0,Street,3.337,Street,3.337,Street,3.337,VeryLow
Monaco Grand Prix,RUS,2,INTERMEDIATE,24,25.45357142857143,38.39821428571429,1,0.7051282051282052,13,0,0,0,Street,3.337,Street,3.337,Street,3.337,VeryLow
Monaco Grand Prix,SAI,1,HARD,33,26.04179104477612,42.93134328358209,1,0.0128205128205128,9,0,0,0,Street,3.337,Street,3.337,Street,3.337,VeryLow
Monaco Grand Prix,SAI,2,MEDIUM,21,25.98913043478261,41.43695652173913,1,0.4358974358974359,1,0,0,0,Street,3.337,Street,3.337,Street,3.337,VeryLow
Monaco Grand Prix,SAI,3,INTERMEDIATE,23,24.87142857142857,34.79714285714286,1,0.717948717948718,8,0,0,0,Street,3.337,Street,3.337,Street,3.337,VeryLow
Monaco Grand Prix,SAR,1,MEDIUM,20,26.09807692307692,44.00576923076923,1,0.0128205128205128,11,0,0,0,Street,3.337,Street,3.337,Street,3.337,VeryLow
Monaco Grand Prix,SAR,2,HARD,3,26.723809523809525,43.647619047619045,1,0.2692307692307692,2,0,0,0,Street,3.337,Street,3.337,Street,3.337,VeryLow
Monaco Grand Prix,SAR,3,SOFT,29,25.328125,38.003125,1,0.3076923076923077,2,0,0,0,Street,3.337,Street,3.337,Street,3.337,VeryLow
Monaco Grand Prix,SAR,4,INTERMEDIATE,24,25.45849056603773,37.83773584905661,1,0.6794871794871795,10,0,0,0,Street,3.337,Street,3.337,Street,3.337,VeryLow
Monaco Grand Prix,STR,1,HARD,52,25.698666666666668,41.16266666666667,0,0.0128205128205128,10,0,0,0,Street,3.337,Street,3.337,Street,3.337,VeryLow
Monaco Grand Prix,STR,2,INTERMEDIATE,2,26.23478260869565,44.34347826086957,1,0.6666666666666666,5,0,0,0,Street,3.337,Street,3.337,Street,3.337,VeryLow
Monaco Grand Prix,TSU,1,MEDIUM,53,25.725301204819274,41.36867469879518,1,0.0128205128205128,8,0,0,0,Street,3.337,Street,3.337,Street,3.337,VeryLow
Monaco Grand Prix,TSU,2,INTERMEDIATE,23,25.454,37.688,1,0.6923076923076923,10,0,0,0,Street,3.337,Street,3.337,Street,3.337,VeryLow
Monaco Grand Prix,VER,1,MEDIUM,55,25.93736263736264,41.35054945054945,1,0.0128205128205128,11,0,0,0,Street,3.337,Street,3.337,Street,3.337,VeryLow
Monaco Grand Prix,VER,2,INTERMEDIATE,23,25.174468085106383,37.70638297872341,1,0.717948717948718,15,0,0,0,Street,3.337,Street,3.337,Street,3.337,VeryLow
Monaco Grand Prix,ZHO,1,SOFT,1,26.57241379310345,46.04827586206897,1,0.0128205128205128,5,0,0,0,Street,3.337,Street,3.337,Street,3.337,VeryLow
Monaco Grand Prix,ZHO,2,HARD,51,25.50952380952381,40.1015873015873,1,0.0256410256410256,7,0,0,0,Street,3.337,Street,3.337,Street,3.337,VeryLow
Monaco Grand Prix,ZHO,3,INTERMEDIATE,25,24.558823529411764,33.59705882352941,1,0.6794871794871795,12,0,0,0,Street,3.337,Street,3.337,Street,3.337,VeryLow
Qatar Grand Prix,ALB,1,MEDIUM,18,31.44,36.95333333333333,1,0.0175438596491228,1,1,0,0,Permanent,5.419,Permanent,5.419,Permanent,5.419,High
Qatar Grand Prix,ALB,2,MEDIUM,13,31.27692307692308,36.76153846153846,1,0.3333333333333333,0,0,0,0,Permanent,5.419,Permanent,5.419,Permanent,5.419,High
Qatar Grand Prix,ALB,3,HARD,13,31.22307692307692,36.13846153846154,1,0.5614035087719298,2,0,0,0,Permanent,5.419,Permanent,5.419,Permanent,5.419,High
Qatar Grand Prix,ALB,4,HARD,13,31.0,36.00769230769231,1,0.7894736842105263,0,0,0,0,Permanent,5.419,Permanent,5.419,Permanent,5.419,High
Qatar Grand Prix,ALO,1,MEDIUM,16,31.4625,37.0875,0,0.0175438596491228,1,1,0,0,Permanent,5.419,Permanent,5.419,Permanent,5.419,High
Qatar Grand Prix,ALO,2,MEDIUM,20,31.326666666666664,36.72,0,0.2105263157894736,0,0,0,0,Permanent,5.419,Permanent,5.419,Permanent,5.419,High
Qatar Grand Prix,ALO,3,HARD,18,31.26111111111112,36.43333333333333,1,0.4736842105263157,2,0,0,0,Permanent,5.419,Permanent,5.419,Permanent,5.419,High
Qatar Grand Prix,ALO,4,MEDIUM,13,30.99230769230769,35.95384615384615,1,0.7894736842105263,0,0,0,0,Permanent,5.419,Permanent,5.419,Permanent,5.419,High
Qatar Grand Prix,BOT,1,SOFT,4,31.5,37.4,0,0.0175438596491228,1,1,0,0,Permanent,5.419,Permanent,5.419,Permanent,5.419,High
Qatar Grand Prix,BOT,2,MEDIUM,18,31.41176470588235,36.90588235294118,1,0.087719298245614,0,0,0,0,Permanent,5.419,Permanent,5.419,Permanent,5.419,High
Qatar Grand Prix,BOT,3,HARD,18,31.28888888888889,36.638888888888886,1,0.3859649122807017,1,0,0,0,Permanent,5.419,Permanent,5.419,Permanent,5.419,High
Qatar Grand Prix,BOT,4,HARD,19,31.04444444444444,35.96111111111111,0,0.7017543859649122,1,0,0,0,Permanent,5.419,Permanent,5.419,Permanent,5.419,High
Qatar Grand Prix,GAS,1,MEDIUM,18,31.4625,37.1125,0,0.0175438596491228,1,1,0,0,Permanent,5.419,Permanent,5.419,Permanent,5.419,High
Qatar Grand Prix,GAS,2,MEDIUM,20,31.33333333333333,36.70666666666667,0,0.2105263157894736,0,0,0,0,Permanent,5.419,Permanent,5.419,Permanent,5.419,High
Qatar Grand Prix,GAS,3,HARD,18,31.26111111111112,36.394444444444446,1,0.4736842105263157,2,0,0,0,Permanent,5.419,Permanent,5.419,Permanent,5.419,High
Qatar Grand Prix,GAS,4,MEDIUM,13,31.0,36.00769230769231,1,0.7894736842105263,0,0,0,0,Permanent,5.419,Permanent,5.419,Permanent,5.419,High
Qatar Grand Prix,HUL,1,MEDIUM,20,31.45,37.11,0,0.0175438596491228,1,1,0,0,Permanent,5.419,Permanent,5.419,Permanent,5.419,High
Qatar Grand Prix,HUL,2,HARD,14,31.31428571428572,36.73571428571428,1,0.2456140350877192,0,0,0,0,Permanent,5.419,Permanent,5.419,Permanent,5.419,High
Qatar Grand Prix,HUL,3,MEDIUM,18,31.291666666666668,36.56666666666667,0,0.4912280701754385,1,0,0,0,Permanent,5.419,Permanent,5.419,Permanent,5.419,High
Qatar Grand Prix,HUL,4,HARD,17,31.047058823529408,35.95294117647059,1,0.7017543859649122,1,0,0,0,Permanent,5.419,Permanent,5.419,Permanent,5.419,High
Qatar Grand Prix,LAW,1,SOFT,1,31.5,37.4,1,0.0175438596491228,1,1,0,0,Permanent,5.419,Permanent,5.419,Permanent,5.419,High
Qatar Grand Prix,LAW,2,HARD,18,31.405882352941177,36.92352941176471,1,0.087719298245614,0,0,0,0,Permanent,5.419,Permanent,5.419,Permanent,5.419,High
Qatar Grand Prix,LAW,3,HARD,18,31.272222222222226,36.61666666666667,1,0.3859649122807017,1,0,0,0,Permanent,5.419,Permanent,5.419,Permanent,5.419,High
Qatar Grand Prix,LAW,4,MEDIUM,17,31.047058823529408,35.97058823529412,1,0.7017543859649122,1,0,0,0,Permanent,5.419,Permanent,5.419,Permanent,5.419,High
Qatar Grand Prix,LEC,1,MEDIUM,20,31.466666666666665,37.02222222222222,0,0.0175438596491228,1,1,0,0,Permanent,5.419,Permanent,5.419,Permanent,5.419,High
Qatar Grand Prix,LEC,2,MEDIUM,20,31.33076923076923,36.72307692307693,0,0.2280701754385964,0,0,0,0,Permanent,5.419,Permanent,5.419,Permanent,5.419,High
Qatar Grand Prix,LEC,3,HARD,18,31.27777777777778,36.49444444444444,1,0.4561403508771929,2,0,0,0,Permanent,5.419,Permanent,5.419,Permanent,5.419,High
Qatar Grand Prix,LEC,4,MEDIUM,14,31.00714285714286,35.957142857142856,1,0.7719298245614035,0,0,0,0,Permanent,5.419,Permanent,5.419,Permanent,5.419,High
Qatar Grand Prix,MAG,1,SOFT,1,31.5,37.4,1,0.0175438596491228,1,1,0,0,Permanent,5.419,Permanent,5.419,Permanent,5.419,High
Qatar Grand Prix,MAG,2,MEDIUM,18,31.41176470588235,36.9,1,0.087719298245614,0,0,0,0,Permanent,5.419,Permanent,5.419,Permanent,5.419,High
Qatar Grand Prix,MAG,3,HARD,18,31.27777777777778,36.61666666666667,1,0.3859649122807017,2,0,0,0,Permanent,5.419,Permanent,5.419,Permanent,5.419,High
Qatar Grand Prix,MAG,4,HARD,17,31.052941176470583,35.98235294117647,1,0.7017543859649122,1,0,0,0,Permanent,5.419,Permanent,5.419,Permanent,5.419,High
Qatar Grand Prix,NOR,1,MEDIUM,20,31.45,37.11,0,0.0175438596491228,1,1,0,0,Permanent,5.419,Permanent,5.419,Permanent,5.419,High
Qatar Grand Prix,NOR,2,MEDIUM,20,31.31428571428572,36.67142857142857,0,0.2456140350877192,0,0,0,0,Permanent,5.419,Permanent,5.419,Permanent,5.419,High
Qatar Grand Prix,NOR,3,MEDIUM,17,31.264705882352946,36.41764705882353,1,0.4912280701754385,2,0,0,0,Permanent,5.419,Permanent,5.419,Permanent,5.419,High
Qatar Grand Prix,NOR,4,HARD,13,31.00769230769231,36.02307692307692,1,0.7894736842105263,0,0,0,0,Permanent,5.419,Permanent,5.419,Permanent,5.419,High
Qatar Grand Prix,OCO,1,MEDIUM,17,31.47142857142857,37.08571428571429,0,0.0175438596491228,1,1,0,0,Permanent,5.419,Permanent,5.419,Permanent,5.419,High
Qatar Grand Prix,OCO,2,MEDIUM,20,31.346666666666668,36.77333333333333,0,0.1929824561403508,0,0,0,0,Permanent,5.419,Permanent,5.419,Permanent,5.419,High
Qatar Grand Prix,OCO,3,HARD,18,31.272222222222226,36.47777777777778,1,0.4561403508771929,2,0,0,0,Permanent,5.419,Permanent,5.419,Permanent,5.419,High
Qatar Grand Prix,OCO,4,MEDIUM,14,31.0,35.94285714285714,1,0.7719298245614035,0,0,0,0,Permanent,5.419,Permanent,5.419,Permanent,5.419,High
Qatar Grand Prix,PER,1,HARD,17,31.442857142857143,36.99285714285714,1,0.0175438596491228,1,1,0,0,Permanent,5.419,Permanent,5.419,Permanent,5.419,High
Qatar Grand Prix,PER,2,MEDIUM,20,31.27857142857143,36.76428571428572,0,0.3157894736842105,0,0,0,0,Permanent,5.419,Permanent,5.419,Permanent,5.419,High
Qatar Grand Prix,PER,3,MEDIUM,18,31.23333333333333,36.175,0,0.5614035087719298,2,0,0,0,Permanent,5.419,Permanent,5.419,Permanent,5.419,High
Qatar Grand Prix,PER,4,MEDIUM,14,31.00714285714286,35.99285714285714,1,0.7719298245614035,0,0,0,0,Permanent,5.419,Permanent,5.419,Permanent,5.419,High
Qatar Grand Prix,PIA,1,MEDIUM,18,31.466666666666665,37.02222222222222,0,0.0175438596491228,1,1,0,0,Permanent,5.419,Permanent,5.419,Permanent,5.419,High
Qatar Grand Prix,PIA,2,MEDIUM,20,31.33076923076923,36.72307692307693,0,0.2280701754385964,0,0,0,0,Permanent,5.419,Permanent,5.419,Permanent,5.419,High
Qatar Grand Prix,PIA,3,MEDIUM,18,31.27777777777778,36.50555555555556,1,0.4561403508771929,2,0,0,0,Permanent,5.419,Permanent,5.419,Permanent,5.419,High
Qatar Grand Prix,PIA,4,HARD,14,31.014285714285712,35.964285714285715,1,0.7719298245614035,0,0,0,0,Permanent,5.419,Permanent,5.419,Permanent,5.419,High
Qatar Grand Prix,RUS,1,MEDIUM,8,31.5,37.4,0,0.0175438596491228,1,1,0,0,Permanent,5.419,Permanent,5.419,Permanent,5.419,High
Qatar Grand Prix,RUS,2,MEDIUM,20,31.454545454545453,37.09090909090909,0,0.0526315789473684,0,1,0,0,Permanent,5.419,Permanent,5.419,Permanent,5.419,High
Qatar Grand Prix,RUS,3,MEDIUM,18,31.30555555555556,36.77777777777778,1,0.2631578947368421,0,0,0,0,Permanent,5.419,Permanent,5.419,Permanent,5.419,High
Qatar Grand Prix,RUS,4,HARD,18,31.172222222222224,36.105555555555554,1,0.5789473684210527,2,0,0,0,Permanent,5.419,Permanent,5.419,Permanent,5.419,High
Qatar Grand Prix,RUS,5,SOFT,10,30.957142857142856,35.885714285714286,0,0.8947368421052632,0,0,0,0,Permanent,5.419,Permanent,5.419,Permanent,5.419,High
Qatar Grand Prix,SAR,1,MEDIUM,13,31.45,37.11,1,0.0175438596491228,1,1,0,0,Permanent,5.419,Permanent,5.419,Permanent,5.419,High
Qatar Grand Prix,SAR,2,MEDIUM,13,31.315384615384616,36.73076923076923,1,0.2456140350877192,0,0,0,0,Permanent,5.419,Permanent,5.419,Permanent,5.419,High
Qatar Grand Prix,SAR,3,HARD,14,31.285714285714285,36.55,1,0.4736842105263157,2,0,0,0,Permanent,5.419,Permanent,5.419,Permanent,5.419,High
Qatar Grand Prix,STR,1,MEDIUM,9,31.5,37.4,0,0.0175438596491228,1,1,0,0,Permanent,5.419,Permanent,5.419,Permanent,5.419,High
Qatar Grand Prix,STR,2,MEDIUM,18,31.41176470588235,36.90588235294118,1,0.087719298245614,0,0,0,0,Permanent,5.419,Permanent,5.419,Permanent,5.419,High
Qatar Grand Prix,STR,3,HARD,18,31.28333333333333,36.62222222222223,1,0.3859649122807017,1,0,0,0,Permanent,5.419,Permanent,5.419,Permanent,5.419,High
Qatar Grand Prix,STR,4,MEDIUM,18,31.04444444444444,35.96111111111111,1,0.7017543859649122,1,0,0,0,Permanent,5.419,Permanent,5.419,Permanent,5.419,High
Qatar Grand Prix,TSU,1,MEDIUM,9,31.48333333333333,37.15,1,0.0175438596491228,1,1,0,0,Permanent,5.419,Permanent,5.419,Permanent,5.419,High
Qatar Grand Prix,TSU,2,MEDIUM,13,31.37692307692308,36.83846153846154,1,0.175438596491228,0,0,0,0,Permanent,5.419,Permanent,5.419,Permanent,5.419,High
Qatar Grand Prix,TSU,3,HARD,18,31.27777777777778,36.59444444444445,1,0.4035087719298245,2,0,0,0,Permanent,5.419,Permanent,5.419,Permanent,5.419,High
Qatar Grand Prix,TSU,4,HARD,16,31.0375,35.95,1,0.7192982456140351,0,0,0,0,Permanent,5.419,Permanent,5.419,Permanent,5.419,High
Qatar Grand Prix,VER,1,MEDIUM,20,31.464285714285715,36.96428571428572,0,0.0175438596491228,1,1,0,0,Permanent,5.419,Permanent,5.419,Permanent,5.419,High
Qatar Grand Prix,VER,2,MEDIUM,20,31.3,36.78823529411765,0,0.3157894736842105,1,0,0,0,Permanent,5.419,Permanent,5.419,Permanent,5.419,High
Qatar Grand Prix,VER,3,HARD,17,31.147058823529413,36.07058823529412,1,0.6140350877192983,1,0,0,0,Permanent,5.419,Permanent,5.419,Permanent,5.419,High
Qatar Grand Prix,VER,4,MEDIUM,6,30.95,35.916666666666664,1,0.912280701754386,0,0,0,0,Permanent,5.419,Permanent,5.419,Permanent,5.419,High
Qatar Grand Prix,ZHO,1,MEDIUM,18,31.44,36.95333333333333,1,0.0175438596491228,1,1,0,0,Permanent,5.419,Permanent,5.419,Permanent,5.419,High
Qatar Grand Prix,ZHO,2,HARD,17,31.3,36.794117647058826,1,0.3333333333333333,1,0,0,0,Permanent,5.419,Permanent,5.419,Permanent,5.419,High
Qatar Grand Prix,ZHO,3,HARD,17,31.105882352941173,36.02941176470589,1,0.631578947368421,1,0,0,0,Permanent,5.419,Permanent,5.419,Permanent,5.419,High
Qatar Grand Prix,ZHO,4,SOFT,5,30.94,35.739999999999995,1,0.9298245614035088,0,0,0,0,Permanent,5.419,Permanent,5.419,Permanent,5.419,High
Saudi Arabian Grand Prix,ALB,1,MEDIUM,17,26.478125,33.2375,1,0.02,1,1,0,0,Street,6.174,Street,6.174,Street,6.174,Low
Saudi Arabian Grand Prix,ALB,2,HARD,9,26.59259259259259,35.53333333333333,1,0.38,0,1,0,0,Street,6.174,Street,6.174,Street,6.174,Low
Saudi Arabian Grand Prix,ALO,1,MEDIUM,18,26.47741935483871,32.87096774193548,1,0.02,2,1,0,0,Street,6.174,Street,6.174,Street,6.174,Low
Saudi Arabian Grand Prix,ALO,2,HARD,33,26.24102564102564,32.217948717948715,0,0.42,0,0,0,0,Street,6.174,Street,6.174,Street,6.174,Low
Saudi Arabian Grand Prix,BOT,1,MEDIUM,9,26.603125,36.1375,1,0.02,0,0,0,0,Street,6.174,Street,6.174,Street,6.174,Low
Saudi Arabian Grand Prix,BOT,2,HARD,8,26.435,32.025,1,0.2,1,1,0,0,Street,6.174,Street,6.174,Street,6.174,Low
Saudi Arabian Grand Prix,BOT,3,MEDIUM,18,26.40571428571429,33.565714285714286,1,0.38,1,6,0,0,Street,6.174,Street,6.174,Street,6.174,Low
Saudi Arabian Grand Prix,BOT,4,SOFT,14,26.423333333333336,32.053333333333335,1,0.72,3,7,0,0,Street,6.174,Street,6.174,Street,6.174,Low
Saudi Arabian Grand Prix,DEV,1,MEDIUM,17,26.43611111111112,35.34722222222222,1,0.02,1,1,0,0,Street,6.174,Street,6.174,Street,6.174,Low
Saudi Arabian Grand Prix,DEV,2,HARD,33,26.21914893617021,31.738297872340425,1,0.38,2,4,0,0,Street,6.174,Street,6.174,Street,6.174,Low
Saudi Arabian Grand Prix,GAS,1,MEDIUM,14,26.61176470588235,33.34705882352941,1,0.02,0,0,0,0,Street,6.174,Street,6.174,Street,6.174,Low
Saudi Arabian Grand Prix,GAS,2,HARD,36,26.329310344827583,33.334482758620695,1,0.3,1,3,0,0,Street,6.174,Street,6.174,Street,6.174,Low
Saudi Arabian Grand Prix,HAM,1,HARD,18,26.516666666666666,34.68611111111111,1,0.02,2,1,0,0,Street,6.174,Street,6.174,Street,6.174,Low
Saudi Arabian Grand Prix,HAM,2,MEDIUM,32,26.226190476190474,32.12857142857143,1,0.42,0,0,0,0,Street,6.174,Street,6.174,Street,6.174,Low
Saudi Arabian Grand Prix,HUL,1,MEDIUM,11,26.51538461538461,35.18846153846154,1,0.02,0,0,0,0,Street,6.174,Street,6.174,Street,6.174,Low
Saudi Arabian Grand Prix,HUL,2,HARD,39,26.273076923076925,32.00961538461539,1,0.24,1,3,0,0,Street,6.174,Street,6.174,Street,6.174,Low
Saudi Arabian Grand Prix,LEC,1,SOFT,16,26.544444444444444,34.849999999999994,1,0.02,0,0,0,0,Street,6.174,Street,6.174,Street,6.174,Low
Saudi Arabian Grand Prix,LEC,2,HARD,34,26.246666666666663,31.55333333333333,1,0.34,1,2,0,0,Street,6.174,Street,6.174,Street,6.174,Low
Saudi Arabian Grand Prix,MAG,1,MEDIUM,8,26.543478260869566,35.05652173913043,1,0.02,0,0,0,0,Street,6.174,Street,6.174,Street,6.174,Low
Saudi Arabian Grand Prix,MAG,2,HARD,42,26.272222222222226,32.242592592592594,1,0.18,1,3,0,0,Street,6.174,Street,6.174,Street,6.174,Low
Saudi Arabian Grand Prix,NOR,1,SOFT,2,26.44,34.160000000000004,1,0.02,0,0,0,0,Street,6.174,Street,6.174,Street,6.174,Low
Saudi Arabian Grand Prix,NOR,2,HARD,17,26.417857142857144,33.86071428571429,1,0.06,1,3,0,0,Street,6.174,Street,6.174,Street,6.174,Low
Saudi Arabian Grand Prix,NOR,3,MEDIUM,31,26.25,32.17826086956522,1,0.4,1,5,0,0,Street,6.174,Street,6.174,Street,6.174,Low
Saudi Arabian Grand Prix,OCO,1,MEDIUM,16,26.594285714285714,33.291428571428575,1,0.02,0,0,0,0,Street,6.174,Street,6.174,Street,6.174,Low
Saudi Arabian Grand Prix,OCO,2,HARD,34,26.33076923076923,32.66538461538461,1,0.34,1,3,0,0,Street,6.174,Street,6.174,Street,6.174,Low
Saudi Arabian Grand Prix,PER,1,MEDIUM,18,26.45172413793104,33.189655172413794,1,0.02,2,1,0,0,Street,6.174,Street,6.174,Street,6.174,Low
Saudi Arabian Grand Prix,PER,2,HARD,32,26.21351351351351,31.23783783783784,1,0.42,0,0,0,0,Street,6.174,Street,6.174,Street,6.174,Low
Saudi Arabian Grand Prix,PIA,1,MEDIUM,1,26.776190476190475,36.57142857142857,1,0.02,0,0,0,0,Street,6.174,Street,6.174,Street,6.174,Low
Saudi Arabian Grand Prix,PIA,2,HARD,49,26.34927536231884,32.813043478260866,1,0.04,2,7,0,0,Street,6.174,Street,6.174,Street,6.174,Low
Saudi Arabian Grand Prix,RUS,1,MEDIUM,18,26.55128205128205,35.32307692307692,1,0.02,2,1,0,0,Street,6.174,Street,6.174,Street,6.174,Low
Saudi Arabian Grand Prix,RUS,2,HARD,32,26.23414634146341,31.695121951219512,1,0.42,0,0,0,0,Street,6.174,Street,6.174,Street,6.174,Low
Saudi Arabian Grand Prix,SAI,1,MEDIUM,15,26.565625,34.059375,1,0.02,0,0,0,0,Street,6.174,Street,6.174,Street,6.174,Low
Saudi Arabian Grand Prix,SAI,2,HARD,35,26.25869565217392,32.13913043478261,1,0.32,1,2,0,0,Street,6.174,Street,6.174,Street,6.174,Low
Saudi Arabian Grand Prix,SAR,1,HARD,18,26.48157894736842,34.9,1,0.02,1,2,0,0,Street,6.174,Street,6.174,Street,6.174,Low
Saudi Arabian Grand Prix,SAR,2,MEDIUM,32,26.16842105263158,31.115789473684213,1,0.42,0,0,0,0,Street,6.174,Street,6.174,Street,6.174,Low
Saudi Arabian Grand Prix,STR,1,MEDIUM,13,26.503846153846155,33.107692307692304,1,0.02,0,0,0,0,Street,6.174,Street,6.174,Street,6.174,Low
Saudi Arabian Grand Prix,STR,2,HARD,4,26.50625,35.3,0,0.28,0,0,0,0,Street,6.174,Street,6.174,Street,6.174,Low
Saudi Arabian Grand Prix,TSU,1,MEDIUM,17,26.605555555555554,35.55555555555556,1,0.02,1,1,0,0,Street,6.174,Street,6.174,Street,6.174,Low
Saudi Arabian Grand Prix,TSU,2,HARD,33,26.293333333333333,31.77777777777778,1,0.38,0,1,0,0,Street,6.174,Street,6.174,Street,6.174,Low
Saudi Arabian Grand Prix,VER,1,MEDIUM,18,26.491666666666667,34.66111111111111,1,0.02,2,1,0,0,Street,6.174,Street,6.174,Street,6.174,Low
Saudi Arabian Grand Prix,VER,2,HARD,32,26.221951219512192,31.74634146341463,1,0.42,1,0,0,0,Street,6.174,Street,6.174,Street,6.174,Low
Saudi Arabian Grand Prix,ZHO,1,MEDIUM,11,26.62,35.85428571428572,1,0.02,0,0,0,0,Street,6.174,Street,6.174,Street,6.174,Low
Saudi Arabian Grand Prix,ZHO,2,HARD,7,26.677777777777777,34.46111111111111,1,0.24,1,2,0,0,Street,6.174,Street,6.174,Street,6.174,Low
Saudi Arabian Grand Prix,ZHO,3,MEDIUM,32,26.226666666666667,32.26888888888889,1,0.38,0,3,0,0,Street,6.174,Street,6.174,Street,6.174,Low
Singapore Grand Prix,ALB,1,MEDIUM,20,29.995,36.665,1,0.0161290322580645,3,1,0,0,Street,4.94,Street,4.94,Street,4.94,Low
Singapore Grand Prix,ALB,2,HARD,23,29.9,35.731818181818184,1,0.3548387096774194,1,1,1,0,Street,4.94,Street,4.94,Street,4.94,Low
Singapore Grand Prix,ALB,3,MEDIUM,19,29.55,34.95,1,0.7258064516129032,7,0,1,0,Street,4.94,Street,4.94,Street,4.94,Low
Singapore Grand Prix,ALO,1,MEDIUM,20,29.99,36.69,1,0.0161290322580645,3,1,0,0,Street,4.94,Street,4.94,Street,4.94,Low
Singapore Grand Prix,ALO,2,HARD,23,29.9,35.71904761904762,1,0.3709677419354839,1,0,1,0,Street,4.94,Street,4.94,Street,4.94,Low
Singapore Grand Prix,ALO,3,SOFT,20,29.54117647058824,34.93529411764706,0,0.7419354838709677,5,0,0,0,Street,4.94,Street,4.94,Street,4.94,Low
Singapore Grand Prix,BOT,1,HARD,40,29.957894736842107,36.252631578947366,1,0.0161290322580645,3,1,0,0,Street,4.94,Street,4.94,Street,4.94,Low
Singapore Grand Prix,BOT,2,MEDIUM,11,29.61818181818182,35.10909090909091,1,0.6612903225806451,3,0,2,0,Street,4.94,Street,4.94,Street,4.94,Low
Singapore Grand Prix,GAS,1,MEDIUM,20,29.99,36.68,1,0.0161290322580645,3,1,0,0,Street,4.94,Street,4.94,Street,4.94,Low
Singapore Grand Prix,GAS,2,HARD,42,29.735000000000003,35.37,1,0.3709677419354839,6,0,3,0,Street,4.94,Street,4.94,Street,4.94,Low
Singapore Grand Prix,HAM,1,MEDIUM,20,29.99,36.69,1,0.0161290322580645,3,1,0,0,Street,4.94,Street,4.94,Street,4.94,Low
Singapore Grand Prix,HAM,2,HARD,23,29.9,35.7047619047619,1,0.3709677419354839,1,0,1,0,Street,4.94,Street,4.94,Street,4.94,Low
Singapore Grand Prix,HAM,3,MEDIUM,18,29.55555555555556,34.96111111111111,1,0.7258064516129032,4,0,1,0,Street,4.94,Street,4.94,Street,4.94,Low
Singapore Grand Prix,HUL,1,MEDIUM,20,29.99,36.68,1,0.0161290322580645,3,1,0,0,Street,4.94,Street,4.94,Street,4.94,Low
Singapore Grand Prix,HUL,2,HARD,42,29.741463414634147,35.37317073170732,1,0.3548387096774194,7,1,3,0,Street,4.94,Street,4.94,Street,4.94,Low
Singapore Grand Prix,LAW,1,MEDIUM,20,29.99,36.68,1,0.0161290322580645,3,1,0,0,Street,4.94,Street,4.94,Street,4.94,Low
Singapore Grand Prix,LAW,2,HARD,42,29.7390243902439,35.380487804878044,1,0.3548387096774194,6,1,3,0,Street,4.94,Street,4.94,Street,4.94,Low
Singapore Grand Prix,LEC,1,SOFT,23,29.99,36.69,0,0.0161290322580645,3,1,0,0,Street,4.94,Street,4.94,Street,4.94,Low
Singapore Grand Prix,LEC,2,HARD,42,29.7325,35.36,1,0.3709677419354839,5,0,3,0,Street,4.94,Street,4.94,Street,4.94,Low
Singapore Grand Prix,MAG,1,MEDIUM,20,29.99,36.69,1,0.0161290322580645,3,1,0,0,Street,4.94,Street,4.94,Street,4.94,Low
Singapore Grand Prix,MAG,2,HARD,23,29.9,35.71904761904762,1,0.3709677419354839,1,0,1,0,Street,4.94,Street,4.94,Street,4.94,Low
Singapore Grand Prix,MAG,3,SOFT,22,29.55,34.94444444444444,0,0.7258064516129032,5,0,0,0,Street,4.94,Street,4.94,Street,4.94,Low
Singapore Grand Prix,NOR,1,MEDIUM,20,29.99,36.69,1,0.0161290322580645,3,1,0,0,Street,4.94,Street,4.94,Street,4.94,Low
Singapore Grand Prix,NOR,2,HARD,42,29.738461538461536,35.35897435897436,1,0.3709677419354839,5,0,1,0,Street,4.94,Street,4.94,Street,4.94,Low
Singapore Grand Prix,OCO,1,MEDIUM,20,29.985000000000003,36.69,1,0.0161290322580645,3,1,0,0,Street,4.94,Street,4.94,Street,4.94,Low
Singapore Grand Prix,OCO,2,HARD,22,29.910000000000004,35.760000000000005,1,0.3709677419354839,0,0,0,0,Street,4.94,Street,4.94,Street,4.94,Low
Singapore Grand Prix,PER,1,HARD,39,29.96216216216216,36.28378378378378,1,0.0161290322580645,3,1,0,0,Street,4.94,Street,4.94,Street,4.94,Low
Singapore Grand Prix,PER,2,MEDIUM,23,29.58695652173913,35.02608695652174,1,0.6451612903225806,9,0,3,0,Street,4.94,Street,4.94,Street,4.94,Low
Singapore Grand Prix,PIA,1,MEDIUM,20,29.99,36.68,1,0.0161290322580645,3,1,0,0,Street,4.94,Street,4.94,Street,4.94,Low
Singapore Grand Prix,PIA,2,HARD,42,29.73658536585366,35.37560975609756,1,0.3548387096774194,6,1,3,0,Street,4.94,Street,4.94,Street,4.94,Low
Singapore Grand Prix,RUS,1,MEDIUM,20,29.99,36.69,1,0.0161290322580645,3,1,0,0,Street,4.94,Street,4.94,Street,4.94,Low
Singapore Grand Prix,RUS,2,HARD,23,29.9,35.7047619047619,1,0.3709677419354839,1,0,0,0,Street,4.94,Street,4.94,Street,4.94,Low
Singapore Grand Prix,RUS,3,MEDIUM,17,29.558823529411764,34.96470588235294,1,0.7258064516129032,3,0,1,0,Street,4.94,Street,4.94,Street,4.94,Low
Singapore Grand Prix,SAI,1,MEDIUM,20,29.99,36.69,1,0.0161290322580645,3,1,0,0,Street,4.94,Street,4.94,Street,4.94,Low
Singapore Grand Prix,SAI,2,HARD,42,29.7375,35.3625,1,0.3709677419354839,6,0,2,0,Street,4.94,Street,4.94,Street,4.94,Low
Singapore Grand Prix,SAR,1,MEDIUM,18,29.994444444444444,36.71111111111111,1,0.0161290322580645,2,0,0,0,Street,4.94,Street,4.94,Street,4.94,Low
Singapore Grand Prix,SAR,2,HARD,24,29.9,35.76086956521739,1,0.3387096774193548,2,2,1,0,Street,4.94,Street,4.94,Street,4.94,Low
Singapore Grand Prix,SAR,3,MEDIUM,19,29.55,34.93888888888889,1,0.7258064516129032,5,0,0,0,Street,4.94,Street,4.94,Street,4.94,Low
Singapore Grand Prix,VER,1,HARD,40,29.957894736842107,36.26315789473684,1,0.0161290322580645,3,1,0,0,Street,4.94,Street,4.94,Street,4.94,Low
Singapore Grand Prix,VER,2,MEDIUM,22,29.577272727272728,35.0,1,0.6612903225806451,6,0,3,0,Street,4.94,Street,4.94,Street,4.94,Low
Singapore Grand Prix,ZHO,1,SOFT,2,29.85,37.0,1,0.0161290322580645,2,0,0,0,Street,4.94,Street,4.94,Street,4.94,Low
Singapore Grand Prix,ZHO,2,HARD,18,30.022222222222226,36.59444444444445,1,0.0483870967741935,1,1,0,0,Street,4.94,Street,4.94,Street,4.94,Low
Singapore Grand Prix,ZHO,3,MEDIUM,42,29.741463414634147,35.37317073170732,1,0.3548387096774194,6,1,3,0,Street,4.94,Street,4.94,Street,4.94,Low
Spanish Grand Prix,ALB,1,SOFT,16,23.17096774193548,35.00322580645161,1,0.0151515151515151,0,0,0,0,Permanent,4.657,Permanent,4.657,Permanent,4.657,High
Spanish Grand Prix,ALB,2,HARD,21,22.64848484848485,32.945454545454545,1,0.2575757575757575,0,0,0,0,Permanent,4.657,Permanent,4.657,Permanent,4.657,High
Spanish Grand Prix,ALB,3,MEDIUM,28,21.8075,27.2675,1,0.5757575757575758,0,0,0,0,Permanent,4.657,Permanent,4.657,Permanent,4.657,High
Spanish Grand Prix,ALO,1,SOFT,22,22.45862068965517,32.38965517241379,0,0.0151515151515151,0,0,0,0,Permanent,4.657,Permanent,4.657,Permanent,4.657,High
Spanish Grand Prix,ALO,2,SOFT,28,22.389743589743592,30.29230769230769,0,0.303030303030303,0,0,0,0,Permanent,4.657,Permanent,4.657,Permanent,4.657,High
Spanish Grand Prix,ALO,3,HARD,22,22.384090909090908,29.175,0,0.6818181818181818,0,0,0,0,Permanent,4.657,Permanent,4.657,Permanent,4.657,High
Spanish Grand Prix,BOT,1,SOFT,5,22.98,33.946666666666665,1,0.0151515151515151,0,0,0,0,Permanent,4.657,Permanent,4.657,Permanent,4.657,High
Spanish Grand Prix,BOT,2,HARD,34,22.286274509803924,29.95490196078432,1,0.0909090909090909,0,0,0,0,Permanent,4.657,Permanent,4.657,Permanent,4.657,High
Spanish Grand Prix,BOT,3,HARD,26,21.965,26.9975,1,0.6060606060606061,0,0,0,0,Permanent,4.657,Permanent,4.657,Permanent,4.657,High
Spanish Grand Prix,DEV,1,SOFT,9,23.15625,34.79375,1,0.0151515151515151,0,0,0,0,Permanent,4.657,Permanent,4.657,Permanent,4.657,High
Spanish Grand Prix,DEV,2,HARD,29,22.165,30.972500000000004,1,0.1515151515151515,0,0,0,0,Permanent,4.657,Permanent,4.657,Permanent,4.657,High
Spanish Grand Prix,DEV,3,MEDIUM,27,21.917073170731708,28.08780487804878,1,0.5909090909090909,0,0,0,0,Permanent,4.657,Permanent,4.657,Permanent,4.657,High
Spanish Grand Prix,GAS,1,SOFT,22,22.935294117647057,34.09411764705882,0,0.0151515151515151,0,0,0,0,Permanent,4.657,Permanent,4.657,Permanent,4.657,High
Spanish Grand Prix,GAS,2,MEDIUM,20,22.73030303030303,33.50909090909091,1,0.303030303030303,0,0,0,0,Permanent,4.657,Permanent,4.657,Permanent,4.657,High
Spanish Grand Prix,GAS,3,HARD,27,21.73421052631579,26.94210526315789,1,0.6060606060606061,0,0,0,0,Permanent,4.657,Permanent,4.657,Permanent,4.657,High
Spanish Grand Prix,HAM,1,SOFT,27,22.78205128205128,33.648717948717945,0,0.0151515151515151,0,0,0,0,Permanent,4.657,Permanent,4.657,Permanent,4.657,High
Spanish Grand Prix,HAM,2,MEDIUM,26,22.41555555555556,30.146666666666665,1,0.3787878787878788,0,0,0,0,Permanent,4.657,Permanent,4.657,Permanent,4.657,High
Spanish Grand Prix,HAM,3,SOFT,19,22.46,31.708,0,0.7727272727272727,0,0,0,0,Permanent,4.657,Permanent,4.657,Permanent,4.657,High
Spanish Grand Prix,HUL,1,SOFT,11,22.97826086956522,34.073913043478264,0,0.0151515151515151,0,0,0,0,Permanent,4.657,Permanent,4.657,Permanent,4.657,High
Spanish Grand Prix,HUL,2,MEDIUM,18,22.31428571428572,32.09642857142857,1,0.1363636363636363,0,0,0,0,Permanent,4.657,Permanent,4.657,Permanent,4.657,High
Spanish Grand Prix,HUL,3,HARD,17,22.623809523809523,32.56904761904762,1,0.4090909090909091,0,0,0,0,Permanent,4.657,Permanent,4.657,Permanent,4.657,High
Spanish Grand Prix,HUL,4,MEDIUM,22,22.4,30.2725,1,0.6666666666666666,0,0,0,0,Permanent,4.657,Permanent,4.657,Permanent,4.657,High
Spanish Grand Prix,LEC,1,HARD,16,22.736363636363635,33.66818181818182,1,0.0151515151515151,0,0,0,0,Permanent,4.657,Permanent,4.657,Permanent,4.657,High
Spanish Grand Prix,LEC,2,SOFT,25,22.39,31.7375,1,0.2575757575757575,0,0,0,0,Permanent,4.657,Permanent,4.657,Permanent,4.657,High
Spanish Grand Prix,LEC,3,HARD,50,22.12702702702703,30.070270270270267,0,0.6363636363636364,0,0,0,0,Permanent,4.657,Permanent,4.657,Permanent,4.657,High
Spanish Grand Prix,MAG,1,SOFT,10,23.036363636363635,34.39545454545455,1,0.0151515151515151,0,0,0,0,Permanent,4.657,Permanent,4.657,Permanent,4.657,High
Spanish Grand Prix,MAG,2,MEDIUM,14,22.575,32.83571428571428,1,0.1666666666666666,0,0,0,0,Permanent,4.657,Permanent,4.657,Permanent,4.657,High
Spanish Grand Prix,MAG,3,HARD,18,22.461111111111112,32.02222222222222,1,0.3787878787878788,0,0,0,0,Permanent,4.657,Permanent,4.657,Permanent,4.657,High
Spanish Grand Prix,MAG,4,MEDIUM,23,22.12333333333333,28.44,1,0.6515151515151515,0,0,0,0,Permanent,4.657,Permanent,4.657,Permanent,4.657,High
Spanish Grand Prix,NOR,1,SOFT,3,22.97,33.5,0,0.0151515151515151,0,0,0,0,Permanent,4.657,Permanent,4.657,Permanent,4.657,High
Spanish Grand Prix,NOR,2,HARD,21,22.166666666666668,31.30666666666667,1,0.0303030303030303,0,0,0,0,Permanent,4.657,Permanent,4.657,Permanent,4.657,High
Spanish Grand Prix,NOR,3,MEDIUM,28,22.253488372093024,30.57906976744186,1,0.3484848484848485,0,0,0,0,Permanent,4.657,Permanent,4.657,Permanent,4.657,High
Spanish Grand Prix,NOR,4,SOFT,18,21.72142857142857,23.969047619047625,0,0.7727272727272727,0,0,0,0,Permanent,4.657,Permanent,4.657,Permanent,4.657,High
Spanish Grand Prix,OCO,1,SOFT,16,23.25333333333333,35.28666666666666,0,0.0151515151515151,0,0,0,0,Permanent,4.657,Permanent,4.657,Permanent,4.657,High
Spanish Grand Prix,OCO,2,MEDIUM,22,22.66,33.26,1,0.2121212121212121,0,0,0,0,Permanent,4.657,Permanent,4.657,Permanent,4.657,High
Spanish Grand Prix,OCO,3,HARD,31,22.12156862745098,29.150980392156864,1,0.5454545454545454,0,0,0,0,Permanent,4.657,Permanent,4.657,Permanent,4.657,High
Spanish Grand Prix,PER,1,MEDIUM,27,22.61351351351352,33.11891891891892,1,0.0151515151515151,0,0,0,0,Permanent,4.657,Permanent,4.657,Permanent,4.657,High
Spanish Grand Prix,PER,2,HARD,23,22.443181818181817,30.52272727272728,1,0.4242424242424242,0,0,0,0,Permanent,4.657,Permanent,4.657,Permanent,4.657,High
Spanish Grand Prix,PER,3,SOFT,16,22.057142857142857,27.889285714285712,1,0.7727272727272727,0,0,0,0,Permanent,4.657,Permanent,4.657,Permanent,4.657,High
Spanish Grand Prix,PIA,1,SOFT,19,22.464,32.456,0,0.0151515151515151,0,0,0,0,Permanent,4.657,Permanent,4.657,Permanent,4.657,High
Spanish Grand Prix,PIA,2,HARD,22,21.75277777777778,27.48333333333333,1,0.2727272727272727,0,0,0,0,Permanent,4.657,Permanent,4.657,Permanent,4.657,High
Spanish Grand Prix,PIA,3,MEDIUM,26,22.17179487179488,28.028205128205126,1,0.6060606060606061,0,0,0,0,Permanent,4.657,Permanent,4.657,Permanent,4.657,High
Spanish Grand Prix,RUS,1,SOFT,25,22.72820512820513,33.44358974358974,1,0.0151515151515151,0,0,0,0,Permanent,4.657,Permanent,4.657,Permanent,4.657,High
Spanish Grand Prix,RUS,2,MEDIUM,20,22.36904761904762,30.52142857142857,1,0.3939393939393939,0,0,0,0,Permanent,4.657,Permanent,4.657,Permanent,4.657,High
Spanish Grand Prix,RUS,3,SOFT,24,22.082857142857144,27.862857142857145,0,0.696969696969697,0,0,0,0,Permanent,4.657,Permanent,4.657,Permanent,4.657,High
Spanish Grand Prix,SAI,1,SOFT,18,23.375,36.010714285714286,0,0.0151515151515151,0,0,0,0,Permanent,4.657,Permanent,4.657,Permanent,4.657,High
Spanish Grand Prix,SAI,2,MEDIUM,26,22.315,31.475,1,0.2424242424242424,0,0,0,0,Permanent,4.657,Permanent,4.657,Permanent,4.657,High
Spanish Grand Prix,SAI,3,HARD,25,21.80540540540541,29.05945945945946,1,0.6363636363636364,0,0,0,0,Permanent,4.657,Permanent,4.657,Permanent,4.657,High
Spanish Grand Prix,SAR,1,MEDIUM,17,22.433333333333334,32.214814814814815,1,0.0151515151515151,0,0,0,0,Permanent,4.657,Permanent,4.657,Permanent,4.657,High
Spanish Grand Prix,SAR,2,HARD,19,22.62333333333333,32.79333333333333,1,0.2727272727272727,0,0,0,0,Permanent,4.657,Permanent,4.657,Permanent,4.657,High
Spanish Grand Prix,SAR,3,HARD,29,22.602564102564106,31.687179487179485,1,0.5606060606060606,0,0,0,0,Permanent,4.657,Permanent,4.657,Permanent,4.657,High
Spanish Grand Prix,STR,1,SOFT,17,22.628,33.068000000000005,0,0.0151515151515151,0,0,0,0,Permanent,4.657,Permanent,4.657,Permanent,4.657,High
Spanish Grand Prix,STR,2,SOFT,23,22.078125,29.78125,0,0.2272727272727272,0,0,0,0,Permanent,4.657,Permanent,4.657,Permanent,4.657,High
Spanish Grand Prix,STR,3,HARD,32,21.843478260869563,27.05652173913043,0,0.5303030303030303,0,0,0,0,Permanent,4.657,Permanent,4.657,Permanent,4.657,High
Spanish Grand Prix,TSU,1,SOFT,10,23.426086956521736,35.77391304347826,1,0.0151515151515151,0,0,0,0,Permanent,4.657,Permanent,4.657,Permanent,4.657,High
Spanish Grand Prix,TSU,2,HARD,24,22.45675675675676,32.189189189189186,1,0.1666666666666666,0,0,0,0,Permanent,4.657,Permanent,4.657,Permanent,4.657,High
Spanish Grand Prix,TSU,3,MEDIUM,32,22.042,29.16,1,0.5303030303030303,0,0,0,0,Permanent,4.657,Permanent,4.657,Permanent,4.657,High
Spanish Grand Prix,VER,1,MEDIUM,26,22.67714285714285,33.41142857142857,1,0.0151515151515151,0,0,0,0,Permanent,4.657,Permanent,4.657,Permanent,4.657,High
Spanish Grand Prix,VER,2,HARD,26,22.32558139534884,31.090697674418607,1,0.4090909090909091,0,0,0,0,Permanent,4.657,Permanent,4.657,Permanent,4.657,High
Spanish Grand Prix,VER,3,SOFT,16,21.76521739130435,25.917391304347827,0,0.803030303030303,0,0,0,0,Permanent,4.657,Permanent,4.657,Permanent,4.657,High
Spanish Grand Prix,ZHO,1,SOFT,9,22.83157894736842,33.568421052631585,1,0.0151515151515151,0,0,0,0,Permanent,4.657,Permanent,4.657,Permanent,4.657,High
Spanish Grand Prix,ZHO,2,HARD,27,22.40434782608696,30.328260869565216,1,0.1515151515151515,0,0,0,0,Permanent,4.657,Permanent,4.657,Permanent,4.657,High
Spanish Grand Prix,ZHO,3,HARD,30,21.765853658536585,26.07560975609756,1,0.5606060606060606,0,0,0,0,Permanent,4.657,Permanent,4.657,Permanent,4.657,High
São Paulo Grand Prix,ALB,1,MEDIUM,16,24.047619047619047,45.99523809523809,1,0.02,1,1,0,0,Permanent,4.309,Permanent,4.309,Permanent,4.309,High
São Paulo Grand Prix,ALB,2,HARD,34,21.462857142857143,47.43714285714285,1,0.34,0,0,0,0,Permanent,4.309,Permanent,4.309,Permanent,4.309,High
São Paulo Grand Prix,ALO,2,HARD,26,21.616,47.396,0,0.04,0,1,0,1,Permanent,4.309,Permanent,4.309,Permanent,4.309,High
São Paulo Grand Prix,ALO,3,HARD,24,21.804,47.268,0,0.58,0,0,0,0,Permanent,4.309,Permanent,4.309,Permanent,4.309,High
São Paulo Grand Prix,BOT,2,HARD,23,21.363636363636363,47.87272727272728,1,0.06,0,0,0,0,Permanent,4.309,Permanent,4.309,Permanent,4.309,High
São Paulo Grand Prix,BOT,3,MEDIUM,26,22.161290322580644,46.60645161290322,1,0.5,0,0,0,0,Permanent,4.309,Permanent,4.309,Permanent,4.309,High
São Paulo Grand Prix,GAS,1,MEDIUM,17,23.315,47.085,1,0.02,1,4,0,3,Permanent,4.309,Permanent,4.309,Permanent,4.309,High
São Paulo Grand Prix,GAS,2,HARD,33,21.95833333333333,47.06111111111111,1,0.36,0,0,0,0,Permanent,4.309,Permanent,4.309,Permanent,4.309,High
São Paulo Grand Prix,HAM,1,HARD,17,24.13913043478261,45.92173913043479,0,0.02,1,4,0,3,Permanent,4.309,Permanent,4.309,Permanent,4.309,High
São Paulo Grand Prix,HAM,2,MEDIUM,9,24.146666666666665,43.29333333333333,0,0.36,0,0,0,0,Permanent,4.309,Permanent,4.309,Permanent,4.309,High
São Paulo Grand Prix,HAM,3,HARD,24,20.768181818181816,48.70454545454545,1,0.58,0,0,0,0,Permanent,4.309,Permanent,4.309,Permanent,4.309,High
São Paulo Grand Prix,HUL,1,MEDIUM,12,24.25333333333333,46.29333333333333,1,0.02,1,4,0,3,Permanent,4.309,Permanent,4.309,Permanent,4.309,High
São Paulo Grand Prix,HUL,2,HARD,14,22.58333333333333,45.92777777777778,1,0.26,0,0,0,0,Permanent,4.309,Permanent,4.309,Permanent,4.309,High
São Paulo Grand Prix,HUL,3,HARD,19,21.200000000000003,47.97777777777778,1,0.58,0,0,0,0,Permanent,4.309,Permanent,4.309,Permanent,4.309,High
São Paulo Grand Prix,LEC,1,MEDIUM,21,23.6037037037037,46.18888888888888,1,0.02,1,1,0,0,Permanent,4.309,Permanent,4.309,Permanent,4.309,High
São Paulo Grand Prix,LEC,2,HARD,29,21.33793103448276,47.679310344827584,1,0.44,0,0,0,0,Permanent,4.309,Permanent,4.309,Permanent,4.309,High
São Paulo Grand Prix,MAG,1,MEDIUM,14,23.80588235294117,46.65294117647059,1,0.02,1,1,0,0,Permanent,4.309,Permanent,4.309,Permanent,4.309,High
São Paulo Grand Prix,MAG,2,HARD,12,22.85,45.5,1,0.3,0,0,0,0,Permanent,4.309,Permanent,4.309,Permanent,4.309,High
São Paulo Grand Prix,MAG,3,HARD,24,21.5125,47.8875,1,0.58,0,0,0,0,Permanent,4.309,Permanent,4.309,Permanent,4.309,High
São Paulo Grand Prix,NOR,1,MEDIUM,3,28.25,42.06666666666667,0,0.02,1,4,0,3,Permanent,4.309,Permanent,4.309,Permanent,4.309,High
São Paulo Grand Prix,OCO,1,MEDIUM,20,22.96521739130435,47.28260869565217,1,0.02,1,4,0,3,Permanent,4.309,Permanent,4.309,Permanent,4.309,High
São Paulo Grand Prix,OCO,2,HARD,30,22.087878787878783,46.98787878787879,1,0.42,0,0,0,0,Permanent,4.309,Permanent,4.309,Permanent,4.309,High
São Paulo Grand Prix,PER,1,MEDIUM,1,28.0,43.12,1,0.02,1,3,0,2,Permanent,4.309,Permanent,4.309,Permanent,4.309,High
São Paulo Grand Prix,PER,2,HARD,25,21.666666666666668,47.47916666666666,1,0.06,0,0,0,0,Permanent,4.309,Permanent,4.309,Permanent,4.309,High
São Paulo Grand Prix,PER,3,HARD,24,21.16086956521739,48.28260869565217,1,0.58,0,0,0,0,Permanent,4.309,Permanent,4.309,Permanent,4.309,High
São Paulo Grand Prix,PIA,1,HARD,17,24.547826086956523,45.52608695652174,0,0.02,1,1,0,0,Permanent,4.309,Permanent,4.309,Permanent,4.309,High
São Paulo Grand Prix,PIA,2,HARD,28,20.616,47.92,0,0.34,0,0,0,0,Permanent,4.309,Permanent,4.309,Permanent,4.309,High
São Paulo Grand Prix,PIA,3,MEDIUM,8,21.0,49.6,0,0.88,0,0,0,0,Permanent,4.309,Permanent,4.309,Permanent,4.309,High
São Paulo Grand Prix,RIC,1,MEDIUM,17,23.61428571428572,46.63333333333333,1,0.02,1,1,0,0,Permanent,4.309,Permanent,4.309,Permanent,4.309,High
São Paulo Grand Prix,RIC,2,HARD,33,21.485714285714284,47.51428571428571,0,0.36,0,0,0,0,Permanent,4.309,Permanent,4.309,Permanent,4.309,High
São Paulo Grand Prix,RUS,1,MEDIUM,15,24.476190476190474,45.647619047619045,1,0.02,1,4,0,3,Permanent,4.309,Permanent,4.309,Permanent,4.309,High
São Paulo Grand Prix,RUS,2,HARD,11,23.705882352941178,43.86470588235294,1,0.32,0,0,0,0,Permanent,4.309,Permanent,4.309,Permanent,4.309,High
São Paulo Grand Prix,RUS,3,HARD,24,22.18888888888889,46.26296296296296,1,0.58,0,0,0,0,Permanent,4.309,Permanent,4.309,Permanent,4.309,High
São Paulo Grand Prix,SAI,1,MEDIUM,3,28.09090909090909,42.35454545454545,1,0.04,0,3,0,3,Permanent,4.309,Permanent,4.309,Permanent,4.309,High
São Paulo Grand Prix,SAI,2,HARD,23,21.34090909090909,47.53181818181818,1,0.14,0,0,0,0,Permanent,4.309,Permanent,4.309,Permanent,4.309,High
São Paulo Grand Prix,SAI,3,HARD,24,22.111538461538466,46.93461538461538,1,0.58,0,0,0,0,Permanent,4.309,Permanent,4.309,Permanent,4.309,High
São Paulo Grand Prix,SAR,1,MEDIUM,15,22.38,47.93333333333333,1,0.02,1,3,0,2,Permanent,4.309,Permanent,4.309,Permanent,4.309,High
São Paulo Grand Prix,SAR,2,HARD,35,21.889473684210525,47.15,1,0.32,0,0,0,0,Permanent,4.309,Permanent,4.309,Permanent,4.309,High
São Paulo Grand Prix,STR,1,SOFT,7,26.275,43.6875,0,0.02,1,3,0,2,Permanent,4.309,Permanent,4.309,Permanent,4.309,High
São Paulo Grand Prix,STR,2,HARD,24,22.054166666666664,46.9625,0,0.14,0,0,0,0,Permanent,4.309,Permanent,4.309,Permanent,4.309,High
São Paulo Grand Prix,STR,3,HARD,24,21.832,47.464,0,0.58,0,0,0,0,Permanent,4.309,Permanent,4.309,Permanent,4.309,High
São Paulo Grand Prix,TSU,1,SOFT,10,25.473333333333336,45.27333333333333,1,0.02,1,4,0,3,Permanent,4.309,Permanent,4.309,Permanent,4.309,High
São Paulo Grand Prix,TSU,2,MEDIUM,11,21.946153846153848,47.0923076923077,1,0.22,0,0,0,0,Permanent,4.309,Permanent,4.309,Permanent,4.309,High
São Paulo Grand Prix,TSU,3,HARD,25,20.676,48.124,1,0.44,0,0,0,0,Permanent,4.309,Permanent,4.309,Permanent,4.309,High
São Paulo Grand Prix,VER,1,MEDIUM,16,24.3,45.81363636363636,1,0.02,1,4,0,3,Permanent,4.309,Permanent,4.309,Permanent,4.309,High
São Paulo Grand Prix,VER,2,HARD,10,23.51333333333333,43.92666666666666,1,0.34,0,0,0,0,Permanent,4.309,Permanent,4.309,Permanent,4.309,High
São Paulo Grand Prix,VER,3,HARD,24,21.40833333333333,47.59166666666667,1,0.58,0,0,0,0,Permanent,4.309,Permanent,4.309,Permanent,4.309,High
São Paulo Grand Prix,ZHO,1,HARD,26,22.69333333333333,46.98333333333333,1,0.02,1,4,0,3,Permanent,4.309,Permanent,4.309,Permanent,4.309,High
São Paulo Grand Prix,ZHO,2,MEDIUM,24,22.15,47.29230769230769,1,0.58,0,0,0,0,Permanent,4.309,Permanent,4.309,Permanent,4.309,High
United States Grand Prix,ALB,1,MEDIUM,13,29.97,40.65,0,0.0178571428571428,0,0,0,0,Permanent,5.513,Permanent,5.513,Permanent,5.513,High
United States Grand Prix,ALB,2,HARD,19,30.347368421052632,41.34736842105264,1,0.1964285714285714,0,0,0,0,Permanent,5.513,Permanent,5.513,Permanent,5.513,High
United States Grand Prix,ALB,3,MEDIUM,33,30.66296296296296,41.21111111111112,0,0.5357142857142857,1,0,0,0,Permanent,5.513,Permanent,5.513,Permanent,5.513,High
United States Grand Prix,ALO,1,MEDIUM,19,30.115789473684213,40.93157894736842,0,0.0178571428571428,0,0,0,0,Permanent,5.513,Permanent,5.513,Permanent,5.513,High
United States Grand Prix,ALO,2,MEDIUM,23,30.45652173913044,41.391304347826086,1,0.3571428571428571,0,0,0,0,Permanent,5.513,Permanent,5.513,Permanent,5.513,High
United States Grand Prix,ALO,3,HARD,7,30.82857142857143,41.31428571428571,1,0.7678571428571429,0,0,0,0,Permanent,5.513,Permanent,5.513,Permanent,5.513,High
United States Grand Prix,BOT,1,MEDIUM,10,29.97,40.64,1,0.0178571428571428,0,0,0,0,Permanent,5.513,Permanent,5.513,Permanent,5.513,High
United States Grand Prix,BOT,2,HARD,18,30.34444444444445,41.36666666666667,1,0.1964285714285714,0,0,0,0,Permanent,5.513,Permanent,5.513,Permanent,5.513,High
United States Grand Prix,BOT,3,HARD,28,30.65,41.2,1,0.5178571428571429,1,0,0,0,Permanent,5.513,Permanent,5.513,Permanent,5.513,High
United States Grand Prix,GAS,1,MEDIUM,18,30.127777777777776,40.95,1,0.0178571428571428,0,0,0,0,Permanent,5.513,Permanent,5.513,Permanent,5.513,High
United States Grand Prix,GAS,2,MEDIUM,19,30.40526315789474,41.37368421052632,1,0.3392857142857143,0,0,0,0,Permanent,5.513,Permanent,5.513,Permanent,5.513,High
United States Grand Prix,GAS,3,HARD,19,30.77368421052632,41.16842105263158,1,0.6785714285714286,1,0,0,0,Permanent,5.513,Permanent,5.513,Permanent,5.513,High
United States Grand Prix,HAM,1,MEDIUM,20,30.130000000000003,41.035,1,0.0178571428571428,0,0,0,0,Permanent,5.513,Permanent,5.513,Permanent,5.513,High
United States Grand Prix,HAM,2,HARD,18,30.438888888888886,41.34444444444445,1,0.375,0,0,0,0,Permanent,5.513,Permanent,5.513,Permanent,5.513,High
United States Grand Prix,HAM,3,MEDIUM,18,30.766666666666666,41.17777777777778,1,0.6964285714285714,0,0,0,0,Permanent,5.513,Permanent,5.513,Permanent,5.513,High
United States Grand Prix,HUL,1,HARD,19,30.115789473684213,40.93157894736842,1,0.0178571428571428,0,0,0,0,Permanent,5.513,Permanent,5.513,Permanent,5.513,High
United States Grand Prix,HUL,2,MEDIUM,15,30.4,41.36,1,0.3571428571428571,0,0,0,0,Permanent,5.513,Permanent,5.513,Permanent,5.513,High
United States Grand Prix,HUL,3,MEDIUM,28,30.71818181818181,41.18636363636364,0,0.625,1,0,0,0,Permanent,5.513,Permanent,5.513,Permanent,5.513,High
United States Grand Prix,LEC,1,MEDIUM,23,30.13913043478261,41.07391304347826,1,0.0178571428571428,0,0,0,0,Permanent,5.513,Permanent,5.513,Permanent,5.513,High
United States Grand Prix,LEC,2,HARD,33,30.633333333333333,41.27878787878788,1,0.4285714285714285,0,0,0,0,Permanent,5.513,Permanent,5.513,Permanent,5.513,High
United States Grand Prix,MAG,1,MEDIUM,10,29.97,40.64,1,0.0178571428571428,0,0,0,0,Permanent,5.513,Permanent,5.513,Permanent,5.513,High
United States Grand Prix,MAG,2,HARD,19,30.35263157894737,41.352631578947374,1,0.1964285714285714,0,0,0,0,Permanent,5.513,Permanent,5.513,Permanent,5.513,High
United States Grand Prix,MAG,3,MEDIUM,26,30.66538461538461,41.24230769230769,1,0.5357142857142857,0,0,0,0,Permanent,5.513,Permanent,5.513,Permanent,5.513,High
United States Grand Prix,NOR,1,MEDIUM,17,30.1,40.93529411764706,1,0.0178571428571428,0,0,0,0,Permanent,5.513,Permanent,5.513,Permanent,5.513,High
United States Grand Prix,NOR,2,HARD,17,30.38823529411765,41.358823529411765,1,0.3214285714285714,0,0,0,0,Permanent,5.513,Permanent,5.513,Permanent,5.513,High
United States Grand Prix,NOR,3,HARD,22,30.70909090909091,41.22727272727273,1,0.625,0,0,0,0,Permanent,5.513,Permanent,5.513,Permanent,5.513,High
United States Grand Prix,OCO,1,MEDIUM,6,29.933333333333334,40.66666666666666,1,0.0178571428571428,0,0,0,0,Permanent,5.513,Permanent,5.513,Permanent,5.513,High
United States Grand Prix,PER,1,MEDIUM,17,30.105882352941176,40.9,1,0.0178571428571428,0,0,0,0,Permanent,5.513,Permanent,5.513,Permanent,5.513,High
United States Grand Prix,PER,2,MEDIUM,20,30.395,41.345,1,0.3214285714285714,0,0,0,0,Permanent,5.513,Permanent,5.513,Permanent,5.513,High
United States Grand Prix,PER,3,HARD,19,30.757894736842104,41.189473684210526,1,0.6785714285714286,0,0,0,0,Permanent,5.513,Permanent,5.513,Permanent,5.513,High
United States Grand Prix,PIA,1,MEDIUM,10,29.97,40.7,1,0.0178571428571428,0,0,0,0,Permanent,5.513,Permanent,5.513,Permanent,5.513,High
United States Grand Prix,RIC,1,MEDIUM,22,30.13181818181818,40.96818181818182,1,0.0178571428571428,0,0,0,0,Permanent,5.513,Permanent,5.513,Permanent,5.513,High
United States Grand Prix,RIC,2,HARD,25,30.548,41.432,1,0.4107142857142857,0,0,0,0,Permanent,5.513,Permanent,5.513,Permanent,5.513,High
United States Grand Prix,RIC,3,SOFT,8,30.875,40.875,1,0.8571428571428571,0,0,0,0,Permanent,5.513,Permanent,5.513,Permanent,5.513,High
United States Grand Prix,RUS,1,MEDIUM,21,30.133333333333333,40.99523809523809,1,0.0178571428571428,0,0,0,0,Permanent,5.513,Permanent,5.513,Permanent,5.513,High
United States Grand Prix,RUS,2,HARD,18,30.444444444444443,41.38333333333333,1,0.3928571428571428,0,0,0,0,Permanent,5.513,Permanent,5.513,Permanent,5.513,High
United States Grand Prix,RUS,3,MEDIUM,17,30.823529411764707,41.19411764705882,1,0.7142857142857143,0,0,0,0,Permanent,5.513,Permanent,5.513,Permanent,5.513,High
United States Grand Prix,SAI,1,MEDIUM,17,30.105882352941176,40.94117647058823,1,0.0178571428571428,0,0,0,0,Permanent,5.513,Permanent,5.513,Permanent,5.513,High
United States Grand Prix,SAI,2,MEDIUM,18,30.39444444444445,41.33888888888889,1,0.3214285714285714,0,0,0,0,Permanent,5.513,Permanent,5.513,Permanent,5.513,High
United States Grand Prix,SAI,3,HARD,21,30.728571428571428,41.23333333333333,1,0.6428571428571429,0,0,0,0,Permanent,5.513,Permanent,5.513,Permanent,5.513,High
United States Grand Prix,SAR,1,MEDIUM,11,29.97272727272728,40.58181818181818,1,0.0178571428571428,0,0,0,0,Permanent,5.513,Permanent,5.513,Permanent,5.513,High
United States Grand Prix,SAR,2,HARD,21,30.366666666666667,41.40476190476191,1,0.2142857142857142,0,0,0,0,Permanent,5.513,Permanent,5.513,Permanent,5.513,High
United States Grand Prix,SAR,3,MEDIUM,24,30.704166666666666,41.23333333333333,1,0.5892857142857143,1,0,0,0,Permanent,5.513,Permanent,5.513,Permanent,5.513,High
United States Grand Prix,STR,1,HARD,20,30.115,40.95,1,0.0178571428571428,0,0,0,0,Permanent,5.513,Permanent,5.513,Permanent,5.513,High
United States Grand Prix,STR,2,MEDIUM,20,30.42,41.36,0,0.375,0,0,0,0,Permanent,5.513,Permanent,5.513,Permanent,5.513,High
United States Grand Prix,STR,3,MEDIUM,16,30.83125,41.125,1,0.7321428571428571,1,0,0,0,Permanent,5.513,Permanent,5.513,Permanent,5.513,High
United States Grand Prix,TSU,1,MEDIUM,17,30.105882352941176,40.9,1,0.0178571428571428,0,0,0,0,Permanent,5.513,Permanent,5.513,Permanent,5.513,High
United States Grand Prix,TSU,2,HARD,17,30.38823529411765,41.35294117647059,1,0.3214285714285714,0,0,0,0,Permanent,5.513,Permanent,5.513,Permanent,5.513,High
United States Grand Prix,TSU,3,MEDIUM,20,30.725,41.325,1,0.625,0,0,0,0,Permanent,5.513,Permanent,5.513,Permanent,5.513,High
United States Grand Prix,TSU,4,SOFT,2,30.8,40.3,1,0.9821428571428572,1,0,0,0,Permanent,5.513,Permanent,5.513,Permanent,5.513,High
United States Grand Prix,VER,1,MEDIUM,16,30.0875,40.90625,1,0.0178571428571428,0,0,0,0,Permanent,5.513,Permanent,5.513,Permanent,5.513,High
United States Grand Prix,VER,2,MEDIUM,19,30.384210526315787,41.33684210526316,1,0.3035714285714285,0,0,0,0,Permanent,5.513,Permanent,5.513,Permanent,5.513,High
United States Grand Prix,VER,3,HARD,21,30.723809523809525,41.22380952380953,1,0.6428571428571429,0,0,0,0,Permanent,5.513,Permanent,5.513,Permanent,5.513,High
United States Grand Prix,ZHO,1,MEDIUM,9,29.95555555555556,40.66666666666666,1,0.0178571428571428,0,0,0,0,Permanent,5.513,Permanent,5.513,Permanent,5.513,High
United States Grand Prix,ZHO,2,HARD,18,30.33333333333333,41.32222222222222,1,0.1785714285714285,0,0,0,0,Permanent,5.513,Permanent,5.513,Permanent,5.513,High
United States Grand Prix,ZHO,3,HARD,28,30.642857142857142,41.23214285714285,1,0.5,0,0,0,0,Permanent,5.513,Permanent,5.513,Permanent,5.513,High
Abu Dhabi Grand Prix,ALB,1,MEDIUM,12,26.875,31.766666666666666,1,0.0172413793103448,3,0,2,0,Permanent,5.513,Permanent,5.513,Permanent,5.513,Low
Abu Dhabi Grand Prix,ALB,2,HARD,45,26.288888888888888,30.377777777777776,1,0.2241379310344827,2,0,0,0,Permanent,5.513,Permanent,5.513,Permanent,5.513,Low
Abu Dhabi Grand Prix,ALO,1,MEDIUM,14,26.87692307692308,31.72307692307692,0,0.0172413793103448,3,0,2,0,Permanent,5.513,Permanent,5.513,Permanent,5.513,Low
Abu Dhabi Grand Prix,ALO,2,HARD,25,26.504166666666663,30.89583333333333,0,0.2413793103448276,2,0,0,0,Permanent,5.513,Permanent,5.513,Permanent,5.513,Low
Abu Dhabi Grand Prix,ALO,3,HARD,22,26.014285714285712,29.704761904761902,0,0.6551724137931034,3,0,0,0,Permanent,5.513,Permanent,5.513,Permanent,5.513,Low
Abu Dhabi Grand Prix,BOT,1,MEDIUM,6,26.9,31.883333333333336,1,0.0172413793103448,5,0,2,0,Permanent,5.513,Permanent,5.513,Permanent,5.513,Low
Abu Dhabi Grand Prix,BOT,2,HARD,23,26.65217391304348,31.230434782608693,1,0.1206896551724138,2,0,0,0,Permanent,5.513,Permanent,5.513,Permanent,5.513,Low
Abu Dhabi Grand Prix,COL,1,MEDIUM,3,26.933333333333334,31.933333333333337,1,0.0172413793103448,4,0,2,0,Permanent,5.513,Permanent,5.513,Permanent,5.513,Low
Abu Dhabi Grand Prix,COL,2,HARD,23,26.713043478260868,31.321739130434786,1,0.0689655172413793,1,0,0,0,Permanent,5.513,Permanent,5.513,Permanent,5.513,Low
Abu Dhabi Grand Prix,DOO,1,MEDIUM,22,26.79090909090909,31.55,1,0.0172413793103448,3,0,2,0,Permanent,5.513,Permanent,5.513,Permanent,5.513,Low
Abu Dhabi Grand Prix,DOO,2,HARD,35,26.18,30.111428571428576,1,0.396551724137931,5,0,0,0,Permanent,5.513,Permanent,5.513,Permanent,5.513,Low
Abu Dhabi Grand Prix,GAS,1,MEDIUM,14,26.87857142857143,31.678571428571427,1,0.0172413793103448,3,0,2,0,Permanent,5.513,Permanent,5.513,Permanent,5.513,Low
Abu Dhabi Grand Prix,GAS,2,HARD,44,26.26363636363636,30.33181818181818,1,0.2586206896551724,5,0,0,0,Permanent,5.513,Permanent,5.513,Permanent,5.513,Low
Abu Dhabi Grand Prix,HAM,1,HARD,34,26.66176470588235,31.27058823529412,1,0.0172413793103448,5,0,2,0,Permanent,5.513,Permanent,5.513,Permanent,5.513,Low
Abu Dhabi Grand Prix,HAM,2,MEDIUM,25,26.054166666666664,29.8125,0,0.603448275862069,2,0,0,0,Permanent,5.513,Permanent,5.513,Permanent,5.513,Low
Abu Dhabi Grand Prix,HUL,1,MEDIUM,13,26.884615384615383,31.700000000000003,1,0.0172413793103448,4,0,2,0,Permanent,5.513,Permanent,5.513,Permanent,5.513,Low
Abu Dhabi Grand Prix,HUL,2,HARD,45,26.27555555555556,30.35333333333333,1,0.2413793103448276,3,0,0,0,Permanent,5.513,Permanent,5.513,Permanent,5.513,Low
Abu Dhabi Grand Prix,LAW,1,MEDIUM,23,26.782608695652176,31.530434782608697,1,0.0172413793103448,3,0,2,0,Permanent,5.513,Permanent,5.513,Permanent,5.513,Low
Abu Dhabi Grand Prix,LAW,2,HARD,1,26.5,30.9,1,0.4137931034482758,1,0,0,0,Permanent,5.513,Permanent,5.513,Permanent,5.513,Low
Abu Dhabi Grand Prix,LAW,3,HARD,6,26.44,30.8,0,0.4310344827586206,2,0,0,0,Permanent,5.513,Permanent,5.513,Permanent,5.513,Low
Abu Dhabi Grand Prix,LAW,4,HARD,32,26.107692307692307,29.950000000000003,0,0.5172413793103449,2,0,0,0,Permanent,5.513,Permanent,5.513,Permanent,5.513,Low
Abu Dhabi Grand Prix,LEC,1,MEDIUM,20,26.82,31.565,1,0.0172413793103448,4,0,2,0,Permanent,5.513,Permanent,5.513,Permanent,5.513,Low
Abu Dhabi Grand Prix,LEC,2,HARD,38,26.19736842105263,30.176315789473687,1,0.3620689655172414,4,0,0,0,Permanent,5.513,Permanent,5.513,Permanent,5.513,Low
Abu Dhabi Grand Prix,MAG,1,MEDIUM,12,26.88333333333333,31.758333333333336,1,0.0172413793103448,4,0,2,0,Permanent,5.513,Permanent,5.513,Permanent,5.513,Low
Abu Dhabi Grand Prix,MAG,2,HARD,17,26.58823529411765,31.105882352941173,1,0.2241379310344827,1,0,0,0,Permanent,5.513,Permanent,5.513,Permanent,5.513,Low
Abu Dhabi Grand Prix,MAG,3,HARD,1,26.4,30.6,1,0.5172413793103449,2,0,0,0,Permanent,5.513,Permanent,5.513,Permanent,5.513,Low
Abu Dhabi Grand Prix,MAG,4,SOFT,25,26.096,29.916,1,0.5344827586206896,0,0,0,0,Permanent,5.513,Permanent,5.513,Permanent,5.513,Low
Abu Dhabi Grand Prix,MAG,5,SOFT,5,25.9,29.3,0,0.9655172413793104,1,0,0,0,Permanent,5.513,Permanent,5.513,Permanent,5.513,Low
Abu Dhabi Grand Prix,NOR,1,MEDIUM,26,26.76153846153846,31.434615384615384,1,0.0172413793103448,4,0,2,0,Permanent,5.513,Permanent,5.513,Permanent,5.513,Low
Abu Dhabi Grand Prix,NOR,2,HARD,32,26.14375,30.021875,1,0.4655172413793103,2,0,0,0,Permanent,5.513,Permanent,5.513,Permanent,5.513,Low
Abu Dhabi Grand Prix,PIA,1,MEDIUM,4,26.925,31.925,1,0.0172413793103448,3,0,2,0,Permanent,5.513,Permanent,5.513,Permanent,5.513,Low
Abu Dhabi Grand Prix,PIA,2,HARD,28,26.642857142857142,31.217857142857145,1,0.0862068965517241,1,0,0,0,Permanent,5.513,Permanent,5.513,Permanent,5.513,Low
Abu Dhabi Grand Prix,PIA,3,HARD,26,26.069230769230767,29.82692307692308,1,0.5689655172413793,2,0,0,0,Permanent,5.513,Permanent,5.513,Permanent,5.513,Low
Abu Dhabi Grand Prix,RUS,1,MEDIUM,27,26.76153846153846,31.434615384615384,0,0.0172413793103448,4,0,2,0,Permanent,5.513,Permanent,5.513,Permanent,5.513,Low
Abu Dhabi Grand Prix,RUS,2,HARD,32,26.13125,30.0125,1,0.4655172413793103,4,0,0,0,Permanent,5.513,Permanent,5.513,Permanent,5.513,Low
Abu Dhabi Grand Prix,SAI,1,MEDIUM,25,26.772,31.456,1,0.0172413793103448,3,0,2,0,Permanent,5.513,Permanent,5.513,Permanent,5.513,Low
Abu Dhabi Grand Prix,SAI,2,HARD,33,26.151515151515152,30.04848484848485,1,0.4482758620689655,2,0,0,0,Permanent,5.513,Permanent,5.513,Permanent,5.513,Low
Abu Dhabi Grand Prix,STR,1,MEDIUM,12,26.88181818181818,31.781818181818185,0,0.0172413793103448,3,0,2,0,Permanent,5.513,Permanent,5.513,Permanent,5.513,Low
Abu Dhabi Grand Prix,STR,2,HARD,22,26.571428571428573,31.05714285714286,0,0.2068965517241379,1,0,0,0,Permanent,5.513,Permanent,5.513,Permanent,5.513,Low
Abu Dhabi Grand Prix,STR,3,HARD,25,26.076,29.848000000000003,0,0.5689655172413793,1,0,0,0,Permanent,5.513,Permanent,5.513,Permanent,5.513,Low
Abu Dhabi Grand Prix,TSU,1,MEDIUM,22,26.79090909090909,31.55,1,0.0172413793103448,3,0,2,0,Permanent,5.513,Permanent,5.513,Permanent,5.513,Low
Abu Dhabi Grand Prix,TSU,2,HARD,35,26.18,30.111428571428576,1,0.396551724137931,2,0,0,0,Permanent,5.513,Permanent,5.513,Permanent,5.513,Low
Abu Dhabi Grand Prix,VER,1,MEDIUM,29,26.71379310344828,31.393103448275863,1,0.0172413793103448,3,0,2,0,Permanent,5.513,Permanent,5.513,Permanent,5.513,Low
Abu Dhabi Grand Prix,VER,2,HARD,29,26.106896551724137,29.93103448275862,1,0.5172413793103449,2,0,0,0,Permanent,5.513,Permanent,5.513,Permanent,5.513,Low
Abu Dhabi Grand Prix,ZHO,1,MEDIUM,12,26.875,31.766666666666666,1,0.0172413793103448,3,0,2,0,Permanent,5.513,Permanent,5.513,Permanent,5.513,Low
Abu Dhabi Grand Prix,ZHO,2,HARD,27,26.48148148148148,30.83703703703704,1,0.2241379310344827,2,0,0,0,Permanent,5.513,Permanent,5.513,Permanent,5.513,Low
Abu Dhabi Grand Prix,ZHO,3,HARD,18,25.994444444444444,29.65555555555555,1,0.6896551724137931,3,0,0,0,Permanent,5.513,Permanent,5.513,Permanent,5.513,Low
Australian Grand Prix,ALB,1,MEDIUM,6,18.822222222222223,32.629629629629626,1,0.0172413793103448,1,0,0,0,SemiPermanent,5.278,SemiPermanent,5.278,SemiPermanent,5.278,Medium
Australian Grand Prix,ALB,2,HARD,21,20.256666666666668,36.65,1,0.1206896551724138,2,0,1,1,SemiPermanent,5.278,SemiPermanent,5.278,SemiPermanent,5.278,Medium
Australian Grand Prix,ALB,3,HARD,30,21.12857142857143,37.21428571428572,1,0.4827586206896552,2,0,1,0,SemiPermanent,5.278,SemiPermanent,5.278,SemiPermanent,5.278,Medium
Australian Grand Prix,ALO,1,HARD,18,20.11785714285714,37.375,0,0.0172413793103448,2,0,1,0,SemiPermanent,5.278,SemiPermanent,5.278,SemiPermanent,5.278,Medium
Australian Grand Prix,ALO,2,MEDIUM,25,20.619444444444444,37.36111111111112,0,0.3103448275862069,0,0,1,0,SemiPermanent,5.278,SemiPermanent,5.278,SemiPermanent,5.278,Medium
Australian Grand Prix,ALO,3,HARD,18,20.478048780487807,35.900000000000006,0,0.7241379310344828,3,0,2,1,SemiPermanent,5.278,SemiPermanent,5.278,SemiPermanent,5.278,Medium
Australian Grand Prix,BOT,1,MEDIUM,9,19.904761904761905,36.81904761904762,0,0.0172413793103448,1,0,0,0,SemiPermanent,5.278,SemiPermanent,5.278,SemiPermanent,5.278,Medium
Australian Grand Prix,BOT,2,HARD,29,20.85151515151515,38.32727272727273,0,0.1551724137931034,2,0,2,0,SemiPermanent,5.278,SemiPermanent,5.278,SemiPermanent,5.278,Medium
Australian Grand Prix,BOT,3,HARD,21,20.28648648648649,35.19189189189189,1,0.6379310344827587,1,0,2,0,SemiPermanent,5.278,SemiPermanent,5.278,SemiPermanent,5.278,Medium
Australian Grand Prix,GAS,1,MEDIUM,17,19.69767441860465,35.051162790697674,1,0.0172413793103448,2,0,1,0,SemiPermanent,5.278,SemiPermanent,5.278,SemiPermanent,5.278,Medium
Australian Grand Prix,GAS,2,HARD,24,19.96981132075472,36.0,1,0.3103448275862069,1,0,0,1,SemiPermanent,5.278,SemiPermanent,5.278,SemiPermanent,5.278,Medium
Australian Grand Prix,GAS,3,HARD,16,20.71818181818182,36.624242424242425,1,0.7241379310344828,1,0,2,0,SemiPermanent,5.278,SemiPermanent,5.278,SemiPermanent,5.278,Medium
Australian Grand Prix,HAM,1,SOFT,7,19.446666666666665,35.39666666666667,1,0.0172413793103448,2,0,0,0,SemiPermanent,5.278,SemiPermanent,5.278,SemiPermanent,5.278,Medium
Australian Grand Prix,HAM,2,HARD,8,19.67619047619048,35.7,1,0.1379310344827586,1,0,1,0,SemiPermanent,5.278,SemiPermanent,5.278,SemiPermanent,5.278,Medium
Australian Grand Prix,HUL,1,HARD,17,19.61714285714286,35.005714285714284,1,0.0172413793103448,1,0,1,0,SemiPermanent,5.278,SemiPermanent,5.278,SemiPermanent,5.278,Medium
Australian Grand Prix,HUL,2,MEDIUM,18,20.568,37.776,1,0.3103448275862069,1,0,0,0,SemiPermanent,5.278,SemiPermanent,5.278,SemiPermanent,5.278,Medium
Australian Grand Prix,HUL,3,HARD,23,20.797222222222224,36.33888888888889,1,0.6206896551724138,2,0,2,1,SemiPermanent,5.278,SemiPermanent,5.278,SemiPermanent,5.278,Medium
Australian Grand Prix,LEC,1,MEDIUM,9,19.467741935483872,34.55806451612903,1,0.0172413793103448,2,0,0,0,SemiPermanent,5.278,SemiPermanent,5.278,SemiPermanent,5.278,Medium
Australian Grand Prix,LEC,2,HARD,25,20.397222222222226,37.03055555555555,1,0.1724137931034483,1,0,2,0,SemiPermanent,5.278,SemiPermanent,5.278,SemiPermanent,5.278,Medium
Australian Grand Prix,LEC,3,HARD,24,20.77428571428572,36.67714285714286,1,0.603448275862069,4,0,1,1,SemiPermanent,5.278,SemiPermanent,5.278,SemiPermanent,5.278,Medium
Australian Grand Prix,MAG,1,MEDIUM,7,19.344827586206897,34.248275862068965,1,0.0172413793103448,1,0,0,0,SemiPermanent,5.278,SemiPermanent,5.278,SemiPermanent,5.278,Medium
Australian Grand Prix,MAG,2,HARD,26,20.5,37.81578947368421,1,0.1379310344827586,2,0,1,1,SemiPermanent,5.278,SemiPermanent,5.278,SemiPermanent,5.278,Medium
Australian Grand Prix,MAG,3,HARD,24,20.466037735849056,35.89622641509434,1,0.5862068965517241,1,0,1,0,SemiPermanent,5.278,SemiPermanent,5.278,SemiPermanent,5.278,Medium
Australian Grand Prix,NOR,1,MEDIUM,14,19.78,36.35,1,0.0172413793103448,1,0,0,0,SemiPermanent,5.278,SemiPermanent,5.278,SemiPermanent,5.278,Medium
Australian Grand Prix,NOR,2,HARD,27,20.771875,37.95,0,0.2586206896551724,1,0,2,0,SemiPermanent,5.278,SemiPermanent,5.278,SemiPermanent,5.278,Medium
Australian Grand Prix,NOR,3,HARD,19,20.315625,34.484375,0,0.7068965517241379,3,0,1,0,SemiPermanent,5.278,SemiPermanent,5.278,SemiPermanent,5.278,Medium
Australian Grand Prix,OCO,1,MEDIUM,9,19.66923076923077,34.792307692307695,1,0.0172413793103448,1,0,0,0,SemiPermanent,5.278,SemiPermanent,5.278,SemiPermanent,5.278,Medium
Australian Grand Prix,OCO,2,HARD,7,19.270731707317072,34.20487804878049,1,0.1724137931034483,1,0,1,0,SemiPermanent,5.278,SemiPermanent,5.278,SemiPermanent,5.278,Medium
Australian Grand Prix,OCO,3,HARD,26,20.68809523809524,37.13333333333333,1,0.293103448275862,0,0,1,0,SemiPermanent,5.278,SemiPermanent,5.278,SemiPermanent,5.278,Medium
Australian Grand Prix,OCO,4,HARD,22,20.8,36.768181818181816,0,0.7413793103448276,2,0,2,1,SemiPermanent,5.278,SemiPermanent,5.278,SemiPermanent,5.278,Medium
Australian Grand Prix,PER,1,MEDIUM,14,19.53030303030303,35.14848484848485,1,0.0172413793103448,0,0,0,0,SemiPermanent,5.278,SemiPermanent,5.278,SemiPermanent,5.278,Medium
Australian Grand Prix,PER,2,HARD,21,20.436666666666667,37.07,1,0.2586206896551724,3,0,2,0,SemiPermanent,5.278,SemiPermanent,5.278,SemiPermanent,5.278,Medium
Australian Grand Prix,PER,3,HARD,23,20.197916666666668,34.81875,1,0.6206896551724138,2,0,2,1,SemiPermanent,5.278,SemiPermanent,5.278,SemiPermanent,5.278,Medium
Australian Grand Prix,PIA,1,MEDIUM,9,19.554166666666667,36.07083333333333,1,0.0172413793103448,1,0,0,0,SemiPermanent,5.278,SemiPermanent,5.278,SemiPermanent,5.278,Medium
Australian Grand Prix,PIA,2,HARD,31,20.79189189189189,38.06216216216216,0,0.1724137931034483,2,0,2,0,SemiPermanent,5.278,SemiPermanent,5.278,SemiPermanent,5.278,Medium
Australian Grand Prix,PIA,3,HARD,20,20.30217391304348,35.30217391304348,0,0.6896551724137931,3,0,2,1,SemiPermanent,5.278,SemiPermanent,5.278,SemiPermanent,5.278,Medium
Australian Grand Prix,RIC,1,SOFT,5,19.28518518518519,34.681481481481484,1,0.0172413793103448,1,0,0,0,SemiPermanent,5.278,SemiPermanent,5.278,SemiPermanent,5.278,Medium
Australian Grand Prix,RIC,2,HARD,24,20.2,36.38461538461539,1,0.1034482758620689,1,0,1,0,SemiPermanent,5.278,SemiPermanent,5.278,SemiPermanent,5.278,Medium
Australian Grand Prix,RIC,3,HARD,28,21.06923076923077,37.212820512820514,1,0.5172413793103449,3,0,1,1,SemiPermanent,5.278,SemiPermanent,5.278,SemiPermanent,5.278,Medium
Australian Grand Prix,RUS,1,MEDIUM,8,19.23030303030303,33.61212121212122,1,0.0172413793103448,2,0,0,0,SemiPermanent,5.278,SemiPermanent,5.278,SemiPermanent,5.278,Medium
Australian Grand Prix,RUS,2,HARD,37,20.4,36.58965517241379,1,0.1551724137931034,1,0,2,0,SemiPermanent,5.278,SemiPermanent,5.278,SemiPermanent,5.278,Medium
Australian Grand Prix,RUS,3,HARD,11,20.46153846153846,35.669230769230765,1,0.7931034482758621,2,0,1,1,SemiPermanent,5.278,SemiPermanent,5.278,SemiPermanent,5.278,Medium
Australian Grand Prix,SAI,1,MEDIUM,16,19.73529411764705,35.5264705882353,1,0.0172413793103448,2,0,0,0,SemiPermanent,5.278,SemiPermanent,5.278,SemiPermanent,5.278,Medium
Australian Grand Prix,SAI,2,HARD,25,20.444444444444443,36.54444444444445,1,0.293103448275862,1,0,2,0,SemiPermanent,5.278,SemiPermanent,5.278,SemiPermanent,5.278,Medium
Australian Grand Prix,SAI,3,HARD,17,20.979166666666668,36.454166666666666,1,0.7241379310344828,2,0,1,1,SemiPermanent,5.278,SemiPermanent,5.278,SemiPermanent,5.278,Medium
Australian Grand Prix,STR,1,MEDIUM,9,19.51739130434783,35.81739130434782,0,0.0172413793103448,1,0,0,0,SemiPermanent,5.278,SemiPermanent,5.278,SemiPermanent,5.278,Medium
Australian Grand Prix,STR,2,HARD,30,20.50952380952381,37.43809523809525,0,0.1551724137931034,1,0,2,0,SemiPermanent,5.278,SemiPermanent,5.278,SemiPermanent,5.278,Medium
Australian Grand Prix,STR,3,HARD,22,20.607142857142858,36.36190476190476,0,0.6551724137931034,3,0,2,1,SemiPermanent,5.278,SemiPermanent,5.278,SemiPermanent,5.278,Medium
Australian Grand Prix,TSU,1,MEDIUM,9,19.246153846153845,33.86666666666667,1,0.0172413793103448,1,0,0,0,SemiPermanent,5.278,SemiPermanent,5.278,SemiPermanent,5.278,Medium
Australian Grand Prix,TSU,2,HARD,27,20.521052631578947,37.57368421052632,1,0.1724137931034483,2,0,2,1,SemiPermanent,5.278,SemiPermanent,5.278,SemiPermanent,5.278,Medium
Australian Grand Prix,TSU,3,HARD,22,20.700000000000003,36.678048780487806,1,0.6379310344827587,1,0,2,0,SemiPermanent,5.278,SemiPermanent,5.278,SemiPermanent,5.278,Medium
Australian Grand Prix,VER,1,MEDIUM,3,19.145454545454545,32.7,1,0.0172413793103448,1,0,0,0,SemiPermanent,5.278,SemiPermanent,5.278,SemiPermanent,5.278,Medium
Australian Grand Prix,ZHO,1,SOFT,6,19.36896551724138,35.248275862068965,1,0.0172413793103448,1,0,0,0,SemiPermanent,5.278,SemiPermanent,5.278,SemiPermanent,5.278,Medium
Australian Grand Prix,ZHO,2,HARD,30,20.81764705882353,38.38823529411765,0,0.1206896551724138,3,0,1,0,SemiPermanent,5.278,SemiPermanent,5.278,SemiPermanent,5.278,Medium
Australian Grand Prix,ZHO,3,HARD,22,20.71875,35.784375,1,0.6206896551724138,1,0,2,0,SemiPermanent,5.278,SemiPermanent,5.278,SemiPermanent,5.278,Medium
Austrian Grand Prix,ALB,1,MEDIUM,12,27.122727272727275,43.16363636363637,1,0.0140845070422535,0,0,0,0,Permanent,4.326,Permanent,4.326,Permanent,4.326,Medium
Austrian Grand Prix,ALB,2,HARD,27,29.25625,45.971875,1,0.1830985915492957,0,0,0,1,Permanent,4.326,Permanent,4.326,Permanent,4.326,Medium
Austrian Grand Prix,ALB,3,HARD,31,29.57428571428571,45.17428571428571,1,0.5633802816901409,1,0,1,0,Permanent,4.326,Permanent,4.326,Permanent,4.326,Medium
Austrian Grand Prix,ALO,1,MEDIUM,14,29.66923076923077,48.14615384615384,0,0.0140845070422535,0,0,0,0,Permanent,4.326,Permanent,4.326,Permanent,4.326,Medium
Austrian Grand Prix,ALO,2,MEDIUM,25,29.55925925925926,46.17407407407408,0,0.1690140845070422,0,0,0,0,Permanent,4.326,Permanent,4.326,Permanent,4.326,Medium
Austrian Grand Prix,ALO,3,HARD,34,28.27777777777778,42.946666666666665,0,0.5070422535211268,2,0,2,0,Permanent,4.326,Permanent,4.326,Permanent,4.326,Medium
Austrian Grand Prix,ALO,4,SOFT,2,28.1,42.96666666666667,1,0.971830985915493,0,0,0,1,Permanent,4.326,Permanent,4.326,Permanent,4.326,Medium
Austrian Grand Prix,BOT,1,MEDIUM,19,27.61379310344828,43.87241379310345,1,0.0140845070422535,0,0,0,0,Permanent,4.326,Permanent,4.326,Permanent,4.326,Medium
Austrian Grand Prix,BOT,2,HARD,23,29.06206896551724,45.44482758620689,1,0.2816901408450704,0,0,0,1,Permanent,4.326,Permanent,4.326,Permanent,4.326,Medium
Austrian Grand Prix,BOT,3,HARD,28,29.318181818181817,44.7,1,0.6056338028169014,1,0,1,0,Permanent,4.326,Permanent,4.326,Permanent,4.326,Medium
Austrian Grand Prix,GAS,1,MEDIUM,20,27.23939393939394,43.14242424242424,1,0.0140845070422535,0,0,0,0,Permanent,4.326,Permanent,4.326,Permanent,4.326,Medium
Austrian Grand Prix,GAS,2,HARD,22,28.3875,44.790625,1,0.2957746478873239,0,0,0,0,Permanent,4.326,Permanent,4.326,Permanent,4.326,Medium
Austrian Grand Prix,GAS,3,MEDIUM,29,29.551515151515154,44.97575757575758,1,0.6056338028169014,1,0,2,0,Permanent,4.326,Permanent,4.326,Permanent,4.326,Medium
Austrian Grand Prix,HAM,1,MEDIUM,21,28.307142857142857,45.18928571428571,1,0.0140845070422535,0,0,0,0,Permanent,4.326,Permanent,4.326,Permanent,4.326,Medium
Austrian Grand Prix,HAM,2,HARD,32,29.18421052631579,44.7578947368421,1,0.3098591549295774,0,0,0,0,Permanent,4.326,Permanent,4.326,Permanent,4.326,Medium
Austrian Grand Prix,HAM,3,MEDIUM,18,28.7875,43.78333333333333,1,0.7605633802816901,1,0,2,0,Permanent,4.326,Permanent,4.326,Permanent,4.326,Medium
Austrian Grand Prix,HUL,1,MEDIUM,11,28.65333333333333,45.98,1,0.0140845070422535,0,0,0,0,Permanent,4.326,Permanent,4.326,Permanent,4.326,Medium
Austrian Grand Prix,HUL,2,HARD,28,29.142424242424244,45.4030303030303,1,0.1690140845070422,0,0,0,0,Permanent,4.326,Permanent,4.326,Permanent,4.326,Medium
Austrian Grand Prix,HUL,3,HARD,32,29.18421052631579,44.30789473684211,1,0.5633802816901409,1,0,2,0,Permanent,4.326,Permanent,4.326,Permanent,4.326,Medium
Austrian Grand Prix,LEC,1,MEDIUM,1,24.9,37.31111111111111,1,0.0140845070422535,0,0,0,0,Permanent,4.326,Permanent,4.326,Permanent,4.326,Medium
Austrian Grand Prix,LEC,2,HARD,15,27.921739130434784,44.65652173913043,1,0.028169014084507,0,0,0,0,Permanent,4.326,Permanent,4.326,Permanent,4.326,Medium
Austrian Grand Prix,LEC,3,MEDIUM,17,29.855555555555554,46.7,1,0.2394366197183098,0,0,0,1,Permanent,4.326,Permanent,4.326,Permanent,4.326,Medium
Austrian Grand Prix,LEC,4,MEDIUM,19,28.41111111111111,44.47777777777778,0,0.4788732394366197,0,0,0,0,Permanent,4.326,Permanent,4.326,Permanent,4.326,Medium
Austrian Grand Prix,LEC,5,MEDIUM,26,29.39583333333333,44.84583333333333,0,0.7323943661971831,1,0,1,0,Permanent,4.326,Permanent,4.326,Permanent,4.326,Medium
Austrian Grand Prix,MAG,1,MEDIUM,10,27.7625,44.0625,1,0.0140845070422535,0,0,0,0,Permanent,4.326,Permanent,4.326,Permanent,4.326,Medium
Austrian Grand Prix,MAG,2,HARD,28,28.63888888888889,44.64722222222222,1,0.1549295774647887,0,0,0,0,Permanent,4.326,Permanent,4.326,Permanent,4.326,Medium
Austrian Grand Prix,MAG,3,HARD,33,29.59189189189189,45.16486486486486,1,0.5492957746478874,1,0,2,1,Permanent,4.326,Permanent,4.326,Permanent,4.326,Medium
Austrian Grand Prix,NOR,1,MEDIUM,23,28.19032258064516,45.04516129032258,1,0.0140845070422535,0,0,0,0,Permanent,4.326,Permanent,4.326,Permanent,4.326,Medium
Austrian Grand Prix,NOR,2,HARD,28,28.965714285714284,44.362857142857145,0,0.3380281690140845,0,0,0,0,Permanent,4.326,Permanent,4.326,Permanent,4.326,Medium
Austrian Grand Prix,NOR,3,MEDIUM,13,29.6,44.73529411764706,1,0.7323943661971831,1,0,0,0,Permanent,4.326,Permanent,4.326,Permanent,4.326,Medium
Austrian Grand Prix,OCO,1,MEDIUM,19,27.44,43.53666666666667,1,0.0140845070422535,0,0,0,0,Permanent,4.326,Permanent,4.326,Permanent,4.326,Medium
Austrian Grand Prix,OCO,2,HARD,24,29.282758620689656,45.42068965517242,1,0.2816901408450704,0,0,0,0,Permanent,4.326,Permanent,4.326,Permanent,4.326,Medium
Austrian Grand Prix,OCO,3,MEDIUM,28,29.459375,44.6875,1,0.6197183098591549,1,0,1,0,Permanent,4.326,Permanent,4.326,Permanent,4.326,Medium
Austrian Grand Prix,PER,1,MEDIUM,21,28.52962962962963,45.7,1,0.0140845070422535,0,0,0,0,Permanent,4.326,Permanent,4.326,Permanent,4.326,Medium
Austrian Grand Prix,PER,2,HARD,30,28.991891891891893,44.43783783783784,1,0.3098591549295774,0,0,0,0,Permanent,4.326,Permanent,4.326,Permanent,4.326,Medium
Austrian Grand Prix,PER,3,MEDIUM,25,28.36896551724138,43.86551724137931,0,0.7323943661971831,1,0,2,0,Permanent,4.326,Permanent,4.326,Permanent,4.326,Medium
Austrian Grand Prix,PIA,1,MEDIUM,25,28.478125,45.571875,1,0.0140845070422535,0,0,0,0,Permanent,4.326,Permanent,4.326,Permanent,4.326,Medium
Austrian Grand Prix,PIA,2,HARD,26,28.9,44.10909090909091,0,0.3661971830985915,0,0,0,0,Permanent,4.326,Permanent,4.326,Permanent,4.326,Medium
Austrian Grand Prix,PIA,3,MEDIUM,20,29.1,44.392,1,0.7323943661971831,1,0,1,1,Permanent,4.326,Permanent,4.326,Permanent,4.326,Medium
Austrian Grand Prix,RIC,1,MEDIUM,10,26.23478260869565,41.243478260869566,1,0.0140845070422535,0,0,0,0,Permanent,4.326,Permanent,4.326,Permanent,4.326,Medium
Austrian Grand Prix,RIC,2,HARD,27,29.05454545454545,45.74848484848485,0,0.1549295774647887,0,0,0,1,Permanent,4.326,Permanent,4.326,Permanent,4.326,Medium
Austrian Grand Prix,RIC,3,HARD,34,29.45384615384616,45.14615384615384,1,0.5352112676056338,1,0,2,0,Permanent,4.326,Permanent,4.326,Permanent,4.326,Medium
Austrian Grand Prix,RUS,1,MEDIUM,22,27.9741935483871,44.53225806451613,1,0.0140845070422535,0,0,0,0,Permanent,4.326,Permanent,4.326,Permanent,4.326,Medium
Austrian Grand Prix,RUS,2,MEDIUM,24,29.306896551724137,45.05172413793103,1,0.323943661971831,0,0,0,0,Permanent,4.326,Permanent,4.326,Permanent,4.326,Medium
Austrian Grand Prix,RUS,3,HARD,25,28.85,44.1125,1,0.6619718309859155,1,0,1,1,Permanent,4.326,Permanent,4.326,Permanent,4.326,Medium
Austrian Grand Prix,SAI,1,MEDIUM,22,28.571428571428573,45.82857142857143,1,0.0140845070422535,0,0,0,0,Permanent,4.326,Permanent,4.326,Permanent,4.326,Medium
Austrian Grand Prix,SAI,2,HARD,25,28.50294117647059,43.60294117647059,1,0.323943661971831,0,0,0,0,Permanent,4.326,Permanent,4.326,Permanent,4.326,Medium
Austrian Grand Prix,SAI,3,MEDIUM,24,29.37857142857143,44.61071428571428,1,0.676056338028169,1,0,1,1,Permanent,4.326,Permanent,4.326,Permanent,4.326,Medium
Austrian Grand Prix,SAR,1,MEDIUM,1,24.98,37.98,1,0.0140845070422535,0,0,0,0,Permanent,4.326,Permanent,4.326,Permanent,4.326,Medium
Austrian Grand Prix,SAR,2,MEDIUM,25,28.322222222222223,45.94444444444444,0,0.028169014084507,0,0,0,1,Permanent,4.326,Permanent,4.326,Permanent,4.326,Medium
Austrian Grand Prix,SAR,3,HARD,29,29.79375,46.003125,1,0.2957746478873239,0,0,0,0,Permanent,4.326,Permanent,4.326,Permanent,4.326,Medium
Austrian Grand Prix,SAR,4,MEDIUM,21,29.44761904761905,44.81904761904762,0,0.704225352112676,1,0,1,0,Permanent,4.326,Permanent,4.326,Permanent,4.326,Medium
Austrian Grand Prix,STR,1,MEDIUM,21,29.66818181818182,48.1,0,0.0140845070422535,0,0,0,0,Permanent,4.326,Permanent,4.326,Permanent,4.326,Medium
Austrian Grand Prix,STR,2,MEDIUM,23,29.707692307692305,45.91538461538461,0,0.2957746478873239,0,0,0,0,Permanent,4.326,Permanent,4.326,Permanent,4.326,Medium
Austrian Grand Prix,STR,3,HARD,28,28.1,42.392105263157895,0,0.6197183098591549,1,0,1,0,Permanent,4.326,Permanent,4.326,Permanent,4.326,Medium
Austrian Grand Prix,TSU,1,MEDIUM,21,27.10277777777777,43.03888888888889,1,0.0140845070422535,0,0,0,0,Permanent,4.326,Permanent,4.326,Permanent,4.326,Medium
Austrian Grand Prix,TSU,2,HARD,23,29.548148148148147,45.81851851851852,0,0.3098591549295774,0,0,0,1,Permanent,4.326,Permanent,4.326,Permanent,4.326,Medium
Austrian Grand Prix,TSU,3,HARD,26,29.065625,44.48125,1,0.6338028169014085,1,0,1,0,Permanent,4.326,Permanent,4.326,Permanent,4.326,Medium
Austrian Grand Prix,VER,1,MEDIUM,23,28.009375,44.65625,1,0.0140845070422535,0,0,0,0,Permanent,4.326,Permanent,4.326,Permanent,4.326,Medium
Austrian Grand Prix,VER,2,HARD,28,29.575,45.415625,1,0.3380281690140845,0,0,0,0,Permanent,4.326,Permanent,4.326,Permanent,4.326,Medium
Austrian Grand Prix,VER,3,MEDIUM,16,28.81111111111112,44.02222222222222,0,0.7323943661971831,1,0,0,1,Permanent,4.326,Permanent,4.326,Permanent,4.326,Medium
Austrian Grand Prix,VER,4,SOFT,10,28.107692307692307,43.64615384615384,0,0.9154929577464788,0,0,2,0,Permanent,4.326,Permanent,4.326,Permanent,4.326,Medium
Austrian Grand Prix,ZHO,1,HARD,28,27.987179487179485,44.40512820512821,1,0.0140845070422535,0,0,0,0,Permanent,4.326,Permanent,4.326,Permanent,4.326,Medium
Austrian Grand Prix,ZHO,2,MEDIUM,23,28.916666666666668,44.583333333333336,1,0.4084507042253521,0,0,0,1,Permanent,4.326,Permanent,4.326,Permanent,4.326,Medium
Austrian Grand Prix,ZHO,3,HARD,19,29.89523809523809,45.13333333333333,1,0.7323943661971831,1,0,2,0,Permanent,4.326,Permanent,4.326,Permanent,4.326,Medium
Azerbaijan Grand Prix,ALB,1,HARD,31,26.65806451612903,44.15806451612904,1,0.02,6,0,0,1,Street,6.003,Street,6.003,Street,6.003,Low
Azerbaijan Grand Prix,ALB,2,MEDIUM,18,26.23333333333333,41.97777777777778,1,0.64,9,0,2,1,Street,6.003,Street,6.003,Street,6.003,Low
Azerbaijan Grand Prix,ALO,1,MEDIUM,12,26.60909090909091,44.94545454545455,0,0.02,6,0,0,1,Street,6.003,Street,6.003,Street,6.003,Low
Azerbaijan Grand Prix,ALO,2,HARD,39,26.468421052631577,42.9,0,0.24,8,0,2,1,Street,6.003,Street,6.003,Street,6.003,Low
Azerbaijan Grand Prix,BEA,1,MEDIUM,14,26.685714285714287,44.864285714285714,1,0.02,8,0,0,1,Street,6.003,Street,6.003,Street,6.003,Low
Azerbaijan Grand Prix,BEA,2,HARD,35,26.43428571428572,42.8,1,0.3,9,0,2,1,Street,6.003,Street,6.003,Street,6.003,Low
Azerbaijan Grand Prix,BOT,1,MEDIUM,12,26.61818181818182,44.94545454545455,0,0.02,5,0,0,1,Street,6.003,Street,6.003,Street,6.003,Low
Azerbaijan Grand Prix,BOT,2,HARD,39,26.478947368421053,42.89736842105263,0,0.24,6,0,2,0,Street,6.003,Street,6.003,Street,6.003,Low
Azerbaijan Grand Prix,COL,1,MEDIUM,10,26.59,44.97,1,0.02,8,0,0,2,Street,6.003,Street,6.003,Street,6.003,Low
Azerbaijan Grand Prix,COL,2,HARD,39,26.47948717948718,42.95128205128205,1,0.22,12,0,2,1,Street,6.003,Street,6.003,Street,6.003,Low
Azerbaijan Grand Prix,GAS,1,HARD,49,26.5,43.38367346938776,1,0.02,7,0,1,2,Street,6.003,Street,6.003,Street,6.003,Low
Azerbaijan Grand Prix,HAM,1,MEDIUM,12,26.65,44.925,1,0.02,5,0,0,2,Street,6.003,Street,6.003,Street,6.003,Low
Azerbaijan Grand Prix,HAM,2,HARD,37,26.45945945945946,42.88648648648648,0,0.26,13,0,2,1,Street,6.003,Street,6.003,Street,6.003,Low
Azerbaijan Grand Prix,HUL,1,MEDIUM,15,26.673333333333336,44.81333333333334,1,0.02,5,0,0,2,Street,6.003,Street,6.003,Street,6.003,Low
Azerbaijan Grand Prix,HUL,2,HARD,34,26.420588235294115,42.73529411764706,1,0.32,11,0,2,0,Street,6.003,Street,6.003,Street,6.003,Low
Azerbaijan Grand Prix,LEC,1,MEDIUM,16,26.66875,44.78125,1,0.02,7,0,0,2,Street,6.003,Street,6.003,Street,6.003,Low
Azerbaijan Grand Prix,LEC,2,HARD,34,26.41764705882353,42.65588235294118,1,0.34,8,0,2,2,Street,6.003,Street,6.003,Street,6.003,Low
Azerbaijan Grand Prix,NOR,1,HARD,37,26.64864864864865,43.92432432432432,1,0.02,6,0,0,1,Street,6.003,Street,6.003,Street,6.003,Low
Azerbaijan Grand Prix,NOR,2,MEDIUM,13,26.09230769230769,41.56153846153846,1,0.76,6,0,2,1,Street,6.003,Street,6.003,Street,6.003,Low
Azerbaijan Grand Prix,OCO,1,HARD,52,26.49795918367348,43.32857142857143,0,0.02,6,0,1,1,Street,6.003,Street,6.003,Street,6.003,Low
Azerbaijan Grand Prix,PER,1,MEDIUM,13,26.65384615384616,44.88461538461539,1,0.02,7,0,0,1,Street,6.003,Street,6.003,Street,6.003,Low
Azerbaijan Grand Prix,PER,2,HARD,36,26.433333333333334,42.833333333333336,1,0.28,6,0,1,2,Street,6.003,Street,6.003,Street,6.003,Low
Azerbaijan Grand Prix,PIA,1,MEDIUM,15,26.66,44.82666666666667,1,0.02,7,0,0,2,Street,6.003,Street,6.003,Street,6.003,Low
Azerbaijan Grand Prix,PIA,2,HARD,35,26.417142857142856,42.682857142857145,1,0.32,9,0,1,2,Street,6.003,Street,6.003,Street,6.003,Low
Azerbaijan Grand Prix,RIC,1,HARD,50,26.502040816326527,43.36938775510204,0,0.02,7,0,0,1,Street,6.003,Street,6.003,Street,6.003,Low
Azerbaijan Grand Prix,RUS,1,MEDIUM,12,26.625,44.93333333333334,1,0.02,6,0,0,2,Street,6.003,Street,6.003,Street,6.003,Low
Azerbaijan Grand Prix,RUS,2,HARD,38,26.46578947368421,42.81578947368421,1,0.26,10,0,2,1,Street,6.003,Street,6.003,Street,6.003,Low
Azerbaijan Grand Prix,SAI,1,MEDIUM,17,26.63529411764706,44.72941176470588,1,0.02,11,0,0,2,Street,6.003,Street,6.003,Street,6.003,Low
Azerbaijan Grand Prix,SAI,2,HARD,32,26.409375,42.671875,1,0.36,6,0,1,2,Street,6.003,Street,6.003,Street,6.003,Low
Azerbaijan Grand Prix,STR,1,MEDIUM,2,26.8,45.6,0,0.02,7,0,0,1,Street,6.003,Street,6.003,Street,6.003,Low
Azerbaijan Grand Prix,STR,2,HARD,22,26.652380952380955,44.44285714285714,0,0.04,6,0,0,1,Street,6.003,Street,6.003,Street,6.003,Low
Azerbaijan Grand Prix,STR,3,HARD,24,26.36086956521739,42.547826086956526,0,0.46,10,0,0,0,Street,6.003,Street,6.003,Street,6.003,Low
Azerbaijan Grand Prix,TSU,1,MEDIUM,13,26.641666666666666,44.93333333333334,0,0.02,5,0,0,1,Street,6.003,Street,6.003,Street,6.003,Low
Azerbaijan Grand Prix,TSU,2,HARD,3,26.9,44.400000000000006,0,0.26,7,0,0,1,Street,6.003,Street,6.003,Street,6.003,Low
Azerbaijan Grand Prix,VER,1,MEDIUM,12,26.625,44.93333333333334,1,0.02,2,0,0,0,Street,6.003,Street,6.003,Street,6.003,Low
Azerbaijan Grand Prix,VER,2,HARD,37,26.46216216216216,42.85945945945946,1,0.26,8,0,0,2,Street,6.003,Street,6.003,Street,6.003,Low
Azerbaijan Grand Prix,ZHO,1,HARD,35,26.65882352941176,44.05294117647059,0,0.02,7,0,0,1,Street,6.003,Street,6.003,Street,6.003,Low
Azerbaijan Grand Prix,ZHO,2,MEDIUM,16,26.15333333333333,41.78666666666666,0,0.7,11,0,2,1,Street,6.003,Street,6.003,Street,6.003,Low
Bahrain Grand Prix,ALB,1,SOFT,15,18.121052631578948,23.26315789473684,1,0.0175438596491228,2,0,0,0,Permanent,5.412,Permanent,5.412,Permanent,5.412,VeryHigh
Bahrain Grand Prix,ALB,2,HARD,21,18.28235294117647,25.1,1,0.2807017543859649,0,0,0,0,Permanent,5.412,Permanent,5.412,Permanent,5.412,VeryHigh
Bahrain Grand Prix,ALB,3,HARD,20,18.178125,24.7375,1,0.6491228070175439,1,0,0,0,Permanent,5.412,Permanent,5.412,Permanent,5.412,VeryHigh
Bahrain Grand Prix,ALO,1,SOFT,18,18.656,25.352,0,0.0175438596491228,2,0,0,0,Permanent,5.412,Permanent,5.412,Permanent,5.412,VeryHigh
Bahrain Grand Prix,ALO,2,HARD,26,18.238235294117647,24.426470588235293,1,0.2807017543859649,0,0,0,0,Permanent,5.412,Permanent,5.412,Permanent,5.412,VeryHigh
Bahrain Grand Prix,ALO,3,HARD,16,18.292857142857144,24.61785714285714,1,0.7368421052631579,0,0,0,0,Permanent,5.412,Permanent,5.412,Permanent,5.412,VeryHigh
Bahrain Grand Prix,BOT,1,SOFT,12,18.245,24.1,1,0.0175438596491228,2,0,0,0,Permanent,5.412,Permanent,5.412,Permanent,5.412,VeryHigh
Bahrain Grand Prix,BOT,2,HARD,18,18.47666666666667,25.866666666666667,1,0.2280701754385964,0,0,0,0,Permanent,5.412,Permanent,5.412,Permanent,5.412,VeryHigh
Bahrain Grand Prix,BOT,3,HARD,26,17.755555555555556,22.18888888888889,1,0.5614035087719298,0,0,0,0,Permanent,5.412,Permanent,5.412,Permanent,5.412,VeryHigh
Bahrain Grand Prix,GAS,1,SOFT,12,18.4375,26.0625,1,0.0175438596491228,2,0,0,0,Permanent,5.412,Permanent,5.412,Permanent,5.412,VeryHigh
Bahrain Grand Prix,GAS,2,HARD,19,18.2,23.85,1,0.2280701754385964,0,0,0,0,Permanent,5.412,Permanent,5.412,Permanent,5.412,VeryHigh
Bahrain Grand Prix,GAS,3,HARD,12,18.64583333333333,26.23333333333333,1,0.5614035087719298,0,0,0,0,Permanent,5.412,Permanent,5.412,Permanent,5.412,VeryHigh
Bahrain Grand Prix,GAS,4,SOFT,13,17.883870967741935,24.151612903225804,1,0.7719298245614035,1,0,0,0,Permanent,5.412,Permanent,5.412,Permanent,5.412,VeryHigh
Bahrain Grand Prix,HAM,1,SOFT,15,18.485,25.46,0,0.0175438596491228,2,0,0,0,Permanent,5.412,Permanent,5.412,Permanent,5.412,VeryHigh
Bahrain Grand Prix,HAM,2,HARD,21,18.58529411764706,25.49117647058824,1,0.2280701754385964,0,0,0,0,Permanent,5.412,Permanent,5.412,Permanent,5.412,VeryHigh
Bahrain Grand Prix,HAM,3,HARD,24,17.938709677419357,23.096774193548388,1,0.5964912280701754,0,0,0,0,Permanent,5.412,Permanent,5.412,Permanent,5.412,VeryHigh
Bahrain Grand Prix,HUL,1,SOFT,1,18.91875,28.74375,1,0.0175438596491228,1,0,0,0,Permanent,5.412,Permanent,5.412,Permanent,5.412,VeryHigh
Bahrain Grand Prix,HUL,2,HARD,19,18.6,25.64375,1,0.0350877192982456,2,0,0,0,Permanent,5.412,Permanent,5.412,Permanent,5.412,VeryHigh
Bahrain Grand Prix,HUL,3,HARD,21,18.19148936170213,25.295744680851065,1,0.3684210526315789,1,0,0,0,Permanent,5.412,Permanent,5.412,Permanent,5.412,VeryHigh
Bahrain Grand Prix,HUL,4,SOFT,16,17.894736842105264,23.0,0,0.7368421052631579,0,0,0,0,Permanent,5.412,Permanent,5.412,Permanent,5.412,VeryHigh
Bahrain Grand Prix,LEC,1,SOFT,14,18.515,26.085,0,0.0175438596491228,2,0,0,0,Permanent,5.412,Permanent,5.412,Permanent,5.412,VeryHigh
Bahrain Grand Prix,LEC,2,HARD,23,18.26774193548388,24.270967741935483,1,0.2105263157894736,0,0,0,0,Permanent,5.412,Permanent,5.412,Permanent,5.412,VeryHigh
Bahrain Grand Prix,LEC,3,HARD,23,18.108823529411765,24.24117647058824,1,0.6140350877192983,0,0,0,0,Permanent,5.412,Permanent,5.412,Permanent,5.412,VeryHigh
Bahrain Grand Prix,MAG,1,SOFT,11,18.475,26.541666666666668,1,0.0175438596491228,2,0,0,0,Permanent,5.412,Permanent,5.412,Permanent,5.412,VeryHigh
Bahrain Grand Prix,MAG,2,HARD,21,18.127586206896552,23.44482758620689,1,0.2105263157894736,0,0,0,0,Permanent,5.412,Permanent,5.412,Permanent,5.412,VeryHigh
Bahrain Grand Prix,MAG,3,HARD,24,18.337704918032784,25.74590163934426,1,0.5789473684210527,1,0,0,0,Permanent,5.412,Permanent,5.412,Permanent,5.412,VeryHigh
Bahrain Grand Prix,NOR,1,SOFT,16,18.46,25.848000000000003,0,0.0175438596491228,2,0,0,0,Permanent,5.412,Permanent,5.412,Permanent,5.412,VeryHigh
Bahrain Grand Prix,NOR,2,HARD,20,18.224,24.068,1,0.2456140350877192,0,0,0,0,Permanent,5.412,Permanent,5.412,Permanent,5.412,VeryHigh
Bahrain Grand Prix,NOR,3,HARD,24,17.902272727272727,23.352272727272727,1,0.5964912280701754,0,0,0,0,Permanent,5.412,Permanent,5.412,Permanent,5.412,VeryHigh
Bahrain Grand Prix,OCO,1,SOFT,10,18.4,25.83809523809524,1,0.0175438596491228,2,0,0,0,Permanent,5.412,Permanent,5.412,Permanent,5.412,VeryHigh
Bahrain Grand Prix,OCO,2,HARD,20,18.17407407407408,23.48888888888889,1,0.1929824561403508,0,0,0,0,Permanent,5.412,Permanent,5.412,Permanent,5.412,VeryHigh
Bahrain Grand Prix,OCO,3,HARD,26,17.88888888888889,23.03777777777778,1,0.543859649122807,0,0,0,0,Permanent,5.412,Permanent,5.412,Permanent,5.412,VeryHigh
Bahrain Grand Prix,PER,1,SOFT,15,18.316666666666663,24.461111111111112,0,0.0175438596491228,2,0,0,0,Permanent,5.412,Permanent,5.412,Permanent,5.412,VeryHigh
Bahrain Grand Prix,PER,2,HARD,24,18.23125,24.2625,1,0.2280701754385964,0,0,0,0,Permanent,5.412,Permanent,5.412,Permanent,5.412,VeryHigh
Bahrain Grand Prix,PER,3,SOFT,21,17.815384615384616,22.48846153846154,1,0.6491228070175439,0,0,0,0,Permanent,5.412,Permanent,5.412,Permanent,5.412,VeryHigh
Bahrain Grand Prix,PIA,1,SOFT,15,18.436,25.676,0,0.0175438596491228,2,0,0,0,Permanent,5.412,Permanent,5.412,Permanent,5.412,VeryHigh
Bahrain Grand Prix,PIA,2,HARD,22,18.26774193548388,24.43548387096774,1,0.2280701754385964,0,0,0,0,Permanent,5.412,Permanent,5.412,Permanent,5.412,VeryHigh
Bahrain Grand Prix,PIA,3,HARD,23,18.11346153846154,24.95192307692308,1,0.6140350877192983,1,0,0,0,Permanent,5.412,Permanent,5.412,Permanent,5.412,VeryHigh
Bahrain Grand Prix,RIC,1,SOFT,16,18.525925925925925,26.562962962962963,0,0.0175438596491228,2,0,0,0,Permanent,5.412,Permanent,5.412,Permanent,5.412,VeryHigh
Bahrain Grand Prix,RIC,2,HARD,22,18.08125,23.66875,1,0.2456140350877192,0,0,0,0,Permanent,5.412,Permanent,5.412,Permanent,5.412,VeryHigh
Bahrain Grand Prix,RIC,3,SOFT,21,17.70263157894737,22.05526315789474,1,0.631578947368421,0,0,0,0,Permanent,5.412,Permanent,5.412,Permanent,5.412,VeryHigh
Bahrain Grand Prix,RUS,1,SOFT,14,18.64090909090909,26.713636363636365,0,0.0175438596491228,2,0,0,0,Permanent,5.412,Permanent,5.412,Permanent,5.412,VeryHigh
Bahrain Grand Prix,RUS,2,HARD,20,18.444444444444443,25.2,1,0.2105263157894736,0,0,0,0,Permanent,5.412,Permanent,5.412,Permanent,5.412,VeryHigh
Bahrain Grand Prix,RUS,3,HARD,26,18.1725,24.6575,1,0.5614035087719298,1,0,0,0,Permanent,5.412,Permanent,5.412,Permanent,5.412,VeryHigh
Bahrain Grand Prix,SAI,1,SOFT,17,18.431818181818183,25.313636363636363,0,0.0175438596491228,2,0,0,0,Permanent,5.412,Permanent,5.412,Permanent,5.412,VeryHigh
Bahrain Grand Prix,SAI,2,HARD,21,18.313333333333333,24.68,1,0.2631578947368421,0,0,0,0,Permanent,5.412,Permanent,5.412,Permanent,5.412,VeryHigh
Bahrain Grand Prix,SAI,3,HARD,22,18.05666666666667,23.37,1,0.631578947368421,0,0,0,0,Permanent,5.412,Permanent,5.412,Permanent,5.412,VeryHigh
Bahrain Grand Prix,SAR,1,SOFT,9,18.633333333333333,27.258333333333336,1,0.0175438596491228,2,0,0,0,Permanent,5.412,Permanent,5.412,Permanent,5.412,VeryHigh
Bahrain Grand Prix,SAR,2,HARD,18,18.41935483870968,25.76774193548387,1,0.1929824561403508,1,0,0,0,Permanent,5.412,Permanent,5.412,Permanent,5.412,VeryHigh
Bahrain Grand Prix,SAR,3,HARD,12,18.0875,23.7,1,0.5087719298245614,0,0,0,0,Permanent,5.412,Permanent,5.412,Permanent,5.412,VeryHigh
Bahrain Grand Prix,SAR,4,SOFT,15,17.778947368421054,22.43684210526316,1,0.7192982456140351,0,0,0,0,Permanent,5.412,Permanent,5.412,Permanent,5.412,VeryHigh
Bahrain Grand Prix,STR,1,SOFT,9,18.548,26.368,1,0.0175438596491228,1,0,0,0,Permanent,5.412,Permanent,5.412,Permanent,5.412,VeryHigh
Bahrain Grand Prix,STR,2,HARD,18,18.228,24.168000000000003,1,0.175438596491228,1,0,0,0,Permanent,5.412,Permanent,5.412,Permanent,5.412,VeryHigh
Bahrain Grand Prix,STR,3,HARD,30,18.101785714285715,24.057142857142857,1,0.4912280701754385,1,0,0,0,Permanent,5.412,Permanent,5.412,Permanent,5.412,VeryHigh
Bahrain Grand Prix,TSU,1,SOFT,14,18.51212121212121,26.31515151515152,1,0.0175438596491228,2,0,0,0,Permanent,5.412,Permanent,5.412,Permanent,5.412,VeryHigh
Bahrain Grand Prix,TSU,2,HARD,20,18.15666666666667,24.096666666666668,1,0.2631578947368421,0,0,0,0,Permanent,5.412,Permanent,5.412,Permanent,5.412,VeryHigh
Bahrain Grand Prix,TSU,3,HARD,22,18.12,24.348000000000003,1,0.6140350877192983,1,0,0,0,Permanent,5.412,Permanent,5.412,Permanent,5.412,VeryHigh
Bahrain Grand Prix,VER,1,SOFT,20,18.432142857142857,24.88214285714286,0,0.0175438596491228,3,0,0,0,Permanent,5.412,Permanent,5.412,Permanent,5.412,VeryHigh
Bahrain Grand Prix,VER,2,HARD,20,18.42903225806452,24.700000000000003,1,0.3157894736842105,0,0,0,0,Permanent,5.412,Permanent,5.412,Permanent,5.412,VeryHigh
Bahrain Grand Prix,VER,3,SOFT,20,17.888095238095236,23.257142857142856,1,0.6666666666666666,0,0,0,0,Permanent,5.412,Permanent,5.412,Permanent,5.412,VeryHigh
Bahrain Grand Prix,ZHO,1,SOFT,9,18.1125,23.6875,1,0.0175438596491228,1,0,0,0,Permanent,5.412,Permanent,5.412,Permanent,5.412,VeryHigh
Bahrain Grand Prix,ZHO,2,HARD,19,18.486206896551725,25.658620689655173,1,0.175438596491228,1,0,0,0,Permanent,5.412,Permanent,5.412,Permanent,5.412,VeryHigh
Bahrain Grand Prix,ZHO,3,HARD,28,17.928125,22.909375,1,0.5087719298245614,0,0,0,0,Permanent,5.412,Permanent,5.412,Permanent,5.412,VeryHigh
Belgian Grand Prix,ALB,1,MEDIUM,8,21.2125,42.5875,1,0.0227272727272727,2,0,0,0,Permanent,7.004,Permanent,7.004,Permanent,7.004,Medium
Belgian Grand Prix,ALB,2,MEDIUM,15,21.7,43.086666666666666,1,0.2045454545454545,1,0,0,0,Permanent,7.004,Permanent,7.004,Permanent,7.004,Medium
Belgian Grand Prix,ALB,3,HARD,21,21.68095238095238,43.15238095238095,1,0.5454545454545454,0,0,0,0,Permanent,7.004,Permanent,7.004,Permanent,7.004,Medium
Belgian Grand Prix,ALO,1,MEDIUM,13,21.32307692307692,42.77692307692308,1,0.0227272727272727,5,0,0,1,Permanent,7.004,Permanent,7.004,Permanent,7.004,Medium
Belgian Grand Prix,ALO,2,MEDIUM,31,21.72903225806452,43.12903225806452,1,0.3181818181818182,1,0,0,0,Permanent,7.004,Permanent,7.004,Permanent,7.004,Medium
Belgian Grand Prix,BOT,1,MEDIUM,11,21.28181818181818,42.76363636363636,1,0.0227272727272727,1,0,0,0,Permanent,7.004,Permanent,7.004,Permanent,7.004,Medium
Belgian Grand Prix,BOT,2,HARD,24,21.725,43.225,1,0.2727272727272727,4,0,0,1,Permanent,7.004,Permanent,7.004,Permanent,7.004,Medium
Belgian Grand Prix,BOT,3,MEDIUM,9,21.711111111111112,42.81111111111111,1,0.8181818181818182,0,0,0,0,Permanent,7.004,Permanent,7.004,Permanent,7.004,Medium
Belgian Grand Prix,GAS,1,MEDIUM,9,21.23333333333333,42.644444444444446,1,0.0227272727272727,3,0,0,0,Permanent,7.004,Permanent,7.004,Permanent,7.004,Medium
Belgian Grand Prix,GAS,2,HARD,19,21.71578947368421,43.21578947368421,1,0.2272727272727272,1,0,0,0,Permanent,7.004,Permanent,7.004,Permanent,7.004,Medium
Belgian Grand Prix,GAS,3,HARD,16,21.7,42.975,1,0.6590909090909091,0,0,0,0,Permanent,7.004,Permanent,7.004,Permanent,7.004,Medium
Belgian Grand Prix,HAM,1,MEDIUM,11,21.27272727272728,42.77272727272727,1,0.0227272727272727,4,0,0,1,Permanent,7.004,Permanent,7.004,Permanent,7.004,Medium
Belgian Grand Prix,HAM,2,HARD,15,21.72,43.14666666666667,1,0.2727272727272727,1,0,0,0,Permanent,7.004,Permanent,7.004,Permanent,7.004,Medium
Belgian Grand Prix,HAM,3,HARD,18,21.711111111111112,43.07222222222222,1,0.6136363636363636,1,0,0,0,Permanent,7.004,Permanent,7.004,Permanent,7.004,Medium
Belgian Grand Prix,HUL,1,MEDIUM,7,21.17142857142857,42.54285714285714,1,0.0227272727272727,4,0,0,1,Permanent,7.004,Permanent,7.004,Permanent,7.004,Medium
Belgian Grand Prix,HUL,2,HARD,13,21.67692307692308,43.01538461538461,1,0.1818181818181818,1,0,0,0,Permanent,7.004,Permanent,7.004,Permanent,7.004,Medium
Belgian Grand Prix,HUL,3,MEDIUM,24,21.695833333333336,43.20416666666667,1,0.4772727272727273,0,0,0,0,Permanent,7.004,Permanent,7.004,Permanent,7.004,Medium
Belgian Grand Prix,LEC,1,MEDIUM,12,21.291666666666668,42.78333333333333,1,0.0227272727272727,4,0,0,1,Permanent,7.004,Permanent,7.004,Permanent,7.004,Medium
Belgian Grand Prix,LEC,2,HARD,13,21.746153846153845,43.0923076923077,1,0.2954545454545454,1,0,0,0,Permanent,7.004,Permanent,7.004,Permanent,7.004,Medium
Belgian Grand Prix,LEC,3,HARD,19,21.71578947368421,43.15263157894736,1,0.5909090909090909,0,0,0,0,Permanent,7.004,Permanent,7.004,Permanent,7.004,Medium
Belgian Grand Prix,MAG,1,MEDIUM,17,21.429411764705883,42.83529411764706,1,0.0227272727272727,1,0,0,0,Permanent,7.004,Permanent,7.004,Permanent,7.004,Medium
Belgian Grand Prix,MAG,2,HARD,27,21.71851851851852,43.15555555555556,1,0.4090909090909091,0,0,0,0,Permanent,7.004,Permanent,7.004,Permanent,7.004,Medium
Belgian Grand Prix,NOR,1,MEDIUM,15,21.36,42.79333333333333,1,0.0227272727272727,3,0,0,0,Permanent,7.004,Permanent,7.004,Permanent,7.004,Medium
Belgian Grand Prix,NOR,2,HARD,14,21.728571428571428,43.3,1,0.3636363636363636,0,0,0,0,Permanent,7.004,Permanent,7.004,Permanent,7.004,Medium
Belgian Grand Prix,NOR,3,HARD,15,21.726666666666667,43.013333333333335,1,0.6818181818181818,0,0,0,0,Permanent,7.004,Permanent,7.004,Permanent,7.004,Medium
Belgian Grand Prix,OCO,1,MEDIUM,12,21.3,42.775,1,0.0227272727272727,3,0,0,1,Permanent,7.004,Permanent,7.004,Permanent,7.004,Medium
Belgian Grand Prix,OCO,2,HARD,18,21.716666666666665,43.3,1,0.2954545454545454,1,0,0,0,Permanent,7.004,Permanent,7.004,Permanent,7.004,Medium
Belgian Grand Prix,OCO,3,HARD,14,21.728571428571428,42.892857142857146,1,0.7045454545454546,0,0,0,0,Permanent,7.004,Permanent,7.004,Permanent,7.004,Medium
Belgian Grand Prix,PER,1,MEDIUM,11,21.27272727272728,42.77272727272727,1,0.0227272727272727,3,0,0,0,Permanent,7.004,Permanent,7.004,Permanent,7.004,Medium
Belgian Grand Prix,PER,2,MEDIUM,10,21.73,42.91,1,0.2727272727272727,1,0,0,0,Permanent,7.004,Permanent,7.004,Permanent,7.004,Medium
Belgian Grand Prix,PER,3,HARD,21,21.719047619047625,43.21428571428572,1,0.5,0,0,0,0,Permanent,7.004,Permanent,7.004,Permanent,7.004,Medium
Belgian Grand Prix,PER,4,SOFT,2,21.45,42.7,1,0.9772727272727272,0,0,0,0,Permanent,7.004,Permanent,7.004,Permanent,7.004,Medium
Belgian Grand Prix,PIA,1,MEDIUM,11,21.27272727272728,42.77272727272727,1,0.0227272727272727,2,0,0,0,Permanent,7.004,Permanent,7.004,Permanent,7.004,Medium
Belgian Grand Prix,PIA,2,HARD,19,21.68421052631579,43.242105263157896,1,0.2727272727272727,1,0,0,0,Permanent,7.004,Permanent,7.004,Permanent,7.004,Medium
Belgian Grand Prix,PIA,3,HARD,14,21.75714285714286,42.91428571428571,1,0.7045454545454546,0,0,0,0,Permanent,7.004,Permanent,7.004,Permanent,7.004,Medium
Belgian Grand Prix,RIC,1,SOFT,8,21.2125,42.5875,1,0.0227272727272727,3,0,0,0,Permanent,7.004,Permanent,7.004,Permanent,7.004,Medium
Belgian Grand Prix,RIC,2,MEDIUM,13,21.692307692307693,43.05384615384615,1,0.2045454545454545,1,0,0,0,Permanent,7.004,Permanent,7.004,Permanent,7.004,Medium
Belgian Grand Prix,RIC,3,SOFT,23,21.691304347826087,43.17391304347826,1,0.5,0,0,0,0,Permanent,7.004,Permanent,7.004,Permanent,7.004,Medium
Belgian Grand Prix,RUS,1,MEDIUM,10,21.24,42.72,1,0.0227272727272727,3,0,0,0,Permanent,7.004,Permanent,7.004,Permanent,7.004,Medium
Belgian Grand Prix,RUS,2,HARD,34,21.71176470588236,43.11176470588235,1,0.25,2,0,0,0,Permanent,7.004,Permanent,7.004,Permanent,7.004,Medium
Belgian Grand Prix,SAI,1,HARD,20,21.49,42.855,1,0.0227272727272727,2,0,0,0,Permanent,7.004,Permanent,7.004,Permanent,7.004,Medium
Belgian Grand Prix,SAI,2,MEDIUM,8,21.675,43.45,1,0.4772727272727273,0,0,0,0,Permanent,7.004,Permanent,7.004,Permanent,7.004,Medium
Belgian Grand Prix,SAI,3,HARD,16,21.6875,43.03125,1,0.6590909090909091,0,0,0,0,Permanent,7.004,Permanent,7.004,Permanent,7.004,Medium
Belgian Grand Prix,SAR,1,MEDIUM,8,21.2125,42.5875,1,0.0227272727272727,1,0,0,0,Permanent,7.004,Permanent,7.004,Permanent,7.004,Medium
Belgian Grand Prix,SAR,2,MEDIUM,16,21.70625,43.1375,1,0.2045454545454545,1,0,0,0,Permanent,7.004,Permanent,7.004,Permanent,7.004,Medium
Belgian Grand Prix,SAR,3,HARD,20,21.7,43.19,1,0.5681818181818182,0,0,0,0,Permanent,7.004,Permanent,7.004,Permanent,7.004,Medium
Belgian Grand Prix,STR,1,MEDIUM,12,21.3,42.75833333333333,1,0.0227272727272727,3,0,0,0,Permanent,7.004,Permanent,7.004,Permanent,7.004,Medium
Belgian Grand Prix,STR,2,MEDIUM,32,21.721875,43.11875,1,0.2954545454545454,1,0,0,0,Permanent,7.004,Permanent,7.004,Permanent,7.004,Medium
Belgian Grand Prix,TSU,1,MEDIUM,15,21.37333333333333,42.806666666666665,1,0.0227272727272727,4,0,0,1,Permanent,7.004,Permanent,7.004,Permanent,7.004,Medium
Belgian Grand Prix,TSU,2,SOFT,29,21.731034482758623,43.13793103448276,1,0.3636363636363636,1,0,0,0,Permanent,7.004,Permanent,7.004,Permanent,7.004,Medium
Belgian Grand Prix,VER,1,MEDIUM,10,21.24,42.72,1,0.0227272727272727,2,0,0,0,Permanent,7.004,Permanent,7.004,Permanent,7.004,Medium
Belgian Grand Prix,VER,2,HARD,18,21.72222222222222,43.19444444444444,1,0.25,1,0,0,0,Permanent,7.004,Permanent,7.004,Permanent,7.004,Medium
Belgian Grand Prix,VER,3,MEDIUM,16,21.7,43.05625,1,0.6590909090909091,0,0,0,0,Permanent,7.004,Permanent,7.004,Permanent,7.004,Medium
Belgian Grand Prix,ZHO,1,HARD,5,21.1,42.525,1,0.0227272727272727,1,0,0,0,Permanent,7.004,Permanent,7.004,Permanent,7.004,Medium
British Grand Prix,ALB,1,MEDIUM,27,16.11081081081081,25.043243243243243,1,0.0192307692307692,0,0,0,0,Permanent,5.891,Permanent,5.891,Permanent,5.891,VeryHigh
British Grand Prix,ALB,2,INTERMEDIATE,11,15.655,23.515,1,0.5384615384615384,2,0,0,2,Permanent,5.891,Permanent,5.891,Permanent,5.891,VeryHigh
British Grand Prix,ALB,3,MEDIUM,14,13.90857142857143,21.357142857142858,1,0.75,1,0,0,0,Permanent,5.891,Permanent,5.891,Permanent,5.891,VeryHigh
British Grand Prix,ALO,1,MEDIUM,27,15.9775,24.6725,1,0.0192307692307692,3,0,0,2,Permanent,5.891,Permanent,5.891,Permanent,5.891,VeryHigh
British Grand Prix,ALO,2,INTERMEDIATE,11,14.116666666666667,21.125,1,0.5384615384615384,2,0,0,1,Permanent,5.891,Permanent,5.891,Permanent,5.891,VeryHigh
British Grand Prix,ALO,3,MEDIUM,14,16.38611111111111,25.711111111111112,1,0.75,0,0,0,0,Permanent,5.891,Permanent,5.891,Permanent,5.891,VeryHigh
British Grand Prix,BOT,1,MEDIUM,26,16.105128205128207,24.905128205128204,1,0.0192307692307692,3,0,0,2,Permanent,5.891,Permanent,5.891,Permanent,5.891,VeryHigh
British Grand Prix,BOT,2,INTERMEDIATE,11,13.837037037037035,20.54074074074074,1,0.5192307692307693,2,0,0,1,Permanent,5.891,Permanent,5.891,Permanent,5.891,VeryHigh
British Grand Prix,BOT,3,SOFT,14,15.351724137931036,23.817241379310342,1,0.7307692307692307,0,0,0,0,Permanent,5.891,Permanent,5.891,Permanent,5.891,VeryHigh
British Grand Prix,HAM,1,MEDIUM,27,16.005405405405405,24.65135135135135,1,0.0192307692307692,3,0,0,2,Permanent,5.891,Permanent,5.891,Permanent,5.891,VeryHigh
British Grand Prix,HAM,2,INTERMEDIATE,11,13.61923076923077,20.01923076923077,1,0.5384615384615384,2,0,0,1,Permanent,5.891,Permanent,5.891,Permanent,5.891,VeryHigh
British Grand Prix,HAM,3,SOFT,15,14.796428571428573,22.99642857142857,0,0.75,0,0,0,0,Permanent,5.891,Permanent,5.891,Permanent,5.891,VeryHigh
British Grand Prix,HUL,1,MEDIUM,26,16.20810810810811,24.945945945945947,1,0.0192307692307692,2,0,0,1,Permanent,5.891,Permanent,5.891,Permanent,5.891,VeryHigh
British Grand Prix,HUL,2,INTERMEDIATE,13,15.32,23.3,1,0.5192307692307693,2,0,0,1,Permanent,5.891,Permanent,5.891,Permanent,5.891,VeryHigh
British Grand Prix,HUL,3,SOFT,16,15.131428571428572,23.52285714285714,0,0.7692307692307693,1,0,0,0,Permanent,5.891,Permanent,5.891,Permanent,5.891,VeryHigh
British Grand Prix,LEC,1,MEDIUM,19,16.306451612903224,25.41935483870968,1,0.0192307692307692,4,0,0,2,Permanent,5.891,Permanent,5.891,Permanent,5.891,VeryHigh
British Grand Prix,LEC,2,INTERMEDIATE,8,14.386363636363637,21.41818181818181,1,0.3846153846153846,3,0,0,1,Permanent,5.891,Permanent,5.891,Permanent,5.891,VeryHigh
British Grand Prix,LEC,3,INTERMEDIATE,10,15.741935483870968,23.85806451612904,1,0.5384615384615384,0,0,0,0,Permanent,5.891,Permanent,5.891,Permanent,5.891,VeryHigh
British Grand Prix,LEC,4,SOFT,14,14.72972972972973,23.083783783783783,1,0.7307692307692307,1,0,0,0,Permanent,5.891,Permanent,5.891,Permanent,5.891,VeryHigh
British Grand Prix,MAG,1,MEDIUM,27,16.18918918918919,25.03783783783784,1,0.0192307692307692,2,0,0,2,Permanent,5.891,Permanent,5.891,Permanent,5.891,VeryHigh
British Grand Prix,MAG,2,INTERMEDIATE,10,14.1,21.016666666666666,1,0.5384615384615384,1,0,0,0,Permanent,5.891,Permanent,5.891,Permanent,5.891,VeryHigh
British Grand Prix,MAG,3,SOFT,15,14.81,23.22,1,0.7307692307692307,0,0,0,0,Permanent,5.891,Permanent,5.891,Permanent,5.891,VeryHigh
British Grand Prix,NOR,1,MEDIUM,27,16.405263157894737,25.586842105263155,1,0.0192307692307692,2,0,0,2,Permanent,5.891,Permanent,5.891,Permanent,5.891,VeryHigh
British Grand Prix,NOR,2,INTERMEDIATE,12,14.976470588235294,22.576470588235296,1,0.5384615384615384,2,0,0,0,Permanent,5.891,Permanent,5.891,Permanent,5.891,VeryHigh
British Grand Prix,NOR,3,SOFT,15,15.915625,24.91875,0,0.7692307692307693,0,0,0,0,Permanent,5.891,Permanent,5.891,Permanent,5.891,VeryHigh
British Grand Prix,OCO,1,SOFT,19,16.15625,25.30625,1,0.0192307692307692,3,0,0,2,Permanent,5.891,Permanent,5.891,Permanent,5.891,VeryHigh
British Grand Prix,OCO,2,INTERMEDIATE,2,14.483333333333333,22.022222222222226,1,0.3846153846153846,2,0,0,1,Permanent,5.891,Permanent,5.891,Permanent,5.891,VeryHigh
British Grand Prix,OCO,3,MEDIUM,5,14.352,21.312,1,0.4230769230769231,0,0,0,0,Permanent,5.891,Permanent,5.891,Permanent,5.891,VeryHigh
British Grand Prix,OCO,4,INTERMEDIATE,12,14.746666666666666,22.046666666666667,1,0.5192307692307693,0,0,0,0,Permanent,5.891,Permanent,5.891,Permanent,5.891,VeryHigh
British Grand Prix,OCO,5,MEDIUM,12,16.01764705882353,25.65882352941176,1,0.75,1,0,0,0,Permanent,5.891,Permanent,5.891,Permanent,5.891,VeryHigh
British Grand Prix,PER,1,HARD,19,16.34,25.84,1,0.0192307692307692,1,0,0,1,Permanent,5.891,Permanent,5.891,Permanent,5.891,VeryHigh
British Grand Prix,PER,2,INTERMEDIATE,9,14.27142857142857,21.2,1,0.3846153846153846,2,0,0,1,Permanent,5.891,Permanent,5.891,Permanent,5.891,VeryHigh
British Grand Prix,PER,3,INTERMEDIATE,9,14.478571428571428,21.985714285714288,1,0.5576923076923077,0,0,0,0,Permanent,5.891,Permanent,5.891,Permanent,5.891,VeryHigh
British Grand Prix,PER,4,MEDIUM,10,15.864285714285714,25.642857142857142,1,0.7307692307692307,0,0,0,0,Permanent,5.891,Permanent,5.891,Permanent,5.891,VeryHigh
British Grand Prix,PER,5,SOFT,3,17.655555555555555,27.8,1,0.9230769230769232,0,0,0,0,Permanent,5.891,Permanent,5.891,Permanent,5.891,VeryHigh
British Grand Prix,PIA,1,MEDIUM,28,15.921052631578949,24.39210526315789,1,0.0192307692307692,4,0,0,3,Permanent,5.891,Permanent,5.891,Permanent,5.891,VeryHigh
British Grand Prix,PIA,2,INTERMEDIATE,10,14.171428571428573,21.025,1,0.5576923076923077,1,0,0,0,Permanent,5.891,Permanent,5.891,Permanent,5.891,VeryHigh
British Grand Prix,PIA,3,MEDIUM,14,14.604,22.888,1,0.75,0,0,0,0,Permanent,5.891,Permanent,5.891,Permanent,5.891,VeryHigh
British Grand Prix,RIC,1,MEDIUM,26,15.9875,24.6975,1,0.0192307692307692,5,0,0,2,Permanent,5.891,Permanent,5.891,Permanent,5.891,VeryHigh
British Grand Prix,RIC,2,INTERMEDIATE,11,14.093103448275862,20.79655172413793,1,0.5192307692307693,2,0,0,1,Permanent,5.891,Permanent,5.891,Permanent,5.891,VeryHigh
British Grand Prix,RIC,3,SOFT,14,15.2,23.929411764705883,1,0.7307692307692307,1,0,0,0,Permanent,5.891,Permanent,5.891,Permanent,5.891,VeryHigh
British Grand Prix,RUS,1,MEDIUM,27,16.011764705882353,24.84117647058824,1,0.0192307692307692,1,0,0,1,Permanent,5.891,Permanent,5.891,Permanent,5.891,VeryHigh
British Grand Prix,RUS,2,INTERMEDIATE,6,12.9875,18.7875,1,0.5384615384615384,3,0,0,1,Permanent,5.891,Permanent,5.891,Permanent,5.891,VeryHigh
British Grand Prix,SAI,1,MEDIUM,26,15.955555555555556,24.55,1,0.0192307692307692,4,0,0,2,Permanent,5.891,Permanent,5.891,Permanent,5.891,VeryHigh
British Grand Prix,SAI,2,INTERMEDIATE,13,14.215151515151517,21.1030303030303,1,0.5192307692307693,2,0,0,1,Permanent,5.891,Permanent,5.891,Permanent,5.891,VeryHigh
British Grand Prix,SAI,3,HARD,11,14.396153846153847,22.32307692307692,1,0.7692307692307693,0,0,0,0,Permanent,5.891,Permanent,5.891,Permanent,5.891,VeryHigh
British Grand Prix,SAI,4,SOFT,5,16.19375,25.85,0,0.9807692307692308,1,0,0,0,Permanent,5.891,Permanent,5.891,Permanent,5.891,VeryHigh
British Grand Prix,SAR,1,MEDIUM,27,15.91025641025641,24.746153846153845,1,0.0192307692307692,2,0,0,1,Permanent,5.891,Permanent,5.891,Permanent,5.891,VeryHigh
British Grand Prix,SAR,2,INTERMEDIATE,11,13.555172413793104,20.348275862068967,1,0.5384615384615384,2,0,0,1,Permanent,5.891,Permanent,5.891,Permanent,5.891,VeryHigh
British Grand Prix,SAR,3,SOFT,14,16.303571428571427,25.74285714285714,1,0.75,0,0,0,0,Permanent,5.891,Permanent,5.891,Permanent,5.891,VeryHigh
British Grand Prix,STR,1,MEDIUM,26,15.95142857142857,24.82,1,0.0192307692307692,1,0,0,1,Permanent,5.891,Permanent,5.891,Permanent,5.891,VeryHigh
British Grand Prix,STR,2,INTERMEDIATE,13,13.786666666666669,20.55666666666667,1,0.5192307692307693,2,0,0,1,Permanent,5.891,Permanent,5.891,Permanent,5.891,VeryHigh
British Grand Prix,STR,3,MEDIUM,13,15.284210526315787,23.69210526315789,1,0.7692307692307693,0,0,0,0,Permanent,5.891,Permanent,5.891,Permanent,5.891,VeryHigh
British Grand Prix,TSU,1,MEDIUM,27,15.973170731707317,24.651219512195123,1,0.0192307692307692,3,0,0,2,Permanent,5.891,Permanent,5.891,Permanent,5.891,VeryHigh
British Grand Prix,TSU,2,INTERMEDIATE,11,14.97222222222222,22.9,1,0.5384615384615384,2,0,0,1,Permanent,5.891,Permanent,5.891,Permanent,5.891,VeryHigh
British Grand Prix,TSU,3,SOFT,14,15.273333333333332,23.66333333333333,1,0.75,0,0,0,0,Permanent,5.891,Permanent,5.891,Permanent,5.891,VeryHigh
British Grand Prix,VER,1,MEDIUM,26,15.82857142857143,24.388571428571428,1,0.0192307692307692,5,0,0,2,Permanent,5.891,Permanent,5.891,Permanent,5.891,VeryHigh
British Grand Prix,VER,2,INTERMEDIATE,12,14.092307692307692,20.746153846153845,1,0.5192307692307693,1,0,0,0,Permanent,5.891,Permanent,5.891,Permanent,5.891,VeryHigh
British Grand Prix,VER,3,HARD,14,15.015384615384615,23.5,1,0.75,0,0,0,0,Permanent,5.891,Permanent,5.891,Permanent,5.891,VeryHigh
British Grand Prix,ZHO,1,SOFT,12,15.895454545454545,25.495454545454542,1,0.0192307692307692,4,0,0,2,Permanent,5.891,Permanent,5.891,Permanent,5.891,VeryHigh
British Grand Prix,ZHO,2,MEDIUM,7,14.676923076923078,21.90384615384616,1,0.25,1,0,0,1,Permanent,5.891,Permanent,5.891,Permanent,5.891,VeryHigh
British Grand Prix,ZHO,3,INTERMEDIATE,7,15.275,22.857142857142858,1,0.3846153846153846,1,0,0,0,Permanent,5.891,Permanent,5.891,Permanent,5.891,VeryHigh
British Grand Prix,ZHO,4,INTERMEDIATE,11,14.828571428571427,22.38571428571429,1,0.5192307692307693,0,0,0,0,Permanent,5.891,Permanent,5.891,Permanent,5.891,VeryHigh
British Grand Prix,ZHO,5,SOFT,14,15.164705882352942,24.01764705882353,0,0.7307692307692307,0,0,0,0,Permanent,5.891,Permanent,5.891,Permanent,5.891,VeryHigh
Canadian Grand Prix,ALB,1,INTERMEDIATE,25,18.22558139534884,26.09767441860465,1,0.0142857142857142,9,1,0,2,SemiPermanent,4.361,SemiPermanent,4.361,SemiPermanent,4.361,Medium
Canadian Grand Prix,ALB,2,INTERMEDIATE,19,18.6825,27.045,1,0.3714285714285714,5,4,0,0,SemiPermanent,4.361,SemiPermanent,4.361,SemiPermanent,4.361,Medium
Canadian Grand Prix,ALB,3,MEDIUM,8,19.53529411764705,30.18235294117647,1,0.6428571428571429,4,1,0,0,SemiPermanent,4.361,SemiPermanent,4.361,SemiPermanent,4.361,Medium
Canadian Grand Prix,ALO,1,INTERMEDIATE,25,17.7,25.516666666666666,1,0.0142857142857142,4,1,0,0,SemiPermanent,4.361,SemiPermanent,4.361,SemiPermanent,4.361,Medium
Canadian Grand Prix,ALO,2,INTERMEDIATE,19,18.43243243243243,24.9,1,0.3714285714285714,5,4,0,1,SemiPermanent,4.361,SemiPermanent,4.361,SemiPermanent,4.361,Medium
Canadian Grand Prix,ALO,3,HARD,26,19.130000000000003,28.39,1,0.6428571428571429,5,6,0,0,SemiPermanent,4.361,SemiPermanent,4.361,SemiPermanent,4.361,Medium
Canadian Grand Prix,BOT,1,INTERMEDIATE,42,17.78627450980392,24.99019607843137,1,0.0142857142857142,7,6,0,1,SemiPermanent,4.361,SemiPermanent,4.361,SemiPermanent,4.361,Medium
Canadian Grand Prix,BOT,2,MEDIUM,28,19.14468085106383,28.47872340425532,1,0.6142857142857143,7,6,0,1,SemiPermanent,4.361,SemiPermanent,4.361,SemiPermanent,4.361,Medium
Canadian Grand Prix,GAS,1,INTERMEDIATE,25,18.160975609756097,26.29268292682927,1,0.0142857142857142,9,1,0,1,SemiPermanent,4.361,SemiPermanent,4.361,SemiPermanent,4.361,Medium
Canadian Grand Prix,GAS,2,INTERMEDIATE,15,18.741935483870968,27.151612903225807,1,0.3714285714285714,3,4,0,0,SemiPermanent,4.361,SemiPermanent,4.361,SemiPermanent,4.361,Medium
Canadian Grand Prix,GAS,3,HARD,30,19.03207547169812,28.13962264150944,1,0.5857142857142857,9,6,0,0,SemiPermanent,4.361,SemiPermanent,4.361,SemiPermanent,4.361,Medium
Canadian Grand Prix,HAM,1,INTERMEDIATE,25,18.06052631578948,26.542105263157897,1,0.0142857142857142,6,1,0,2,SemiPermanent,4.361,SemiPermanent,4.361,SemiPermanent,4.361,Medium
Canadian Grand Prix,HAM,2,INTERMEDIATE,18,18.87209302325581,26.846511627906978,1,0.3714285714285714,5,4,0,0,SemiPermanent,4.361,SemiPermanent,4.361,SemiPermanent,4.361,Medium
Canadian Grand Prix,HAM,3,MEDIUM,11,19.523333333333333,30.076666666666664,1,0.6285714285714286,7,1,0,0,SemiPermanent,4.361,SemiPermanent,4.361,SemiPermanent,4.361,Medium
Canadian Grand Prix,HAM,4,HARD,16,19.583870967741937,30.003225806451614,1,0.7857142857142857,5,4,0,0,SemiPermanent,4.361,SemiPermanent,4.361,SemiPermanent,4.361,Medium
Canadian Grand Prix,HUL,1,WET,12,17.657894736842106,25.257894736842104,1,0.0142857142857142,5,0,0,1,SemiPermanent,4.361,SemiPermanent,4.361,SemiPermanent,4.361,Medium
Canadian Grand Prix,HUL,2,INTERMEDIATE,13,19.110344827586207,28.91379310344828,1,0.1857142857142857,2,2,0,1,SemiPermanent,4.361,SemiPermanent,4.361,SemiPermanent,4.361,Medium
Canadian Grand Prix,HUL,3,INTERMEDIATE,19,18.451282051282053,26.57692307692308,1,0.3714285714285714,7,4,0,0,SemiPermanent,4.361,SemiPermanent,4.361,SemiPermanent,4.361,Medium
Canadian Grand Prix,HUL,4,MEDIUM,26,19.376470588235293,29.46470588235294,1,0.6428571428571429,5,6,0,0,SemiPermanent,4.361,SemiPermanent,4.361,SemiPermanent,4.361,Medium
Canadian Grand Prix,LEC,1,INTERMEDIATE,25,18.15277777777778,26.74722222222222,1,0.0142857142857142,7,1,0,2,SemiPermanent,4.361,SemiPermanent,4.361,SemiPermanent,4.361,Medium
Canadian Grand Prix,LEC,2,INTERMEDIATE,3,19.452,28.324,1,0.3714285714285714,2,3,0,0,SemiPermanent,4.361,SemiPermanent,4.361,SemiPermanent,4.361,Medium
Canadian Grand Prix,LEC,3,HARD,3,19.230434782608697,28.782608695652176,1,0.4142857142857143,4,1,0,0,SemiPermanent,4.361,SemiPermanent,4.361,SemiPermanent,4.361,Medium
Canadian Grand Prix,LEC,4,INTERMEDIATE,9,18.4625,25.94375,1,0.4571428571428571,2,0,0,0,SemiPermanent,4.361,SemiPermanent,4.361,SemiPermanent,4.361,Medium
Canadian Grand Prix,MAG,1,WET,7,18.443478260869565,25.426086956521736,1,0.0142857142857142,6,0,0,1,SemiPermanent,4.361,SemiPermanent,4.361,SemiPermanent,4.361,Medium
Canadian Grand Prix,MAG,2,INTERMEDIATE,18,18.67586206896552,28.617241379310343,1,0.1142857142857142,4,1,0,1,SemiPermanent,4.361,SemiPermanent,4.361,SemiPermanent,4.361,Medium
Canadian Grand Prix,MAG,3,INTERMEDIATE,16,19.17142857142857,29.06571428571429,1,0.3714285714285714,4,4,0,0,SemiPermanent,4.361,SemiPermanent,4.361,SemiPermanent,4.361,Medium
Canadian Grand Prix,MAG,4,MEDIUM,13,19.55,30.45,1,0.6,5,2,0,0,SemiPermanent,4.361,SemiPermanent,4.361,SemiPermanent,4.361,Medium
Canadian Grand Prix,MAG,5,MEDIUM,16,18.75,27.0375,1,0.7857142857142857,1,4,0,0,SemiPermanent,4.361,SemiPermanent,4.361,SemiPermanent,4.361,Medium
Canadian Grand Prix,NOR,1,INTERMEDIATE,25,17.879411764705882,25.90882352941176,1,0.0142857142857142,6,2,0,1,SemiPermanent,4.361,SemiPermanent,4.361,SemiPermanent,4.361,Medium
Canadian Grand Prix,NOR,2,INTERMEDIATE,21,18.07407407407408,24.29259259259259,1,0.3857142857142857,3,3,0,0,SemiPermanent,4.361,SemiPermanent,4.361,SemiPermanent,4.361,Medium
Canadian Grand Prix,NOR,3,MEDIUM,23,18.79767441860465,27.011627906976745,1,0.6857142857142857,10,5,0,1,SemiPermanent,4.361,SemiPermanent,4.361,SemiPermanent,4.361,Medium
Canadian Grand Prix,OCO,1,INTERMEDIATE,44,17.762745098039215,24.87843137254902,1,0.0142857142857142,8,5,0,1,SemiPermanent,4.361,SemiPermanent,4.361,SemiPermanent,4.361,Medium
Canadian Grand Prix,OCO,2,MEDIUM,26,19.325,28.45576923076923,1,0.6428571428571429,5,6,0,0,SemiPermanent,4.361,SemiPermanent,4.361,SemiPermanent,4.361,Medium
Canadian Grand Prix,PER,1,INTERMEDIATE,25,18.15128205128205,26.889743589743592,1,0.0142857142857142,7,1,0,1,SemiPermanent,4.361,SemiPermanent,4.361,SemiPermanent,4.361,Medium
Canadian Grand Prix,PER,2,INTERMEDIATE,18,19.09230769230769,29.04102564102564,1,0.3714285714285714,5,4,0,0,SemiPermanent,4.361,SemiPermanent,4.361,SemiPermanent,4.361,Medium
Canadian Grand Prix,PER,3,MEDIUM,8,19.742857142857144,30.571428571428573,1,0.6285714285714286,4,0,0,0,SemiPermanent,4.361,SemiPermanent,4.361,SemiPermanent,4.361,Medium
Canadian Grand Prix,PIA,1,INTERMEDIATE,25,17.86470588235294,25.74705882352941,1,0.0142857142857142,8,1,0,1,SemiPermanent,4.361,SemiPermanent,4.361,SemiPermanent,4.361,Medium
Canadian Grand Prix,PIA,2,INTERMEDIATE,19,18.25357142857143,24.61785714285714,1,0.3714285714285714,4,4,0,0,SemiPermanent,4.361,SemiPermanent,4.361,SemiPermanent,4.361,Medium
Canadian Grand Prix,PIA,3,MEDIUM,26,18.809302325581395,26.97209302325581,1,0.6428571428571429,9,5,0,1,SemiPermanent,4.361,SemiPermanent,4.361,SemiPermanent,4.361,Medium
Canadian Grand Prix,RIC,1,INTERMEDIATE,26,18.0,26.18684210526316,1,0.0142857142857142,7,2,0,0,SemiPermanent,4.361,SemiPermanent,4.361,SemiPermanent,4.361,Medium
Canadian Grand Prix,RIC,2,INTERMEDIATE,17,18.36774193548387,25.316129032258065,1,0.3857142857142857,4,3,0,0,SemiPermanent,4.361,SemiPermanent,4.361,SemiPermanent,4.361,Medium
Canadian Grand Prix,RIC,3,MEDIUM,28,18.741463414634147,26.478048780487804,0,0.6285714285714286,7,6,0,1,SemiPermanent,4.361,SemiPermanent,4.361,SemiPermanent,4.361,Medium
Canadian Grand Prix,RUS,1,INTERMEDIATE,25,18.002857142857142,26.417142857142856,1,0.0142857142857142,7,1,0,2,SemiPermanent,4.361,SemiPermanent,4.361,SemiPermanent,4.361,Medium
Canadian Grand Prix,RUS,2,INTERMEDIATE,20,18.673529411764704,26.97058823529412,1,0.3714285714285714,4,4,0,0,SemiPermanent,4.361,SemiPermanent,4.361,SemiPermanent,4.361,Medium
Canadian Grand Prix,RUS,3,HARD,9,19.628125,29.796875,1,0.6571428571428571,5,1,0,0,SemiPermanent,4.361,SemiPermanent,4.361,SemiPermanent,4.361,Medium
Canadian Grand Prix,RUS,4,MEDIUM,16,19.67142857142857,30.42571428571429,1,0.7857142857142857,6,4,0,0,SemiPermanent,4.361,SemiPermanent,4.361,SemiPermanent,4.361,Medium
Canadian Grand Prix,SAI,1,INTERMEDIATE,25,18.15,26.76111111111111,1,0.0142857142857142,7,1,0,2,SemiPermanent,4.361,SemiPermanent,4.361,SemiPermanent,4.361,Medium
Canadian Grand Prix,SAI,2,INTERMEDIATE,18,18.797727272727272,26.63636363636364,1,0.3714285714285714,4,4,0,0,SemiPermanent,4.361,SemiPermanent,4.361,SemiPermanent,4.361,Medium
Canadian Grand Prix,SAI,3,MEDIUM,9,19.27777777777778,29.022222222222226,1,0.6285714285714286,8,1,0,0,SemiPermanent,4.361,SemiPermanent,4.361,SemiPermanent,4.361,Medium
Canadian Grand Prix,SAR,1,INTERMEDIATE,23,18.3,26.41860465116279,1,0.0142857142857142,9,1,0,2,SemiPermanent,4.361,SemiPermanent,4.361,SemiPermanent,4.361,Medium
Canadian Grand Prix,STR,1,INTERMEDIATE,25,17.799999999999997,25.88064516129032,1,0.0142857142857142,5,1,0,0,SemiPermanent,4.361,SemiPermanent,4.361,SemiPermanent,4.361,Medium
Canadian Grand Prix,STR,2,INTERMEDIATE,19,18.502702702702702,25.28918918918919,1,0.3714285714285714,5,4,0,0,SemiPermanent,4.361,SemiPermanent,4.361,SemiPermanent,4.361,Medium
Canadian Grand Prix,STR,3,HARD,27,18.77647058823529,26.70294117647059,0,0.6428571428571429,6,6,0,1,SemiPermanent,4.361,SemiPermanent,4.361,SemiPermanent,4.361,Medium
Canadian Grand Prix,TSU,1,INTERMEDIATE,44,17.810909090909092,24.925454545454546,1,0.0142857142857142,10,5,0,0,SemiPermanent,4.361,SemiPermanent,4.361,SemiPermanent,4.361,Medium
Canadian Grand Prix,TSU,2,MEDIUM,26,18.96923076923077,27.45384615384616,1,0.6428571428571429,7,6,0,1,SemiPermanent,4.361,SemiPermanent,4.361,SemiPermanent,4.361,Medium
Canadian Grand Prix,VER,1,INTERMEDIATE,25,18.022222222222226,26.475,1,0.0142857142857142,8,1,0,2,SemiPermanent,4.361,SemiPermanent,4.361,SemiPermanent,4.361,Medium
Canadian Grand Prix,VER,2,INTERMEDIATE,20,18.446666666666665,25.78333333333333,1,0.3714285714285714,3,4,0,0,SemiPermanent,4.361,SemiPermanent,4.361,SemiPermanent,4.361,Medium
Canadian Grand Prix,VER,3,MEDIUM,25,19.452272727272728,30.122727272727275,1,0.6571428571428571,8,5,0,0,SemiPermanent,4.361,SemiPermanent,4.361,SemiPermanent,4.361,Medium
Canadian Grand Prix,ZHO,1,INTERMEDIATE,24,17.930303030303033,26.48181818181818,1,0.0142857142857142,7,1,0,0,SemiPermanent,4.361,SemiPermanent,4.361,SemiPermanent,4.361,Medium
Canadian Grand Prix,ZHO,2,INTERMEDIATE,19,18.20689655172414,24.36206896551724,1,0.3571428571428571,5,5,0,1,SemiPermanent,4.361,SemiPermanent,4.361,SemiPermanent,4.361,Medium
Canadian Grand Prix,ZHO,3,MEDIUM,8,18.5375,25.51875,1,0.6428571428571429,4,1,0,0,SemiPermanent,4.361,SemiPermanent,4.361,SemiPermanent,4.361,Medium
Canadian Grand Prix,ZHO,4,MEDIUM,17,18.75294117647059,26.947058823529414,1,0.7571428571428571,1,5,0,0,SemiPermanent,4.361,SemiPermanent,4.361,SemiPermanent,4.361,Medium
Chinese Grand Prix,ALB,1,MEDIUM,9,19.825,32.458333333333336,1,0.0178571428571428,0,0,0,1,,,Permanent,5.451,Permanent,5.451,Medium
Chinese Grand Prix,ALB,2,MEDIUM,14,20.421739130434784,33.31304347826087,1,0.1785714285714285,2,1,3,0,,,Permanent,5.451,Permanent,5.451,Medium
Chinese Grand Prix,ALB,3,HARD,33,18.74,28.96333333333333,1,0.4464285714285714,2,8,0,0,,,Permanent,5.451,Permanent,5.451,Medium
Chinese Grand Prix,ALO,1,MEDIUM,11,20.06875,32.7375,1,0.0178571428571428,0,0,0,1,,,Permanent,5.451,Permanent,5.451,Medium
Chinese Grand Prix,ALO,2,HARD,12,20.357894736842105,33.27368421052632,1,0.2142857142857142,4,1,3,1,,,Permanent,5.451,Permanent,5.451,Medium
Chinese Grand Prix,ALO,3,SOFT,20,20.172727272727272,32.08181818181818,1,0.4464285714285714,1,8,0,0,,,Permanent,5.451,Permanent,5.451,Medium
Chinese Grand Prix,ALO,4,MEDIUM,13,18.726666666666667,28.3,1,0.7857142857142857,0,0,0,0,,,Permanent,5.451,Permanent,5.451,Medium
Chinese Grand Prix,BOT,1,MEDIUM,9,20.22142857142857,33.121428571428574,1,0.0178571428571428,0,0,0,1,,,Permanent,5.451,Permanent,5.451,Medium
Chinese Grand Prix,BOT,2,HARD,10,20.935,34.37,1,0.1785714285714285,2,0,0,0,,,Permanent,5.451,Permanent,5.451,Medium
Chinese Grand Prix,GAS,1,MEDIUM,11,20.0375,32.75,1,0.0178571428571428,0,0,0,1,,,Permanent,5.451,Permanent,5.451,Medium
Chinese Grand Prix,GAS,2,HARD,12,20.58095238095238,33.60952380952381,1,0.2142857142857142,2,1,3,0,,,Permanent,5.451,Permanent,5.451,Medium
Chinese Grand Prix,GAS,3,HARD,15,20.3,32.483333333333334,1,0.4464285714285714,2,8,0,0,,,Permanent,5.451,Permanent,5.451,Medium
Chinese Grand Prix,GAS,4,MEDIUM,18,18.473684210526315,28.18947368421053,1,0.6964285714285714,1,0,0,1,,,Permanent,5.451,Permanent,5.451,Medium
Chinese Grand Prix,HAM,1,SOFT,9,20.023076923076925,32.56153846153846,1,0.0178571428571428,0,0,0,0,,,Permanent,5.451,Permanent,5.451,Medium
Chinese Grand Prix,HAM,2,MEDIUM,12,19.22142857142857,30.7,1,0.1785714285714285,3,0,1,1,,,Permanent,5.451,Permanent,5.451,Medium
Chinese Grand Prix,HAM,3,HARD,35,18.33793103448276,28.26206896551724,1,0.4107142857142857,1,9,2,0,,,Permanent,5.451,Permanent,5.451,Medium
Chinese Grand Prix,HUL,1,MEDIUM,8,20.633333333333333,34.013333333333335,1,0.0178571428571428,0,0,0,1,,,Permanent,5.451,Permanent,5.451,Medium
Chinese Grand Prix,HUL,2,HARD,15,20.496,33.431999999999995,1,0.1607142857142857,2,1,3,0,,,Permanent,5.451,Permanent,5.451,Medium
Chinese Grand Prix,HUL,3,HARD,33,19.17878787878788,29.8969696969697,1,0.4464285714285714,2,8,0,0,,,Permanent,5.451,Permanent,5.451,Medium
Chinese Grand Prix,LEC,1,MEDIUM,21,19.48846153846154,31.392307692307693,1,0.0178571428571428,2,0,1,1,,,Permanent,5.451,Permanent,5.451,Medium
Chinese Grand Prix,LEC,2,HARD,35,19.268571428571427,30.182857142857145,1,0.4107142857142857,2,9,2,0,,,Permanent,5.451,Permanent,5.451,Medium
Chinese Grand Prix,MAG,1,HARD,17,19.695454545454545,32.10454545454545,1,0.0178571428571428,0,0,0,1,,,Permanent,5.451,Permanent,5.451,Medium
Chinese Grand Prix,MAG,2,HARD,8,21.105555555555554,34.57222222222222,1,0.3214285714285714,4,5,3,0,,,Permanent,5.451,Permanent,5.451,Medium
Chinese Grand Prix,MAG,3,MEDIUM,29,18.98125,29.590625,1,0.5,0,4,0,0,,,Permanent,5.451,Permanent,5.451,Medium
Chinese Grand Prix,NOR,1,MEDIUM,22,19.51481481481481,31.61851851851852,1,0.0178571428571428,1,0,2,1,,,Permanent,5.451,Permanent,5.451,Medium
Chinese Grand Prix,NOR,2,HARD,34,19.655555555555555,31.069444444444443,1,0.4821428571428571,1,9,1,0,,,Permanent,5.451,Permanent,5.451,Medium
Chinese Grand Prix,OCO,1,MEDIUM,9,19.984615384615385,32.69230769230769,1,0.0178571428571428,0,0,0,1,,,Permanent,5.451,Permanent,5.451,Medium
Chinese Grand Prix,OCO,2,HARD,14,20.43478260869565,33.452173913043474,1,0.1785714285714285,2,1,3,0,,,Permanent,5.451,Permanent,5.451,Medium
Chinese Grand Prix,OCO,3,HARD,33,19.17878787878788,29.906060606060606,1,0.4464285714285714,2,8,0,0,,,Permanent,5.451,Permanent,5.451,Medium
Chinese Grand Prix,PER,1,MEDIUM,13,19.80588235294117,32.3235294117647,1,0.0178571428571428,0,0,0,1,,,Permanent,5.451,Permanent,5.451,Medium
Chinese Grand Prix,PER,2,HARD,10,21.0,34.195454545454545,1,0.25,3,1,3,0,,,Permanent,5.451,Permanent,5.451,Medium
Chinese Grand Prix,PER,3,HARD,33,18.65,28.82857142857143,1,0.4821428571428571,2,8,0,1,,,Permanent,5.451,Permanent,5.451,Medium
Chinese Grand Prix,PIA,1,MEDIUM,16,19.07058823529412,30.84705882352941,1,0.0178571428571428,0,0,0,0,,,Permanent,5.451,Permanent,5.451,Medium
Chinese Grand Prix,PIA,2,MEDIUM,9,19.90833333333333,32.0,0,0.3035714285714285,2,2,3,1,,,Permanent,5.451,Permanent,5.451,Medium
Chinese Grand Prix,PIA,3,HARD,32,19.789189189189187,31.486486486486488,1,0.4821428571428571,3,7,0,1,,,Permanent,5.451,Permanent,5.451,Medium
Chinese Grand Prix,RIC,1,MEDIUM,14,19.87368421052632,32.3421052631579,1,0.0178571428571428,0,0,0,1,,,Permanent,5.451,Permanent,5.451,Medium
Chinese Grand Prix,RIC,2,MEDIUM,19,20.47083333333333,33.3375,1,0.2678571428571428,4,9,3,0,,,Permanent,5.451,Permanent,5.451,Medium
Chinese Grand Prix,RUS,1,MEDIUM,11,20.08823529411765,32.358823529411765,1,0.0178571428571428,0,0,0,0,,,Permanent,5.451,Permanent,5.451,Medium
Chinese Grand Prix,RUS,2,MEDIUM,12,21.048,34.764,1,0.2142857142857142,4,1,3,0,,,Permanent,5.451,Permanent,5.451,Medium
Chinese Grand Prix,RUS,3,HARD,33,18.679310344827588,28.920689655172417,1,0.4464285714285714,2,8,0,1,,,Permanent,5.451,Permanent,5.451,Medium
Chinese Grand Prix,SAI,1,MEDIUM,17,19.380000000000003,31.415,1,0.0178571428571428,0,0,0,1,,,Permanent,5.451,Permanent,5.451,Medium
Chinese Grand Prix,SAI,2,HARD,39,18.94871794871795,29.64102564102564,1,0.3214285714285714,3,9,3,0,,,Permanent,5.451,Permanent,5.451,Medium
Chinese Grand Prix,SAR,1,SOFT,12,19.84375,32.45625,1,0.0178571428571428,0,0,0,1,,,Permanent,5.451,Permanent,5.451,Medium
Chinese Grand Prix,SAR,2,MEDIUM,12,20.55238095238096,33.53809523809524,1,0.2321428571428571,2,2,3,0,,,Permanent,5.451,Permanent,5.451,Medium
Chinese Grand Prix,SAR,3,HARD,32,18.50357142857143,28.567857142857143,1,0.4464285714285714,2,7,0,0,,,Permanent,5.451,Permanent,5.451,Medium
Chinese Grand Prix,STR,1,SOFT,9,20.694117647058825,34.09411764705882,1,0.0178571428571428,0,0,0,0,,,Permanent,5.451,Permanent,5.451,Medium
Chinese Grand Prix,STR,2,MEDIUM,12,20.75454545454545,34.18181818181818,1,0.1785714285714285,3,0,1,0,,,Permanent,5.451,Permanent,5.451,Medium
Chinese Grand Prix,STR,3,HARD,4,21.2,34.3,1,0.4107142857142857,1,4,2,1,,,Permanent,5.451,Permanent,5.451,Medium
Chinese Grand Prix,STR,4,MEDIUM,9,19.14,29.8,1,0.5,1,5,0,0,,,Permanent,5.451,Permanent,5.451,Medium
Chinese Grand Prix,STR,5,HARD,26,18.285714285714285,27.94285714285714,0,0.6428571428571429,0,0,0,0,,,Permanent,5.451,Permanent,5.451,Medium
Chinese Grand Prix,TSU,1,SOFT,8,20.29230769230769,33.292307692307695,1,0.0178571428571428,0,0,0,1,,,Permanent,5.451,Permanent,5.451,Medium
Chinese Grand Prix,TSU,2,MEDIUM,15,20.703703703703702,34.01851851851852,1,0.1607142857142857,2,1,3,0,,,Permanent,5.451,Permanent,5.451,Medium
Chinese Grand Prix,TSU,3,HARD,2,22.625,36.925,1,0.4464285714285714,2,4,0,0,,,Permanent,5.451,Permanent,5.451,Medium
Chinese Grand Prix,VER,1,MEDIUM,13,19.927777777777777,32.483333333333334,1,0.0178571428571428,0,0,0,1,,,Permanent,5.451,Permanent,5.451,Medium
Chinese Grand Prix,VER,2,HARD,10,21.01904761904762,34.457142857142856,1,0.25,3,1,2,0,,,Permanent,5.451,Permanent,5.451,Medium
Chinese Grand Prix,VER,3,HARD,33,18.65714285714285,28.842857142857145,1,0.4821428571428571,2,8,0,1,,,Permanent,5.451,Permanent,5.451,Medium
Chinese Grand Prix,ZHO,1,MEDIUM,8,20.141666666666666,33.225,1,0.0178571428571428,0,0,0,1,,,Permanent,5.451,Permanent,5.451,Medium
Chinese Grand Prix,ZHO,2,HARD,15,20.379166666666663,33.204166666666666,1,0.1607142857142857,2,1,3,0,,,Permanent,5.451,Permanent,5.451,Medium
Chinese Grand Prix,ZHO,3,HARD,17,20.27142857142857,32.476190476190474,1,0.4464285714285714,2,8,0,0,,,Permanent,5.451,Permanent,5.451,Medium
Chinese Grand Prix,ZHO,4,SOFT,16,18.25,27.75625,1,0.7321428571428571,0,0,0,0,,,Permanent,5.451,Permanent,5.451,Medium
Dutch Grand Prix,ALB,1,MEDIUM,12,19.025,30.48333333333333,1,0.0138888888888888,1,0,0,1,Permanent,4.259,Permanent,4.259,Permanent,4.259,VeryHigh
Dutch Grand Prix,ALB,2,HARD,42,19.29523809523809,31.73333333333333,1,0.1805555555555555,1,0,0,0,Permanent,4.259,Permanent,4.259,Permanent,4.259,VeryHigh
Dutch Grand Prix,ALB,3,MEDIUM,17,19.429411764705883,31.97058823529412,1,0.7638888888888888,0,0,0,0,Permanent,4.259,Permanent,4.259,Permanent,4.259,VeryHigh
Dutch Grand Prix,ALO,1,MEDIUM,31,19.15806451612903,30.993548387096773,1,0.0138888888888888,5,0,0,2,Permanent,4.259,Permanent,4.259,Permanent,4.259,VeryHigh
Dutch Grand Prix,ALO,2,HARD,40,19.3775,31.9975,1,0.4444444444444444,2,0,0,0,Permanent,4.259,Permanent,4.259,Permanent,4.259,VeryHigh
Dutch Grand Prix,BOT,1,SOFT,15,19.03333333333333,30.42,1,0.0138888888888888,0,0,0,0,Permanent,4.259,Permanent,4.259,Permanent,4.259,VeryHigh
Dutch Grand Prix,BOT,2,HARD,28,19.328571428571426,31.70357142857143,1,0.2222222222222222,2,0,0,1,Permanent,4.259,Permanent,4.259,Permanent,4.259,VeryHigh
Dutch Grand Prix,BOT,3,MEDIUM,27,19.37037037037037,32.03703703703704,1,0.6111111111111112,0,0,0,0,Permanent,4.259,Permanent,4.259,Permanent,4.259,VeryHigh
Dutch Grand Prix,GAS,1,MEDIUM,32,19.165625,31.021875,1,0.0138888888888888,2,0,0,1,Permanent,4.259,Permanent,4.259,Permanent,4.259,VeryHigh
Dutch Grand Prix,GAS,2,HARD,39,19.37692307692308,31.99230769230769,1,0.4583333333333333,1,0,0,0,Permanent,4.259,Permanent,4.259,Permanent,4.259,VeryHigh
Dutch Grand Prix,HAM,1,SOFT,23,19.08695652173913,30.70434782608696,1,0.0138888888888888,1,0,0,0,Permanent,4.259,Permanent,4.259,Permanent,4.259,VeryHigh
Dutch Grand Prix,HAM,2,HARD,25,19.372,31.908,1,0.3333333333333333,1,0,0,0,Permanent,4.259,Permanent,4.259,Permanent,4.259,VeryHigh
Dutch Grand Prix,HAM,3,SOFT,24,19.3875,32.0375,1,0.6805555555555556,1,0,0,1,Permanent,4.259,Permanent,4.259,Permanent,4.259,VeryHigh
Dutch Grand Prix,HUL,1,MEDIUM,14,19.035714285714285,30.435714285714283,1,0.0138888888888888,0,0,0,0,Permanent,4.259,Permanent,4.259,Permanent,4.259,VeryHigh
Dutch Grand Prix,HUL,2,HARD,57,19.34210526315789,31.840350877192986,1,0.2083333333333333,2,0,0,1,Permanent,4.259,Permanent,4.259,Permanent,4.259,VeryHigh
Dutch Grand Prix,LEC,1,MEDIUM,24,19.0875,30.729166666666668,1,0.0138888888888888,1,0,0,1,Permanent,4.259,Permanent,4.259,Permanent,4.259,VeryHigh
Dutch Grand Prix,LEC,2,HARD,48,19.38125,31.979166666666668,1,0.3472222222222222,0,0,0,0,Permanent,4.259,Permanent,4.259,Permanent,4.259,VeryHigh
Dutch Grand Prix,MAG,1,HARD,40,19.21,31.2575,1,0.0138888888888888,1,0,0,0,Permanent,4.259,Permanent,4.259,Permanent,4.259,VeryHigh
Dutch Grand Prix,MAG,2,MEDIUM,31,19.370967741935484,32.016129032258064,1,0.5694444444444444,2,0,0,1,Permanent,4.259,Permanent,4.259,Permanent,4.259,VeryHigh
Dutch Grand Prix,NOR,1,MEDIUM,28,19.13214285714286,30.86428571428572,1,0.0138888888888888,2,0,0,1,Permanent,4.259,Permanent,4.259,Permanent,4.259,VeryHigh
Dutch Grand Prix,NOR,2,HARD,44,19.37727272727273,31.98409090909091,1,0.4027777777777778,0,0,0,0,Permanent,4.259,Permanent,4.259,Permanent,4.259,VeryHigh
Dutch Grand Prix,OCO,1,MEDIUM,30,19.15,31.00333333333333,1,0.0138888888888888,3,0,0,1,Permanent,4.259,Permanent,4.259,Permanent,4.259,VeryHigh
Dutch Grand Prix,OCO,2,HARD,41,19.38536585365853,32.0,1,0.4305555555555556,0,0,0,0,Permanent,4.259,Permanent,4.259,Permanent,4.259,VeryHigh
Dutch Grand Prix,PER,1,MEDIUM,29,19.13793103448276,30.92413793103448,1,0.0138888888888888,0,0,0,0,Permanent,4.259,Permanent,4.259,Permanent,4.259,VeryHigh
Dutch Grand Prix,PER,2,HARD,43,19.38139534883721,32.0,1,0.4166666666666667,1,0,0,0,Permanent,4.259,Permanent,4.259,Permanent,4.259,VeryHigh
Dutch Grand Prix,PIA,1,MEDIUM,33,19.163636363636364,31.03333333333333,1,0.0138888888888888,2,0,0,1,Permanent,4.259,Permanent,4.259,Permanent,4.259,VeryHigh
Dutch Grand Prix,PIA,2,HARD,39,19.384615384615383,32.0,1,0.4722222222222222,1,0,0,0,Permanent,4.259,Permanent,4.259,Permanent,4.259,VeryHigh
Dutch Grand Prix,RIC,1,MEDIUM,29,19.148275862068964,30.96551724137931,1,0.0138888888888888,2,0,0,0,Permanent,4.259,Permanent,4.259,Permanent,4.259,VeryHigh
Dutch Grand Prix,RIC,2,HARD,42,19.378571428571423,31.99761904761905,1,0.4166666666666667,4,0,0,1,Permanent,4.259,Permanent,4.259,Permanent,4.259,VeryHigh
Dutch Grand Prix,RUS,1,MEDIUM,25,19.1,30.752,1,0.0138888888888888,2,0,0,1,Permanent,4.259,Permanent,4.259,Permanent,4.259,VeryHigh
Dutch Grand Prix,RUS,2,HARD,29,19.355172413793102,32.00689655172414,1,0.3611111111111111,1,0,0,0,Permanent,4.259,Permanent,4.259,Permanent,4.259,VeryHigh
Dutch Grand Prix,RUS,3,SOFT,21,19.427777777777777,31.95555555555556,0,0.7638888888888888,2,0,0,1,Permanent,4.259,Permanent,4.259,Permanent,4.259,VeryHigh
Dutch Grand Prix,SAI,1,MEDIUM,30,19.146666666666665,30.98333333333333,1,0.0138888888888888,0,0,0,0,Permanent,4.259,Permanent,4.259,Permanent,4.259,VeryHigh
Dutch Grand Prix,SAI,2,HARD,42,19.38095238095238,31.99761904761905,1,0.4305555555555556,0,0,0,0,Permanent,4.259,Permanent,4.259,Permanent,4.259,VeryHigh
Dutch Grand Prix,SAR,1,MEDIUM,22,19.068181818181817,30.727272727272727,1,0.0138888888888888,2,0,0,1,Permanent,4.259,Permanent,4.259,Permanent,4.259,VeryHigh
Dutch Grand Prix,SAR,2,HARD,49,19.379591836734694,31.96938775510204,1,0.3194444444444444,1,0,0,0,Permanent,4.259,Permanent,4.259,Permanent,4.259,VeryHigh
Dutch Grand Prix,STR,1,MEDIUM,30,19.15333333333333,30.956666666666667,1,0.0138888888888888,3,0,0,1,Permanent,4.259,Permanent,4.259,Permanent,4.259,VeryHigh
Dutch Grand Prix,STR,2,HARD,41,19.37560975609756,32.00243902439024,1,0.4305555555555556,2,0,0,0,Permanent,4.259,Permanent,4.259,Permanent,4.259,VeryHigh
Dutch Grand Prix,TSU,1,SOFT,14,19.035714285714285,30.435714285714283,1,0.0138888888888888,0,0,0,0,Permanent,4.259,Permanent,4.259,Permanent,4.259,VeryHigh
Dutch Grand Prix,TSU,2,MEDIUM,18,19.26111111111111,31.50555555555556,1,0.2083333333333333,2,0,0,1,Permanent,4.259,Permanent,4.259,Permanent,4.259,VeryHigh
Dutch Grand Prix,TSU,3,HARD,39,19.38205128205128,32.01025641025641,1,0.4583333333333333,0,0,0,0,Permanent,4.259,Permanent,4.259,Permanent,4.259,VeryHigh
Dutch Grand Prix,VER,1,MEDIUM,27,19.12222222222222,30.822222222222223,1,0.0138888888888888,1,0,0,0,Permanent,4.259,Permanent,4.259,Permanent,4.259,VeryHigh
Dutch Grand Prix,VER,2,HARD,45,19.377777777777776,31.988888888888887,1,0.3888888888888889,1,0,0,0,Permanent,4.259,Permanent,4.259,Permanent,4.259,VeryHigh
Dutch Grand Prix,ZHO,1,MEDIUM,18,19.02777777777778,30.516666666666666,1,0.0138888888888888,0,0,0,0,Permanent,4.259,Permanent,4.259,Permanent,4.259,VeryHigh
Dutch Grand Prix,ZHO,2,HARD,33,19.35454545454545,31.89696969696969,1,0.2638888888888889,2,0,0,1,Permanent,4.259,Permanent,4.259,Permanent,4.259,VeryHigh
Dutch Grand Prix,ZHO,3,SOFT,19,19.405263157894737,31.978947368421053,1,0.7222222222222222,1,0,0,0,Permanent,4.259,Permanent,4.259,Permanent,4.259,VeryHigh
Emilia Romagna Grand Prix,ALB,1,MEDIUM,8,24.5,40.71052631578947,1,0.0158730158730158,1,0,0,1,Permanent,4.909,Permanent,4.909,Permanent,4.909,Medium
Emilia Romagna Grand Prix,ALB,3,MEDIUM,14,24.77857142857143,39.746428571428574,0,0.1587301587301587,1,0,0,0,Permanent,4.909,Permanent,4.909,Permanent,4.909,Medium
Emilia Romagna Grand Prix,ALB,4,MEDIUM,19,25.071428571428573,42.15714285714286,0,0.3809523809523809,1,0,0,1,Permanent,4.909,Permanent,4.909,Permanent,4.909,Medium
Emilia Romagna Grand Prix,ALB,5,MEDIUM,31,25.5,41.86538461538461,0,0.4603174603174603,0,0,0,0,Permanent,4.909,Permanent,4.909,Permanent,4.909,Medium
Emilia Romagna Grand Prix,ALO,1,SOFT,7,24.694117647058825,41.4,1,0.0158730158730158,0,0,0,0,Permanent,4.909,Permanent,4.909,Permanent,4.909,Medium
Emilia Romagna Grand Prix,ALO,2,HARD,34,25.083720930232555,40.89767441860465,0,0.1269841269841269,2,0,0,1,Permanent,4.909,Permanent,4.909,Permanent,4.909,Medium
Emilia Romagna Grand Prix,ALO,3,MEDIUM,20,24.83333333333333,39.4974358974359,0,0.6507936507936508,1,0,0,1,Permanent,4.909,Permanent,4.909,Permanent,4.909,Medium
Emilia Romagna Grand Prix,ALO,4,SOFT,3,25.014285714285712,42.72857142857144,1,0.9523809523809524,0,0,0,0,Permanent,4.909,Permanent,4.909,Permanent,4.909,Medium
Emilia Romagna Grand Prix,BOT,1,MEDIUM,8,24.61578947368421,41.805263157894736,1,0.0158730158730158,2,0,0,0,Permanent,4.909,Permanent,4.909,Permanent,4.909,Medium
Emilia Romagna Grand Prix,BOT,2,HARD,54,25.12608695652174,40.94492753623188,1,0.1428571428571428,2,0,0,1,Permanent,4.909,Permanent,4.909,Permanent,4.909,Medium
Emilia Romagna Grand Prix,GAS,1,SOFT,8,24.44782608695652,41.81739130434782,1,0.0158730158730158,0,0,0,0,Permanent,4.909,Permanent,4.909,Permanent,4.909,Medium
Emilia Romagna Grand Prix,GAS,2,HARD,22,24.89090909090909,40.627272727272725,1,0.1428571428571428,2,0,0,1,Permanent,4.909,Permanent,4.909,Permanent,4.909,Medium
Emilia Romagna Grand Prix,GAS,3,MEDIUM,32,25.24090909090909,39.93636363636364,1,0.492063492063492,0,0,0,0,Permanent,4.909,Permanent,4.909,Permanent,4.909,Medium
Emilia Romagna Grand Prix,HAM,1,MEDIUM,27,24.79285714285714,41.78809523809524,1,0.0158730158730158,1,0,0,1,Permanent,4.909,Permanent,4.909,Permanent,4.909,Medium
Emilia Romagna Grand Prix,HAM,2,HARD,36,25.246808510638296,41.0936170212766,1,0.4444444444444444,2,0,0,1,Permanent,4.909,Permanent,4.909,Permanent,4.909,Medium
Emilia Romagna Grand Prix,HUL,1,MEDIUM,13,24.508333333333336,42.59166666666667,1,0.0158730158730158,1,0,0,1,Permanent,4.909,Permanent,4.909,Permanent,4.909,Medium
Emilia Romagna Grand Prix,HUL,2,HARD,49,25.37017543859649,41.219298245614034,1,0.2222222222222222,2,0,0,1,Permanent,4.909,Permanent,4.909,Permanent,4.909,Medium
Emilia Romagna Grand Prix,LEC,1,MEDIUM,25,24.63913043478261,41.993478260869566,1,0.0158730158730158,1,0,0,0,Permanent,4.909,Permanent,4.909,Permanent,4.909,Medium
Emilia Romagna Grand Prix,LEC,2,HARD,38,25.22244897959184,41.31632653061224,1,0.4126984126984127,0,0,0,0,Permanent,4.909,Permanent,4.909,Permanent,4.909,Medium
Emilia Romagna Grand Prix,MAG,1,MEDIUM,37,25.038297872340426,42.05106382978724,1,0.0158730158730158,1,0,0,1,Permanent,4.909,Permanent,4.909,Permanent,4.909,Medium
Emilia Romagna Grand Prix,MAG,2,HARD,25,25.359375,40.31875,1,0.6031746031746031,2,0,0,1,Permanent,4.909,Permanent,4.909,Permanent,4.909,Medium
Emilia Romagna Grand Prix,NOR,1,MEDIUM,22,24.955172413793104,41.36206896551724,1,0.0158730158730158,0,0,0,0,Permanent,4.909,Permanent,4.909,Permanent,4.909,Medium
Emilia Romagna Grand Prix,NOR,2,HARD,42,25.44782608695652,41.15,0,0.365079365079365,1,0,0,0,Permanent,4.909,Permanent,4.909,Permanent,4.909,Medium
Emilia Romagna Grand Prix,OCO,1,MEDIUM,25,24.59787234042553,41.93191489361702,1,0.0158730158730158,0,0,0,0,Permanent,4.909,Permanent,4.909,Permanent,4.909,Medium
Emilia Romagna Grand Prix,OCO,2,HARD,37,25.27916666666667,40.51041666666666,1,0.4126984126984127,1,0,0,0,Permanent,4.909,Permanent,4.909,Permanent,4.909,Medium
Emilia Romagna Grand Prix,PER,1,HARD,37,24.857692307692307,42.20384615384615,1,0.0158730158730158,0,0,0,0,Permanent,4.909,Permanent,4.909,Permanent,4.909,Medium
Emilia Romagna Grand Prix,PER,2,MEDIUM,26,25.191666666666663,41.02222222222222,1,0.6031746031746031,2,0,0,1,Permanent,4.909,Permanent,4.909,Permanent,4.909,Medium
Emilia Romagna Grand Prix,PIA,1,MEDIUM,23,24.966666666666665,41.54666666666667,1,0.0158730158730158,1,0,0,0,Permanent,4.909,Permanent,4.909,Permanent,4.909,Medium
Emilia Romagna Grand Prix,PIA,2,HARD,41,25.367391304347827,41.141304347826086,0,0.3809523809523809,1,0,0,1,Permanent,4.909,Permanent,4.909,Permanent,4.909,Medium
Emilia Romagna Grand Prix,RIC,1,MEDIUM,11,24.442857142857143,42.08928571428572,1,0.0158730158730158,3,0,0,2,Permanent,4.909,Permanent,4.909,Permanent,4.909,Medium
Emilia Romagna Grand Prix,RIC,2,HARD,51,25.21846153846154,41.47846153846154,1,0.1904761904761904,0,0,0,0,Permanent,4.909,Permanent,4.909,Permanent,4.909,Medium
Emilia Romagna Grand Prix,RUS,1,MEDIUM,21,24.6425,41.4675,1,0.0158730158730158,0,0,0,0,Permanent,4.909,Permanent,4.909,Permanent,4.909,Medium
Emilia Romagna Grand Prix,RUS,2,HARD,31,25.184444444444445,40.96,1,0.3492063492063492,2,0,0,1,Permanent,4.909,Permanent,4.909,Permanent,4.909,Medium
Emilia Romagna Grand Prix,RUS,3,MEDIUM,13,24.89583333333333,42.020833333333336,0,0.8412698412698413,0,0,0,0,Permanent,4.909,Permanent,4.909,Permanent,4.909,Medium
Emilia Romagna Grand Prix,SAI,1,MEDIUM,27,24.664583333333336,42.14375,1,0.0158730158730158,1,0,0,0,Permanent,4.909,Permanent,4.909,Permanent,4.909,Medium
Emilia Romagna Grand Prix,SAI,2,HARD,36,25.20425531914893,41.41063829787234,1,0.4444444444444444,0,0,0,0,Permanent,4.909,Permanent,4.909,Permanent,4.909,Medium
Emilia Romagna Grand Prix,SAR,1,HARD,31,25.00263157894737,41.48157894736842,1,0.0158730158730158,1,0,0,1,Permanent,4.909,Permanent,4.909,Permanent,4.909,Medium
Emilia Romagna Grand Prix,SAR,2,MEDIUM,31,25.41351351351351,40.65135135135135,1,0.5079365079365079,2,0,0,2,Permanent,4.909,Permanent,4.909,Permanent,4.909,Medium
Emilia Romagna Grand Prix,STR,1,MEDIUM,38,24.978,41.892,0,0.0158730158730158,0,0,0,0,Permanent,4.909,Permanent,4.909,Permanent,4.909,Medium
Emilia Romagna Grand Prix,STR,2,HARD,27,25.1375,39.8875,0,0.6031746031746031,1,0,0,0,Permanent,4.909,Permanent,4.909,Permanent,4.909,Medium
Emilia Romagna Grand Prix,TSU,1,MEDIUM,12,24.490322580645163,41.541935483870965,1,0.0158730158730158,4,0,0,2,Permanent,4.909,Permanent,4.909,Permanent,4.909,Medium
Emilia Romagna Grand Prix,TSU,2,HARD,50,25.18769230769231,41.31692307692308,1,0.2063492063492063,0,0,0,0,Permanent,4.909,Permanent,4.909,Permanent,4.909,Medium
Emilia Romagna Grand Prix,VER,1,MEDIUM,24,24.6575,41.8475,1,0.0158730158730158,0,0,0,0,Permanent,4.909,Permanent,4.909,Permanent,4.909,Medium
Emilia Romagna Grand Prix,VER,2,HARD,39,25.277083333333334,41.020833333333336,1,0.3968253968253968,1,0,0,0,Permanent,4.909,Permanent,4.909,Permanent,4.909,Medium
Emilia Romagna Grand Prix,ZHO,1,HARD,33,24.988888888888887,41.54888888888889,1,0.0158730158730158,0,0,0,0,Permanent,4.909,Permanent,4.909,Permanent,4.909,Medium
Emilia Romagna Grand Prix,ZHO,2,MEDIUM,29,25.322222222222223,40.1,1,0.5396825396825397,2,0,0,2,Permanent,4.909,Permanent,4.909,Permanent,4.909,Medium
Hungarian Grand Prix,ALB,1,SOFT,6,28.31764705882353,43.83529411764706,1,0.0142857142857142,1,0,0,0,Permanent,4.381,Permanent,4.381,Permanent,4.381,Medium
Hungarian Grand Prix,ALB,2,HARD,23,28.61176470588235,42.9,1,0.1,0,0,0,0,Permanent,4.381,Permanent,4.381,Permanent,4.381,Medium
Hungarian Grand Prix,ALB,3,HARD,40,29.35744680851064,45.238297872340425,1,0.4285714285714285,3,0,0,0,Permanent,4.381,Permanent,4.381,Permanent,4.381,Medium
Hungarian Grand Prix,ALO,1,SOFT,9,28.1,42.2,0,0.0142857142857142,2,0,0,1,Permanent,4.381,Permanent,4.381,Permanent,4.381,Medium
Hungarian Grand Prix,ALO,2,MEDIUM,31,29.28611111111111,43.99444444444444,0,0.1142857142857142,1,0,0,0,Permanent,4.381,Permanent,4.381,Permanent,4.381,Medium
Hungarian Grand Prix,ALO,3,HARD,34,29.57818181818181,45.56181818181818,0,0.5428571428571428,1,0,0,0,Permanent,4.381,Permanent,4.381,Permanent,4.381,Medium
Hungarian Grand Prix,BOT,1,MEDIUM,17,29.07741935483871,47.31612903225806,0,0.0142857142857142,2,0,0,0,Permanent,4.381,Permanent,4.381,Permanent,4.381,Medium
Hungarian Grand Prix,BOT,2,HARD,29,29.706666666666667,46.63333333333333,1,0.2428571428571428,2,0,1,1,Permanent,4.381,Permanent,4.381,Permanent,4.381,Medium
Hungarian Grand Prix,BOT,3,HARD,24,29.23953488372093,45.96976744186047,1,0.6571428571428571,3,0,0,0,Permanent,4.381,Permanent,4.381,Permanent,4.381,Medium
Hungarian Grand Prix,GAS,1,HARD,28,29.30888888888889,46.284444444444446,1,0.0142857142857142,0,0,0,0,Permanent,4.381,Permanent,4.381,Permanent,4.381,Medium
Hungarian Grand Prix,GAS,2,MEDIUM,5,28.51538461538461,43.607692307692304,1,0.4142857142857143,2,0,1,1,Permanent,4.381,Permanent,4.381,Permanent,4.381,Medium
Hungarian Grand Prix,HAM,1,MEDIUM,16,28.34583333333333,43.79583333333333,1,0.0142857142857142,1,0,0,0,Permanent,4.381,Permanent,4.381,Permanent,4.381,Medium
Hungarian Grand Prix,HAM,2,HARD,24,28.570967741935487,41.86774193548387,1,0.2428571428571428,0,0,0,0,Permanent,4.381,Permanent,4.381,Permanent,4.381,Medium
Hungarian Grand Prix,HAM,3,HARD,30,29.363888888888887,45.44722222222222,1,0.5857142857142857,3,0,0,0,Permanent,4.381,Permanent,4.381,Permanent,4.381,Medium
Hungarian Grand Prix,HUL,1,MEDIUM,2,27.98333333333333,40.24166666666667,1,0.0142857142857142,2,0,0,0,Permanent,4.381,Permanent,4.381,Permanent,4.381,Medium
Hungarian Grand Prix,HUL,2,HARD,27,28.98064516129032,44.01935483870968,1,0.0428571428571428,2,0,0,2,Permanent,4.381,Permanent,4.381,Permanent,4.381,Medium
Hungarian Grand Prix,HUL,3,HARD,40,29.264444444444447,44.62444444444444,1,0.4285714285714285,2,0,0,0,Permanent,4.381,Permanent,4.381,Permanent,4.381,Medium
Hungarian Grand Prix,LEC,1,MEDIUM,23,28.615789473684213,44.44210526315789,1,0.0142857142857142,2,0,0,1,Permanent,4.381,Permanent,4.381,Permanent,4.381,Medium
Hungarian Grand Prix,LEC,2,HARD,17,28.89642857142857,43.425,1,0.3428571428571428,1,0,0,1,Permanent,4.381,Permanent,4.381,Permanent,4.381,Medium
Hungarian Grand Prix,LEC,3,MEDIUM,30,29.26388888888889,45.8,1,0.5857142857142857,1,0,0,0,Permanent,4.381,Permanent,4.381,Permanent,4.381,Medium
Hungarian Grand Prix,MAG,1,SOFT,6,28.54705882352941,44.40588235294118,1,0.0142857142857142,2,0,0,0,Permanent,4.381,Permanent,4.381,Permanent,4.381,Medium
Hungarian Grand Prix,MAG,2,HARD,28,28.915625,43.88125,1,0.1,2,0,0,2,Permanent,4.381,Permanent,4.381,Permanent,4.381,Medium
Hungarian Grand Prix,MAG,3,HARD,35,29.353488372093025,45.51162790697674,1,0.5,2,0,1,0,Permanent,4.381,Permanent,4.381,Permanent,4.381,Medium
Hungarian Grand Prix,NOR,1,MEDIUM,17,28.98787878787879,46.0030303030303,1,0.0142857142857142,2,0,0,1,Permanent,4.381,Permanent,4.381,Permanent,4.381,Medium
Hungarian Grand Prix,NOR,2,HARD,29,29.12258064516129,43.49677419354839,0,0.2571428571428571,1,0,0,0,Permanent,4.381,Permanent,4.381,Permanent,4.381,Medium
Hungarian Grand Prix,NOR,3,MEDIUM,26,29.234375,45.16875,0,0.6571428571428571,3,0,0,0,Permanent,4.381,Permanent,4.381,Permanent,4.381,Medium
Hungarian Grand Prix,OCO,1,MEDIUM,6,29.70833333333333,49.25,1,0.0142857142857142,1,0,0,0,Permanent,4.381,Permanent,4.381,Permanent,4.381,Medium
Hungarian Grand Prix,OCO,2,HARD,24,28.6,43.3235294117647,1,0.1,2,0,1,1,Permanent,4.381,Permanent,4.381,Permanent,4.381,Medium
Hungarian Grand Prix,OCO,3,HARD,34,29.7125,47.46458333333334,1,0.4428571428571428,3,0,0,0,Permanent,4.381,Permanent,4.381,Permanent,4.381,Medium
Hungarian Grand Prix,OCO,4,SOFT,5,28.746153846153845,42.73846153846154,1,0.9285714285714286,1,0,0,0,Permanent,4.381,Permanent,4.381,Permanent,4.381,Medium
Hungarian Grand Prix,PER,1,HARD,28,28.45833333333333,42.93055555555556,1,0.0142857142857142,2,0,0,1,Permanent,4.381,Permanent,4.381,Permanent,4.381,Medium
Hungarian Grand Prix,PER,2,MEDIUM,19,29.484615384615385,45.565384615384616,1,0.4142857142857143,0,0,0,0,Permanent,4.381,Permanent,4.381,Permanent,4.381,Medium
Hungarian Grand Prix,PER,3,MEDIUM,23,28.93783783783784,45.36216216216216,1,0.6857142857142857,2,0,1,1,Permanent,4.381,Permanent,4.381,Permanent,4.381,Medium
Hungarian Grand Prix,PIA,1,MEDIUM,18,29.057142857142857,46.39428571428572,1,0.0142857142857142,2,0,0,1,Permanent,4.381,Permanent,4.381,Permanent,4.381,Medium
Hungarian Grand Prix,PIA,2,HARD,30,29.48529411764705,44.75588235294118,0,0.2714285714285714,1,0,1,0,Permanent,4.381,Permanent,4.381,Permanent,4.381,Medium
Hungarian Grand Prix,PIA,3,MEDIUM,24,29.82857142857143,48.96190476190476,0,0.6857142857142857,2,0,0,0,Permanent,4.381,Permanent,4.381,Permanent,4.381,Medium
Hungarian Grand Prix,RIC,1,MEDIUM,7,28.285000000000004,44.095,1,0.0142857142857142,1,0,0,0,Permanent,4.381,Permanent,4.381,Permanent,4.381,Medium
Hungarian Grand Prix,RIC,2,HARD,21,28.85,44.45666666666667,1,0.1142857142857142,1,0,0,0,Permanent,4.381,Permanent,4.381,Permanent,4.381,Medium
Hungarian Grand Prix,RIC,3,HARD,41,29.34375,45.20208333333333,1,0.4142857142857143,1,0,1,0,Permanent,4.381,Permanent,4.381,Permanent,4.381,Medium
Hungarian Grand Prix,RUS,1,HARD,33,28.5175,42.68,1,0.0142857142857142,1,0,0,0,Permanent,4.381,Permanent,4.381,Permanent,4.381,Medium
Hungarian Grand Prix,RUS,2,MEDIUM,20,28.796296296296298,43.907407407407405,1,0.4857142857142857,0,0,0,0,Permanent,4.381,Permanent,4.381,Permanent,4.381,Medium
Hungarian Grand Prix,RUS,3,HARD,17,29.713043478260868,46.70434782608696,1,0.7714285714285715,3,0,0,0,Permanent,4.381,Permanent,4.381,Permanent,4.381,Medium
Hungarian Grand Prix,SAI,1,MEDIUM,21,28.57,44.04333333333333,1,0.0142857142857142,2,0,0,1,Permanent,4.381,Permanent,4.381,Permanent,4.381,Medium
Hungarian Grand Prix,SAI,2,HARD,26,28.95945945945946,43.98108108108108,1,0.3142857142857143,0,0,0,0,Permanent,4.381,Permanent,4.381,Permanent,4.381,Medium
Hungarian Grand Prix,SAI,3,MEDIUM,23,29.26774193548387,45.39032258064516,1,0.6857142857142857,2,0,0,0,Permanent,4.381,Permanent,4.381,Permanent,4.381,Medium
Hungarian Grand Prix,SAR,1,MEDIUM,8,28.36428571428572,43.32857142857143,1,0.0142857142857142,1,0,0,0,Permanent,4.381,Permanent,4.381,Permanent,4.381,Medium
Hungarian Grand Prix,SAR,2,HARD,25,28.746875,42.21875,1,0.1285714285714285,0,0,0,0,Permanent,4.381,Permanent,4.381,Permanent,4.381,Medium
Hungarian Grand Prix,SAR,3,HARD,30,29.36829268292683,46.05609756097561,1,0.4857142857142857,2,0,0,0,Permanent,4.381,Permanent,4.381,Permanent,4.381,Medium
Hungarian Grand Prix,SAR,4,SOFT,6,29.9375,45.0125,1,0.9142857142857144,1,0,1,0,Permanent,4.381,Permanent,4.381,Permanent,4.381,Medium
Hungarian Grand Prix,STR,1,SOFT,17,29.142857142857142,45.38928571428572,0,0.0142857142857142,2,0,0,1,Permanent,4.381,Permanent,4.381,Permanent,4.381,Medium
Hungarian Grand Prix,STR,2,MEDIUM,32,29.313157894736843,43.92631578947368,0,0.2142857142857142,2,0,0,1,Permanent,4.381,Permanent,4.381,Permanent,4.381,Medium
Hungarian Grand Prix,STR,3,HARD,26,29.589583333333334,45.875,0,0.6571428571428571,1,0,0,0,Permanent,4.381,Permanent,4.381,Permanent,4.381,Medium
Hungarian Grand Prix,TSU,1,MEDIUM,29,28.716666666666665,44.17619047619048,1,0.0142857142857142,1,0,0,0,Permanent,4.381,Permanent,4.381,Permanent,4.381,Medium
Hungarian Grand Prix,TSU,2,HARD,41,29.288235294117648,45.64117647058824,1,0.4285714285714285,1,0,0,0,Permanent,4.381,Permanent,4.381,Permanent,4.381,Medium
Hungarian Grand Prix,VER,1,MEDIUM,21,28.3625,43.259375,1,0.0142857142857142,2,0,0,1,Permanent,4.381,Permanent,4.381,Permanent,4.381,Medium
Hungarian Grand Prix,VER,2,HARD,28,28.97714285714286,43.22285714285714,1,0.3142857142857143,0,0,0,0,Permanent,4.381,Permanent,4.381,Permanent,4.381,Medium
Hungarian Grand Prix,VER,3,MEDIUM,21,28.723684210526315,44.08684210526316,1,0.7142857142857143,1,0,0,0,Permanent,4.381,Permanent,4.381,Permanent,4.381,Medium
Hungarian Grand Prix,ZHO,1,MEDIUM,8,28.294117647058822,43.3,0,0.0142857142857142,1,0,0,0,Permanent,4.381,Permanent,4.381,Permanent,4.381,Medium
Hungarian Grand Prix,ZHO,2,HARD,29,28.565,42.3325,1,0.1142857142857142,1,0,0,1,Permanent,4.381,Permanent,4.381,Permanent,4.381,Medium
Hungarian Grand Prix,ZHO,3,HARD,33,29.589473684210528,46.63421052631579,1,0.5285714285714286,2,0,0,0,Permanent,4.381,Permanent,4.381,Permanent,4.381,Medium
Italian Grand Prix,ALB,1,MEDIUM,17,33.30588235294118,49.0,1,0.0188679245283018,1,0,0,1,Permanent,5.793,Permanent,5.793,Permanent,5.793,Medium
Italian Grand Prix,ALB,2,HARD,36,32.50277777777777,45.19722222222222,1,0.3396226415094339,0,0,0,0,Permanent,5.793,Permanent,5.793,Permanent,5.793,Medium
Italian Grand Prix,ALO,1,MEDIUM,13,33.483333333333334,49.525,0,0.0188679245283018,0,0,0,0,Permanent,5.793,Permanent,5.793,Permanent,5.793,Medium
Italian Grand Prix,ALO,2,HARD,24,32.68695652173913,46.3,0,0.2452830188679245,2,0,0,0,Permanent,5.793,Permanent,5.793,Permanent,5.793,Medium
Italian Grand Prix,ALO,3,HARD,20,32.37777777777777,44.48888888888889,0,0.6792452830188679,1,0,0,1,Permanent,5.793,Permanent,5.793,Permanent,5.793,Medium
Italian Grand Prix,BOT,1,HARD,34,32.97575757575758,47.52121212121212,0,0.0188679245283018,1,0,0,1,Permanent,5.793,Permanent,5.793,Permanent,5.793,Medium
Italian Grand Prix,BOT,2,MEDIUM,20,32.4,44.61578947368421,0,0.6415094339622641,2,0,0,1,Permanent,5.793,Permanent,5.793,Permanent,5.793,Medium
Italian Grand Prix,COL,1,MEDIUM,16,33.33125,49.03125,1,0.0188679245283018,1,0,0,1,Permanent,5.793,Permanent,5.793,Permanent,5.793,Medium
Italian Grand Prix,COL,2,HARD,37,32.508108108108104,45.27297297297297,1,0.320754716981132,1,0,0,0,Permanent,5.793,Permanent,5.793,Permanent,5.793,Medium
Italian Grand Prix,GAS,1,MEDIUM,10,33.54,49.88,1,0.0188679245283018,1,0,0,1,Permanent,5.793,Permanent,5.793,Permanent,5.793,Medium
Italian Grand Prix,GAS,2,HARD,20,32.739999999999995,46.635000000000005,1,0.2075471698113207,1,0,0,1,Permanent,5.793,Permanent,5.793,Permanent,5.793,Medium
Italian Grand Prix,GAS,3,HARD,22,32.43181818181818,44.75909090909091,1,0.5849056603773585,2,0,0,0,Permanent,5.793,Permanent,5.793,Permanent,5.793,Medium
Italian Grand Prix,HAM,1,MEDIUM,15,33.373333333333335,49.22,1,0.0188679245283018,1,0,0,1,Permanent,5.793,Permanent,5.793,Permanent,5.793,Medium
Italian Grand Prix,HAM,2,HARD,22,32.63636363636363,46.01363636363636,1,0.3018867924528302,1,0,0,0,Permanent,5.793,Permanent,5.793,Permanent,5.793,Medium
Italian Grand Prix,HAM,3,HARD,16,32.375,44.4625,1,0.7169811320754716,0,0,0,0,Permanent,5.793,Permanent,5.793,Permanent,5.793,Medium
Italian Grand Prix,HUL,1,MEDIUM,5,33.739999999999995,50.72,1,0.0188679245283018,0,0,0,0,Permanent,5.793,Permanent,5.793,Permanent,5.793,Medium
Italian Grand Prix,HUL,2,HARD,27,32.82962962962963,46.98888888888889,1,0.1132075471698113,3,0,0,1,Permanent,5.793,Permanent,5.793,Permanent,5.793,Medium
Italian Grand Prix,HUL,3,HARD,20,32.415,44.655,1,0.6226415094339622,0,0,0,0,Permanent,5.793,Permanent,5.793,Permanent,5.793,Medium
Italian Grand Prix,LEC,1,MEDIUM,15,33.373333333333335,49.306666666666665,1,0.0188679245283018,1,0,0,1,Permanent,5.793,Permanent,5.793,Permanent,5.793,Medium
Italian Grand Prix,LEC,2,HARD,38,32.52894736842105,45.38947368421052,1,0.3018867924528302,0,0,0,0,Permanent,5.793,Permanent,5.793,Permanent,5.793,Medium
Italian Grand Prix,MAG,1,MEDIUM,14,33.40714285714286,49.271428571428565,1,0.0188679245283018,1,0,0,1,Permanent,5.793,Permanent,5.793,Permanent,5.793,Medium
Italian Grand Prix,MAG,2,HARD,39,32.52564102564103,45.38717948717949,1,0.2830188679245283,1,0,0,0,Permanent,5.793,Permanent,5.793,Permanent,5.793,Medium
Italian Grand Prix,NOR,1,MEDIUM,14,33.40714285714286,49.35714285714285,1,0.0188679245283018,1,0,0,1,Permanent,5.793,Permanent,5.793,Permanent,5.793,Medium
Italian Grand Prix,NOR,2,HARD,18,32.66111111111111,46.32222222222222,1,0.2830188679245283,1,0,0,0,Permanent,5.793,Permanent,5.793,Permanent,5.793,Medium
Italian Grand Prix,NOR,3,HARD,21,32.42857142857143,44.72380952380953,1,0.6226415094339622,0,0,0,0,Permanent,5.793,Permanent,5.793,Permanent,5.793,Medium
Italian Grand Prix,OCO,1,HARD,31,33.00322580645162,47.65806451612904,1,0.0188679245283018,0,0,0,0,Permanent,5.793,Permanent,5.793,Permanent,5.793,Medium
Italian Grand Prix,OCO,2,MEDIUM,21,32.423809523809524,44.71428571428572,1,0.6037735849056604,0,0,0,0,Permanent,5.793,Permanent,5.793,Permanent,5.793,Medium
Italian Grand Prix,PER,1,HARD,23,33.165217391304346,48.36521739130435,1,0.0188679245283018,1,0,0,1,Permanent,5.793,Permanent,5.793,Permanent,5.793,Medium
Italian Grand Prix,PER,2,HARD,12,32.56666666666667,45.675,1,0.4528301886792453,1,0,0,0,Permanent,5.793,Permanent,5.793,Permanent,5.793,Medium
Italian Grand Prix,PER,3,MEDIUM,18,32.37777777777777,44.5,1,0.6792452830188679,1,0,0,0,Permanent,5.793,Permanent,5.793,Permanent,5.793,Medium
Italian Grand Prix,PIA,1,MEDIUM,16,33.3375,49.2125,1,0.0188679245283018,0,0,0,0,Permanent,5.793,Permanent,5.793,Permanent,5.793,Medium
Italian Grand Prix,PIA,2,HARD,22,32.63181818181818,45.92727272727273,1,0.320754716981132,1,0,0,0,Permanent,5.793,Permanent,5.793,Permanent,5.793,Medium
Italian Grand Prix,PIA,3,HARD,15,32.36,44.43333333333333,1,0.7358490566037735,0,0,0,0,Permanent,5.793,Permanent,5.793,Permanent,5.793,Medium
Italian Grand Prix,RIC,1,MEDIUM,11,33.518181818181816,49.7,1,0.0188679245283018,1,0,0,1,Permanent,5.793,Permanent,5.793,Permanent,5.793,Medium
Italian Grand Prix,RIC,2,HARD,43,32.55952380952381,45.55952380952381,0,0.2264150943396226,1,0,0,0,Permanent,5.793,Permanent,5.793,Permanent,5.793,Medium
Italian Grand Prix,RUS,1,MEDIUM,11,33.518181818181816,49.74545454545455,1,0.0188679245283018,2,0,0,1,Permanent,5.793,Permanent,5.793,Permanent,5.793,Medium
Italian Grand Prix,RUS,2,HARD,22,32.7,46.43636363636364,1,0.2264150943396226,1,0,0,0,Permanent,5.793,Permanent,5.793,Permanent,5.793,Medium
Italian Grand Prix,RUS,3,HARD,20,32.410000000000004,44.605,1,0.6415094339622641,0,0,0,0,Permanent,5.793,Permanent,5.793,Permanent,5.793,Medium
Italian Grand Prix,SAI,1,MEDIUM,19,33.257894736842104,48.8421052631579,1,0.0188679245283018,1,0,0,1,Permanent,5.793,Permanent,5.793,Permanent,5.793,Medium
Italian Grand Prix,SAI,2,HARD,34,32.48823529411764,45.14705882352941,1,0.3773584905660377,0,0,0,0,Permanent,5.793,Permanent,5.793,Permanent,5.793,Medium
Italian Grand Prix,STR,1,HARD,20,33.257894736842104,48.71052631578947,0,0.0188679245283018,0,0,0,0,Permanent,5.793,Permanent,5.793,Permanent,5.793,Medium
Italian Grand Prix,STR,2,HARD,19,32.588235294117645,45.794117647058826,0,0.3773584905660377,1,0,0,0,Permanent,5.793,Permanent,5.793,Permanent,5.793,Medium
Italian Grand Prix,STR,3,MEDIUM,15,32.392857142857146,44.55714285714286,0,0.6981132075471698,1,0,0,0,Permanent,5.793,Permanent,5.793,Permanent,5.793,Medium
Italian Grand Prix,STR,4,SOFT,2,32.2,43.8,1,0.9622641509433962,1,0,0,1,Permanent,5.793,Permanent,5.793,Permanent,5.793,Medium
Italian Grand Prix,TSU,1,HARD,8,33.642857142857146,50.385714285714286,0,0.0188679245283018,1,0,0,1,Permanent,5.793,Permanent,5.793,Permanent,5.793,Medium
Italian Grand Prix,VER,1,HARD,22,33.19090909090909,48.47727272727273,1,0.0188679245283018,1,0,0,1,Permanent,5.793,Permanent,5.793,Permanent,5.793,Medium
Italian Grand Prix,VER,2,HARD,19,32.54736842105263,45.47368421052632,1,0.4339622641509434,2,0,0,1,Permanent,5.793,Permanent,5.793,Permanent,5.793,Medium
Italian Grand Prix,VER,3,MEDIUM,12,32.34166666666666,44.31666666666666,1,0.7924528301886793,0,0,0,0,Permanent,5.793,Permanent,5.793,Permanent,5.793,Medium
Italian Grand Prix,ZHO,1,MEDIUM,16,33.36666666666667,49.11333333333334,0,0.0188679245283018,1,0,0,1,Permanent,5.793,Permanent,5.793,Permanent,5.793,Medium
Italian Grand Prix,ZHO,2,HARD,38,32.527027027027025,45.332432432432434,0,0.3018867924528302,0,0,0,0,Permanent,5.793,Permanent,5.793,Permanent,5.793,Medium
Japanese Grand Prix,ALO,2,SOFT,13,19.383333333333333,31.495833333333334,0,0.0754716981132075,0,0,0,0,Permanent,5.807,Permanent,5.807,Permanent,5.807,High
Japanese Grand Prix,ALO,3,MEDIUM,20,19.571875,31.765625,1,0.2641509433962264,0,0,0,0,Permanent,5.807,Permanent,5.807,Permanent,5.807,High
Japanese Grand Prix,ALO,4,HARD,20,19.931818181818183,32.34090909090909,1,0.6415094339622641,1,0,0,0,Permanent,5.807,Permanent,5.807,Permanent,5.807,High
Japanese Grand Prix,BOT,2,SOFT,6,18.43076923076923,28.72307692307692,0,0.0754716981132075,0,0,0,0,Permanent,5.807,Permanent,5.807,Permanent,5.807,High
Japanese Grand Prix,BOT,3,HARD,16,19.421875,31.196875,1,0.1320754716981132,1,0,0,0,Permanent,5.807,Permanent,5.807,Permanent,5.807,High
Japanese Grand Prix,BOT,4,HARD,30,20.08888888888889,33.15833333333333,1,0.4339622641509434,2,0,0,0,Permanent,5.807,Permanent,5.807,Permanent,5.807,High
Japanese Grand Prix,GAS,2,HARD,15,20.59,34.18,1,0.0566037735849056,0,0,0,0,Permanent,5.807,Permanent,5.807,Permanent,5.807,High
Japanese Grand Prix,GAS,3,MEDIUM,16,20.794444444444444,34.62222222222223,1,0.320754716981132,0,0,0,0,Permanent,5.807,Permanent,5.807,Permanent,5.807,High
Japanese Grand Prix,GAS,4,HARD,20,19.8125,32.4625,1,0.6226415094339622,1,0,0,0,Permanent,5.807,Permanent,5.807,Permanent,5.807,High
Japanese Grand Prix,HAM,2,HARD,22,20.31153846153846,33.42307692307692,1,0.0754716981132075,1,0,0,1,Permanent,5.807,Permanent,5.807,Permanent,5.807,High
Japanese Grand Prix,HAM,3,HARD,16,18.925714285714285,30.13428571428572,1,0.4528301886792453,1,0,0,0,Permanent,5.807,Permanent,5.807,Permanent,5.807,High
Japanese Grand Prix,HAM,4,MEDIUM,15,19.020000000000003,30.27,0,0.7547169811320755,2,0,0,0,Permanent,5.807,Permanent,5.807,Permanent,5.807,High
Japanese Grand Prix,HUL,2,SOFT,5,17.96153846153846,27.93846153846154,0,0.0754716981132075,2,0,0,1,Permanent,5.807,Permanent,5.807,Permanent,5.807,High
Japanese Grand Prix,HUL,3,HARD,28,20.72058823529412,34.55588235294118,1,0.1132075471698113,0,0,0,0,Permanent,5.807,Permanent,5.807,Permanent,5.807,High
Japanese Grand Prix,HUL,4,HARD,19,18.94333333333333,30.276666666666667,1,0.6415094339622641,1,0,0,0,Permanent,5.807,Permanent,5.807,Permanent,5.807,High
Japanese Grand Prix,LEC,2,MEDIUM,25,19.91282051282052,32.44102564102564,1,0.0754716981132075,1,0,0,0,Permanent,5.807,Permanent,5.807,Permanent,5.807,High
Japanese Grand Prix,LEC,3,HARD,27,19.46315789473684,31.68421052631579,1,0.5094339622641509,1,0,0,0,Permanent,5.807,Permanent,5.807,Permanent,5.807,High
Japanese Grand Prix,MAG,2,MEDIUM,21,20.37,33.52,1,0.0566037735849056,2,0,0,1,Permanent,5.807,Permanent,5.807,Permanent,5.807,High
Japanese Grand Prix,MAG,3,HARD,30,19.69756097560976,32.178048780487806,1,0.4339622641509434,2,0,0,0,Permanent,5.807,Permanent,5.807,Permanent,5.807,High
Japanese Grand Prix,NOR,1,MEDIUM,1,16.854545454545455,25.40909090909091,1,0.0188679245283018,2,0,0,1,Permanent,5.807,Permanent,5.807,Permanent,5.807,High
Japanese Grand Prix,NOR,2,MEDIUM,11,21.39,36.49,0,0.0754716981132075,1,0,0,1,Permanent,5.807,Permanent,5.807,Permanent,5.807,High
Japanese Grand Prix,NOR,3,HARD,15,19.977272727272727,32.63181818181818,1,0.2264150943396226,0,0,0,0,Permanent,5.807,Permanent,5.807,Permanent,5.807,High
Japanese Grand Prix,NOR,4,HARD,27,19.29230769230769,30.94871794871795,1,0.5094339622641509,1,0,0,0,Permanent,5.807,Permanent,5.807,Permanent,5.807,High
Japanese Grand Prix,OCO,2,HARD,18,20.075,32.74583333333333,1,0.0754716981132075,0,0,0,0,Permanent,5.807,Permanent,5.807,Permanent,5.807,High
Japanese Grand Prix,OCO,3,HARD,14,20.289473684210527,33.863157894736844,1,0.3773584905660377,0,0,0,0,Permanent,5.807,Permanent,5.807,Permanent,5.807,High
Japanese Grand Prix,OCO,4,MEDIUM,19,19.942857142857143,32.39523809523809,1,0.6415094339622641,1,0,0,0,Permanent,5.807,Permanent,5.807,Permanent,5.807,High
Japanese Grand Prix,PER,1,MEDIUM,1,17.70909090909091,26.845454545454547,1,0.0188679245283018,2,0,0,1,Permanent,5.807,Permanent,5.807,Permanent,5.807,High
Japanese Grand Prix,PER,2,MEDIUM,15,19.588461538461537,31.911538461538463,0,0.0754716981132075,1,0,0,0,Permanent,5.807,Permanent,5.807,Permanent,5.807,High
Japanese Grand Prix,PER,3,MEDIUM,18,19.996153846153845,32.85,1,0.3018867924528302,0,0,0,0,Permanent,5.807,Permanent,5.807,Permanent,5.807,High
Japanese Grand Prix,PER,4,HARD,20,19.65833333333333,31.629166666666663,1,0.6415094339622641,1,0,0,0,Permanent,5.807,Permanent,5.807,Permanent,5.807,High
Japanese Grand Prix,PIA,2,MEDIUM,12,18.38076923076923,29.246153846153845,0,0.0754716981132075,0,0,0,0,Permanent,5.807,Permanent,5.807,Permanent,5.807,High
Japanese Grand Prix,PIA,3,HARD,20,20.625,34.15416666666667,1,0.2452830188679245,1,0,0,1,Permanent,5.807,Permanent,5.807,Permanent,5.807,High
Japanese Grand Prix,PIA,4,HARD,21,19.61923076923077,31.734615384615385,1,0.6226415094339622,1,0,0,0,Permanent,5.807,Permanent,5.807,Permanent,5.807,High
Japanese Grand Prix,RUS,2,HARD,21,20.636,34.148,1,0.0754716981132075,0,0,0,0,Permanent,5.807,Permanent,5.807,Permanent,5.807,High
Japanese Grand Prix,RUS,3,HARD,15,19.66521739130435,32.108695652173914,1,0.4339622641509434,0,0,0,0,Permanent,5.807,Permanent,5.807,Permanent,5.807,High
Japanese Grand Prix,RUS,4,MEDIUM,17,19.6,31.668421052631583,0,0.7169811320754716,2,0,0,0,Permanent,5.807,Permanent,5.807,Permanent,5.807,High
Japanese Grand Prix,SAI,1,MEDIUM,1,17.2,25.83333333333333,1,0.0188679245283018,2,0,0,1,Permanent,5.807,Permanent,5.807,Permanent,5.807,High
Japanese Grand Prix,SAI,2,MEDIUM,14,19.40357142857143,31.50357142857143,1,0.0754716981132075,1,0,0,0,Permanent,5.807,Permanent,5.807,Permanent,5.807,High
Japanese Grand Prix,SAI,3,MEDIUM,22,19.46,31.60571428571429,0,0.3018867924528302,0,0,0,0,Permanent,5.807,Permanent,5.807,Permanent,5.807,High
Japanese Grand Prix,SAI,4,HARD,17,19.76842105263158,31.894736842105264,1,0.6981132075471698,1,0,0,0,Permanent,5.807,Permanent,5.807,Permanent,5.807,High
Japanese Grand Prix,SAR,2,HARD,21,20.6925925925926,34.29259259259259,1,0.0566037735849056,1,0,0,0,Permanent,5.807,Permanent,5.807,Permanent,5.807,High
Japanese Grand Prix,SAR,3,HARD,12,20.49333333333333,34.419999999999995,1,0.4339622641509434,0,0,0,0,Permanent,5.807,Permanent,5.807,Permanent,5.807,High
Japanese Grand Prix,SAR,4,MEDIUM,6,20.3,33.528571428571425,1,0.660377358490566,1,0,0,0,Permanent,5.807,Permanent,5.807,Permanent,5.807,High
Japanese Grand Prix,SAR,5,SOFT,11,19.80909090909091,32.09090909090909,1,0.7924528301886793,0,0,0,0,Permanent,5.807,Permanent,5.807,Permanent,5.807,High
Japanese Grand Prix,STR,2,SOFT,11,19.63636363636364,32.018181818181816,1,0.0566037735849056,1,0,0,1,Permanent,5.807,Permanent,5.807,Permanent,5.807,High
Japanese Grand Prix,STR,3,MEDIUM,10,19.433333333333334,31.32222222222222,1,0.2452830188679245,0,0,0,0,Permanent,5.807,Permanent,5.807,Permanent,5.807,High
Japanese Grand Prix,STR,4,HARD,12,19.65294117647059,32.252941176470586,1,0.4339622641509434,0,0,0,0,Permanent,5.807,Permanent,5.807,Permanent,5.807,High
Japanese Grand Prix,STR,5,SOFT,18,20.172222222222224,32.90555555555555,1,0.660377358490566,1,0,0,0,Permanent,5.807,Permanent,5.807,Permanent,5.807,High
Japanese Grand Prix,TSU,2,SOFT,9,18.607142857142858,29.45,0,0.0754716981132075,0,0,0,0,Permanent,5.807,Permanent,5.807,Permanent,5.807,High
Japanese Grand Prix,TSU,3,HARD,15,20.05,32.58181818181818,1,0.1509433962264151,0,0,0,0,Permanent,5.807,Permanent,5.807,Permanent,5.807,High
Japanese Grand Prix,TSU,4,HARD,30,19.812820512820515,32.56153846153846,1,0.4339622641509434,2,0,0,0,Permanent,5.807,Permanent,5.807,Permanent,5.807,High
Japanese Grand Prix,VER,1,MEDIUM,1,18.316666666666663,28.35,1,0.0188679245283018,2,0,0,1,Permanent,5.807,Permanent,5.807,Permanent,5.807,High
Japanese Grand Prix,VER,2,MEDIUM,16,20.17142857142857,33.12380952380953,0,0.0754716981132075,0,0,0,0,Permanent,5.807,Permanent,5.807,Permanent,5.807,High
Japanese Grand Prix,VER,3,MEDIUM,18,19.676666666666662,31.90333333333333,1,0.320754716981132,1,0,0,0,Permanent,5.807,Permanent,5.807,Permanent,5.807,High
Japanese Grand Prix,VER,4,HARD,19,19.042857142857144,30.310714285714287,1,0.660377358490566,1,0,0,0,Permanent,5.807,Permanent,5.807,Permanent,5.807,High
Japanese Grand Prix,ZHO,2,SOFT,6,20.25555555555556,33.233333333333334,1,0.0566037735849056,2,0,0,1,Permanent,5.807,Permanent,5.807,Permanent,5.807,High
Japanese Grand Prix,ZHO,3,HARD,4,18.27777777777778,28.59444444444445,1,0.1509433962264151,1,0,0,0,Permanent,5.807,Permanent,5.807,Permanent,5.807,High
Japanese Grand Prix,ZHO,4,HARD,5,18.65,29.85,0,0.2264150943396226,0,0,0,0,Permanent,5.807,Permanent,5.807,Permanent,5.807,High
Las Vegas Grand Prix,ALB,1,MEDIUM,9,17.944444444444443,17.788888888888888,1,0.02,7,0,0,0,Street,6.201,Street,6.201,Street,6.201,VeryLow
Las Vegas Grand Prix,ALB,2,HARD,16,17.70625,17.4125,1,0.2,6,0,0,2,Street,6.201,Street,6.201,Street,6.201,VeryLow
Las Vegas Grand Prix,ALO,1,SOFT,4,17.975,17.975,1,0.02,3,0,0,0,Street,6.201,Street,6.201,Street,6.201,VeryLow
Las Vegas Grand Prix,ALO,2,HARD,21,17.759999999999998,17.475,0,0.1,6,0,0,1,Street,6.201,Street,6.201,Street,6.201,VeryLow
Las Vegas Grand Prix,ALO,3,HARD,27,17.315384615384616,16.903846153846153,0,0.5,5,0,0,0,Street,6.201,Street,6.201,Street,6.201,VeryLow
Las Vegas Grand Prix,BOT,1,HARD,17,17.86470588235294,17.658823529411762,1,0.02,8,0,0,0,Street,6.201,Street,6.201,Street,6.201,VeryLow
Las Vegas Grand Prix,BOT,2,MEDIUM,18,17.522222222222226,17.15,1,0.36,6,0,0,1,Street,6.201,Street,6.201,Street,6.201,VeryLow
Las Vegas Grand Prix,BOT,3,HARD,14,17.185714285714287,16.785714285714285,1,0.72,2,0,0,1,Street,6.201,Street,6.201,Street,6.201,VeryLow
Las Vegas Grand Prix,COL,1,HARD,16,17.881249999999998,17.68125,1,0.02,8,0,0,0,Street,6.201,Street,6.201,Street,6.201,VeryLow
Las Vegas Grand Prix,COL,2,MEDIUM,10,17.6,17.28,1,0.34,4,0,0,1,Street,6.201,Street,6.201,Street,6.201,VeryLow
Las Vegas Grand Prix,COL,3,HARD,24,17.279166666666665,16.875,1,0.54,5,0,0,0,Street,6.201,Street,6.201,Street,6.201,VeryLow
Las Vegas Grand Prix,GAS,1,MEDIUM,10,17.95,17.8,1,0.02,6,0,0,0,Street,6.201,Street,6.201,Street,6.201,VeryLow
Las Vegas Grand Prix,GAS,2,HARD,5,17.8,17.52,1,0.22,7,0,0,1,Street,6.201,Street,6.201,Street,6.201,VeryLow
Las Vegas Grand Prix,HAM,1,MEDIUM,13,17.93076923076923,17.73846153846154,1,0.02,8,0,0,0,Street,6.201,Street,6.201,Street,6.201,VeryLow
Las Vegas Grand Prix,HAM,2,HARD,15,17.635714285714286,17.307142857142857,0,0.28,5,0,0,1,Street,6.201,Street,6.201,Street,6.201,VeryLow
Las Vegas Grand Prix,HAM,3,HARD,24,17.282608695652176,16.878260869565217,0,0.56,8,0,0,0,Street,6.201,Street,6.201,Street,6.201,VeryLow
Las Vegas Grand Prix,HUL,1,MEDIUM,14,17.92142857142857,17.72142857142857,1,0.02,7,0,0,0,Street,6.201,Street,6.201,Street,6.201,VeryLow
Las Vegas Grand Prix,HUL,2,HARD,19,17.57894736842105,17.226315789473684,1,0.3,4,0,0,1,Street,6.201,Street,6.201,Street,6.201,VeryLow
Las Vegas Grand Prix,HUL,3,HARD,17,17.205882352941178,16.811764705882354,1,0.68,7,0,0,1,Street,6.201,Street,6.201,Street,6.201,VeryLow
Las Vegas Grand Prix,LAW,1,MEDIUM,11,17.936363636363634,17.78181818181818,1,0.02,6,0,0,0,Street,6.201,Street,6.201,Street,6.201,VeryLow
Las Vegas Grand Prix,LAW,2,HARD,28,17.562962962962963,17.196296296296296,0,0.24,6,0,0,1,Street,6.201,Street,6.201,Street,6.201,VeryLow
Las Vegas Grand Prix,LAW,3,HARD,13,17.14166666666667,16.75,0,0.78,6,0,0,0,Street,6.201,Street,6.201,Street,6.201,VeryLow
Las Vegas Grand Prix,LEC,1,MEDIUM,9,17.955555555555556,17.811111111111114,1,0.02,11,0,0,0,Street,6.201,Street,6.201,Street,6.201,VeryLow
Las Vegas Grand Prix,LEC,2,HARD,22,17.654545454545453,17.313636363636363,1,0.2,6,0,0,1,Street,6.201,Street,6.201,Street,6.201,VeryLow
Las Vegas Grand Prix,LEC,3,HARD,19,17.236842105263158,16.836842105263155,1,0.64,7,0,0,1,Street,6.201,Street,6.201,Street,6.201,VeryLow
Las Vegas Grand Prix,MAG,1,MEDIUM,17,17.870588235294118,17.658823529411762,1,0.02,6,0,0,0,Street,6.201,Street,6.201,Street,6.201,VeryLow
Las Vegas Grand Prix,MAG,2,HARD,33,17.366666666666667,16.984848484848484,1,0.36,5,0,0,1,Street,6.201,Street,6.201,Street,6.201,VeryLow
Las Vegas Grand Prix,NOR,1,MEDIUM,9,17.955555555555556,17.811111111111114,1,0.02,5,0,0,0,Street,6.201,Street,6.201,Street,6.201,VeryLow
Las Vegas Grand Prix,NOR,2,HARD,21,17.65714285714286,17.31904761904762,1,0.2,4,0,0,0,Street,6.201,Street,6.201,Street,6.201,VeryLow
Las Vegas Grand Prix,NOR,3,HARD,18,17.272222222222222,16.86111111111111,1,0.62,4,0,0,2,Street,6.201,Street,6.201,Street,6.201,VeryLow
Las Vegas Grand Prix,NOR,4,SOFT,6,17.05,16.7,0,0.98,4,0,0,0,Street,6.201,Street,6.201,Street,6.201,VeryLow
Las Vegas Grand Prix,OCO,1,MEDIUM,11,17.936363636363634,17.78181818181818,1,0.02,5,0,0,0,Street,6.201,Street,6.201,Street,6.201,VeryLow
Las Vegas Grand Prix,OCO,2,MEDIUM,12,17.9,17.5,0,0.24,7,0,0,1,Street,6.201,Street,6.201,Street,6.201,VeryLow
Las Vegas Grand Prix,OCO,3,HARD,33,17.46363636363636,17.093939393939394,1,0.26,5,0,0,0,Street,6.201,Street,6.201,Street,6.201,VeryLow
Las Vegas Grand Prix,OCO,4,SOFT,4,17.075000000000003,16.7,1,0.92,2,0,0,0,Street,6.201,Street,6.201,Street,6.201,VeryLow
Las Vegas Grand Prix,PER,1,HARD,17,17.876470588235293,17.66470588235294,1,0.02,8,0,0,0,Street,6.201,Street,6.201,Street,6.201,VeryLow
Las Vegas Grand Prix,PER,2,MEDIUM,15,17.566666666666666,17.18,1,0.36,6,0,0,1,Street,6.201,Street,6.201,Street,6.201,VeryLow
Las Vegas Grand Prix,PER,3,HARD,18,17.211111111111112,16.816666666666666,1,0.66,6,0,0,0,Street,6.201,Street,6.201,Street,6.201,VeryLow
Las Vegas Grand Prix,PIA,1,MEDIUM,10,17.95,17.8,1,0.02,3,0,0,0,Street,6.201,Street,6.201,Street,6.201,VeryLow
Las Vegas Grand Prix,PIA,2,HARD,15,17.686666666666667,17.39333333333333,1,0.22,6,0,0,2,Street,6.201,Street,6.201,Street,6.201,VeryLow
Las Vegas Grand Prix,PIA,3,HARD,25,17.308,16.892,1,0.52,4,0,0,0,Street,6.201,Street,6.201,Street,6.201,VeryLow
Las Vegas Grand Prix,RUS,1,MEDIUM,13,17.933333333333334,17.775000000000002,0,0.02,6,0,0,0,Street,6.201,Street,6.201,Street,6.201,VeryLow
Las Vegas Grand Prix,RUS,2,HARD,21,17.630000000000003,17.265,0,0.26,7,0,0,1,Street,6.201,Street,6.201,Street,6.201,VeryLow
Las Vegas Grand Prix,RUS,3,HARD,19,17.22222222222222,16.827777777777776,0,0.66,7,0,0,0,Street,6.201,Street,6.201,Street,6.201,VeryLow
Las Vegas Grand Prix,SAI,1,MEDIUM,10,17.95,17.8,1,0.02,9,0,0,0,Street,6.201,Street,6.201,Street,6.201,VeryLow
Las Vegas Grand Prix,SAI,2,HARD,18,17.666666666666668,17.33888888888889,1,0.22,5,0,0,1,Street,6.201,Street,6.201,Street,6.201,VeryLow
Las Vegas Grand Prix,SAI,3,HARD,22,17.272727272727273,16.86818181818182,1,0.58,5,0,0,1,Street,6.201,Street,6.201,Street,6.201,VeryLow
Las Vegas Grand Prix,STR,1,MEDIUM,10,17.944444444444443,17.788888888888888,0,0.02,4,0,0,0,Street,6.201,Street,6.201,Street,6.201,VeryLow
Las Vegas Grand Prix,STR,2,HARD,20,17.66842105263158,17.342105263157894,0,0.2,3,0,0,0,Street,6.201,Street,6.201,Street,6.201,VeryLow
Las Vegas Grand Prix,STR,3,HARD,23,17.254545454545454,16.849999999999998,0,0.58,3,0,0,0,Street,6.201,Street,6.201,Street,6.201,VeryLow
Las Vegas Grand Prix,TSU,1,MEDIUM,10,17.95,17.8,1,0.02,5,0,0,0,Street,6.201,Street,6.201,Street,6.201,VeryLow
Las Vegas Grand Prix,TSU,2,HARD,20,17.652631578947368,17.326315789473682,0,0.22,4,0,0,0,Street,6.201,Street,6.201,Street,6.201,VeryLow
Las Vegas Grand Prix,TSU,3,HARD,22,17.257142857142856,16.85238095238095,0,0.6,4,0,0,0,Street,6.201,Street,6.201,Street,6.201,VeryLow
Las Vegas Grand Prix,VER,1,MEDIUM,11,17.936363636363634,17.78181818181818,1,0.02,8,0,0,0,Street,6.201,Street,6.201,Street,6.201,VeryLow
Las Vegas Grand Prix,VER,2,HARD,16,17.675,17.34375,1,0.24,7,0,0,2,Street,6.201,Street,6.201,Street,6.201,VeryLow
Las Vegas Grand Prix,VER,3,HARD,23,17.282608695652176,16.878260869565217,1,0.56,4,0,0,0,Street,6.201,Street,6.201,Street,6.201,VeryLow
Las Vegas Grand Prix,ZHO,1,MEDIUM,12,17.936363636363634,17.78181818181818,0,0.02,5,0,0,0,Street,6.201,Street,6.201,Street,6.201,VeryLow
Las Vegas Grand Prix,ZHO,2,HARD,24,17.6,17.243478260869566,0,0.24,5,0,0,0,Street,6.201,Street,6.201,Street,6.201,VeryLow
Las Vegas Grand Prix,ZHO,3,HARD,16,17.181250000000002,16.78125,1,0.7,3,0,0,0,Street,6.201,Street,6.201,Street,6.201,VeryLow
Mexico City Grand Prix,ALO,1,MEDIUM,16,20.09333333333333,36.36,0,0.0140845070422535,2,6,0,0,Permanent,4.304,Permanent,4.304,Permanent,4.304,Low
Mexico City Grand Prix,BOT,1,HARD,50,20.520408163265305,37.20204081632653,0,0.0140845070422535,2,6,0,1,Permanent,4.304,Permanent,4.304,Permanent,4.304,Low
Mexico City Grand Prix,BOT,2,MEDIUM,22,19.91904761904762,31.514285714285712,0,0.704225352112676,3,0,0,0,Permanent,4.304,Permanent,4.304,Permanent,4.304,Low
Mexico City Grand Prix,COL,1,HARD,47,20.53617021276596,37.37659574468085,1,0.0140845070422535,6,6,0,1,Permanent,4.304,Permanent,4.304,Permanent,4.304,Low
Mexico City Grand Prix,COL,2,MEDIUM,23,19.95217391304348,31.686956521739127,1,0.676056338028169,2,0,0,0,Permanent,4.304,Permanent,4.304,Permanent,4.304,Low
Mexico City Grand Prix,GAS,1,MEDIUM,28,20.339285714285715,36.971428571428575,1,0.0140845070422535,2,6,0,0,Permanent,4.304,Permanent,4.304,Permanent,4.304,Low
Mexico City Grand Prix,GAS,2,HARD,42,20.34285714285714,34.52857142857143,1,0.4084507042253521,1,0,0,1,Permanent,4.304,Permanent,4.304,Permanent,4.304,Low
Mexico City Grand Prix,HAM,1,MEDIUM,28,20.335714285714285,37.0,1,0.0140845070422535,2,6,0,0,Permanent,4.304,Permanent,4.304,Permanent,4.304,Low
Mexico City Grand Prix,HAM,2,HARD,43,20.337209302325583,34.53720930232558,1,0.4084507042253521,1,0,0,0,Permanent,4.304,Permanent,4.304,Permanent,4.304,Low
Mexico City Grand Prix,HUL,1,MEDIUM,29,20.36206896551724,37.05862068965517,1,0.0140845070422535,2,6,0,1,Permanent,4.304,Permanent,4.304,Permanent,4.304,Low
Mexico City Grand Prix,HUL,2,HARD,41,20.33170731707317,34.424390243902444,1,0.4225352112676056,2,0,0,0,Permanent,4.304,Permanent,4.304,Permanent,4.304,Low
Mexico City Grand Prix,LAW,1,HARD,39,20.548717948717947,37.65384615384615,1,0.0140845070422535,2,6,0,2,Permanent,4.304,Permanent,4.304,Permanent,4.304,Low
Mexico City Grand Prix,LAW,2,MEDIUM,26,20.12692307692308,33.13461538461539,1,0.5633802816901409,3,0,0,1,Permanent,4.304,Permanent,4.304,Permanent,4.304,Low
Mexico City Grand Prix,LAW,3,SOFT,5,19.76,30.860000000000003,1,0.9295774647887324,0,0,0,0,Permanent,4.304,Permanent,4.304,Permanent,4.304,Low
Mexico City Grand Prix,LEC,1,MEDIUM,31,20.396774193548385,37.21935483870968,1,0.0140845070422535,2,6,0,0,Permanent,4.304,Permanent,4.304,Permanent,4.304,Low
Mexico City Grand Prix,LEC,2,HARD,38,20.33157894736842,34.42631578947368,1,0.4507042253521127,0,0,0,0,Permanent,4.304,Permanent,4.304,Permanent,4.304,Low
Mexico City Grand Prix,LEC,3,SOFT,5,19.75,30.65,0,0.9859154929577464,0,0,0,0,Permanent,4.304,Permanent,4.304,Permanent,4.304,Low
Mexico City Grand Prix,MAG,1,MEDIUM,30,20.386666666666667,37.17333333333333,1,0.0140845070422535,2,6,0,1,Permanent,4.304,Permanent,4.304,Permanent,4.304,Low
Mexico City Grand Prix,MAG,2,HARD,41,20.29268292682927,34.22926829268293,1,0.4366197183098591,3,0,0,0,Permanent,4.304,Permanent,4.304,Permanent,4.304,Low
Mexico City Grand Prix,NOR,1,MEDIUM,30,20.376666666666665,37.16666666666666,1,0.0140845070422535,3,6,0,0,Permanent,4.304,Permanent,4.304,Permanent,4.304,Low
Mexico City Grand Prix,NOR,2,HARD,41,20.31463414634146,34.34634146341463,1,0.4366197183098591,2,0,0,0,Permanent,4.304,Permanent,4.304,Permanent,4.304,Low
Mexico City Grand Prix,OCO,1,HARD,48,20.529166666666665,37.27916666666667,1,0.0140845070422535,2,6,0,1,Permanent,4.304,Permanent,4.304,Permanent,4.304,Low
Mexico City Grand Prix,OCO,2,MEDIUM,22,19.92727272727273,31.577272727272728,1,0.6901408450704225,2,0,0,0,Permanent,4.304,Permanent,4.304,Permanent,4.304,Low
Mexico City Grand Prix,PER,1,HARD,20,20.14,36.38,1,0.0140845070422535,2,6,0,1,Permanent,4.304,Permanent,4.304,Permanent,4.304,Low
Mexico City Grand Prix,PER,2,MEDIUM,23,20.917391304347827,38.71304347826087,1,0.2957746478873239,3,0,0,0,Permanent,4.304,Permanent,4.304,Permanent,4.304,Low
Mexico City Grand Prix,PER,3,MEDIUM,25,20.016,32.188,1,0.6197183098591549,0,0,0,0,Permanent,4.304,Permanent,4.304,Permanent,4.304,Low
Mexico City Grand Prix,PER,4,SOFT,2,19.75,30.700000000000003,1,0.971830985915493,2,0,0,0,Permanent,4.304,Permanent,4.304,Permanent,4.304,Low
Mexico City Grand Prix,PIA,1,MEDIUM,39,20.553846153846155,37.669230769230765,1,0.0140845070422535,2,6,0,1,Permanent,4.304,Permanent,4.304,Permanent,4.304,Low
Mexico City Grand Prix,PIA,2,HARD,32,20.06875,32.7625,1,0.5633802816901409,3,0,0,1,Permanent,4.304,Permanent,4.304,Permanent,4.304,Low
Mexico City Grand Prix,RUS,1,MEDIUM,31,20.396774193548385,37.23225806451613,1,0.0140845070422535,3,6,0,2,Permanent,4.304,Permanent,4.304,Permanent,4.304,Low
Mexico City Grand Prix,RUS,2,HARD,40,20.2875,34.145,1,0.4507042253521127,2,0,0,1,Permanent,4.304,Permanent,4.304,Permanent,4.304,Low
Mexico City Grand Prix,SAI,1,MEDIUM,32,20.41875,37.29375,1,0.0140845070422535,2,6,0,1,Permanent,4.304,Permanent,4.304,Permanent,4.304,Low
Mexico City Grand Prix,SAI,2,HARD,39,20.28205128205128,34.11282051282051,1,0.4647887323943662,2,0,0,0,Permanent,4.304,Permanent,4.304,Permanent,4.304,Low
Mexico City Grand Prix,STR,1,MEDIUM,27,20.29230769230769,36.815384615384616,0,0.0140845070422535,2,6,0,1,Permanent,4.304,Permanent,4.304,Permanent,4.304,Low
Mexico City Grand Prix,STR,2,HARD,45,20.375,34.72727272727273,0,0.380281690140845,2,0,0,0,Permanent,4.304,Permanent,4.304,Permanent,4.304,Low
Mexico City Grand Prix,VER,1,MEDIUM,26,20.273076923076925,36.8,1,0.0140845070422535,2,6,0,1,Permanent,4.304,Permanent,4.304,Permanent,4.304,Low
Mexico City Grand Prix,VER,2,HARD,45,20.362222222222226,34.70666666666666,1,0.380281690140845,1,0,0,1,Permanent,4.304,Permanent,4.304,Permanent,4.304,Low
Mexico City Grand Prix,ZHO,1,HARD,44,20.55813953488372,37.623255813953485,0,0.0140845070422535,2,6,0,0,Permanent,4.304,Permanent,4.304,Permanent,4.304,Low
Mexico City Grand Prix,ZHO,2,MEDIUM,28,19.98888888888889,32.07037037037037,0,0.6197183098591549,2,0,0,0,Permanent,4.304,Permanent,4.304,Permanent,4.304,Low
Miami Grand Prix,ALB,1,MEDIUM,10,28.9,47.01052631578948,1,0.0175438596491228,0,0,0,0,SemiPermanent,5.412,SemiPermanent,5.412,SemiPermanent,5.412,Medium
Miami Grand Prix,ALB,2,HARD,43,28.486792452830187,44.73962264150943,1,0.1929824561403508,2,5,2,0,SemiPermanent,5.412,SemiPermanent,5.412,SemiPermanent,5.412,Medium
Miami Grand Prix,ALB,3,SOFT,4,28.79230769230769,48.06153846153846,1,0.9473684210526316,1,0,0,0,SemiPermanent,5.412,SemiPermanent,5.412,SemiPermanent,5.412,Medium
Miami Grand Prix,ALO,1,HARD,23,28.71666666666667,45.775,0,0.0175438596491228,0,0,1,0,SemiPermanent,5.412,SemiPermanent,5.412,SemiPermanent,5.412,Medium
Miami Grand Prix,ALO,2,MEDIUM,36,28.38157894736842,42.78684210526316,0,0.4035087719298245,1,5,1,0,SemiPermanent,5.412,SemiPermanent,5.412,SemiPermanent,5.412,Medium
Miami Grand Prix,BOT,1,SOFT,11,28.81875,45.70625,1,0.0175438596491228,3,0,0,1,SemiPermanent,5.412,SemiPermanent,5.412,SemiPermanent,5.412,Medium
Miami Grand Prix,BOT,2,HARD,18,28.61904761904762,45.98571428571429,1,0.2105263157894736,2,2,2,0,SemiPermanent,5.412,SemiPermanent,5.412,SemiPermanent,5.412,Medium
Miami Grand Prix,BOT,3,MEDIUM,28,28.34375,42.853125,1,0.5263157894736842,0,3,0,0,SemiPermanent,5.412,SemiPermanent,5.412,SemiPermanent,5.412,Medium
Miami Grand Prix,GAS,1,MEDIUM,12,28.8375,45.8375,1,0.0175438596491228,3,0,0,1,SemiPermanent,5.412,SemiPermanent,5.412,SemiPermanent,5.412,Medium
Miami Grand Prix,GAS,2,HARD,45,28.49655172413793,44.7396551724138,1,0.2280701754385964,2,5,2,0,SemiPermanent,5.412,SemiPermanent,5.412,SemiPermanent,5.412,Medium
Miami Grand Prix,HAM,1,HARD,26,28.686206896551724,45.858620689655176,1,0.0175438596491228,2,0,1,1,SemiPermanent,5.412,SemiPermanent,5.412,SemiPermanent,5.412,Medium
Miami Grand Prix,HAM,2,MEDIUM,34,28.363636363636363,42.381818181818176,0,0.4736842105263157,1,5,0,0,SemiPermanent,5.412,SemiPermanent,5.412,SemiPermanent,5.412,Medium
Miami Grand Prix,HUL,1,MEDIUM,12,28.82,45.91333333333333,1,0.0175438596491228,2,0,0,1,SemiPermanent,5.412,SemiPermanent,5.412,SemiPermanent,5.412,Medium
Miami Grand Prix,HUL,2,HARD,16,28.64761904761905,46.56666666666666,1,0.2280701754385964,2,1,2,0,SemiPermanent,5.412,SemiPermanent,5.412,SemiPermanent,5.412,Medium
Miami Grand Prix,HUL,3,MEDIUM,29,28.4575,44.07,1,0.5087719298245614,0,4,0,0,SemiPermanent,5.412,SemiPermanent,5.412,SemiPermanent,5.412,Medium
Miami Grand Prix,LEC,1,MEDIUM,19,28.76363636363636,45.79090909090909,1,0.0175438596491228,1,0,0,1,SemiPermanent,5.412,SemiPermanent,5.412,SemiPermanent,5.412,Medium
Miami Grand Prix,LEC,2,HARD,38,28.357894736842105,42.73684210526316,1,0.3508771929824561,1,5,1,0,SemiPermanent,5.412,SemiPermanent,5.412,SemiPermanent,5.412,Medium
Miami Grand Prix,MAG,1,HARD,22,28.70384615384615,45.83461538461539,1,0.0175438596491228,2,0,1,1,SemiPermanent,5.412,SemiPermanent,5.412,SemiPermanent,5.412,Medium
Miami Grand Prix,MAG,2,MEDIUM,5,28.785,49.225,1,0.4035087719298245,3,1,1,0,SemiPermanent,5.412,SemiPermanent,5.412,SemiPermanent,5.412,Medium
Miami Grand Prix,MAG,3,MEDIUM,3,28.77142857142857,48.5,1,0.5263157894736842,0,3,0,0,SemiPermanent,5.412,SemiPermanent,5.412,SemiPermanent,5.412,Medium
Miami Grand Prix,MAG,4,MEDIUM,29,28.28076923076923,41.465384615384615,0,0.5614035087719298,0,1,0,0,SemiPermanent,5.412,SemiPermanent,5.412,SemiPermanent,5.412,Medium
Miami Grand Prix,NOR,1,MEDIUM,29,28.69677419354839,45.62903225806452,1,0.0175438596491228,1,2,1,0,SemiPermanent,5.412,SemiPermanent,5.412,SemiPermanent,5.412,Medium
Miami Grand Prix,NOR,2,HARD,28,28.466666666666665,43.34722222222222,1,0.5263157894736842,1,3,0,0,SemiPermanent,5.412,SemiPermanent,5.412,SemiPermanent,5.412,Medium
Miami Grand Prix,OCO,1,MEDIUM,22,28.72307692307692,45.83461538461539,1,0.0175438596491228,2,0,1,1,SemiPermanent,5.412,SemiPermanent,5.412,SemiPermanent,5.412,Medium
Miami Grand Prix,OCO,2,HARD,35,28.46170212765957,44.42340425531915,1,0.4035087719298245,2,5,1,0,SemiPermanent,5.412,SemiPermanent,5.412,SemiPermanent,5.412,Medium
Miami Grand Prix,PER,1,MEDIUM,17,28.79,45.805,1,0.0175438596491228,2,0,0,1,SemiPermanent,5.412,SemiPermanent,5.412,SemiPermanent,5.412,Medium
Miami Grand Prix,PER,2,HARD,11,28.65333333333333,46.34666666666667,1,0.3157894736842105,1,1,2,0,SemiPermanent,5.412,SemiPermanent,5.412,SemiPermanent,5.412,Medium
Miami Grand Prix,PER,3,MEDIUM,34,28.435897435897434,44.0,0,0.5087719298245614,2,4,0,0,SemiPermanent,5.412,SemiPermanent,5.412,SemiPermanent,5.412,Medium
Miami Grand Prix,PIA,1,MEDIUM,27,28.676666666666662,45.60666666666667,1,0.0175438596491228,2,0,1,1,SemiPermanent,5.412,SemiPermanent,5.412,SemiPermanent,5.412,Medium
Miami Grand Prix,PIA,2,HARD,13,28.46,44.13333333333333,1,0.4912280701754385,1,5,0,0,SemiPermanent,5.412,SemiPermanent,5.412,SemiPermanent,5.412,Medium
Miami Grand Prix,PIA,3,MEDIUM,23,28.44545454545454,43.22727272727273,0,0.7192982456140351,1,0,0,0,SemiPermanent,5.412,SemiPermanent,5.412,SemiPermanent,5.412,Medium
Miami Grand Prix,RIC,1,HARD,28,28.66774193548387,45.68064516129032,1,0.0175438596491228,3,1,2,1,SemiPermanent,5.412,SemiPermanent,5.412,SemiPermanent,5.412,Medium
Miami Grand Prix,RIC,2,MEDIUM,34,28.48372093023256,44.43255813953488,0,0.5087719298245614,1,4,0,0,SemiPermanent,5.412,SemiPermanent,5.412,SemiPermanent,5.412,Medium
Miami Grand Prix,RUS,1,MEDIUM,27,28.696296296296296,45.81851851851852,0,0.0175438596491228,2,0,2,1,SemiPermanent,5.412,SemiPermanent,5.412,SemiPermanent,5.412,Medium
Miami Grand Prix,RUS,2,HARD,33,28.402631578947368,43.002631578947366,1,0.4385964912280701,1,5,0,0,SemiPermanent,5.412,SemiPermanent,5.412,SemiPermanent,5.412,Medium
Miami Grand Prix,SAI,1,MEDIUM,27,28.68064516129032,45.76774193548387,1,0.0175438596491228,1,0,1,1,SemiPermanent,5.412,SemiPermanent,5.412,SemiPermanent,5.412,Medium
Miami Grand Prix,SAI,2,HARD,30,28.426315789473687,43.939473684210526,1,0.4912280701754385,2,5,0,0,SemiPermanent,5.412,SemiPermanent,5.412,SemiPermanent,5.412,Medium
Miami Grand Prix,SAR,1,MEDIUM,11,28.825,45.61666666666667,1,0.0175438596491228,2,0,0,1,SemiPermanent,5.412,SemiPermanent,5.412,SemiPermanent,5.412,Medium
Miami Grand Prix,SAR,2,HARD,16,28.65714285714285,46.39523809523809,1,0.2105263157894736,1,1,2,0,SemiPermanent,5.412,SemiPermanent,5.412,SemiPermanent,5.412,Medium
Miami Grand Prix,STR,1,MEDIUM,12,28.88,45.99333333333333,0,0.0175438596491228,0,0,0,0,SemiPermanent,5.412,SemiPermanent,5.412,SemiPermanent,5.412,Medium
Miami Grand Prix,STR,2,HARD,18,28.610526315789475,45.72631578947368,0,0.2105263157894736,1,1,2,0,SemiPermanent,5.412,SemiPermanent,5.412,SemiPermanent,5.412,Medium
Miami Grand Prix,STR,3,MEDIUM,29,28.5,44.70222222222222,0,0.5087719298245614,2,4,0,0,SemiPermanent,5.412,SemiPermanent,5.412,SemiPermanent,5.412,Medium
Miami Grand Prix,TSU,1,MEDIUM,28,28.72285714285714,45.82285714285714,1,0.0175438596491228,3,1,2,1,SemiPermanent,5.412,SemiPermanent,5.412,SemiPermanent,5.412,Medium
Miami Grand Prix,TSU,2,HARD,29,28.408571428571427,43.08285714285714,1,0.5087719298245614,1,4,0,0,SemiPermanent,5.412,SemiPermanent,5.412,SemiPermanent,5.412,Medium
Miami Grand Prix,VER,1,MEDIUM,23,28.688,45.688,1,0.0175438596491228,2,0,1,1,SemiPermanent,5.412,SemiPermanent,5.412,SemiPermanent,5.412,Medium
Miami Grand Prix,VER,2,HARD,34,28.49347826086957,44.62173913043478,1,0.4210526315789473,2,5,0,0,SemiPermanent,5.412,SemiPermanent,5.412,SemiPermanent,5.412,Medium
Miami Grand Prix,ZHO,1,MEDIUM,28,28.690909090909088,45.669696969696965,1,0.0175438596491228,4,1,2,1,SemiPermanent,5.412,SemiPermanent,5.412,SemiPermanent,5.412,Medium
Miami Grand Prix,ZHO,2,SOFT,29,28.42162162162161,43.5081081081081,1,0.5087719298245614,1,4,0,0,SemiPermanent,5.412,SemiPermanent,5.412,SemiPermanent,5.412,Medium
Monaco Grand Prix,ALB,2,HARD,76,21.671,42.61,1,0.0384615384615384,6,1,0,1,Street,3.337,Street,3.337,Street,3.337,VeryLow
Monaco Grand Prix,ALO,2,MEDIUM,76,21.69139784946237,42.68924731182796,0,0.0256410256410256,5,1,0,2,Street,3.337,Street,3.337,Street,3.337,VeryLow
Monaco Grand Prix,BOT,2,MEDIUM,14,21.36388888888889,39.65555555555555,1,0.0256410256410256,4,1,0,1,Street,3.337,Street,3.337,Street,3.337,VeryLow
Monaco Grand Prix,BOT,3,HARD,62,21.664,41.82,0,0.2051282051282051,1,0,0,0,Street,3.337,Street,3.337,Street,3.337,VeryLow
Monaco Grand Prix,GAS,2,MEDIUM,76,21.71274509803921,43.38529411764706,1,0.0384615384615384,6,1,0,1,Street,3.337,Street,3.337,Street,3.337,VeryLow
Monaco Grand Prix,HAM,2,MEDIUM,50,21.66470588235294,43.16176470588236,1,0.0384615384615384,5,1,0,0,Street,3.337,Street,3.337,Street,3.337,VeryLow
Monaco Grand Prix,HAM,3,HARD,28,21.392592592592592,39.220370370370375,0,0.6666666666666666,4,0,0,1,Street,3.337,Street,3.337,Street,3.337,VeryLow
Monaco Grand Prix,LEC,2,HARD,77,21.689795918367345,42.92551020408163,1,0.0384615384615384,6,1,0,1,Street,3.337,Street,3.337,Street,3.337,VeryLow
Monaco Grand Prix,NOR,2,HARD,78,21.70543478260869,42.66413043478261,0,0.0384615384615384,4,1,0,1,Street,3.337,Street,3.337,Street,3.337,VeryLow
Monaco Grand Prix,PIA,2,HARD,78,21.7314606741573,43.31573033707865,0,0.0384615384615384,5,1,0,2,Street,3.337,Street,3.337,Street,3.337,VeryLow
Monaco Grand Prix,RIC,2,HARD,76,21.65765765765766,42.69549549549549,0,0.0256410256410256,10,1,0,1,Street,3.337,Street,3.337,Street,3.337,VeryLow
Monaco Grand Prix,RUS,2,MEDIUM,77,21.72747252747253,43.37582417582417,1,0.0384615384615384,6,1,0,1,Street,3.337,Street,3.337,Street,3.337,VeryLow
Monaco Grand Prix,SAI,2,HARD,77,21.696842105263155,42.95052631578948,1,0.0384615384615384,3,1,0,1,Street,3.337,Street,3.337,Street,3.337,VeryLow
Monaco Grand Prix,SAR,2,HARD,57,21.67662337662337,44.01688311688312,0,0.0256410256410256,3,1,0,0,Street,3.337,Street,3.337,Street,3.337,VeryLow
Monaco Grand Prix,SAR,3,MEDIUM,19,21.51212121212121,38.97878787878788,1,0.7435897435897436,2,0,0,1,Street,3.337,Street,3.337,Street,3.337,VeryLow
Monaco Grand Prix,STR,2,MEDIUM,42,21.615,42.74,0,0.0256410256410256,5,1,0,2,Street,3.337,Street,3.337,Street,3.337,VeryLow
Monaco Grand Prix,STR,3,HARD,8,21.719047619047625,43.54285714285714,0,0.5512820512820513,5,0,0,0,Street,3.337,Street,3.337,Street,3.337,VeryLow
Monaco Grand Prix,STR,4,SOFT,28,21.678571428571427,43.49047619047619,1,0.6282051282051282,1,0,0,0,Street,3.337,Street,3.337,Street,3.337,VeryLow
Monaco Grand Prix,TSU,2,HARD,77,21.67155963302752,42.70275229357799,0,0.0384615384615384,9,1,0,1,Street,3.337,Street,3.337,Street,3.337,VeryLow
Monaco Grand Prix,VER,2,MEDIUM,51,21.689610389610387,44.44155844155844,1,0.0384615384615384,2,1,0,0,Street,3.337,Street,3.337,Street,3.337,VeryLow
Monaco Grand Prix,VER,3,HARD,27,21.6125,40.94375,0,0.6794871794871795,3,0,0,0,Street,3.337,Street,3.337,Street,3.337,VeryLow
Monaco Grand Prix,ZHO,2,HARD,69,21.73478260869565,44.01739130434783,1,0.0256410256410256,7,1,0,0,Street,3.337,Street,3.337,Street,3.337,VeryLow
Monaco Grand Prix,ZHO,3,SOFT,6,21.428571428571427,41.11071428571428,1,0.9102564102564102,2,0,0,1,Street,3.337,Street,3.337,Street,3.337,VeryLow
Qatar Grand Prix,ALB,1,MEDIUM,35,18.83529411764706,22.608823529411765,1,0.0175438596491228,3,5,0,0,Permanent,5.419,Permanent,5.419,Permanent,5.419,High
Qatar Grand Prix,ALB,3,SOFT,2,18.4,22.3,0,0.6491228070175439,0,1,0,0,Permanent,5.419,Permanent,5.419,Permanent,5.419,High
Qatar Grand Prix,ALB,4,SOFT,20,18.329411764705885,22.01764705882353,0,0.6842105263157895,1,5,1,0,Permanent,5.419,Permanent,5.419,Permanent,5.419,High
Qatar Grand Prix,ALB,5,SOFT,1,18.3,22.0,1,0.9824561403508772,0,0,0,0,Permanent,5.419,Permanent,5.419,Permanent,5.419,High
Qatar Grand Prix,ALO,1,MEDIUM,35,18.83030303030303,22.6,0,0.0175438596491228,3,5,0,0,Permanent,5.419,Permanent,5.419,Permanent,5.419,High
Qatar Grand Prix,ALO,3,MEDIUM,7,18.4,22.3,0,0.6491228070175439,0,1,0,0,Permanent,5.419,Permanent,5.419,Permanent,5.419,High
Qatar Grand Prix,ALO,4,MEDIUM,27,18.316666666666663,22.00555555555556,0,0.6842105263157895,1,5,1,0,Permanent,5.419,Permanent,5.419,Permanent,5.419,High
Qatar Grand Prix,BOT,1,MEDIUM,24,18.93913043478261,22.73913043478261,1,0.0175438596491228,2,4,0,0,Permanent,5.419,Permanent,5.419,Permanent,5.419,High
Qatar Grand Prix,BOT,2,HARD,10,18.62,22.32,0,0.4385964912280701,1,2,0,0,Permanent,5.419,Permanent,5.419,Permanent,5.419,High
Qatar Grand Prix,BOT,4,MEDIUM,30,18.33809523809524,22.03333333333333,0,0.6491228070175439,1,6,1,0,Permanent,5.419,Permanent,5.419,Permanent,5.419,High
Qatar Grand Prix,GAS,1,MEDIUM,35,18.83030303030303,22.6030303030303,1,0.0175438596491228,3,5,0,0,Permanent,5.419,Permanent,5.419,Permanent,5.419,High
Qatar Grand Prix,GAS,4,HARD,22,18.316666666666663,22.00555555555556,0,0.6842105263157895,1,5,1,0,Permanent,5.419,Permanent,5.419,Permanent,5.419,High
Qatar Grand Prix,HAM,1,MEDIUM,34,18.85151515151515,22.633333333333333,1,0.0175438596491228,3,5,0,0,Permanent,5.419,Permanent,5.419,Permanent,5.419,High
Qatar Grand Prix,HAM,4,HARD,13,18.39090909090909,22.081818181818186,0,0.6491228070175439,1,6,1,0,Permanent,5.419,Permanent,5.419,Permanent,5.419,High
Qatar Grand Prix,HAM,5,HARD,23,18.29,21.97,0,0.8421052631578947,0,0,0,0,Permanent,5.419,Permanent,5.419,Permanent,5.419,High
Qatar Grand Prix,HUL,2,HARD,30,18.876666666666665,22.67,1,0.0350877192982456,2,3,0,0,Permanent,5.419,Permanent,5.419,Permanent,5.419,High
Qatar Grand Prix,HUL,3,MEDIUM,5,18.48,22.14,1,0.5614035087719298,0,3,0,0,Permanent,5.419,Permanent,5.419,Permanent,5.419,High
Qatar Grand Prix,HUL,4,MEDIUM,6,18.4,22.3,0,0.6491228070175439,0,1,0,0,Permanent,5.419,Permanent,5.419,Permanent,5.419,High
Qatar Grand Prix,HUL,5,MEDIUM,8,18.5,22.2,0,0.6842105263157895,1,3,1,0,Permanent,5.419,Permanent,5.419,Permanent,5.419,High
Qatar Grand Prix,LAW,1,MEDIUM,35,18.83529411764706,22.608823529411765,1,0.0175438596491228,3,5,0,0,Permanent,5.419,Permanent,5.419,Permanent,5.419,High
Qatar Grand Prix,LAW,3,HARD,2,18.4,22.3,0,0.6491228070175439,0,1,0,0,Permanent,5.419,Permanent,5.419,Permanent,5.419,High
Qatar Grand Prix,LAW,4,HARD,5,18.466666666666665,22.166666666666668,0,0.6666666666666666,1,3,1,0,Permanent,5.419,Permanent,5.419,Permanent,5.419,High
Qatar Grand Prix,LAW,5,SOFT,17,18.31176470588236,21.99411764705882,1,0.7192982456140351,0,2,0,0,Permanent,5.419,Permanent,5.419,Permanent,5.419,High
Qatar Grand Prix,LEC,1,MEDIUM,36,18.83939393939394,22.6,0,0.0175438596491228,4,5,0,0,Permanent,5.419,Permanent,5.419,Permanent,5.419,High
Qatar Grand Prix,LEC,4,HARD,22,18.31176470588236,21.988235294117647,0,0.7017543859649122,1,5,1,0,Permanent,5.419,Permanent,5.419,Permanent,5.419,High
Qatar Grand Prix,MAG,1,MEDIUM,27,18.91923076923077,22.71153846153846,1,0.0175438596491228,2,4,0,0,Permanent,5.419,Permanent,5.419,Permanent,5.419,High
Qatar Grand Prix,MAG,2,HARD,9,18.55555555555556,22.244444444444444,1,0.4912280701754385,1,2,0,0,Permanent,5.419,Permanent,5.419,Permanent,5.419,High
Qatar Grand Prix,MAG,3,HARD,10,18.4,22.3,0,0.6491228070175439,0,1,0,0,Permanent,5.419,Permanent,5.419,Permanent,5.419,High
Qatar Grand Prix,MAG,4,HARD,30,18.321052631578947,22.01578947368421,0,0.6842105263157895,1,5,1,0,Permanent,5.419,Permanent,5.419,Permanent,5.419,High
Qatar Grand Prix,NOR,1,MEDIUM,35,18.83939393939394,22.596969696969698,1,0.0175438596491228,3,5,0,0,Permanent,5.419,Permanent,5.419,Permanent,5.419,High
Qatar Grand Prix,NOR,4,HARD,10,18.36,22.04,0,0.7017543859649122,1,5,1,0,Permanent,5.419,Permanent,5.419,Permanent,5.419,High
Qatar Grand Prix,NOR,5,HARD,22,18.28333333333333,21.98333333333333,0,0.8070175438596491,0,0,0,0,Permanent,5.419,Permanent,5.419,Permanent,5.419,High
Qatar Grand Prix,PER,1,MEDIUM,35,18.83636363636364,22.60606060606061,1,0.0175438596491228,3,5,0,0,Permanent,5.419,Permanent,5.419,Permanent,5.419,High
Qatar Grand Prix,PIA,1,MEDIUM,34,18.85,22.6125,1,0.0175438596491228,4,4,0,0,Permanent,5.419,Permanent,5.419,Permanent,5.419,High
Qatar Grand Prix,PIA,2,HARD,2,18.5,22.15,1,0.6140350877192983,0,2,0,0,Permanent,5.419,Permanent,5.419,Permanent,5.419,High
Qatar Grand Prix,PIA,4,HARD,23,18.31176470588236,21.988235294117647,0,0.7017543859649122,1,5,1,0,Permanent,5.419,Permanent,5.419,Permanent,5.419,High
Qatar Grand Prix,RUS,1,MEDIUM,24,18.94761904761905,22.728571428571428,0,0.0175438596491228,2,4,0,0,Permanent,5.419,Permanent,5.419,Permanent,5.419,High
Qatar Grand Prix,RUS,2,HARD,12,18.633333333333333,22.35833333333333,1,0.4210526315789473,1,1,0,0,Permanent,5.419,Permanent,5.419,Permanent,5.419,High
Qatar Grand Prix,RUS,4,HARD,2,18.4,22.3,0,0.6491228070175439,0,1,0,0,Permanent,5.419,Permanent,5.419,Permanent,5.419,High
Qatar Grand Prix,RUS,5,HARD,22,18.322222222222223,22.00555555555556,0,0.6842105263157895,1,5,1,0,Permanent,5.419,Permanent,5.419,Permanent,5.419,High
Qatar Grand Prix,SAI,1,MEDIUM,35,18.85,22.6125,0,0.0175438596491228,4,4,0,0,Permanent,5.419,Permanent,5.419,Permanent,5.419,High
Qatar Grand Prix,SAI,2,HARD,2,18.5,22.2,1,0.631578947368421,0,2,0,0,Permanent,5.419,Permanent,5.419,Permanent,5.419,High
Qatar Grand Prix,SAI,3,HARD,3,18.4,22.3,0,0.6491228070175439,0,1,0,0,Permanent,5.419,Permanent,5.419,Permanent,5.419,High
Qatar Grand Prix,SAI,4,HARD,23,18.316666666666663,22.00555555555556,0,0.6842105263157895,1,5,1,0,Permanent,5.419,Permanent,5.419,Permanent,5.419,High
Qatar Grand Prix,STR,1,MEDIUM,1,19.1,23.0,0,0.0175438596491228,1,1,0,0,Permanent,5.419,Permanent,5.419,Permanent,5.419,High
Qatar Grand Prix,STR,2,HARD,6,19.0,22.94,0,0.0526315789473684,1,3,0,0,Permanent,5.419,Permanent,5.419,Permanent,5.419,High
Qatar Grand Prix,TSU,1,MEDIUM,35,18.83529411764706,22.602941176470587,1,0.0175438596491228,3,5,0,0,Permanent,5.419,Permanent,5.419,Permanent,5.419,High
Qatar Grand Prix,TSU,3,HARD,2,18.4,22.3,0,0.6491228070175439,0,1,0,0,Permanent,5.419,Permanent,5.419,Permanent,5.419,High
Qatar Grand Prix,TSU,4,HARD,5,18.45,22.15,0,0.6842105263157895,1,3,1,0,Permanent,5.419,Permanent,5.419,Permanent,5.419,High
Qatar Grand Prix,TSU,5,SOFT,17,18.31176470588236,21.99411764705882,1,0.7192982456140351,0,2,0,0,Permanent,5.419,Permanent,5.419,Permanent,5.419,High
Qatar Grand Prix,VER,1,MEDIUM,35,18.83939393939394,22.596969696969698,1,0.0175438596491228,3,5,0,0,Permanent,5.419,Permanent,5.419,Permanent,5.419,High
Qatar Grand Prix,VER,4,HARD,22,18.31176470588236,21.988235294117647,0,0.7017543859649122,1,5,1,0,Permanent,5.419,Permanent,5.419,Permanent,5.419,High
Qatar Grand Prix,ZHO,1,MEDIUM,35,18.83529411764706,22.608823529411765,1,0.0175438596491228,3,5,0,0,Permanent,5.419,Permanent,5.419,Permanent,5.419,High
Qatar Grand Prix,ZHO,3,HARD,2,18.4,22.3,0,0.6491228070175439,0,1,0,0,Permanent,5.419,Permanent,5.419,Permanent,5.419,High
Qatar Grand Prix,ZHO,4,HARD,22,18.316666666666663,22.00555555555556,0,0.6842105263157895,1,5,1,0,Permanent,5.419,Permanent,5.419,Permanent,5.419,High
Saudi Arabian Grand Prix,ALB,1,MEDIUM,7,25.923333333333336,35.03333333333333,1,0.02,2,1,0,0,Street,6.174,Street,6.174,Street,6.174,Low
Saudi Arabian Grand Prix,ALB,2,HARD,43,25.60384615384616,31.74230769230769,1,0.2,0,2,0,1,Street,6.174,Street,6.174,Street,6.174,Low
Saudi Arabian Grand Prix,ALO,1,MEDIUM,8,25.852,33.912,0,0.02,2,1,0,0,Street,6.174,Street,6.174,Street,6.174,Low
Saudi Arabian Grand Prix,ALO,2,HARD,44,25.64444444444444,31.93888888888889,0,0.2,0,2,0,0,Street,6.174,Street,6.174,Street,6.174,Low
Saudi Arabian Grand Prix,BEA,1,SOFT,7,25.66842105263158,34.38421052631579,1,0.02,2,1,0,0,Street,6.174,Street,6.174,Street,6.174,Low
Saudi Arabian Grand Prix,BEA,2,HARD,43,25.49761904761905,30.79047619047619,1,0.2,0,2,0,0,Street,6.174,Street,6.174,Street,6.174,Low
Saudi Arabian Grand Prix,BOT,1,SOFT,7,25.90714285714285,35.385714285714286,1,0.02,2,1,0,0,Street,6.174,Street,6.174,Street,6.174,Low
Saudi Arabian Grand Prix,BOT,2,HARD,28,25.693181818181817,32.91136363636363,1,0.2,0,2,0,0,Street,6.174,Street,6.174,Street,6.174,Low
Saudi Arabian Grand Prix,BOT,3,SOFT,14,25.672222222222224,32.266666666666666,1,0.72,0,0,0,1,Street,6.174,Street,6.174,Street,6.174,Low
Saudi Arabian Grand Prix,GAS,1,MEDIUM,1,25.93478260869565,35.108695652173914,1,0.02,0,0,0,0,Street,6.174,Street,6.174,Street,6.174,Low
Saudi Arabian Grand Prix,HAM,1,MEDIUM,36,25.628888888888888,32.035555555555554,1,0.02,2,3,0,0,Street,6.174,Street,6.174,Street,6.174,Low
Saudi Arabian Grand Prix,HAM,2,SOFT,17,25.57692307692308,31.911538461538463,0,0.74,0,0,0,0,Street,6.174,Street,6.174,Street,6.174,Low
Saudi Arabian Grand Prix,HUL,1,MEDIUM,33,25.629166666666663,32.28958333333333,1,0.02,2,3,0,0,Street,6.174,Street,6.174,Street,6.174,Low
Saudi Arabian Grand Prix,HUL,2,HARD,17,25.547826086956523,31.60434782608696,1,0.68,0,0,0,0,Street,6.174,Street,6.174,Street,6.174,Low
Saudi Arabian Grand Prix,LEC,1,MEDIUM,7,25.775,33.604166666666664,1,0.02,1,1,0,0,Street,6.174,Street,6.174,Street,6.174,Low
Saudi Arabian Grand Prix,LEC,2,HARD,43,25.546666666666663,31.38666666666667,1,0.2,1,2,0,1,Street,6.174,Street,6.174,Street,6.174,Low
Saudi Arabian Grand Prix,MAG,1,MEDIUM,7,25.8,34.42272727272727,1,0.02,2,1,0,0,Street,6.174,Street,6.174,Street,6.174,Low
Saudi Arabian Grand Prix,MAG,2,HARD,43,25.566,31.434,1,0.2,0,2,0,0,Street,6.174,Street,6.174,Street,6.174,Low
Saudi Arabian Grand Prix,NOR,1,MEDIUM,37,25.65531914893617,32.195744680851064,1,0.02,2,3,0,0,Street,6.174,Street,6.174,Street,6.174,Low
Saudi Arabian Grand Prix,NOR,2,SOFT,19,25.683333333333334,33.020833333333336,0,0.76,0,0,0,0,Street,6.174,Street,6.174,Street,6.174,Low
Saudi Arabian Grand Prix,OCO,1,MEDIUM,7,25.67391304347826,33.61304347826087,1,0.02,2,1,0,0,Street,6.174,Street,6.174,Street,6.174,Low
Saudi Arabian Grand Prix,OCO,2,HARD,42,25.623214285714287,31.87142857142857,1,0.2,0,2,0,0,Street,6.174,Street,6.174,Street,6.174,Low
Saudi Arabian Grand Prix,PER,1,MEDIUM,7,25.87894736842105,34.93157894736842,1,0.02,1,1,0,0,Street,6.174,Street,6.174,Street,6.174,Low
Saudi Arabian Grand Prix,PER,2,HARD,43,25.59,31.662,1,0.2,0,2,0,0,Street,6.174,Street,6.174,Street,6.174,Low
Saudi Arabian Grand Prix,PIA,1,MEDIUM,7,25.860000000000003,34.21,1,0.02,1,1,0,0,Street,6.174,Street,6.174,Street,6.174,Low
Saudi Arabian Grand Prix,PIA,2,HARD,44,25.633928571428573,32.28214285714286,0,0.2,0,2,0,0,Street,6.174,Street,6.174,Street,6.174,Low
Saudi Arabian Grand Prix,RIC,1,MEDIUM,7,26.09354838709677,35.74193548387097,1,0.02,2,1,0,0,Street,6.174,Street,6.174,Street,6.174,Low
Saudi Arabian Grand Prix,RIC,2,HARD,42,25.605454545454545,31.825454545454548,1,0.18,0,2,0,0,Street,6.174,Street,6.174,Street,6.174,Low
Saudi Arabian Grand Prix,RUS,1,MEDIUM,7,26.10434782608696,36.33478260869565,1,0.02,2,1,0,0,Street,6.174,Street,6.174,Street,6.174,Low
Saudi Arabian Grand Prix,RUS,2,HARD,43,25.538888888888888,31.53703703703704,1,0.2,0,2,0,1,Street,6.174,Street,6.174,Street,6.174,Low
Saudi Arabian Grand Prix,SAR,1,MEDIUM,7,25.892307692307693,34.02692307692308,1,0.02,2,1,0,0,Street,6.174,Street,6.174,Street,6.174,Low
Saudi Arabian Grand Prix,SAR,2,HARD,42,25.608,31.654,1,0.2,0,2,0,0,Street,6.174,Street,6.174,Street,6.174,Low
Saudi Arabian Grand Prix,STR,1,MEDIUM,6,25.742105263157896,33.352631578947374,0,0.02,1,1,0,0,Street,6.174,Street,6.174,Street,6.174,Low
Saudi Arabian Grand Prix,TSU,1,MEDIUM,7,25.964285714285715,35.285714285714285,1,0.02,2,1,0,0,Street,6.174,Street,6.174,Street,6.174,Low
Saudi Arabian Grand Prix,TSU,2,HARD,42,25.69107142857143,32.31071428571429,1,0.2,0,2,0,0,Street,6.174,Street,6.174,Street,6.174,Low
Saudi Arabian Grand Prix,VER,1,MEDIUM,7,25.9,35.364999999999995,1,0.02,1,1,0,0,Street,6.174,Street,6.174,Street,6.174,Low
Saudi Arabian Grand Prix,VER,2,HARD,43,25.59423076923077,31.64423076923077,1,0.2,0,2,0,0,Street,6.174,Street,6.174,Street,6.174,Low
Saudi Arabian Grand Prix,ZHO,1,MEDIUM,41,25.78245614035088,33.3,1,0.02,2,3,0,0,Street,6.174,Street,6.174,Street,6.174,Low
Saudi Arabian Grand Prix,ZHO,2,SOFT,8,25.546666666666667,31.526666666666664,1,0.84,0,0,0,0,Street,6.174,Street,6.174,Street,6.174,Low
Singapore Grand Prix,ALB,1,MEDIUM,11,31.018181818181816,36.95454545454545,1,0.0161290322580645,2,0,0,0,Street,4.94,Street,4.94,Street,4.94,Low
Singapore Grand Prix,ALB,2,HARD,4,31.125,36.35,1,0.1935483870967742,0,0,0,0,Street,4.94,Street,4.94,Street,4.94,Low
Singapore Grand Prix,ALO,1,MEDIUM,26,30.976,36.516,0,0.0161290322580645,2,0,0,0,Street,4.94,Street,4.94,Street,4.94,Low
Singapore Grand Prix,ALO,2,HARD,37,30.66388888888889,35.33888888888889,0,0.4193548387096774,0,0,0,0,Street,4.94,Street,4.94,Street,4.94,Low
Singapore Grand Prix,BOT,1,HARD,33,30.92121212121212,36.333333333333336,1,0.0161290322580645,2,0,0,0,Street,4.94,Street,4.94,Street,4.94,Low
Singapore Grand Prix,BOT,2,MEDIUM,28,30.639285714285712,35.17857142857143,1,0.5483870967741935,0,0,0,0,Street,4.94,Street,4.94,Street,4.94,Low
Singapore Grand Prix,COL,1,MEDIUM,29,30.95172413793104,36.43103448275862,1,0.0161290322580645,3,0,0,0,Street,4.94,Street,4.94,Street,4.94,Low
Singapore Grand Prix,COL,2,HARD,32,30.64375,35.284375,1,0.4838709677419355,0,0,0,0,Street,4.94,Street,4.94,Street,4.94,Low
Singapore Grand Prix,GAS,1,MEDIUM,37,30.905405405405407,36.27837837837838,1,0.0161290322580645,2,0,0,0,Street,4.94,Street,4.94,Street,4.94,Low
Singapore Grand Prix,GAS,2,SOFT,24,30.616666666666664,35.104166666666664,1,0.6129032258064516,1,0,0,0,Street,4.94,Street,4.94,Street,4.94,Low
Singapore Grand Prix,HAM,1,SOFT,19,31.047058823529408,36.71764705882353,0,0.0161290322580645,1,0,0,0,Street,4.94,Street,4.94,Street,4.94,Low
Singapore Grand Prix,HAM,2,HARD,45,30.7,35.48444444444444,1,0.2903225806451613,1,0,0,0,Street,4.94,Street,4.94,Street,4.94,Low
Singapore Grand Prix,HUL,1,MEDIUM,29,30.95172413793104,36.43103448275862,1,0.0161290322580645,1,0,0,0,Street,4.94,Street,4.94,Street,4.94,Low
Singapore Grand Prix,HUL,2,HARD,32,30.64375,35.28125,1,0.4838709677419355,2,0,0,0,Street,4.94,Street,4.94,Street,4.94,Low
Singapore Grand Prix,LEC,1,MEDIUM,36,30.91111111111111,36.31388888888889,1,0.0161290322580645,2,0,0,0,Street,4.94,Street,4.94,Street,4.94,Low
Singapore Grand Prix,LEC,2,HARD,26,30.62692307692308,35.142307692307696,1,0.5967741935483871,0,0,0,0,Street,4.94,Street,4.94,Street,4.94,Low
Singapore Grand Prix,MAG,1,HARD,28,30.960714285714285,36.44285714285714,1,0.0161290322580645,2,0,0,0,Street,4.94,Street,4.94,Street,4.94,Low
Singapore Grand Prix,MAG,2,MEDIUM,20,30.72,35.505,1,0.4677419354838709,0,0,0,0,Street,4.94,Street,4.94,Street,4.94,Low
Singapore Grand Prix,MAG,3,SOFT,8,30.525,34.9875,1,0.8064516129032258,9,0,0,0,Street,4.94,Street,4.94,Street,4.94,Low
Singapore Grand Prix,NOR,1,MEDIUM,30,30.95,36.42333333333333,1,0.0161290322580645,2,0,0,0,Street,4.94,Street,4.94,Street,4.94,Low
Singapore Grand Prix,NOR,2,HARD,32,30.64375,35.271875,1,0.5,0,0,0,0,Street,4.94,Street,4.94,Street,4.94,Low
Singapore Grand Prix,OCO,1,MEDIUM,29,30.95172413793104,36.42758620689656,1,0.0161290322580645,2,0,0,0,Street,4.94,Street,4.94,Street,4.94,Low
Singapore Grand Prix,OCO,2,HARD,32,30.646875,35.26875,1,0.4838709677419355,1,0,0,0,Street,4.94,Street,4.94,Street,4.94,Low
Singapore Grand Prix,PER,1,MEDIUM,28,30.95714285714286,36.46785714285714,1,0.0161290322580645,2,0,0,0,Street,4.94,Street,4.94,Street,4.94,Low
Singapore Grand Prix,PER,2,HARD,33,30.64848484848485,35.2969696969697,1,0.4677419354838709,0,0,0,0,Street,4.94,Street,4.94,Street,4.94,Low
Singapore Grand Prix,PIA,1,MEDIUM,38,30.902631578947368,36.26578947368421,1,0.0161290322580645,1,0,0,0,Street,4.94,Street,4.94,Street,4.94,Low
Singapore Grand Prix,PIA,2,HARD,24,30.616666666666664,35.0875,1,0.6290322580645161,0,0,0,0,Street,4.94,Street,4.94,Street,4.94,Low
Singapore Grand Prix,RIC,1,SOFT,10,31.01,36.96,1,0.0161290322580645,0,0,0,0,Street,4.94,Street,4.94,Street,4.94,Low
Singapore Grand Prix,RIC,2,MEDIUM,36,30.83333333333333,35.82222222222222,1,0.1774193548387097,1,0,0,0,Street,4.94,Street,4.94,Street,4.94,Low
Singapore Grand Prix,RIC,3,SOFT,12,30.558333333333334,35.041666666666664,1,0.7580645161290323,8,0,0,0,Street,4.94,Street,4.94,Street,4.94,Low
Singapore Grand Prix,RIC,4,SOFT,6,30.5,34.9,0,0.9516129032258064,0,0,0,0,Street,4.94,Street,4.94,Street,4.94,Low
Singapore Grand Prix,RUS,1,MEDIUM,27,30.96666666666667,36.47407407407408,1,0.0161290322580645,2,0,0,0,Street,4.94,Street,4.94,Street,4.94,Low
Singapore Grand Prix,RUS,2,HARD,35,30.662857142857145,35.32571428571429,1,0.4516129032258064,1,0,0,0,Street,4.94,Street,4.94,Street,4.94,Low
Singapore Grand Prix,SAI,1,MEDIUM,13,31.023076923076925,36.90769230769231,1,0.0161290322580645,1,0,0,0,Street,4.94,Street,4.94,Street,4.94,Low
Singapore Grand Prix,SAI,2,HARD,49,30.72244897959184,35.51632653061225,1,0.2258064516129032,1,0,0,0,Street,4.94,Street,4.94,Street,4.94,Low
Singapore Grand Prix,STR,1,HARD,27,30.973076923076924,36.48076923076923,0,0.0161290322580645,3,0,0,0,Street,4.94,Street,4.94,Street,4.94,Low
Singapore Grand Prix,STR,2,MEDIUM,36,30.65428571428572,35.29714285714286,0,0.4354838709677419,1,0,0,0,Street,4.94,Street,4.94,Street,4.94,Low
Singapore Grand Prix,TSU,1,MEDIUM,33,30.92121212121212,36.36060606060607,1,0.0161290322580645,2,0,0,0,Street,4.94,Street,4.94,Street,4.94,Low
Singapore Grand Prix,TSU,2,SOFT,31,30.63571428571429,35.19642857142857,0,0.5483870967741935,1,0,0,0,Street,4.94,Street,4.94,Street,4.94,Low
Singapore Grand Prix,VER,1,MEDIUM,29,30.96206896551724,36.4448275862069,1,0.0161290322580645,2,0,0,0,Street,4.94,Street,4.94,Street,4.94,Low
Singapore Grand Prix,VER,2,HARD,33,30.65757575757576,35.275757575757574,1,0.4838709677419355,0,0,0,0,Street,4.94,Street,4.94,Street,4.94,Low
Singapore Grand Prix,ZHO,1,HARD,34,30.91764705882353,36.30882352941177,1,0.0161290322580645,3,0,0,0,Street,4.94,Street,4.94,Street,4.94,Low
Singapore Grand Prix,ZHO,2,MEDIUM,27,30.63703703703704,35.17407407407408,1,0.5645161290322581,0,0,0,0,Street,4.94,Street,4.94,Street,4.94,Low
Spanish Grand Prix,ALB,1,MEDIUM,18,25.25135135135135,42.72432432432432,1,0.0151515151515151,0,0,0,0,Permanent,4.657,Permanent,4.657,Permanent,4.657,High
Spanish Grand Prix,ALB,2,SOFT,25,24.45,41.33125,1,0.2878787878787879,0,0,0,0,Permanent,4.657,Permanent,4.657,Permanent,4.657,High
Spanish Grand Prix,ALB,3,SOFT,22,24.32307692307692,41.76923076923077,1,0.6666666666666666,0,0,0,1,Permanent,4.657,Permanent,4.657,Permanent,4.657,High
Spanish Grand Prix,ALO,1,SOFT,19,24.435714285714287,41.59285714285714,1,0.0151515151515151,0,0,0,0,Permanent,4.657,Permanent,4.657,Permanent,4.657,High
Spanish Grand Prix,ALO,2,MEDIUM,27,24.30588235294117,41.2235294117647,0,0.303030303030303,0,0,0,0,Permanent,4.657,Permanent,4.657,Permanent,4.657,High
Spanish Grand Prix,ALO,3,HARD,21,25.354166666666668,42.72916666666666,0,0.696969696969697,0,0,0,0,Permanent,4.657,Permanent,4.657,Permanent,4.657,High
Spanish Grand Prix,BOT,1,SOFT,11,24.504761904761907,41.66666666666666,1,0.0151515151515151,0,0,0,0,Permanent,4.657,Permanent,4.657,Permanent,4.657,High
Spanish Grand Prix,BOT,2,SOFT,20,24.94333333333333,41.91,0,0.1818181818181818,0,0,0,0,Permanent,4.657,Permanent,4.657,Permanent,4.657,High
Spanish Grand Prix,BOT,3,HARD,37,24.859615384615385,42.12692307692308,1,0.4393939393939394,0,0,0,0,Permanent,4.657,Permanent,4.657,Permanent,4.657,High
Spanish Grand Prix,GAS,1,SOFT,17,24.65714285714285,41.47619047619048,0,0.0151515151515151,0,0,0,0,Permanent,4.657,Permanent,4.657,Permanent,4.657,High
Spanish Grand Prix,GAS,2,MEDIUM,24,24.60277777777777,41.96388888888889,1,0.2272727272727272,0,0,0,0,Permanent,4.657,Permanent,4.657,Permanent,4.657,High
Spanish Grand Prix,GAS,3,HARD,28,24.80714285714286,42.03095238095238,1,0.5909090909090909,0,0,0,0,Permanent,4.657,Permanent,4.657,Permanent,4.657,High
Spanish Grand Prix,HAM,1,SOFT,19,24.627272727272725,41.53636363636363,0,0.0151515151515151,0,0,0,0,Permanent,4.657,Permanent,4.657,Permanent,4.657,High
Spanish Grand Prix,HAM,2,MEDIUM,27,24.93421052631579,41.77894736842105,1,0.2575757575757575,0,0,0,0,Permanent,4.657,Permanent,4.657,Permanent,4.657,High
Spanish Grand Prix,HAM,3,SOFT,26,24.339285714285715,41.27857142857143,0,0.6666666666666666,0,0,0,0,Permanent,4.657,Permanent,4.657,Permanent,4.657,High
Spanish Grand Prix,HUL,1,SOFT,12,24.836,41.752,1,0.0151515151515151,0,0,0,0,Permanent,4.657,Permanent,4.657,Permanent,4.657,High
Spanish Grand Prix,HUL,2,MEDIUM,26,24.52777777777778,41.44722222222222,1,0.1969696969696969,0,0,0,0,Permanent,4.657,Permanent,4.657,Permanent,4.657,High
Spanish Grand Prix,HUL,3,HARD,28,24.566666666666663,41.614583333333336,1,0.5909090909090909,0,0,0,0,Permanent,4.657,Permanent,4.657,Permanent,4.657,High
Spanish Grand Prix,LEC,1,SOFT,24,24.85277777777777,42.0,1,0.0151515151515151,0,0,0,0,Permanent,4.657,Permanent,4.657,Permanent,4.657,High
Spanish Grand Prix,LEC,2,MEDIUM,23,24.641935483870967,41.46451612903226,1,0.3787878787878788,0,0,0,0,Permanent,4.657,Permanent,4.657,Permanent,4.657,High
Spanish Grand Prix,LEC,3,SOFT,22,25.0,42.175,0,0.7272727272727273,0,0,0,0,Permanent,4.657,Permanent,4.657,Permanent,4.657,High
Spanish Grand Prix,MAG,1,SOFT,10,25.56578947368421,42.72631578947368,1,0.0151515151515151,0,0,0,0,Permanent,4.657,Permanent,4.657,Permanent,4.657,High
Spanish Grand Prix,MAG,2,MEDIUM,19,24.91379310344828,42.08275862068966,1,0.1666666666666666,0,0,0,0,Permanent,4.657,Permanent,4.657,Permanent,4.657,High
Spanish Grand Prix,MAG,3,HARD,36,24.801666666666662,42.02666666666666,1,0.4545454545454545,0,0,0,0,Permanent,4.657,Permanent,4.657,Permanent,4.657,High
Spanish Grand Prix,NOR,1,SOFT,23,24.60277777777777,41.56944444444444,1,0.0151515151515151,0,0,0,0,Permanent,4.657,Permanent,4.657,Permanent,4.657,High
Spanish Grand Prix,NOR,2,MEDIUM,24,24.95428571428572,42.011428571428574,1,0.3636363636363636,0,0,0,0,Permanent,4.657,Permanent,4.657,Permanent,4.657,High
Spanish Grand Prix,NOR,3,SOFT,22,24.725641025641025,41.97948717948718,0,0.7272727272727273,0,0,0,0,Permanent,4.657,Permanent,4.657,Permanent,4.657,High
Spanish Grand Prix,OCO,1,SOFT,16,25.36176470588235,42.94117647058823,0,0.0151515151515151,0,0,0,0,Permanent,4.657,Permanent,4.657,Permanent,4.657,High
Spanish Grand Prix,OCO,2,MEDIUM,24,24.99,42.1575,1,0.2121212121212121,0,0,0,0,Permanent,4.657,Permanent,4.657,Permanent,4.657,High
Spanish Grand Prix,OCO,3,HARD,29,24.53478260869565,41.369565217391305,1,0.5757575757575758,0,0,0,1,Permanent,4.657,Permanent,4.657,Permanent,4.657,High
Spanish Grand Prix,PER,1,SOFT,16,24.83,41.885000000000005,0,0.0151515151515151,0,0,0,0,Permanent,4.657,Permanent,4.657,Permanent,4.657,High
Spanish Grand Prix,PER,2,SOFT,21,25.193548387096776,42.54516129032258,0,0.2121212121212121,0,0,0,0,Permanent,4.657,Permanent,4.657,Permanent,4.657,High
Spanish Grand Prix,PER,3,MEDIUM,18,24.78076923076923,41.6576923076923,1,0.4848484848484848,0,0,0,0,Permanent,4.657,Permanent,4.657,Permanent,4.657,High
Spanish Grand Prix,PER,4,SOFT,20,25.788888888888888,43.44444444444444,0,0.7575757575757576,0,0,0,0,Permanent,4.657,Permanent,4.657,Permanent,4.657,High
Spanish Grand Prix,PIA,1,SOFT,24,24.45,41.371428571428574,0,0.0151515151515151,0,0,0,0,Permanent,4.657,Permanent,4.657,Permanent,4.657,High
Spanish Grand Prix,PIA,2,MEDIUM,25,24.34333333333333,41.09333333333333,1,0.3333333333333333,0,0,0,0,Permanent,4.657,Permanent,4.657,Permanent,4.657,High
Spanish Grand Prix,PIA,3,SOFT,23,25.305714285714288,42.76,0,0.7121212121212122,0,0,0,0,Permanent,4.657,Permanent,4.657,Permanent,4.657,High
Spanish Grand Prix,RIC,1,SOFT,16,25.637209302325584,43.17209302325582,1,0.0151515151515151,0,0,0,0,Permanent,4.657,Permanent,4.657,Permanent,4.657,High
Spanish Grand Prix,RIC,2,MEDIUM,26,24.62941176470588,41.49411764705882,1,0.2575757575757575,0,0,0,0,Permanent,4.657,Permanent,4.657,Permanent,4.657,High
Spanish Grand Prix,RIC,3,HARD,23,24.735714285714288,42.01904761904762,1,0.6515151515151515,0,0,0,1,Permanent,4.657,Permanent,4.657,Permanent,4.657,High
Spanish Grand Prix,RUS,1,SOFT,18,24.98888888888889,42.333333333333336,0,0.0151515151515151,0,0,0,0,Permanent,4.657,Permanent,4.657,Permanent,4.657,High
Spanish Grand Prix,RUS,2,MEDIUM,21,24.917241379310347,42.27241379310345,1,0.2424242424242424,0,0,0,0,Permanent,4.657,Permanent,4.657,Permanent,4.657,High
Spanish Grand Prix,RUS,3,HARD,30,24.81914893617021,41.94893617021276,1,0.5606060606060606,0,0,0,1,Permanent,4.657,Permanent,4.657,Permanent,4.657,High
Spanish Grand Prix,SAI,1,SOFT,15,25.693548387096776,43.11935483870968,1,0.0151515151515151,0,0,0,0,Permanent,4.657,Permanent,4.657,Permanent,4.657,High
Spanish Grand Prix,SAI,2,MEDIUM,21,24.658620689655173,41.58620689655172,1,0.2424242424242424,0,0,0,0,Permanent,4.657,Permanent,4.657,Permanent,4.657,High
Spanish Grand Prix,SAI,3,HARD,30,24.515,41.5575,1,0.5606060606060606,0,0,0,0,Permanent,4.657,Permanent,4.657,Permanent,4.657,High
Spanish Grand Prix,SAR,1,SOFT,14,24.4875,41.72083333333333,1,0.0151515151515151,0,0,0,0,Permanent,4.657,Permanent,4.657,Permanent,4.657,High
Spanish Grand Prix,SAR,2,MEDIUM,20,24.67142857142857,41.74285714285714,1,0.2272727272727272,0,0,0,0,Permanent,4.657,Permanent,4.657,Permanent,4.657,High
Spanish Grand Prix,SAR,3,HARD,30,24.9,42.12045454545454,1,0.5303030303030303,0,0,0,0,Permanent,4.657,Permanent,4.657,Permanent,4.657,High
Spanish Grand Prix,STR,1,SOFT,17,24.726923076923075,42.03076923076923,1,0.0151515151515151,0,0,0,0,Permanent,4.657,Permanent,4.657,Permanent,4.657,High
Spanish Grand Prix,STR,2,MEDIUM,21,24.51111111111111,41.63703703703704,0,0.2727272727272727,0,0,0,0,Permanent,4.657,Permanent,4.657,Permanent,4.657,High
Spanish Grand Prix,STR,3,HARD,29,25.05909090909091,42.268181818181816,0,0.5757575757575758,0,0,0,0,Permanent,4.657,Permanent,4.657,Permanent,4.657,High
Spanish Grand Prix,TSU,1,SOFT,9,25.275,42.65714285714286,1,0.0151515151515151,0,0,0,0,Permanent,4.657,Permanent,4.657,Permanent,4.657,High
Spanish Grand Prix,TSU,2,MEDIUM,18,24.98333333333333,42.19666666666667,1,0.1515151515151515,0,0,0,0,Permanent,4.657,Permanent,4.657,Permanent,4.657,High
Spanish Grand Prix,TSU,3,HARD,17,24.62702702702703,41.394594594594594,1,0.4242424242424242,0,0,0,1,Permanent,4.657,Permanent,4.657,Permanent,4.657,High
Spanish Grand Prix,TSU,4,SOFT,21,24.5625,42.1125,1,0.6818181818181818,0,0,0,0,Permanent,4.657,Permanent,4.657,Permanent,4.657,High
Spanish Grand Prix,VER,1,SOFT,20,24.892857142857142,41.81785714285714,0,0.0151515151515151,0,0,0,0,Permanent,4.657,Permanent,4.657,Permanent,4.657,High
Spanish Grand Prix,VER,2,MEDIUM,27,24.975,41.91363636363637,1,0.2727272727272727,0,0,0,0,Permanent,4.657,Permanent,4.657,Permanent,4.657,High
Spanish Grand Prix,VER,3,SOFT,22,24.448275862068964,41.5551724137931,1,0.6818181818181818,0,0,0,0,Permanent,4.657,Permanent,4.657,Permanent,4.657,High
Spanish Grand Prix,ZHO,1,SOFT,9,25.666666666666668,43.43666666666666,1,0.0151515151515151,0,0,0,0,Permanent,4.657,Permanent,4.657,Permanent,4.657,High
Spanish Grand Prix,ZHO,2,MEDIUM,32,24.3948717948718,41.274358974358975,1,0.1515151515151515,0,0,0,0,Permanent,4.657,Permanent,4.657,Permanent,4.657,High
Spanish Grand Prix,ZHO,3,HARD,24,24.623529411764707,41.77941176470589,1,0.6363636363636364,0,0,0,0,Permanent,4.657,Permanent,4.657,Permanent,4.657,High
São Paulo Grand Prix,ALO,1,INTERMEDIATE,27,22.11851851851852,24.91111111111111,1,0.0144927536231884,9,0,1,1,Permanent,4.309,Permanent,4.309,Permanent,4.309,High
São Paulo Grand Prix,ALO,2,INTERMEDIATE,7,21.15,23.7,0,0.4057971014492754,1,3,1,1,Permanent,4.309,Permanent,4.309,Permanent,4.309,High
São Paulo Grand Prix,ALO,3,INTERMEDIATE,37,20.516666666666666,24.666666666666668,1,0.4927536231884058,6,4,0,0,Permanent,4.309,Permanent,4.309,Permanent,4.309,High
São Paulo Grand Prix,BEA,1,INTERMEDIATE,27,22.114814814814817,24.91481481481481,1,0.0144927536231884,8,0,1,1,Permanent,4.309,Permanent,4.309,Permanent,4.309,High
São Paulo Grand Prix,BEA,2,INTERMEDIATE,4,21.15,23.7,1,0.4057971014492754,1,3,1,1,Permanent,4.309,Permanent,4.309,Permanent,4.309,High
São Paulo Grand Prix,BEA,3,INTERMEDIATE,37,20.51944444444445,24.672222222222224,1,0.4927536231884058,7,4,0,0,Permanent,4.309,Permanent,4.309,Permanent,4.309,High
São Paulo Grand Prix,BOT,1,INTERMEDIATE,31,21.98709677419355,24.748387096774195,1,0.0144927536231884,7,3,2,1,Permanent,4.309,Permanent,4.309,Permanent,4.309,High
São Paulo Grand Prix,BOT,2,INTERMEDIATE,37,20.516666666666666,24.675,1,0.4927536231884058,10,4,0,1,Permanent,4.309,Permanent,4.309,Permanent,4.309,High
São Paulo Grand Prix,COL,1,INTERMEDIATE,26,22.12692307692308,24.93076923076924,1,0.0144927536231884,8,0,0,1,Permanent,4.309,Permanent,4.309,Permanent,4.309,High
São Paulo Grand Prix,COL,2,INTERMEDIATE,4,21.35,23.95,1,0.391304347826087,1,2,2,0,Permanent,4.309,Permanent,4.309,Permanent,4.309,High
São Paulo Grand Prix,GAS,1,INTERMEDIATE,31,22.006451612903227,24.770967741935483,1,0.0144927536231884,10,3,2,2,Permanent,4.309,Permanent,4.309,Permanent,4.309,High
São Paulo Grand Prix,GAS,2,INTERMEDIATE,37,20.51428571428572,24.68,1,0.4927536231884058,11,4,0,0,Permanent,4.309,Permanent,4.309,Permanent,4.309,High
São Paulo Grand Prix,HAM,1,INTERMEDIATE,27,22.114814814814817,24.9,1,0.0144927536231884,9,0,1,1,Permanent,4.309,Permanent,4.309,Permanent,4.309,High
São Paulo Grand Prix,HAM,2,INTERMEDIATE,4,21.15,23.7,1,0.4057971014492754,1,3,1,1,Permanent,4.309,Permanent,4.309,Permanent,4.309,High
São Paulo Grand Prix,HAM,3,INTERMEDIATE,37,20.51944444444445,24.68611111111112,1,0.4927536231884058,7,4,0,0,Permanent,4.309,Permanent,4.309,Permanent,4.309,High
São Paulo Grand Prix,HUL,1,INTERMEDIATE,25,22.144,24.94,1,0.0144927536231884,7,0,0,1,Permanent,4.309,Permanent,4.309,Permanent,4.309,High
São Paulo Grand Prix,HUL,2,INTERMEDIATE,1,21.8,24.6,1,0.3768115942028985,3,0,1,0,Permanent,4.309,Permanent,4.309,Permanent,4.309,High
São Paulo Grand Prix,HUL,3,WET,2,20.9,23.3,1,0.4202898550724637,0,2,0,0,Permanent,4.309,Permanent,4.309,Permanent,4.309,High
São Paulo Grand Prix,LAW,1,INTERMEDIATE,31,22.09642857142857,24.885714285714283,0,0.0144927536231884,10,0,2,1,Permanent,4.309,Permanent,4.309,Permanent,4.309,High
São Paulo Grand Prix,LAW,2,WET,18,21.03333333333333,23.566666666666663,0,0.4202898550724637,1,3,0,1,Permanent,4.309,Permanent,4.309,Permanent,4.309,High
São Paulo Grand Prix,LAW,3,INTERMEDIATE,40,20.51944444444445,24.68611111111112,0,0.4927536231884058,7,4,0,0,Permanent,4.309,Permanent,4.309,Permanent,4.309,High
São Paulo Grand Prix,LEC,1,INTERMEDIATE,26,22.15833333333333,24.954166666666666,0,0.0144927536231884,9,0,0,1,Permanent,4.309,Permanent,4.309,Permanent,4.309,High
São Paulo Grand Prix,LEC,2,INTERMEDIATE,10,21.485714285714288,24.17142857142857,0,0.3623188405797101,3,3,2,1,Permanent,4.309,Permanent,4.309,Permanent,4.309,High
São Paulo Grand Prix,LEC,3,INTERMEDIATE,40,20.51388888888889,24.691666666666663,0,0.4927536231884058,8,4,0,0,Permanent,4.309,Permanent,4.309,Permanent,4.309,High
São Paulo Grand Prix,NOR,1,INTERMEDIATE,31,22.103571428571428,24.9,0,0.0144927536231884,10,0,1,1,Permanent,4.309,Permanent,4.309,Permanent,4.309,High
São Paulo Grand Prix,NOR,2,INTERMEDIATE,7,21.133333333333333,23.7,0,0.4202898550724637,1,3,0,1,Permanent,4.309,Permanent,4.309,Permanent,4.309,High
São Paulo Grand Prix,NOR,3,INTERMEDIATE,41,20.51388888888889,24.691666666666663,0,0.4927536231884058,7,4,0,0,Permanent,4.309,Permanent,4.309,Permanent,4.309,High
São Paulo Grand Prix,OCO,1,INTERMEDIATE,33,22.01290322580645,24.787096774193547,0,0.0144927536231884,11,3,2,2,Permanent,4.309,Permanent,4.309,Permanent,4.309,High
São Paulo Grand Prix,OCO,2,INTERMEDIATE,39,20.51714285714285,24.67714285714285,0,0.4927536231884058,10,4,0,0,Permanent,4.309,Permanent,4.309,Permanent,4.309,High
São Paulo Grand Prix,PER,1,INTERMEDIATE,27,22.114814814814817,24.90740740740741,1,0.0144927536231884,9,0,1,1,Permanent,4.309,Permanent,4.309,Permanent,4.309,High
São Paulo Grand Prix,PER,2,WET,9,21.15,23.7,0,0.4057971014492754,1,3,1,1,Permanent,4.309,Permanent,4.309,Permanent,4.309,High
São Paulo Grand Prix,PER,3,INTERMEDIATE,37,20.51944444444445,24.683333333333334,1,0.4927536231884058,7,4,0,0,Permanent,4.309,Permanent,4.309,Permanent,4.309,High
São Paulo Grand Prix,PIA,1,INTERMEDIATE,30,22.11851851851852,24.91481481481481,0,0.0144927536231884,10,0,1,1,Permanent,4.309,Permanent,4.309,Permanent,4.309,High
São Paulo Grand Prix,PIA,2,INTERMEDIATE,8,21.225,23.8,0,0.4057971014492754,1,3,1,1,Permanent,4.309,Permanent,4.309,Permanent,4.309,High
São Paulo Grand Prix,PIA,3,INTERMEDIATE,39,20.51388888888889,24.691666666666663,0,0.4927536231884058,9,4,0,1,Permanent,4.309,Permanent,4.309,Permanent,4.309,High
São Paulo Grand Prix,RUS,1,INTERMEDIATE,31,22.103571428571428,24.9,0,0.0144927536231884,10,0,1,1,Permanent,4.309,Permanent,4.309,Permanent,4.309,High
São Paulo Grand Prix,RUS,2,INTERMEDIATE,6,21.133333333333333,23.7,0,0.4202898550724637,1,3,1,1,Permanent,4.309,Permanent,4.309,Permanent,4.309,High
São Paulo Grand Prix,RUS,3,INTERMEDIATE,40,20.51388888888889,24.694444444444443,0,0.4927536231884058,7,4,0,0,Permanent,4.309,Permanent,4.309,Permanent,4.309,High
São Paulo Grand Prix,SAI,1,INTERMEDIATE,27,22.114814814814817,24.91481481481481,1,0.0144927536231884,9,0,1,1,Permanent,4.309,Permanent,4.309,Permanent,4.309,High
São Paulo Grand Prix,SAI,2,INTERMEDIATE,4,21.15,23.7,1,0.4057971014492754,1,3,1,1,Permanent,4.309,Permanent,4.309,Permanent,4.309,High
São Paulo Grand Prix,SAI,3,INTERMEDIATE,6,20.56,24.68,0,0.4927536231884058,4,1,0,0,Permanent,4.309,Permanent,4.309,Permanent,4.309,High
São Paulo Grand Prix,TSU,1,INTERMEDIATE,31,22.107142857142858,24.90357142857143,0,0.0144927536231884,10,0,2,1,Permanent,4.309,Permanent,4.309,Permanent,4.309,High
São Paulo Grand Prix,TSU,2,WET,3,21.133333333333333,23.7,1,0.4202898550724637,1,3,0,1,Permanent,4.309,Permanent,4.309,Permanent,4.309,High
São Paulo Grand Prix,TSU,3,INTERMEDIATE,40,20.516666666666666,24.688888888888886,0,0.4927536231884058,7,4,0,0,Permanent,4.309,Permanent,4.309,Permanent,4.309,High
São Paulo Grand Prix,VER,1,INTERMEDIATE,31,22.00967741935484,24.780645161290323,1,0.0144927536231884,10,3,2,2,Permanent,4.309,Permanent,4.309,Permanent,4.309,High
São Paulo Grand Prix,VER,2,INTERMEDIATE,37,20.51428571428572,24.685714285714287,1,0.4927536231884058,9,4,0,0,Permanent,4.309,Permanent,4.309,Permanent,4.309,High
São Paulo Grand Prix,ZHO,1,INTERMEDIATE,27,22.107407407407408,24.9,1,0.0144927536231884,10,0,1,1,Permanent,4.309,Permanent,4.309,Permanent,4.309,High
São Paulo Grand Prix,ZHO,2,INTERMEDIATE,1,21.4,24.0,1,0.4057971014492754,1,0,1,0,Permanent,4.309,Permanent,4.309,Permanent,4.309,High
São Paulo Grand Prix,ZHO,3,WET,9,21.0,23.55,0,0.4202898550724637,0,3,0,1,Permanent,4.309,Permanent,4.309,Permanent,4.309,High
São Paulo Grand Prix,ZHO,5,INTERMEDIATE,38,20.516666666666666,24.669444444444444,0,0.4927536231884058,7,4,0,0,Permanent,4.309,Permanent,4.309,Permanent,4.309,High
United States Grand Prix,ALB,1,MEDIUM,3,28.066666666666663,46.96666666666667,1,0.0178571428571428,5,1,0,0,Permanent,5.513,Permanent,5.513,Permanent,5.513,High
United States Grand Prix,ALB,2,MEDIUM,30,28.385714285714283,47.425,1,0.1071428571428571,1,2,0,0,Permanent,5.513,Permanent,5.513,Permanent,5.513,High
United States Grand Prix,ALB,3,HARD,22,29.031818181818185,46.72272727272728,1,0.6071428571428571,1,0,1,0,Permanent,5.513,Permanent,5.513,Permanent,5.513,High
United States Grand Prix,ALO,1,MEDIUM,26,28.2375,47.32083333333333,1,0.0178571428571428,4,3,0,0,Permanent,5.513,Permanent,5.513,Permanent,5.513,High
United States Grand Prix,ALO,2,HARD,30,28.96551724137931,46.94137931034483,0,0.4821428571428571,2,0,0,0,Permanent,5.513,Permanent,5.513,Permanent,5.513,High
United States Grand Prix,BOT,1,MEDIUM,15,28.107692307692307,47.12307692307692,0,0.0178571428571428,4,3,0,0,Permanent,5.513,Permanent,5.513,Permanent,5.513,High
United States Grand Prix,BOT,2,HARD,40,28.8125,47.1,1,0.2857142857142857,3,0,0,0,Permanent,5.513,Permanent,5.513,Permanent,5.513,High
United States Grand Prix,COL,1,HARD,39,28.44054054054054,47.3054054054054,1,0.0178571428571428,6,3,0,0,Permanent,5.513,Permanent,5.513,Permanent,5.513,High
United States Grand Prix,COL,2,MEDIUM,17,29.08235294117647,46.63529411764706,1,0.7142857142857143,1,0,0,0,Permanent,5.513,Permanent,5.513,Permanent,5.513,High
United States Grand Prix,GAS,1,MEDIUM,18,28.1625,47.225,1,0.0178571428571428,5,3,0,0,Permanent,5.513,Permanent,5.513,Permanent,5.513,High
United States Grand Prix,GAS,2,HARD,38,28.85263157894737,47.03421052631579,1,0.3392857142857143,2,0,0,0,Permanent,5.513,Permanent,5.513,Permanent,5.513,High
United States Grand Prix,HAM,1,HARD,1,27.8,46.7,1,0.0178571428571428,3,1,0,0,Permanent,5.513,Permanent,5.513,Permanent,5.513,High
United States Grand Prix,HUL,1,MEDIUM,27,28.252,47.32,1,0.0178571428571428,5,3,0,0,Permanent,5.513,Permanent,5.513,Permanent,5.513,High
United States Grand Prix,HUL,2,HARD,29,28.98275862068965,46.92068965517242,1,0.5,2,0,0,0,Permanent,5.513,Permanent,5.513,Permanent,5.513,High
United States Grand Prix,LAW,1,HARD,36,28.394117647058824,47.33529411764706,1,0.0178571428571428,6,3,0,0,Permanent,5.513,Permanent,5.513,Permanent,5.513,High
United States Grand Prix,LAW,2,MEDIUM,20,29.065,46.69,1,0.6607142857142857,1,0,0,0,Permanent,5.513,Permanent,5.513,Permanent,5.513,High
United States Grand Prix,LEC,1,MEDIUM,26,28.254166666666663,47.30833333333334,1,0.0178571428571428,5,3,0,0,Permanent,5.513,Permanent,5.513,Permanent,5.513,High
United States Grand Prix,LEC,2,HARD,30,28.946666666666665,46.93,1,0.4821428571428571,1,0,0,0,Permanent,5.513,Permanent,5.513,Permanent,5.513,High
United States Grand Prix,MAG,1,MEDIUM,17,28.15333333333333,47.18666666666666,1,0.0178571428571428,5,3,0,0,Permanent,5.513,Permanent,5.513,Permanent,5.513,High
United States Grand Prix,MAG,2,HARD,21,28.623809523809523,47.41904761904762,1,0.3214285714285714,1,0,0,0,Permanent,5.513,Permanent,5.513,Permanent,5.513,High
United States Grand Prix,MAG,3,MEDIUM,18,29.09444444444445,46.63333333333333,1,0.6964285714285714,3,0,2,0,Permanent,5.513,Permanent,5.513,Permanent,5.513,High
United States Grand Prix,NOR,1,MEDIUM,31,28.32758620689655,47.35172413793104,1,0.0178571428571428,4,3,0,0,Permanent,5.513,Permanent,5.513,Permanent,5.513,High
United States Grand Prix,NOR,2,HARD,25,29.004,46.828,1,0.5714285714285714,2,0,0,0,Permanent,5.513,Permanent,5.513,Permanent,5.513,High
United States Grand Prix,OCO,1,MEDIUM,31,28.33103448275862,47.3551724137931,1,0.0178571428571428,6,3,0,0,Permanent,5.513,Permanent,5.513,Permanent,5.513,High
United States Grand Prix,OCO,2,HARD,20,28.97,46.915,1,0.5714285714285714,2,0,0,0,Permanent,5.513,Permanent,5.513,Permanent,5.513,High
United States Grand Prix,OCO,3,SOFT,7,29.2,46.1,0,0.9285714285714286,2,0,1,0,Permanent,5.513,Permanent,5.513,Permanent,5.513,High
United States Grand Prix,PER,1,MEDIUM,26,28.241666666666664,47.32083333333333,1,0.0178571428571428,6,3,0,0,Permanent,5.513,Permanent,5.513,Permanent,5.513,High
United States Grand Prix,PER,2,HARD,30,28.97,46.91666666666666,1,0.4821428571428571,1,0,0,0,Permanent,5.513,Permanent,5.513,Permanent,5.513,High
United States Grand Prix,PIA,1,MEDIUM,32,28.34333333333333,47.35333333333333,1,0.0178571428571428,5,3,0,0,Permanent,5.513,Permanent,5.513,Permanent,5.513,High
United States Grand Prix,PIA,2,HARD,24,29.016666666666666,46.80833333333334,1,0.5892857142857143,2,0,0,0,Permanent,5.513,Permanent,5.513,Permanent,5.513,High
United States Grand Prix,RUS,1,HARD,40,28.45675675675676,47.31351351351351,1,0.0178571428571428,6,3,0,0,Permanent,5.513,Permanent,5.513,Permanent,5.513,High
United States Grand Prix,RUS,2,MEDIUM,16,29.1,46.59375,1,0.7321428571428571,1,0,0,0,Permanent,5.513,Permanent,5.513,Permanent,5.513,High
United States Grand Prix,SAI,1,MEDIUM,21,28.2,47.205263157894734,1,0.0178571428571428,5,3,0,0,Permanent,5.513,Permanent,5.513,Permanent,5.513,High
United States Grand Prix,SAI,2,HARD,35,28.88285714285714,47.05142857142857,1,0.3928571428571428,1,0,0,0,Permanent,5.513,Permanent,5.513,Permanent,5.513,High
United States Grand Prix,STR,1,HARD,28,28.248,47.32,0,0.0178571428571428,4,3,0,0,Permanent,5.513,Permanent,5.513,Permanent,5.513,High
United States Grand Prix,STR,2,MEDIUM,28,28.978571428571428,46.90714285714286,1,0.5,4,0,0,0,Permanent,5.513,Permanent,5.513,Permanent,5.513,High
United States Grand Prix,TSU,1,MEDIUM,18,28.15625,47.2125,1,0.0178571428571428,6,3,0,0,Permanent,5.513,Permanent,5.513,Permanent,5.513,High
United States Grand Prix,TSU,2,HARD,37,28.845945945945942,47.054054054054056,1,0.3392857142857143,1,0,0,0,Permanent,5.513,Permanent,5.513,Permanent,5.513,High
United States Grand Prix,VER,1,MEDIUM,25,28.247826086956525,47.29130434782609,1,0.0178571428571428,4,3,0,0,Permanent,5.513,Permanent,5.513,Permanent,5.513,High
United States Grand Prix,VER,2,HARD,31,28.93870967741936,46.96451612903226,1,0.4642857142857143,2,0,0,0,Permanent,5.513,Permanent,5.513,Permanent,5.513,High
United States Grand Prix,ZHO,1,MEDIUM,13,28.063636363636363,47.02727272727272,0,0.0178571428571428,6,3,0,0,Permanent,5.513,Permanent,5.513,Permanent,5.513,High
United States Grand Prix,ZHO,2,MEDIUM,22,28.55,47.50454545454545,0,0.25,1,0,0,0,Permanent,5.513,Permanent,5.513,Permanent,5.513,High
United States Grand Prix,ZHO,3,HARD,20,29.075,46.695,1,0.6428571428571429,1,0,0,0,Permanent,5.513,Permanent,5.513,Permanent,5.513,High
