Time,AirTemp,Humidity,Pressure,Rainfall,TrackTemp,WindDirection,WindSpeed,RoundNumber,EventName,Session,Date
0 days 00:00:44.852000,19.7,38,1016.2,FALSE,35.8,84,3.7,1,Bahrain Grand Prix,FP1,02-03-2024
0 days 00:01:44.867000,19.8,38,1016,FALSE,35.8,73,3.4,1,Bahrain Grand Prix,FP1,02-03-2024
0 days 00:02:44.873000,19.7,38,1016.2,FALSE,35.9,72,4.1,1,Bahrain Grand Prix,FP1,02-03-2024
0 days 00:03:44.889000,19.7,38,1016.2,FALSE,35.9,83,3.7,1,Bahrain Grand Prix,FP1,02-03-2024
0 days 00:04:44.894000,19.7,38,1016.1,FALSE,35.9,89,4,1,Bahrain Grand Prix,FP1,02-03-2024
0 days 00:05:44.894000,19.6,38,1016.1,FALSE,36,64,3.7,1,Bahrain Grand Prix,FP1,02-03-2024
0 days 00:06:44.888000,19.6,38,1016.2,FALSE,35.8,78,2.9,1,Bahrain Grand Prix,FP1,02-03-2024
0 days 00:07:44.905000,19.5,38,1016.1,FALSE,35.7,70,3.9,1,Bahrain Grand Prix,FP1,02-03-2024
0 days 00:08:44.927000,19.5,38,1016.1,FALSE,35.7,83,3.3,1,Bahrain Grand Prix,FP1,02-03-2024
0 days 00:09:44.935000,19.5,39,1016.2,FALSE,35.7,86,3.8,1,Bahrain Grand Prix,FP1,02-03-2024
0 days 00:10:44.938000,19.5,39,1016.1,FALSE,35.7,109,3.6,1,Bahrain Grand Prix,FP1,02-03-2024
0 days 00:11:44.943000,19.5,39,1016.1,FALSE,35.9,72,3.2,1,Bahrain Grand Prix,FP1,02-03-2024
0 days 00:12:44.943000,19.5,38,1016.2,FALSE,35.9,58,3.2,1,Bahrain Grand Prix,FP1,02-03-2024
0 days 00:13:44.959000,19.6,37,1016.1,FALSE,35.9,70,2.8,1,Bahrain Grand Prix,FP1,02-03-2024
0 days 00:14:44.958000,19.6,36,1016.2,FALSE,35.7,51,3.4,1,Bahrain Grand Prix,FP1,02-03-2024
0 days 00:15:44.959000,19.6,36,1016.1,FALSE,35.6,80,3.7,1,Bahrain Grand Prix,FP1,02-03-2024
0 days 00:16:44.983000,19.5,37,1016.2,FALSE,35.6,75,3,1,Bahrain Grand Prix,FP1,02-03-2024
0 days 00:17:44.978000,19.5,38,1016.1,FALSE,35.6,93,3.7,1,Bahrain Grand Prix,FP1,02-03-2024
0 days 00:18:44.979000,19.5,38,1016.2,FALSE,35.6,64,2.8,1,Bahrain Grand Prix,FP1,02-03-2024
0 days 00:19:44.980000,19.5,38,1016.2,FALSE,35.4,65,2.6,1,Bahrain Grand Prix,FP1,02-03-2024
0 days 00:20:44.973000,19.5,37,1016.2,FALSE,35.4,62,3.1,1,Bahrain Grand Prix,FP1,02-03-2024
0 days 00:21:44.982000,19.4,38,1016.2,FALSE,35.2,50,4,1,Bahrain Grand Prix,FP1,02-03-2024
0 days 00:22:44.966000,19.3,38,1016.1,FALSE,35.2,45,3.1,1,Bahrain Grand Prix,FP1,02-03-2024
0 days 00:23:44.975000,19.6,38,1016.1,FALSE,34.9,51,2.9,1,Bahrain Grand Prix,FP1,02-03-2024
0 days 00:24:44.983000,19.7,38,1016,FALSE,34.9,66,3.6,1,Bahrain Grand Prix,FP1,02-03-2024
0 days 00:25:44.995000,19.8,38,1016,FALSE,34.8,101,3.5,1,Bahrain Grand Prix,FP1,02-03-2024
0 days 00:26:45,19.8,38,1016,FALSE,34.9,54,2.7,1,Bahrain Grand Prix,FP1,02-03-2024
0 days 00:27:44.992000,19.8,38,1016.1,FALSE,34.9,35,3,1,Bahrain Grand Prix,FP1,02-03-2024
0 days 00:28:45.001000,19.8,38,1016.1,FALSE,34.9,93,2.1,1,Bahrain Grand Prix,FP1,02-03-2024
0 days 00:29:45.002000,19.7,39,1016.2,FALSE,34.9,95,2.7,1,Bahrain Grand Prix,FP1,02-03-2024
0 days 00:30:45.004000,19.7,39,1016.1,FALSE,35.1,81,3.6,1,Bahrain Grand Prix,FP1,02-03-2024
0 days 00:31:45.020000,19.6,38,1016,FALSE,35.1,66,2.5,1,Bahrain Grand Prix,FP1,02-03-2024
0 days 00:32:45.017000,19.5,38,1016.2,FALSE,34.6,86,3,1,Bahrain Grand Prix,FP1,02-03-2024
0 days 00:33:45.060000,19.5,39,1016,FALSE,34.5,96,3.2,1,Bahrain Grand Prix,FP1,02-03-2024
0 days 00:34:45.032000,19.5,40,1016,FALSE,34.8,78,2.7,1,Bahrain Grand Prix,FP1,02-03-2024
0 days 00:35:45.038000,19.5,39,1016.2,FALSE,34.8,46,3.2,1,Bahrain Grand Prix,FP1,02-03-2024
0 days 00:36:45.021000,19.5,39,1016.2,FALSE,34.7,49,3.3,1,Bahrain Grand Prix,FP1,02-03-2024
0 days 00:37:45.040000,19.4,39,1016,FALSE,34.3,57,3.4,1,Bahrain Grand Prix,FP1,02-03-2024
0 days 00:38:45.027000,19.4,40,1016.1,FALSE,34.4,58,3.7,1,Bahrain Grand Prix,FP1,02-03-2024
0 days 00:39:45.039000,19.4,40,1016,FALSE,34.4,51,3.8,1,Bahrain Grand Prix,FP1,02-03-2024
0 days 00:40:45.034000,19.3,40,1016,FALSE,34.3,58,3.7,1,Bahrain Grand Prix,FP1,02-03-2024
0 days 00:41:45.034000,19.2,41,1016,FALSE,34.3,53,3.8,1,Bahrain Grand Prix,FP1,02-03-2024
0 days 00:42:45.033000,19.2,40,1016.1,FALSE,34.1,47,3.8,1,Bahrain Grand Prix,FP1,02-03-2024
0 days 00:43:45.034000,19.2,39,1016,FALSE,34.2,64,3.7,1,Bahrain Grand Prix,FP1,02-03-2024
0 days 00:44:45.041000,19.2,39,1016.1,FALSE,34.1,65,4.1,1,Bahrain Grand Prix,FP1,02-03-2024
0 days 00:45:45.060000,19.1,39,1015.9,FALSE,33.6,39,3.6,1,Bahrain Grand Prix,FP1,02-03-2024
0 days 00:46:45.053000,19.1,40,1016.1,FALSE,33.6,63,3.3,1,Bahrain Grand Prix,FP1,02-03-2024
0 days 00:47:45.063000,19.2,40,1015.9,FALSE,33.6,60,3.9,1,Bahrain Grand Prix,FP1,02-03-2024
0 days 00:48:45.065000,19.2,40,1016,FALSE,33.4,57,4.7,1,Bahrain Grand Prix,FP1,02-03-2024
0 days 00:49:45.087000,19.3,39,1016.1,FALSE,33.5,47,3.7,1,Bahrain Grand Prix,FP1,02-03-2024
0 days 00:50:45.095000,19.2,39,1016,FALSE,33.5,53,3.8,1,Bahrain Grand Prix,FP1,02-03-2024
0 days 00:51:45.085000,19.2,39,1016.1,FALSE,33.4,62,3.9,1,Bahrain Grand Prix,FP1,02-03-2024
0 days 00:52:45.113000,19.2,40,1016.2,FALSE,33.3,64,3.4,1,Bahrain Grand Prix,FP1,02-03-2024
0 days 00:53:45.126000,19.3,40,1016.1,FALSE,33.5,62,2.3,1,Bahrain Grand Prix,FP1,02-03-2024
0 days 00:54:45.123000,19.4,40,1016,FALSE,33.6,72,3.3,1,Bahrain Grand Prix,FP1,02-03-2024
0 days 00:55:45.123000,19.4,39,1016,FALSE,33.8,65,3.3,1,Bahrain Grand Prix,FP1,02-03-2024
0 days 00:56:45.121000,19.4,38,1016,FALSE,33.8,54,2.9,1,Bahrain Grand Prix,FP1,02-03-2024
0 days 00:57:45.129000,19.2,39,1015.9,FALSE,33.3,58,4.1,1,Bahrain Grand Prix,FP1,02-03-2024
0 days 00:58:45.128000,19.2,40,1016,FALSE,33.3,78,3.3,1,Bahrain Grand Prix,FP1,02-03-2024
0 days 00:59:45.124000,19.3,39,1016.1,FALSE,33.1,55,3.6,1,Bahrain Grand Prix,FP1,02-03-2024
0 days 01:00:45.125000,19.3,39,1016.2,FALSE,33.4,64,3.4,1,Bahrain Grand Prix,FP1,02-03-2024
0 days 01:01:45.125000,19.2,39,1016.1,FALSE,33.3,66,3.3,1,Bahrain Grand Prix,FP1,02-03-2024
0 days 01:02:45.133000,19,38,1016.1,FALSE,33.3,58,3.1,1,Bahrain Grand Prix,FP1,02-03-2024
0 days 01:03:45.123000,19.1,39,1016.1,FALSE,33.2,47,2.8,1,Bahrain Grand Prix,FP1,02-03-2024
0 days 01:04:45.130000,19.2,39,1016.1,FALSE,33.2,59,3,1,Bahrain Grand Prix,FP1,02-03-2024
0 days 01:05:45.130000,19.1,39,1016.1,FALSE,32.9,66,3.7,1,Bahrain Grand Prix,FP1,02-03-2024
0 days 01:06:45.134000,19,40,1016.1,FALSE,32.8,69,3.8,1,Bahrain Grand Prix,FP1,02-03-2024
0 days 01:07:45.125000,19.1,40,1016,FALSE,32.9,61,3.9,1,Bahrain Grand Prix,FP1,02-03-2024
0 days 01:08:45.130000,19.1,39,1016.2,FALSE,32.8,88,4.1,1,Bahrain Grand Prix,FP1,02-03-2024
0 days 01:09:45.139000,19.1,39,1016.1,FALSE,32.8,73,3.6,1,Bahrain Grand Prix,FP1,02-03-2024
0 days 01:10:45.142000,19.1,40,1016.1,FALSE,32.8,87,3.1,1,Bahrain Grand Prix,FP1,02-03-2024
0 days 01:11:45.159000,19.1,40,1016.1,FALSE,32.8,61,3.1,1,Bahrain Grand Prix,FP1,02-03-2024
0 days 01:12:45.165000,19.2,40,1016.1,FALSE,32.7,44,3,1,Bahrain Grand Prix,FP1,02-03-2024
0 days 01:13:45.187000,19.1,40,1016.1,FALSE,32.5,49,3.3,1,Bahrain Grand Prix,FP1,02-03-2024
0 days 01:14:45.186000,19.3,38,1016.1,FALSE,32.6,84,2.8,1,Bahrain Grand Prix,FP1,02-03-2024
0 days 01:15:45.188000,19.2,38,1016.1,FALSE,32.6,68,3.7,1,Bahrain Grand Prix,FP1,02-03-2024
0 days 01:16:45.189000,19.2,37,1016.2,FALSE,32.6,80,3.4,1,Bahrain Grand Prix,FP1,02-03-2024
0 days 01:17:45.192000,19.2,37,1016.3,FALSE,32.7,60,2.4,1,Bahrain Grand Prix,FP1,02-03-2024
0 days 01:18:45.204000,19.2,39,1016.1,FALSE,32.5,66,4.2,1,Bahrain Grand Prix,FP1,02-03-2024
0 days 01:19:45.207000,19,40,1016.2,FALSE,32,56,3.4,1,Bahrain Grand Prix,FP1,02-03-2024
0 days 01:20:45.207000,19,40,1016.2,FALSE,31.9,70,3.8,1,Bahrain Grand Prix,FP1,02-03-2024
0 days 01:21:45.208000,19,39,1016.3,FALSE,32.3,58,2.3,1,Bahrain Grand Prix,FP1,02-03-2024
0 days 00:00:44.627000,17.1,46,1017,FALSE,23.4,95,2.5,1,Bahrain Grand Prix,FP2,02-03-2024
0 days 00:01:44.644000,17.1,46,1017,FALSE,23.3,78,2.4,1,Bahrain Grand Prix,FP2,02-03-2024
0 days 00:02:44.652000,17.2,46,1017.1,FALSE,23.2,104,1.8,1,Bahrain Grand Prix,FP2,02-03-2024
0 days 00:03:44.680000,17.2,46,1017,FALSE,23.2,83,3.3,1,Bahrain Grand Prix,FP2,02-03-2024
0 days 00:04:44.697000,17.1,45,1017,FALSE,23.2,134,2.6,1,Bahrain Grand Prix,FP2,02-03-2024
0 days 00:05:44.682000,17.1,45,1017.1,FALSE,23.1,77,2.3,1,Bahrain Grand Prix,FP2,02-03-2024
0 days 00:06:44.713000,17.1,45,1017.1,FALSE,23.1,54,3.2,1,Bahrain Grand Prix,FP2,02-03-2024
0 days 00:07:44.700000,17.1,45,1017,FALSE,23,67,2,1,Bahrain Grand Prix,FP2,02-03-2024
0 days 00:08:44.702000,17.1,45,1017.2,FALSE,23.1,81,2.1,1,Bahrain Grand Prix,FP2,02-03-2024
0 days 00:09:44.713000,17.1,43,1017.1,FALSE,23,100,2.2,1,Bahrain Grand Prix,FP2,02-03-2024
0 days 00:10:44.708000,17.1,43,1017,FALSE,23,84,3,1,Bahrain Grand Prix,FP2,02-03-2024
0 days 00:11:44.718000,17.1,42,1017.1,FALSE,22.9,95,2.6,1,Bahrain Grand Prix,FP2,02-03-2024
0 days 00:12:44.717000,17.1,41,1017,FALSE,22.9,67,3.5,1,Bahrain Grand Prix,FP2,02-03-2024
0 days 00:13:44.704000,17.2,41,1017,FALSE,22.8,84,2.5,1,Bahrain Grand Prix,FP2,02-03-2024
0 days 00:14:44.713000,17.2,41,1017.1,FALSE,22.8,75,2.3,1,Bahrain Grand Prix,FP2,02-03-2024
0 days 00:15:44.705000,17.2,40,1017.1,FALSE,22.7,62,2.7,1,Bahrain Grand Prix,FP2,02-03-2024
0 days 00:16:44.731000,17.2,40,1017.1,FALSE,22.6,63,2,1,Bahrain Grand Prix,FP2,02-03-2024
0 days 00:17:44.774000,17.2,40,1017.1,FALSE,22.7,47,2.9,1,Bahrain Grand Prix,FP2,02-03-2024
0 days 00:18:44.749000,17.2,40,1017.2,FALSE,22.7,82,2.6,1,Bahrain Grand Prix,FP2,02-03-2024
0 days 00:19:44.742000,17.2,40,1017.2,FALSE,22.7,62,1.9,1,Bahrain Grand Prix,FP2,02-03-2024
0 days 00:20:44.758000,17.2,41,1017.2,FALSE,22.7,82,2,1,Bahrain Grand Prix,FP2,02-03-2024
0 days 00:21:44.751000,17.2,41,1017.3,FALSE,22.7,62,1.9,1,Bahrain Grand Prix,FP2,02-03-2024
0 days 00:22:44.757000,17.3,41,1017.1,FALSE,22.6,92,2.1,1,Bahrain Grand Prix,FP2,02-03-2024
0 days 00:23:44.739000,17.3,41,1017.3,FALSE,22.6,67,2,1,Bahrain Grand Prix,FP2,02-03-2024
0 days 00:24:44.750000,17.2,41,1017.3,FALSE,22.6,99,1.4,1,Bahrain Grand Prix,FP2,02-03-2024
0 days 00:25:44.752000,17.2,41,1017.2,FALSE,22.6,47,2.3,1,Bahrain Grand Prix,FP2,02-03-2024
0 days 00:26:44.756000,17.2,41,1017.2,FALSE,22.5,63,2.3,1,Bahrain Grand Prix,FP2,02-03-2024
0 days 00:27:44.749000,17.2,41,1017,FALSE,22.4,134,1.8,1,Bahrain Grand Prix,FP2,02-03-2024
0 days 00:28:44.753000,17.2,42,1017.2,FALSE,22.4,105,2.4,1,Bahrain Grand Prix,FP2,02-03-2024
0 days 00:29:44.759000,17.2,42,1017.2,FALSE,22.4,91,1.9,1,Bahrain Grand Prix,FP2,02-03-2024
0 days 00:30:44.754000,17.2,42,1017.2,FALSE,22.4,54,1.4,1,Bahrain Grand Prix,FP2,02-03-2024
0 days 00:31:44.760000,17.3,41,1017.3,FALSE,22.5,59,1.5,1,Bahrain Grand Prix,FP2,02-03-2024
0 days 00:32:44.762000,17.2,41,1017.2,FALSE,22.3,134,1.9,1,Bahrain Grand Prix,FP2,02-03-2024
0 days 00:33:44.750000,17.2,41,1017.2,FALSE,22.3,111,1.5,1,Bahrain Grand Prix,FP2,02-03-2024
0 days 00:34:44.761000,17.2,40,1017.1,FALSE,22.3,86,2.5,1,Bahrain Grand Prix,FP2,02-03-2024
0 days 00:35:44.748000,17.2,39,1017.1,FALSE,22.2,70,2.4,1,Bahrain Grand Prix,FP2,02-03-2024
0 days 00:36:44.761000,17.3,39,1017.1,FALSE,22.2,89,2.6,1,Bahrain Grand Prix,FP2,02-03-2024
0 days 00:37:44.760000,17.2,39,1017.2,FALSE,22.1,85,2.1,1,Bahrain Grand Prix,FP2,02-03-2024
0 days 00:38:44.763000,17.2,39,1017.1,FALSE,22.1,99,3.2,1,Bahrain Grand Prix,FP2,02-03-2024
0 days 00:39:44.764000,17.2,38,1017.2,FALSE,22.1,102,2.6,1,Bahrain Grand Prix,FP2,02-03-2024
0 days 00:40:44.753000,17.2,38,1017.3,FALSE,22,95,2.6,1,Bahrain Grand Prix,FP2,02-03-2024
0 days 00:41:44.764000,17.3,38,1017.2,FALSE,22,71,2.6,1,Bahrain Grand Prix,FP2,02-03-2024
0 days 00:42:44.752000,17.3,38,1017.3,FALSE,22,65,2.6,1,Bahrain Grand Prix,FP2,02-03-2024
0 days 00:43:44.758000,17.3,38,1017.3,FALSE,22,61,2.5,1,Bahrain Grand Prix,FP2,02-03-2024
0 days 00:44:44.755000,17.3,37,1017.3,FALSE,22,65,2.5,1,Bahrain Grand Prix,FP2,02-03-2024
0 days 00:45:44.779000,17.2,37,1017.3,FALSE,21.8,73,2.6,1,Bahrain Grand Prix,FP2,02-03-2024
0 days 00:46:44.766000,17.2,36,1017.3,FALSE,21.9,68,2.2,1,Bahrain Grand Prix,FP2,02-03-2024
0 days 00:47:44.799000,17.3,36,1017.2,FALSE,22,81,1.6,1,Bahrain Grand Prix,FP2,02-03-2024
0 days 00:48:44.838000,17.3,36,1017.3,FALSE,22,80,1.9,1,Bahrain Grand Prix,FP2,02-03-2024
0 days 00:49:44.785000,17.3,36,1017.2,FALSE,21.9,102,2.6,1,Bahrain Grand Prix,FP2,02-03-2024
0 days 00:50:44.788000,17.3,37,1017.2,FALSE,21.8,70,2.3,1,Bahrain Grand Prix,FP2,02-03-2024
0 days 00:51:44.788000,17.3,37,1017.3,FALSE,21.9,73,2.2,1,Bahrain Grand Prix,FP2,02-03-2024
0 days 00:52:44.782000,17.3,37,1017.3,FALSE,21.9,101,1.5,1,Bahrain Grand Prix,FP2,02-03-2024
0 days 00:53:44.805000,17.2,37,1017.3,FALSE,21.8,118,1.8,1,Bahrain Grand Prix,FP2,02-03-2024
0 days 00:54:44.806000,17.2,37,1017.2,FALSE,21.7,84,2.1,1,Bahrain Grand Prix,FP2,02-03-2024
0 days 00:55:44.802000,17.3,37,1017.2,FALSE,21.6,101,2.4,1,Bahrain Grand Prix,FP2,02-03-2024
0 days 00:56:44.822000,17.3,37,1017.3,FALSE,21.5,67,3.2,1,Bahrain Grand Prix,FP2,02-03-2024
0 days 00:57:44.840000,17.2,37,1017.2,FALSE,21.5,92,2.8,1,Bahrain Grand Prix,FP2,02-03-2024
0 days 00:58:44.855000,17.3,37,1017.2,FALSE,21.5,92,2.8,1,Bahrain Grand Prix,FP2,02-03-2024
0 days 00:59:44.859000,17.3,37,1017.2,FALSE,21.4,111,3.1,1,Bahrain Grand Prix,FP2,02-03-2024
0 days 01:00:44.863000,17.3,37,1017.3,FALSE,21.4,65,2.3,1,Bahrain Grand Prix,FP2,02-03-2024
0 days 01:01:44.878000,17.3,38,1017.3,FALSE,21.5,110,1.6,1,Bahrain Grand Prix,FP2,02-03-2024
0 days 01:02:44.897000,17.3,38,1017.3,FALSE,21.5,86,2,1,Bahrain Grand Prix,FP2,02-03-2024
0 days 01:03:44.900000,17.4,37,1017.2,FALSE,21.5,94,2.2,1,Bahrain Grand Prix,FP2,02-03-2024
0 days 01:04:44.903000,17.4,37,1017.3,FALSE,21.5,95,2.2,1,Bahrain Grand Prix,FP2,02-03-2024
0 days 01:05:44.902000,17.4,37,1017.3,FALSE,21.4,59,2.5,1,Bahrain Grand Prix,FP2,02-03-2024
0 days 01:06:44.902000,17.4,36,1017.4,FALSE,21.5,105,2.8,1,Bahrain Grand Prix,FP2,02-03-2024
0 days 01:07:44.905000,17.3,34,1017.4,FALSE,21.3,75,3,1,Bahrain Grand Prix,FP2,02-03-2024
0 days 01:08:44.893000,17.4,34,1017.3,FALSE,21.3,88,2.9,1,Bahrain Grand Prix,FP2,02-03-2024
0 days 01:09:44.909000,17.3,34,1017.4,FALSE,21.3,76,2.7,1,Bahrain Grand Prix,FP2,02-03-2024
0 days 01:10:44.909000,17.3,34,1017.4,FALSE,21.3,76,2.7,1,Bahrain Grand Prix,FP2,02-03-2024
0 days 01:11:44.906000,17.4,35,1017.4,FALSE,21.2,112,1.8,1,Bahrain Grand Prix,FP2,02-03-2024
0 days 01:12:44.909000,17.4,35,1017.5,FALSE,21.2,41,1.3,1,Bahrain Grand Prix,FP2,02-03-2024
0 days 01:13:44.916000,17.3,35,1017.5,FALSE,21.2,41,1.3,1,Bahrain Grand Prix,FP2,02-03-2024
0 days 01:14:44.941000,17.3,36,1017.4,FALSE,21.3,89,2.2,1,Bahrain Grand Prix,FP2,02-03-2024
0 days 01:15:44.951000,17.3,36,1017.4,FALSE,21.2,71,3,1,Bahrain Grand Prix,FP2,02-03-2024
0 days 01:16:44.960000,17.4,36,1017.4,FALSE,21.1,72,1.4,1,Bahrain Grand Prix,FP2,02-03-2024
0 days 01:17:44.957000,17.4,36,1017.5,FALSE,21.2,120,1.6,1,Bahrain Grand Prix,FP2,02-03-2024
0 days 01:18:44.970000,17.4,36,1017.4,FALSE,21.2,93,1.7,1,Bahrain Grand Prix,FP2,02-03-2024
0 days 01:19:44.977000,17.3,36,1017.4,FALSE,21.1,67,1.7,1,Bahrain Grand Prix,FP2,02-03-2024
0 days 01:20:44.979000,17.3,36,1017.6,FALSE,21.2,91,2.9,1,Bahrain Grand Prix,FP2,02-03-2024
0 days 01:21:44.979000,17.3,36,1017.6,FALSE,21.1,66,1.2,1,Bahrain Grand Prix,FP2,02-03-2024
0 days 00:00:49.898000,20.6,30,1017.6,FALSE,35.2,62,2.6,1,Bahrain Grand Prix,FP3,02-03-2024
0 days 00:01:49.895000,20.6,30,1017.7,FALSE,35.1,83,3.4,1,Bahrain Grand Prix,FP3,02-03-2024
0 days 00:02:49.949000,20.6,30,1017.6,FALSE,35,61,2.8,1,Bahrain Grand Prix,FP3,02-03-2024
0 days 00:03:49.895000,20.5,30,1017.7,FALSE,34.9,37,2.9,1,Bahrain Grand Prix,FP3,02-03-2024
0 days 00:04:49.895000,20.5,31,1017.7,FALSE,34.8,44,3.7,1,Bahrain Grand Prix,FP3,02-03-2024
0 days 00:05:49.899000,20.5,31,1017.4,FALSE,34.3,45,2.2,1,Bahrain Grand Prix,FP3,02-03-2024
0 days 00:06:49.909000,20.5,31,1017.5,FALSE,34.3,41,3.7,1,Bahrain Grand Prix,FP3,02-03-2024
0 days 00:07:49.904000,20.5,31,1017.5,FALSE,34.3,49,3.3,1,Bahrain Grand Prix,FP3,02-03-2024
0 days 00:08:49.905000,20.5,32,1017.6,FALSE,34.3,67,2.9,1,Bahrain Grand Prix,FP3,02-03-2024
0 days 00:09:49.904000,20.5,32,1017.6,FALSE,34.3,55,2.7,1,Bahrain Grand Prix,FP3,02-03-2024
0 days 00:10:49.903000,20.4,32,1017.6,FALSE,34.1,55,2.8,1,Bahrain Grand Prix,FP3,02-03-2024
0 days 00:11:49.900000,20.4,33,1017.6,FALSE,34,60,2.8,1,Bahrain Grand Prix,FP3,02-03-2024
0 days 00:12:49.907000,20.4,33,1017.6,FALSE,33.7,42,2.3,1,Bahrain Grand Prix,FP3,02-03-2024
0 days 00:13:49.907000,20.4,33,1017.6,FALSE,34.1,65,2.8,1,Bahrain Grand Prix,FP3,02-03-2024
0 days 00:14:49.903000,20.5,33,1017.5,FALSE,33.9,62,2.6,1,Bahrain Grand Prix,FP3,02-03-2024
0 days 00:15:49.901000,20.5,33,1017.5,FALSE,34,82,3.4,1,Bahrain Grand Prix,FP3,02-03-2024
0 days 00:16:49.911000,20.4,33,1017.6,FALSE,34,78,1.9,1,Bahrain Grand Prix,FP3,02-03-2024
0 days 00:17:49.911000,20.4,33,1017.6,FALSE,34,51,2.3,1,Bahrain Grand Prix,FP3,02-03-2024
0 days 00:18:49.900000,20.4,33,1017.5,FALSE,34.1,61,2.5,1,Bahrain Grand Prix,FP3,02-03-2024
0 days 00:19:49.896000,20.5,33,1017.6,FALSE,33.9,57,2.7,1,Bahrain Grand Prix,FP3,02-03-2024
0 days 00:20:49.911000,20.4,33,1017.6,FALSE,33.7,46,3.2,1,Bahrain Grand Prix,FP3,02-03-2024
0 days 00:21:49.901000,20.4,34,1017.6,FALSE,33.6,52,2.6,1,Bahrain Grand Prix,FP3,02-03-2024
0 days 00:22:49.914000,20.4,33,1017.6,FALSE,33.4,61,3,1,Bahrain Grand Prix,FP3,02-03-2024
0 days 00:23:49.917000,20.4,32,1017.6,FALSE,33.3,52,2.7,1,Bahrain Grand Prix,FP3,02-03-2024
0 days 00:24:49.907000,20.5,33,1017.6,FALSE,33.1,49,3.5,1,Bahrain Grand Prix,FP3,02-03-2024
0 days 00:25:49.906000,20.5,33,1017.6,FALSE,33,45,3.2,1,Bahrain Grand Prix,FP3,02-03-2024
0 days 00:26:49.917000,20.4,34,1017.7,FALSE,32.8,48,4,1,Bahrain Grand Prix,FP3,02-03-2024
0 days 00:27:49.915000,20.3,35,1017.6,FALSE,32.8,64,3,1,Bahrain Grand Prix,FP3,02-03-2024
0 days 00:28:49.920000,20.3,35,1017.6,FALSE,32.7,53,3.5,1,Bahrain Grand Prix,FP3,02-03-2024
0 days 00:29:49.897000,20.3,35,1017.6,FALSE,32.7,43,3.1,1,Bahrain Grand Prix,FP3,02-03-2024
0 days 00:30:49.919000,20.3,33,1017.6,FALSE,32.7,64,4,1,Bahrain Grand Prix,FP3,02-03-2024
0 days 00:31:49.914000,20.3,33,1017.7,FALSE,32.2,51,3.6,1,Bahrain Grand Prix,FP3,02-03-2024
0 days 00:32:49.919000,20.2,35,1017.8,FALSE,32.2,48,3,1,Bahrain Grand Prix,FP3,02-03-2024
0 days 00:33:49.922000,20.3,35,1017.6,FALSE,32.3,43,1.8,1,Bahrain Grand Prix,FP3,02-03-2024
0 days 00:34:49.922000,20.2,35,1017.7,FALSE,32.4,28,3.4,1,Bahrain Grand Prix,FP3,02-03-2024
0 days 00:35:49.923000,20.3,36,1017.7,FALSE,32.4,41,2.3,1,Bahrain Grand Prix,FP3,02-03-2024
0 days 00:36:49.923000,20.3,36,1017.6,FALSE,32.3,53,3.5,1,Bahrain Grand Prix,FP3,02-03-2024
0 days 00:37:49.932000,20.3,36,1017.7,FALSE,32.2,75,2.6,1,Bahrain Grand Prix,FP3,02-03-2024
0 days 00:38:49.924000,20.3,36,1017.8,FALSE,32.1,60,3.4,1,Bahrain Grand Prix,FP3,02-03-2024
0 days 00:39:49.923000,20.3,36,1017.7,FALSE,31.9,45,2.9,1,Bahrain Grand Prix,FP3,02-03-2024
0 days 00:40:49.926000,20.2,36,1017.7,FALSE,31.9,46,2.4,1,Bahrain Grand Prix,FP3,02-03-2024
0 days 00:41:49.956000,20.3,36,1017.8,FALSE,31.9,41,2.8,1,Bahrain Grand Prix,FP3,02-03-2024
0 days 00:42:49.958000,20.4,36,1017.7,FALSE,32.3,42,1.8,1,Bahrain Grand Prix,FP3,02-03-2024
0 days 00:43:49.981000,20.4,37,1017.7,FALSE,32,47,2.3,1,Bahrain Grand Prix,FP3,02-03-2024
0 days 00:44:50.001000,20.4,37,1017.7,FALSE,31.9,57,2.6,1,Bahrain Grand Prix,FP3,02-03-2024
0 days 00:45:50.013000,20.3,37,1017.8,FALSE,31.9,70,1.8,1,Bahrain Grand Prix,FP3,02-03-2024
0 days 00:46:50.028000,20.3,37,1017.8,FALSE,31.6,50,2.6,1,Bahrain Grand Prix,FP3,02-03-2024
0 days 00:47:50.020000,20.3,37,1017.7,FALSE,31.6,49,2.9,1,Bahrain Grand Prix,FP3,02-03-2024
0 days 00:48:50.025000,20.3,38,1017.8,FALSE,31.6,48,3.1,1,Bahrain Grand Prix,FP3,02-03-2024
0 days 00:49:50.037000,20.3,38,1017.8,FALSE,31.5,43,2.2,1,Bahrain Grand Prix,FP3,02-03-2024
0 days 00:50:50.051000,20.3,38,1017.8,FALSE,31.3,47,3.3,1,Bahrain Grand Prix,FP3,02-03-2024
0 days 00:51:50.046000,20.2,38,1017.7,FALSE,31.2,44,2.4,1,Bahrain Grand Prix,FP3,02-03-2024
0 days 00:52:50.044000,20.2,38,1017.8,FALSE,31.2,43,2.5,1,Bahrain Grand Prix,FP3,02-03-2024
0 days 00:53:50.056000,20.3,38,1017.7,FALSE,31,37,3.2,1,Bahrain Grand Prix,FP3,02-03-2024
0 days 00:54:50.059000,20.2,39,1017.8,FALSE,31,58,3.2,1,Bahrain Grand Prix,FP3,02-03-2024
0 days 00:55:50.057000,20.2,39,1017.8,FALSE,30.9,54,2.7,1,Bahrain Grand Prix,FP3,02-03-2024
0 days 00:56:50.050000,20.2,39,1017.7,FALSE,31,77,2.4,1,Bahrain Grand Prix,FP3,02-03-2024
0 days 00:57:50.052000,20.1,39,1017.8,FALSE,31,51,1.6,1,Bahrain Grand Prix,FP3,02-03-2024
0 days 00:58:50.059000,20.1,39,1017.9,FALSE,30.8,61,2.7,1,Bahrain Grand Prix,FP3,02-03-2024
0 days 00:59:50.057000,20.1,39,1017.8,FALSE,30.7,37,2.7,1,Bahrain Grand Prix,FP3,02-03-2024
0 days 01:00:50.062000,20.1,38,1017.8,FALSE,30.6,72,3.6,1,Bahrain Grand Prix,FP3,02-03-2024
0 days 01:01:50.052000,20,38,1017.8,FALSE,30.6,46,2.2,1,Bahrain Grand Prix,FP3,02-03-2024
0 days 01:02:50.064000,20.1,38,1017.8,FALSE,30.7,61,2.8,1,Bahrain Grand Prix,FP3,02-03-2024
0 days 01:03:50.053000,20.1,38,1017.8,FALSE,30.4,49,3.3,1,Bahrain Grand Prix,FP3,02-03-2024
0 days 01:04:50.056000,20.1,38,1017.7,FALSE,30.2,53,3.2,1,Bahrain Grand Prix,FP3,02-03-2024
0 days 01:05:50.067000,20,38,1017.8,FALSE,30.2,53,2.5,1,Bahrain Grand Prix,FP3,02-03-2024
0 days 01:06:50.086000,20,38,1017.8,FALSE,30.2,85,2.9,1,Bahrain Grand Prix,FP3,02-03-2024
0 days 01:07:50.097000,20,38,1017.8,FALSE,30,77,3,1,Bahrain Grand Prix,FP3,02-03-2024
0 days 01:08:50.105000,20,39,1017.9,FALSE,29.9,81,3.1,1,Bahrain Grand Prix,FP3,02-03-2024
0 days 01:09:50.111000,20,40,1017.9,FALSE,29.7,63,3.1,1,Bahrain Grand Prix,FP3,02-03-2024
0 days 01:10:50.107000,20,41,1017.8,FALSE,29.7,49,2.2,1,Bahrain Grand Prix,FP3,02-03-2024
0 days 01:11:50.120000,19.9,40,1017.9,FALSE,29.8,37,3.1,1,Bahrain Grand Prix,FP3,02-03-2024
0 days 01:12:50.108000,19.9,39,1017.9,FALSE,29.7,60,2.9,1,Bahrain Grand Prix,FP3,02-03-2024
0 days 01:13:50.114000,19.9,39,1018,FALSE,29.7,45,2.6,1,Bahrain Grand Prix,FP3,02-03-2024
0 days 01:14:50.175000,19.9,39,1017.9,FALSE,29.5,44,2.8,1,Bahrain Grand Prix,FP3,02-03-2024
0 days 01:15:50.130000,19.9,38,1018,FALSE,29.5,82,2.2,1,Bahrain Grand Prix,FP3,02-03-2024
0 days 01:16:50.155000,20,38,1017.9,FALSE,29.4,63,1.9,1,Bahrain Grand Prix,FP3,02-03-2024
0 days 01:17:50.154000,20,37,1018,FALSE,29.5,48,1.6,1,Bahrain Grand Prix,FP3,02-03-2024
0 days 01:18:50.172000,20,37,1017.9,FALSE,29.5,82,2.3,1,Bahrain Grand Prix,FP3,02-03-2024
0 days 01:19:50.168000,20,38,1017.9,FALSE,29.4,42,2.2,1,Bahrain Grand Prix,FP3,02-03-2024
0 days 01:20:50.161000,20,40,1018,FALSE,29.3,40,2.5,1,Bahrain Grand Prix,FP3,02-03-2024
0 days 01:21:50.168000,20,40,1017.9,FALSE,29.2,57,2,1,Bahrain Grand Prix,FP3,02-03-2024
0 days 00:00:15.662000,18.2,48,1018.8,FALSE,22.2,53,2.7,1,Bahrain Grand Prix,Q,02-03-2024
0 days 00:01:15.661000,18.1,48,1018.8,FALSE,22.2,51,2.9,1,Bahrain Grand Prix,Q,02-03-2024
0 days 00:02:15.648000,18.1,48,1018.8,FALSE,22.2,57,2.1,1,Bahrain Grand Prix,Q,02-03-2024
0 days 00:03:15.646000,18.1,48,1018.8,FALSE,22.2,48,2.4,1,Bahrain Grand Prix,Q,02-03-2024
0 days 00:04:15.662000,18.1,48,1018.8,FALSE,22.2,45,2.3,1,Bahrain Grand Prix,Q,02-03-2024
0 days 00:05:15.662000,18.1,48,1018.8,FALSE,22.2,45,2.3,1,Bahrain Grand Prix,Q,02-03-2024
0 days 00:06:15.718000,18.1,48,1018.8,FALSE,22,40,3.1,1,Bahrain Grand Prix,Q,02-03-2024
0 days 00:07:15.667000,18.1,48,1018.8,FALSE,22,47,3.1,1,Bahrain Grand Prix,Q,02-03-2024
0 days 00:08:15.662000,18.1,48,1018.8,FALSE,22,60,2.9,1,Bahrain Grand Prix,Q,02-03-2024
0 days 00:09:15.662000,18.1,48,1018.8,FALSE,22,42,2.5,1,Bahrain Grand Prix,Q,02-03-2024
0 days 00:10:15.655000,18.1,48,1018.8,FALSE,22,37,2.8,1,Bahrain Grand Prix,Q,02-03-2024
0 days 00:11:15.660000,18.1,48,1018.7,FALSE,22,49,2.4,1,Bahrain Grand Prix,Q,02-03-2024
0 days 00:12:15.671000,18.1,48,1018.8,FALSE,22,45,2.9,1,Bahrain Grand Prix,Q,02-03-2024
0 days 00:13:15.661000,18.1,48,1018.9,FALSE,22,53,2.8,1,Bahrain Grand Prix,Q,02-03-2024
0 days 00:14:15.673000,18.1,48,1018.8,FALSE,21.9,59,2.5,1,Bahrain Grand Prix,Q,02-03-2024
0 days 00:15:15.667000,18.1,48,1018.9,FALSE,21.8,60,2.8,1,Bahrain Grand Prix,Q,02-03-2024
0 days 00:16:15.671000,18.1,48,1018.9,FALSE,21.8,73,2,1,Bahrain Grand Prix,Q,02-03-2024
0 days 00:17:15.675000,18,48,1018.9,FALSE,21.8,52,2.1,1,Bahrain Grand Prix,Q,02-03-2024
0 days 00:18:15.672000,18.1,48,1018.8,FALSE,21.7,56,2.7,1,Bahrain Grand Prix,Q,02-03-2024
0 days 00:19:15.666000,18.1,48,1018.9,FALSE,21.7,56,2.7,1,Bahrain Grand Prix,Q,02-03-2024
0 days 00:20:15.671000,18.1,47,1018.9,FALSE,21.7,65,2.1,1,Bahrain Grand Prix,Q,02-03-2024
0 days 00:21:15.676000,18.1,47,1018.9,FALSE,21.7,52,2.4,1,Bahrain Grand Prix,Q,02-03-2024
0 days 00:22:15.698000,18.1,47,1019,FALSE,21.7,52,2.8,1,Bahrain Grand Prix,Q,02-03-2024
0 days 00:23:15.674000,18.1,47,1019,FALSE,21.7,102,2.4,1,Bahrain Grand Prix,Q,02-03-2024
0 days 00:24:15.665000,18.1,47,1019,FALSE,21.8,55,2,1,Bahrain Grand Prix,Q,02-03-2024
0 days 00:25:15.659000,18.2,47,1019,FALSE,21.8,56,2.2,1,Bahrain Grand Prix,Q,02-03-2024
0 days 00:26:15.672000,18.2,47,1019,FALSE,21.8,46,2.3,1,Bahrain Grand Prix,Q,02-03-2024
0 days 00:27:15.673000,18.2,47,1019.1,FALSE,21.8,42,2.5,1,Bahrain Grand Prix,Q,02-03-2024
0 days 00:28:15.677000,18.2,47,1019,FALSE,21.7,43,2.4,1,Bahrain Grand Prix,Q,02-03-2024
0 days 00:29:15.677000,18.2,47,1019.1,FALSE,21.6,50,2.6,1,Bahrain Grand Prix,Q,02-03-2024
0 days 00:30:15.673000,18.2,47,1019.1,FALSE,21.6,48,2.2,1,Bahrain Grand Prix,Q,02-03-2024
0 days 00:31:15.676000,18.1,47,1019.1,FALSE,21.6,42,1.3,1,Bahrain Grand Prix,Q,02-03-2024
0 days 00:32:15.677000,18.1,47,1019.1,FALSE,21.6,50,1.5,1,Bahrain Grand Prix,Q,02-03-2024
0 days 00:33:15.667000,18.1,47,1019.1,FALSE,21.7,49,1.5,1,Bahrain Grand Prix,Q,02-03-2024
0 days 00:34:15.679000,18.1,47,1019.1,FALSE,21.7,19,1.7,1,Bahrain Grand Prix,Q,02-03-2024
0 days 00:35:15.682000,18.1,47,1019.1,FALSE,21.7,46,1.7,1,Bahrain Grand Prix,Q,02-03-2024
0 days 00:36:15.676000,18.2,47,1019.1,FALSE,21.7,33,2.6,1,Bahrain Grand Prix,Q,02-03-2024
0 days 00:37:15.683000,18.1,47,1019.1,FALSE,21.4,54,2.4,1,Bahrain Grand Prix,Q,02-03-2024
0 days 00:38:15.683000,18.2,46,1019.2,FALSE,21.5,53,1.8,1,Bahrain Grand Prix,Q,02-03-2024
0 days 00:39:15.700000,18.1,47,1019.2,FALSE,21.5,53,1.5,1,Bahrain Grand Prix,Q,02-03-2024
0 days 00:40:15.692000,18.1,47,1019.2,FALSE,21.4,48,2.1,1,Bahrain Grand Prix,Q,02-03-2024
0 days 00:41:15.712000,18.1,46,1019,FALSE,21.4,52,2.2,1,Bahrain Grand Prix,Q,02-03-2024
0 days 00:42:15.714000,18,46,1019.2,FALSE,21.4,48,2.1,1,Bahrain Grand Prix,Q,02-03-2024
0 days 00:43:15.732000,18,46,1019.2,FALSE,21.4,64,1.6,1,Bahrain Grand Prix,Q,02-03-2024
0 days 00:44:15.735000,18.1,46,1019.1,FALSE,21.3,63,1.9,1,Bahrain Grand Prix,Q,02-03-2024
0 days 00:45:15.729000,18.1,46,1019.2,FALSE,21.3,60,1.6,1,Bahrain Grand Prix,Q,02-03-2024
0 days 00:46:15.751000,18.1,46,1019.1,FALSE,21.3,62,1.7,1,Bahrain Grand Prix,Q,02-03-2024
0 days 00:47:15.755000,18,46,1019.1,FALSE,21.3,87,1.2,1,Bahrain Grand Prix,Q,02-03-2024
0 days 00:48:15.783000,18,46,1019.2,FALSE,21.4,69,2.3,1,Bahrain Grand Prix,Q,02-03-2024
0 days 00:49:15.783000,18.1,46,1019.2,FALSE,21.3,70,2.1,1,Bahrain Grand Prix,Q,02-03-2024
0 days 00:50:15.817000,18.1,46,1019.2,FALSE,21.2,45,2.3,1,Bahrain Grand Prix,Q,02-03-2024
0 days 00:51:15.781000,18,46,1019.3,FALSE,21.2,64,1.9,1,Bahrain Grand Prix,Q,02-03-2024
0 days 00:52:15.777000,18,46,1019.2,FALSE,21.2,66,1.4,1,Bahrain Grand Prix,Q,02-03-2024
0 days 00:53:15.812000,18,46,1019.2,FALSE,21.3,64,1.2,1,Bahrain Grand Prix,Q,02-03-2024
0 days 00:54:15.814000,18,46,1019.2,FALSE,21.3,70,1.2,1,Bahrain Grand Prix,Q,02-03-2024
0 days 00:55:15.822000,18,46,1019.2,FALSE,21.3,55,1.1,1,Bahrain Grand Prix,Q,02-03-2024
0 days 00:56:15.839000,18,46,1019.1,FALSE,21.2,33,0.9,1,Bahrain Grand Prix,Q,02-03-2024
0 days 00:57:15.828000,18,46,1019.1,FALSE,21.3,31,1.5,1,Bahrain Grand Prix,Q,02-03-2024
0 days 00:58:15.817000,18,47,1019.2,FALSE,21.3,43,1.3,1,Bahrain Grand Prix,Q,02-03-2024
0 days 00:59:15.835000,17.9,47,1019.2,FALSE,21.3,62,1.1,1,Bahrain Grand Prix,Q,02-03-2024
0 days 01:00:15.840000,18,47,1019.2,FALSE,21.1,60,1.3,1,Bahrain Grand Prix,Q,02-03-2024
0 days 01:01:15.853000,17.9,47,1019.2,FALSE,21.1,68,1.8,1,Bahrain Grand Prix,Q,02-03-2024
0 days 01:02:15.857000,17.9,47,1019.2,FALSE,21.1,83,1.7,1,Bahrain Grand Prix,Q,02-03-2024
0 days 01:03:15.864000,17.9,47,1019.3,FALSE,21,106,1.5,1,Bahrain Grand Prix,Q,02-03-2024
0 days 01:04:15.934000,17.9,47,1019.2,FALSE,21.1,43,1.2,1,Bahrain Grand Prix,Q,02-03-2024
0 days 01:05:15.885000,17.9,47,1019.2,FALSE,21.1,67,1.2,1,Bahrain Grand Prix,Q,02-03-2024
0 days 01:06:15.888000,17.9,47,1019.2,FALSE,21.1,54,1.5,1,Bahrain Grand Prix,Q,02-03-2024
0 days 01:07:15.903000,17.9,47,1019.3,FALSE,21.1,42,1.5,1,Bahrain Grand Prix,Q,02-03-2024
0 days 01:08:15.918000,17.9,47,1019.2,FALSE,21,105,1.3,1,Bahrain Grand Prix,Q,02-03-2024
0 days 01:09:15.922000,17.9,46,1019.3,FALSE,21.1,84,1.1,1,Bahrain Grand Prix,Q,02-03-2024
0 days 01:10:15.914000,17.9,46,1019.2,FALSE,21.1,57,2.9,1,Bahrain Grand Prix,Q,02-03-2024
0 days 01:11:15.916000,17.9,46,1019.2,FALSE,21,69,1.7,1,Bahrain Grand Prix,Q,02-03-2024
0 days 01:12:16.056000,17.9,46,1019.2,FALSE,21,56,1.7,1,Bahrain Grand Prix,Q,02-03-2024
0 days 01:13:16.056000,17.9,46,1019.3,FALSE,20.9,72,2,1,Bahrain Grand Prix,Q,02-03-2024
0 days 01:14:16.077000,17.9,46,1019.2,FALSE,20.9,49,1.7,1,Bahrain Grand Prix,Q,02-03-2024
0 days 01:15:16.082000,17.9,47,1019.3,FALSE,20.8,43,1.6,1,Bahrain Grand Prix,Q,02-03-2024
0 days 01:16:16.077000,17.9,47,1019.3,FALSE,20.8,54,1.3,1,Bahrain Grand Prix,Q,02-03-2024
0 days 00:00:14.093000,18.9,46,1017.1,FALSE,26.5,162,0.9,1,Bahrain Grand Prix,R,02-03-2024
0 days 00:01:14.084000,18.9,46,1017,FALSE,26.5,55,1,1,Bahrain Grand Prix,R,02-03-2024
0 days 00:02:14.093000,18.9,46,1017,FALSE,26.5,55,1,1,Bahrain Grand Prix,R,02-03-2024
0 days 00:03:14.090000,18.9,45,1017,FALSE,26.2,85,1.1,1,Bahrain Grand Prix,R,02-03-2024
0 days 00:04:14.091000,18.9,46,1017,FALSE,26.2,178,1,1,Bahrain Grand Prix,R,02-03-2024
0 days 00:05:14.093000,18.9,46,1017,FALSE,26.2,178,1,1,Bahrain Grand Prix,R,02-03-2024
0 days 00:06:14.087000,18.9,46,1017,FALSE,26.1,56,1.5,1,Bahrain Grand Prix,R,02-03-2024
0 days 00:07:14.097000,18.9,46,1017,FALSE,26.2,155,0.8,1,Bahrain Grand Prix,R,02-03-2024
0 days 00:08:14.086000,18.9,46,1017,FALSE,26.2,15,0.9,1,Bahrain Grand Prix,R,02-03-2024
0 days 00:09:14.100000,18.9,46,1017,FALSE,26,51,1,1,Bahrain Grand Prix,R,02-03-2024
0 days 00:10:14.093000,18.9,46,1017,FALSE,25.8,147,1.6,1,Bahrain Grand Prix,R,02-03-2024
0 days 00:11:14.093000,18.8,47,1017,FALSE,25.7,84,1.1,1,Bahrain Grand Prix,R,02-03-2024
0 days 00:12:14.090000,18.8,47,1017.1,FALSE,25.7,64,1,1,Bahrain Grand Prix,R,02-03-2024
0 days 00:13:14.099000,18.7,47,1017,FALSE,25.8,26,0.8,1,Bahrain Grand Prix,R,02-03-2024
0 days 00:14:14.093000,18.8,46,1017,FALSE,25.8,143,1.3,1,Bahrain Grand Prix,R,02-03-2024
0 days 00:15:14.091000,18.8,46,1017.1,FALSE,25.7,36,1.4,1,Bahrain Grand Prix,R,02-03-2024
0 days 00:16:14.102000,18.7,46,1017.1,FALSE,25.6,216,0.6,1,Bahrain Grand Prix,R,02-03-2024
0 days 00:17:14.102000,18.7,46,1017,FALSE,25.6,37,0.5,1,Bahrain Grand Prix,R,02-03-2024
0 days 00:18:14.104000,18.7,46,1017,FALSE,25.6,27,1.1,1,Bahrain Grand Prix,R,02-03-2024
0 days 00:19:14.121000,18.7,46,1017,FALSE,25.5,48,1,1,Bahrain Grand Prix,R,02-03-2024
0 days 00:20:14.108000,18.7,46,1016.9,FALSE,25.5,147,0.8,1,Bahrain Grand Prix,R,02-03-2024
0 days 00:21:14.111000,18.7,46,1017,FALSE,25.5,162,1,1,Bahrain Grand Prix,R,02-03-2024
0 days 00:22:14.102000,18.7,46,1017,FALSE,25.4,140,1.2,1,Bahrain Grand Prix,R,02-03-2024
0 days 00:23:14.105000,18.7,46,1017,FALSE,25.4,182,1.3,1,Bahrain Grand Prix,R,02-03-2024
0 days 00:24:14.101000,18.7,46,1017,FALSE,25.4,144,1.4,1,Bahrain Grand Prix,R,02-03-2024
0 days 00:25:14.101000,18.7,46,1017,FALSE,25.4,14,1.4,1,Bahrain Grand Prix,R,02-03-2024
0 days 00:26:14.108000,18.7,46,1017,FALSE,25.4,180,1.1,1,Bahrain Grand Prix,R,02-03-2024
0 days 00:27:14.100000,18.6,46,1017.1,FALSE,25.5,77,0.4,1,Bahrain Grand Prix,R,02-03-2024
0 days 00:28:14.104000,18.6,46,1017.1,FALSE,25.3,0,0.6,1,Bahrain Grand Prix,R,02-03-2024
0 days 00:29:14.105000,18.6,46,1017.1,FALSE,25.3,39,0.7,1,Bahrain Grand Prix,R,02-03-2024
0 days 00:30:14.103000,18.6,46,1017,FALSE,25,332,0.4,1,Bahrain Grand Prix,R,02-03-2024
0 days 00:31:14.109000,18.6,46,1017,FALSE,25,45,0.9,1,Bahrain Grand Prix,R,02-03-2024
0 days 00:32:14.106000,18.6,46,1017,FALSE,24.9,35,1.4,1,Bahrain Grand Prix,R,02-03-2024
0 days 00:33:14.112000,18.6,46,1017,FALSE,24.9,59,1.3,1,Bahrain Grand Prix,R,02-03-2024
0 days 00:34:14.109000,18.6,46,1017,FALSE,24.9,36,0.9,1,Bahrain Grand Prix,R,02-03-2024
0 days 00:35:14.108000,18.5,46,1017,FALSE,24.7,44,1.6,1,Bahrain Grand Prix,R,02-03-2024
0 days 00:36:14.113000,18.5,47,1017,FALSE,24.7,53,1.6,1,Bahrain Grand Prix,R,02-03-2024
0 days 00:37:14.113000,18.5,47,1017,FALSE,24.7,44,1,1,Bahrain Grand Prix,R,02-03-2024
0 days 00:38:14.113000,18.5,47,1017.1,FALSE,24.6,39,1.4,1,Bahrain Grand Prix,R,02-03-2024
0 days 00:39:14.111000,18.5,47,1017.1,FALSE,24.7,0,1.3,1,Bahrain Grand Prix,R,02-03-2024
0 days 00:40:14.102000,18.5,47,1017,FALSE,24.7,26,0.5,1,Bahrain Grand Prix,R,02-03-2024
0 days 00:41:14.117000,18.5,47,1017.1,FALSE,24.5,48,0.8,1,Bahrain Grand Prix,R,02-03-2024
0 days 00:42:14.108000,18.5,47,1017,FALSE,24.5,30,1.8,1,Bahrain Grand Prix,R,02-03-2024
0 days 00:43:14.107000,18.5,47,1017.1,FALSE,24.5,113,1.5,1,Bahrain Grand Prix,R,02-03-2024
0 days 00:44:14.122000,18.4,48,1017.1,FALSE,24.3,40,1.2,1,Bahrain Grand Prix,R,02-03-2024
0 days 00:45:14.117000,18.4,49,1017,FALSE,24.3,23,1.6,1,Bahrain Grand Prix,R,02-03-2024
0 days 00:46:14.119000,18.4,49,1017,FALSE,24.3,43,0.9,1,Bahrain Grand Prix,R,02-03-2024
0 days 00:47:14.114000,18.4,49,1017,FALSE,24.2,28,1.8,1,Bahrain Grand Prix,R,02-03-2024
0 days 00:48:14.120000,18.4,49,1017,FALSE,24.1,22,1.6,1,Bahrain Grand Prix,R,02-03-2024
0 days 00:49:14.118000,18.4,49,1017,FALSE,24.1,40,1.3,1,Bahrain Grand Prix,R,02-03-2024
0 days 00:50:14.120000,18.4,49,1017,FALSE,24.2,57,1.6,1,Bahrain Grand Prix,R,02-03-2024
0 days 00:51:14.116000,18.4,49,1017,FALSE,24.1,71,1.6,1,Bahrain Grand Prix,R,02-03-2024
0 days 00:52:14.119000,18.4,49,1017,FALSE,24,42,2,1,Bahrain Grand Prix,R,02-03-2024
0 days 00:53:14.125000,18.4,49,1017,FALSE,23.9,26,1.8,1,Bahrain Grand Prix,R,02-03-2024
0 days 00:54:14.118000,18.3,49,1017.1,FALSE,23.8,30,1.8,1,Bahrain Grand Prix,R,02-03-2024
0 days 00:55:14.130000,18.4,49,1017,FALSE,23.7,32,2.1,1,Bahrain Grand Prix,R,02-03-2024
0 days 00:56:14.118000,18.3,49,1017,FALSE,23.7,37,1.6,1,Bahrain Grand Prix,R,02-03-2024
0 days 00:57:14.122000,18.3,49,1017,FALSE,23.9,48,1.6,1,Bahrain Grand Prix,R,02-03-2024
0 days 00:58:14.118000,18.3,49,1017,FALSE,23.9,34,1.1,1,Bahrain Grand Prix,R,02-03-2024
0 days 00:59:14.135000,18.3,49,1017.1,FALSE,23.8,44,1.2,1,Bahrain Grand Prix,R,02-03-2024
0 days 01:00:14.115000,18.2,49,1017.2,FALSE,23.8,58,1.5,1,Bahrain Grand Prix,R,02-03-2024
0 days 01:01:14.131000,18.3,49,1017,FALSE,23.8,28,0.9,1,Bahrain Grand Prix,R,02-03-2024
0 days 01:02:14.121000,18.3,49,1017,FALSE,23.8,33,1.1,1,Bahrain Grand Prix,R,02-03-2024
0 days 01:03:14.127000,18.3,49,1017.1,FALSE,23.8,89,1.5,1,Bahrain Grand Prix,R,02-03-2024
0 days 01:04:14.121000,18.3,49,1017,FALSE,23.8,32,1,1,Bahrain Grand Prix,R,02-03-2024
0 days 01:05:14.127000,18.3,49,1017,FALSE,23.7,24,0.9,1,Bahrain Grand Prix,R,02-03-2024
0 days 01:06:14.123000,18.3,49,1017,FALSE,23.6,37,0.7,1,Bahrain Grand Prix,R,02-03-2024
0 days 01:07:14.127000,18.3,50,1017.1,FALSE,23.5,40,1.5,1,Bahrain Grand Prix,R,02-03-2024
0 days 01:08:14.122000,18.3,50,1017.1,FALSE,23.5,236,1.1,1,Bahrain Grand Prix,R,02-03-2024
0 days 01:09:14.126000,18.3,49,1017.1,FALSE,23.5,0,0.6,1,Bahrain Grand Prix,R,02-03-2024
0 days 01:10:14.127000,18.3,50,1017.1,FALSE,23.5,13,0.5,1,Bahrain Grand Prix,R,02-03-2024
0 days 01:11:14.135000,18.3,50,1017.2,FALSE,23.7,10,0.5,1,Bahrain Grand Prix,R,02-03-2024
0 days 01:12:14.127000,18.2,50,1017.2,FALSE,23.7,126,1.1,1,Bahrain Grand Prix,R,02-03-2024
0 days 01:13:14.142000,18.2,50,1017.2,FALSE,23.5,98,0.4,1,Bahrain Grand Prix,R,02-03-2024
0 days 01:14:14.130000,18.2,50,1017.1,FALSE,23.5,221,0.6,1,Bahrain Grand Prix,R,02-03-2024
0 days 01:15:14.132000,18.2,50,1017.2,FALSE,23.5,330,0.5,1,Bahrain Grand Prix,R,02-03-2024
0 days 01:16:14.177000,18.2,50,1017.2,FALSE,23.5,330,0.5,1,Bahrain Grand Prix,R,02-03-2024
0 days 01:17:14.141000,18.2,50,1017.2,FALSE,23.4,155,0.6,1,Bahrain Grand Prix,R,02-03-2024
0 days 01:18:14.133000,18.2,50,1017.2,FALSE,23.5,157,0.5,1,Bahrain Grand Prix,R,02-03-2024
0 days 01:19:14.137000,18.3,50,1017.2,FALSE,23.6,354,0.5,1,Bahrain Grand Prix,R,02-03-2024
0 days 01:20:14.140000,18.3,50,1017.2,FALSE,23.5,42,0.4,1,Bahrain Grand Prix,R,02-03-2024
0 days 01:21:14.145000,18.2,50,1017.1,FALSE,23.4,123,1,1,Bahrain Grand Prix,R,02-03-2024
0 days 01:22:14.142000,18.2,50,1017.2,FALSE,23.3,0,0.5,1,Bahrain Grand Prix,R,02-03-2024
0 days 01:23:14.142000,18.1,50,1017.1,FALSE,23.5,0,0.4,1,Bahrain Grand Prix,R,02-03-2024
0 days 01:24:14.131000,18.1,50,1017.2,FALSE,23.3,179,0,1,Bahrain Grand Prix,R,02-03-2024
0 days 01:25:14.135000,18.1,50,1017.2,FALSE,23.2,236,0.4,1,Bahrain Grand Prix,R,02-03-2024
0 days 01:26:14.136000,18.1,50,1017.2,FALSE,23.3,150,0.3,1,Bahrain Grand Prix,R,02-03-2024
0 days 01:27:14.137000,18.1,51,1017.1,FALSE,23.4,178,0.7,1,Bahrain Grand Prix,R,02-03-2024
0 days 01:28:14.122000,18.1,50,1017.2,FALSE,23.4,20,0.4,1,Bahrain Grand Prix,R,02-03-2024
0 days 01:29:14.144000,18.1,50,1017.1,FALSE,23.3,303,0,1,Bahrain Grand Prix,R,02-03-2024
0 days 01:30:14.138000,18.1,50,1017.1,FALSE,23.3,71,0.5,1,Bahrain Grand Prix,R,02-03-2024
0 days 01:31:14.139000,18.1,50,1017.1,FALSE,23.3,47,0.6,1,Bahrain Grand Prix,R,02-03-2024
0 days 01:32:14.141000,18.1,50,1017.1,FALSE,23.2,27,0.7,1,Bahrain Grand Prix,R,02-03-2024
0 days 01:33:14.145000,18.1,50,1017.2,FALSE,23.1,65,0.5,1,Bahrain Grand Prix,R,02-03-2024
0 days 01:34:14.141000,18.1,50,1017.1,FALSE,23.1,94,0.7,1,Bahrain Grand Prix,R,02-03-2024
0 days 01:35:14.144000,18.1,50,1017.2,FALSE,23.2,37,0.5,1,Bahrain Grand Prix,R,02-03-2024
0 days 01:36:14.143000,18.1,50,1017.1,FALSE,23.2,71,0.9,1,Bahrain Grand Prix,R,02-03-2024
0 days 01:37:14.151000,18.1,50,1017.1,FALSE,23,338,0.8,1,Bahrain Grand Prix,R,02-03-2024
0 days 01:38:14.153000,18.1,50,1017.2,FALSE,23,25,0.3,1,Bahrain Grand Prix,R,02-03-2024
0 days 01:39:14.151000,18.1,49,1017.2,FALSE,23,46,0.9,1,Bahrain Grand Prix,R,02-03-2024
0 days 01:40:14.148000,18.1,49,1017.1,FALSE,23,47,0.7,1,Bahrain Grand Prix,R,02-03-2024
0 days 01:41:14.154000,18.1,49,1017.2,FALSE,22.9,46,0.7,1,Bahrain Grand Prix,R,02-03-2024
0 days 01:42:14.155000,18.1,49,1017.2,FALSE,22.9,29,0,1,Bahrain Grand Prix,R,02-03-2024
0 days 01:43:14.147000,18.1,49,1017.2,FALSE,22.9,246,0.7,1,Bahrain Grand Prix,R,02-03-2024
0 days 01:44:14.146000,18.1,49,1017.2,FALSE,22.9,0,0,1,Bahrain Grand Prix,R,02-03-2024
0 days 01:45:14.166000,18.1,49,1017.3,FALSE,22.8,55,0.6,1,Bahrain Grand Prix,R,02-03-2024
0 days 01:46:14.151000,18.1,49,1017.2,FALSE,22.8,0,0.8,1,Bahrain Grand Prix,R,02-03-2024
0 days 01:47:14.178000,18,49,1017.3,FALSE,22.8,45,0.6,1,Bahrain Grand Prix,R,02-03-2024
0 days 01:48:14.196000,18,49,1017.2,FALSE,22.7,28,0.7,1,Bahrain Grand Prix,R,02-03-2024
0 days 01:49:14.206000,18,49,1017.3,FALSE,22.6,96,0.8,1,Bahrain Grand Prix,R,02-03-2024
0 days 01:50:14.198000,18,49,1017.3,FALSE,22.7,53,0.5,1,Bahrain Grand Prix,R,02-03-2024
0 days 01:51:14.211000,18,49,1017.2,FALSE,22.7,30,0.6,1,Bahrain Grand Prix,R,02-03-2024
0 days 01:52:14.222000,18,49,1017.3,FALSE,22.7,82,0.8,1,Bahrain Grand Prix,R,02-03-2024
0 days 01:53:14.241000,18,49,1017.3,FALSE,22.7,28,0.7,1,Bahrain Grand Prix,R,02-03-2024
0 days 01:54:14.250000,18,49,1017.3,FALSE,22.7,27,0.7,1,Bahrain Grand Prix,R,02-03-2024
0 days 01:55:14.254000,17.9,49,1017.3,FALSE,22.7,29,0,1,Bahrain Grand Prix,R,02-03-2024
0 days 01:56:14.267000,18,49,1017.4,FALSE,22.7,328,0.6,1,Bahrain Grand Prix,R,02-03-2024
0 days 01:57:14.264000,18,49,1017.4,FALSE,22.6,132,0.7,1,Bahrain Grand Prix,R,02-03-2024
0 days 01:58:14.274000,18,50,1017.4,FALSE,22.6,41,0.7,1,Bahrain Grand Prix,R,02-03-2024
0 days 01:59:14.291000,18,50,1017.5,FALSE,22.6,13,0.9,1,Bahrain Grand Prix,R,02-03-2024
0 days 02:00:14.284000,17.9,50,1017.4,FALSE,22.5,156,0.4,1,Bahrain Grand Prix,R,02-03-2024
0 days 02:01:14.291000,17.9,50,1017.4,FALSE,22.6,66,0.4,1,Bahrain Grand Prix,R,02-03-2024
0 days 02:02:14.282000,17.9,50,1017.4,FALSE,22.6,59,0.8,1,Bahrain Grand Prix,R,02-03-2024
0 days 02:03:14.291000,17.9,50,1017.5,FALSE,22.4,142,0.6,1,Bahrain Grand Prix,R,02-03-2024
0 days 02:04:14.293000,17.9,50,1017.4,FALSE,22.4,50,1,1,Bahrain Grand Prix,R,02-03-2024
0 days 02:05:14.296000,17.9,50,1017.4,FALSE,22.4,33,0.4,1,Bahrain Grand Prix,R,02-03-2024
0 days 02:06:14.286000,17.9,50,1017.4,FALSE,22.3,81,0.7,1,Bahrain Grand Prix,R,02-03-2024
0 days 02:07:14.293000,17.9,50,1017.4,FALSE,22.4,0,0.4,1,Bahrain Grand Prix,R,02-03-2024
0 days 02:08:14.284000,17.9,50,1017.4,FALSE,22.4,50,0,1,Bahrain Grand Prix,R,02-03-2024
0 days 02:09:14.283000,17.9,50,1017.4,FALSE,22.2,10,0.5,1,Bahrain Grand Prix,R,02-03-2024
0 days 02:10:14.288000,17.9,50,1017.4,FALSE,22.2,141,0.6,1,Bahrain Grand Prix,R,02-03-2024
0 days 02:11:14.294000,17.9,50,1017.4,FALSE,22.2,1,0.4,1,Bahrain Grand Prix,R,02-03-2024
0 days 02:12:14.323000,17.9,50,1017.5,FALSE,22.1,0,0,1,Bahrain Grand Prix,R,02-03-2024
0 days 02:13:14.314000,17.8,51,1017.5,FALSE,22.1,0,0.5,1,Bahrain Grand Prix,R,02-03-2024
0 days 02:14:14.301000,17.8,51,1017.5,FALSE,22,270,0,1,Bahrain Grand Prix,R,02-03-2024
0 days 02:15:14.294000,17.8,51,1017.5,FALSE,22,140,0.3,1,Bahrain Grand Prix,R,02-03-2024
0 days 02:16:14.296000,17.8,51,1017.5,FALSE,21.9,0,0.7,1,Bahrain Grand Prix,R,02-03-2024
0 days 02:17:14.300000,17.8,51,1017.4,FALSE,21.9,0,0.6,1,Bahrain Grand Prix,R,02-03-2024
0 days 02:18:14.299000,17.7,51,1017.5,FALSE,22,356,0,1,Bahrain Grand Prix,R,02-03-2024
0 days 02:19:14.302000,17.7,51,1017.4,FALSE,22,0,0.4,1,Bahrain Grand Prix,R,02-03-2024
0 days 02:20:14.303000,17.7,51,1017.4,FALSE,21.9,148,0.5,1,Bahrain Grand Prix,R,02-03-2024
0 days 02:21:14.295000,17.7,51,1017.4,FALSE,21.9,0,0,1,Bahrain Grand Prix,R,02-03-2024
0 days 02:22:14.301000,17.6,51,1017.5,FALSE,22,340,0.4,1,Bahrain Grand Prix,R,02-03-2024
0 days 02:23:14.293000,17.6,51,1017.5,FALSE,22,138,0.4,1,Bahrain Grand Prix,R,02-03-2024
0 days 02:24:14.299000,17.6,51,1017.5,FALSE,21.9,0,0.4,1,Bahrain Grand Prix,R,02-03-2024
0 days 02:25:14.302000,17.6,51,1017.5,FALSE,21.9,254,0.4,1,Bahrain Grand Prix,R,02-03-2024
0 days 02:26:14.302000,17.6,51,1017.5,FALSE,21.9,330,0,1,Bahrain Grand Prix,R,02-03-2024
0 days 02:27:14.309000,17.6,51,1017.5,FALSE,21.9,213,0.3,1,Bahrain Grand Prix,R,02-03-2024
0 days 02:28:14.305000,17.6,51,1017.5,FALSE,21.9,0,0.3,1,Bahrain Grand Prix,R,02-03-2024
0 days 02:29:14.305000,17.6,51,1017.5,FALSE,21.9,12,0,1,Bahrain Grand Prix,R,02-03-2024
0 days 02:30:14.302000,17.6,51,1017.5,FALSE,21.9,115,0.4,1,Bahrain Grand Prix,R,02-03-2024
0 days 02:31:14.307000,17.7,51,1017.5,FALSE,22,96,0,1,Bahrain Grand Prix,R,02-03-2024
0 days 02:32:14.300000,17.6,51,1017.5,FALSE,21.9,0,0.7,1,Bahrain Grand Prix,R,02-03-2024
0 days 02:33:14.300000,17.6,51,1017.5,FALSE,21.9,271,0,1,Bahrain Grand Prix,R,02-03-2024
0 days 02:34:14.313000,17.7,51,1017.5,FALSE,21.9,0,0.4,1,Bahrain Grand Prix,R,02-03-2024
0 days 02:35:14.305000,17.6,51,1017.5,FALSE,21.9,257,0,1,Bahrain Grand Prix,R,02-03-2024
0 days 02:36:14.319000,17.7,51,1017.4,FALSE,21.9,167,0,1,Bahrain Grand Prix,R,02-03-2024
0 days 00:00:17.591000,27.1,54,1012.1,FALSE,41.1,29,5.1,2,Saudi Arabian Grand Prix,FP1,09-03-2024
0 days 00:01:17.591000,27,53,1012.1,FALSE,41.1,24,6.8,2,Saudi Arabian Grand Prix,FP1,09-03-2024
0 days 00:02:17.626000,27,56,1012,FALSE,40.2,29,6.4,2,Saudi Arabian Grand Prix,FP1,09-03-2024
0 days 00:03:17.641000,27,58,1012,FALSE,40.9,28,5.7,2,Saudi Arabian Grand Prix,FP1,09-03-2024
0 days 00:04:17.654000,26.9,58,1012.1,FALSE,41,29,5,2,Saudi Arabian Grand Prix,FP1,09-03-2024
0 days 00:05:17.648000,27,57,1012,FALSE,41.6,17,5.2,2,Saudi Arabian Grand Prix,FP1,09-03-2024
0 days 00:06:17.666000,27,58,1012.1,FALSE,41.5,31,4.7,2,Saudi Arabian Grand Prix,FP1,09-03-2024
0 days 00:07:17.668000,26.9,58,1012.1,FALSE,41.9,27,5.2,2,Saudi Arabian Grand Prix,FP1,09-03-2024
0 days 00:08:17.676000,26.9,58,1012.1,FALSE,41.5,27,4.9,2,Saudi Arabian Grand Prix,FP1,09-03-2024
0 days 00:09:17.678000,26.9,58,1012.1,FALSE,41.3,28,4.8,2,Saudi Arabian Grand Prix,FP1,09-03-2024
0 days 00:10:17.684000,26.9,59,1012.1,FALSE,41.2,33,4.9,2,Saudi Arabian Grand Prix,FP1,09-03-2024
0 days 00:11:17.691000,26.9,59,1012,FALSE,41,32,4.7,2,Saudi Arabian Grand Prix,FP1,09-03-2024
0 days 00:12:17.698000,26.9,57,1012.1,FALSE,40.9,23,5.9,2,Saudi Arabian Grand Prix,FP1,09-03-2024
0 days 00:13:17.712000,26.9,57,1012.1,FALSE,41.6,3,4.6,2,Saudi Arabian Grand Prix,FP1,09-03-2024
0 days 00:14:17.729000,26.9,57,1012.1,FALSE,41.5,33,3.6,2,Saudi Arabian Grand Prix,FP1,09-03-2024
0 days 00:15:17.719000,26.9,57,1012.1,FALSE,41.3,20,4.9,2,Saudi Arabian Grand Prix,FP1,09-03-2024
0 days 00:16:17.731000,26.9,57,1012.1,FALSE,41,24,4.3,2,Saudi Arabian Grand Prix,FP1,09-03-2024
0 days 00:17:17.732000,26.9,59,1012.1,FALSE,41,26,5.1,2,Saudi Arabian Grand Prix,FP1,09-03-2024
0 days 00:18:17.731000,26.9,58,1012.1,FALSE,40.9,30,4.9,2,Saudi Arabian Grand Prix,FP1,09-03-2024
0 days 00:19:17.733000,26.9,58,1012.2,FALSE,40.8,22,4.6,2,Saudi Arabian Grand Prix,FP1,09-03-2024
0 days 00:20:17.729000,26.9,58,1012.2,FALSE,40.5,28,3.3,2,Saudi Arabian Grand Prix,FP1,09-03-2024
0 days 00:21:17.723000,26.9,58,1012.2,FALSE,40.2,37,3.8,2,Saudi Arabian Grand Prix,FP1,09-03-2024
0 days 00:22:17.731000,26.9,57,1012.1,FALSE,40.1,23,5.1,2,Saudi Arabian Grand Prix,FP1,09-03-2024
0 days 00:23:17.735000,26.9,57,1012.2,FALSE,40.1,27,4.3,2,Saudi Arabian Grand Prix,FP1,09-03-2024
0 days 00:24:17.730000,26.8,56,1012.2,FALSE,39.8,21,4.9,2,Saudi Arabian Grand Prix,FP1,09-03-2024
0 days 00:25:17.727000,26.8,53,1012.2,FALSE,39.5,25,5.2,2,Saudi Arabian Grand Prix,FP1,09-03-2024
0 days 00:26:17.728000,26.9,55,1012.2,FALSE,39.5,32,5.5,2,Saudi Arabian Grand Prix,FP1,09-03-2024
0 days 00:27:17.741000,27,55,1012.2,FALSE,39.5,18,4.1,2,Saudi Arabian Grand Prix,FP1,09-03-2024
0 days 00:28:17.740000,26.9,55,1012.2,FALSE,39.5,30,5.4,2,Saudi Arabian Grand Prix,FP1,09-03-2024
0 days 00:29:17.737000,27,55,1012.1,FALSE,39.5,24,6,2,Saudi Arabian Grand Prix,FP1,09-03-2024
0 days 00:30:17.737000,26.9,55,1012.2,FALSE,39.5,13,5.5,2,Saudi Arabian Grand Prix,FP1,09-03-2024
0 days 00:31:17.739000,26.8,56,1012.2,FALSE,40.2,25,4.7,2,Saudi Arabian Grand Prix,FP1,09-03-2024
0 days 00:32:17.722000,26.9,56,1012.2,FALSE,40.2,1,4.6,2,Saudi Arabian Grand Prix,FP1,09-03-2024
0 days 00:33:17.745000,26.9,55,1012.2,FALSE,40.2,31,4.3,2,Saudi Arabian Grand Prix,FP1,09-03-2024
0 days 00:34:17.745000,26.9,55,1012.2,FALSE,40.2,25,6.1,2,Saudi Arabian Grand Prix,FP1,09-03-2024
0 days 00:35:17.747000,27,56,1012.3,FALSE,40.2,29,5,2,Saudi Arabian Grand Prix,FP1,09-03-2024
0 days 00:36:17.735000,26.9,57,1012.3,FALSE,40.2,28,4.3,2,Saudi Arabian Grand Prix,FP1,09-03-2024
0 days 00:37:17.740000,26.9,58,1012.3,FALSE,40.2,23,3.7,2,Saudi Arabian Grand Prix,FP1,09-03-2024
0 days 00:38:17.747000,26.9,59,1012.2,FALSE,40.2,25,4.7,2,Saudi Arabian Grand Prix,FP1,09-03-2024
0 days 00:39:17.741000,26.8,60,1012.3,FALSE,39.7,23,4.7,2,Saudi Arabian Grand Prix,FP1,09-03-2024
0 days 00:40:17.749000,26.7,60,1012.4,FALSE,39.7,31,4.7,2,Saudi Arabian Grand Prix,FP1,09-03-2024
0 days 00:41:17.742000,26.7,60,1012.3,FALSE,39.7,15,3.9,2,Saudi Arabian Grand Prix,FP1,09-03-2024
0 days 00:42:17.747000,26.7,60,1012.3,FALSE,39.7,12,3.6,2,Saudi Arabian Grand Prix,FP1,09-03-2024
0 days 00:43:17.742000,26.6,59,1012.2,FALSE,39.7,21,5.3,2,Saudi Arabian Grand Prix,FP1,09-03-2024
0 days 00:44:17.745000,26.6,58,1012.3,FALSE,39.7,33,4.8,2,Saudi Arabian Grand Prix,FP1,09-03-2024
0 days 00:45:17.741000,26.7,59,1012.3,FALSE,39.7,29,3.5,2,Saudi Arabian Grand Prix,FP1,09-03-2024
0 days 00:46:17.754000,26.7,58,1012.3,FALSE,39.7,23,3.9,2,Saudi Arabian Grand Prix,FP1,09-03-2024
0 days 00:47:17.743000,26.6,58,1012.3,FALSE,39.7,34,3.7,2,Saudi Arabian Grand Prix,FP1,09-03-2024
0 days 00:48:17.817000,26.7,58,1012.4,FALSE,39.7,14,4.5,2,Saudi Arabian Grand Prix,FP1,09-03-2024
0 days 00:49:17.756000,26.6,58,1012.4,FALSE,39.7,41,4.5,2,Saudi Arabian Grand Prix,FP1,09-03-2024
0 days 00:50:17.758000,26.7,57,1012.3,FALSE,39.1,26,4.1,2,Saudi Arabian Grand Prix,FP1,09-03-2024
0 days 00:51:17.752000,26.8,58,1012.4,FALSE,39.1,23,4.4,2,Saudi Arabian Grand Prix,FP1,09-03-2024
0 days 00:52:17.745000,26.6,57,1012.4,FALSE,39.1,35,5.6,2,Saudi Arabian Grand Prix,FP1,09-03-2024
0 days 00:53:17.825000,26.6,57,1012.4,FALSE,39.1,18,5.9,2,Saudi Arabian Grand Prix,FP1,09-03-2024
0 days 00:54:17.762000,26.6,58,1012.4,FALSE,39.1,26,5.5,2,Saudi Arabian Grand Prix,FP1,09-03-2024
0 days 00:55:17.784000,26.6,56,1012.4,FALSE,39.1,22,5.4,2,Saudi Arabian Grand Prix,FP1,09-03-2024
0 days 00:56:17.801000,26.6,56,1012.3,FALSE,39.1,16,5.1,2,Saudi Arabian Grand Prix,FP1,09-03-2024
0 days 00:57:17.794000,26.7,56,1012.3,FALSE,39.1,28,4.8,2,Saudi Arabian Grand Prix,FP1,09-03-2024
0 days 00:58:17.812000,26.7,57,1012.3,FALSE,39.1,22,5,2,Saudi Arabian Grand Prix,FP1,09-03-2024
0 days 00:59:17.808000,26.7,56,1012.3,FALSE,39.1,25,5.2,2,Saudi Arabian Grand Prix,FP1,09-03-2024
0 days 01:00:17.801000,26.7,56,1012.4,FALSE,39.1,22,5.3,2,Saudi Arabian Grand Prix,FP1,09-03-2024
0 days 01:01:17.809000,26.6,57,1012.3,FALSE,39.1,24,5.4,2,Saudi Arabian Grand Prix,FP1,09-03-2024
0 days 01:02:17.799000,26.6,55,1012.4,FALSE,38.2,19,5.5,2,Saudi Arabian Grand Prix,FP1,09-03-2024
0 days 01:03:17.802000,26.7,57,1012.3,FALSE,38.2,27,5.2,2,Saudi Arabian Grand Prix,FP1,09-03-2024
0 days 01:04:17.801000,26.6,58,1012.3,FALSE,38.2,24,4.8,2,Saudi Arabian Grand Prix,FP1,09-03-2024
0 days 01:05:17.851000,26.6,60,1012.3,FALSE,38.2,27,4.8,2,Saudi Arabian Grand Prix,FP1,09-03-2024
0 days 01:06:17.803000,26.6,60,1012.3,FALSE,38.2,13,4.6,2,Saudi Arabian Grand Prix,FP1,09-03-2024
0 days 01:07:17.806000,26.6,60,1012.2,FALSE,38.2,28,4.2,2,Saudi Arabian Grand Prix,FP1,09-03-2024
0 days 01:08:17.811000,26.5,61,1012.2,FALSE,38.2,27,5,2,Saudi Arabian Grand Prix,FP1,09-03-2024
0 days 01:09:17.809000,26.5,61,1012.3,FALSE,38.2,21,4.4,2,Saudi Arabian Grand Prix,FP1,09-03-2024
0 days 01:10:17.810000,26.5,60,1012.2,FALSE,38.2,17,4.7,2,Saudi Arabian Grand Prix,FP1,09-03-2024
0 days 01:11:17.816000,26.4,60,1012.2,FALSE,38.2,29,5.1,2,Saudi Arabian Grand Prix,FP1,09-03-2024
0 days 01:12:17.820000,26.4,61,1012.3,FALSE,38.2,15,4.3,2,Saudi Arabian Grand Prix,FP1,09-03-2024
0 days 01:13:17.811000,26.5,61,1012.3,FALSE,38.2,30,3.2,2,Saudi Arabian Grand Prix,FP1,09-03-2024
0 days 01:14:17.820000,26.5,60,1012.3,FALSE,38.2,29,3.3,2,Saudi Arabian Grand Prix,FP1,09-03-2024
0 days 01:15:17.823000,26.5,60,1012.3,FALSE,38.2,25,3.5,2,Saudi Arabian Grand Prix,FP1,09-03-2024
0 days 01:16:17.811000,26.5,59,1012.5,FALSE,38.2,16,3.6,2,Saudi Arabian Grand Prix,FP1,09-03-2024
0 days 01:17:17.817000,26.5,58,1012.5,FALSE,38.2,26,5.2,2,Saudi Arabian Grand Prix,FP1,09-03-2024
0 days 01:18:17.839000,26.4,57,1012.4,FALSE,38.2,16,6.6,2,Saudi Arabian Grand Prix,FP1,09-03-2024
0 days 01:19:17.836000,26.4,57,1012.4,FALSE,38.2,37,5.9,2,Saudi Arabian Grand Prix,FP1,09-03-2024
0 days 00:00:12.806000,25.4,62,1013.3,FALSE,31.3,25,3.6,2,Saudi Arabian Grand Prix,FP2,09-03-2024
0 days 00:01:12.772000,25.4,63,1013.3,FALSE,31.4,11,3.4,2,Saudi Arabian Grand Prix,FP2,09-03-2024
0 days 00:02:12.768000,25.4,63,1013.4,FALSE,31.4,7,3.2,2,Saudi Arabian Grand Prix,FP2,09-03-2024
0 days 00:03:12.769000,25.3,63,1013.2,FALSE,31.4,5,3.4,2,Saudi Arabian Grand Prix,FP2,09-03-2024
0 days 00:04:12.775000,25.4,63,1013.2,FALSE,31.4,29,4.1,2,Saudi Arabian Grand Prix,FP2,09-03-2024
0 days 00:05:12.777000,25.4,62,1013.4,FALSE,31.1,5,2.8,2,Saudi Arabian Grand Prix,FP2,09-03-2024
0 days 00:06:12.772000,25.3,62,1013.3,FALSE,31.1,2,3.7,2,Saudi Arabian Grand Prix,FP2,09-03-2024
0 days 00:07:12.770000,25.3,61,1013.3,FALSE,31.2,26,3.3,2,Saudi Arabian Grand Prix,FP2,09-03-2024
0 days 00:08:12.820000,25.3,61,1013.4,FALSE,31.3,359,3.7,2,Saudi Arabian Grand Prix,FP2,09-03-2024
0 days 00:09:12.776000,25.3,61,1013.4,FALSE,31.2,14,3.6,2,Saudi Arabian Grand Prix,FP2,09-03-2024
0 days 00:10:12.829000,25.3,60,1013.4,FALSE,31.1,23,4.1,2,Saudi Arabian Grand Prix,FP2,09-03-2024
0 days 00:11:12.776000,25.3,60,1013.4,FALSE,31,15,3.5,2,Saudi Arabian Grand Prix,FP2,09-03-2024
0 days 00:12:12.781000,25.3,60,1013.4,FALSE,31,352,2.3,2,Saudi Arabian Grand Prix,FP2,09-03-2024
0 days 00:13:12.782000,25.3,60,1013.5,FALSE,31.2,9,3.1,2,Saudi Arabian Grand Prix,FP2,09-03-2024
0 days 00:14:12.777000,25.3,60,1013.5,FALSE,31.2,0,2.9,2,Saudi Arabian Grand Prix,FP2,09-03-2024
0 days 00:15:12.796000,25.4,60,1013.6,FALSE,31,353,3,2,Saudi Arabian Grand Prix,FP2,09-03-2024
0 days 00:16:12.783000,25.3,60,1013.5,FALSE,30.9,6,2.2,2,Saudi Arabian Grand Prix,FP2,09-03-2024
0 days 00:17:12.778000,25.3,60,1013.5,FALSE,30.9,23,2.7,2,Saudi Arabian Grand Prix,FP2,09-03-2024
0 days 00:18:12.778000,25.3,60,1013.5,FALSE,31.1,28,3.7,2,Saudi Arabian Grand Prix,FP2,09-03-2024
0 days 00:19:12.780000,25.3,60,1013.5,FALSE,30.9,15,3.6,2,Saudi Arabian Grand Prix,FP2,09-03-2024
0 days 00:20:12.789000,25.3,60,1013.6,FALSE,30.9,349,3.6,2,Saudi Arabian Grand Prix,FP2,09-03-2024
0 days 00:21:12.786000,25.3,60,1013.5,FALSE,30.9,13,3,2,Saudi Arabian Grand Prix,FP2,09-03-2024
0 days 00:22:12.786000,25.3,60,1013.6,FALSE,31,0,2.5,2,Saudi Arabian Grand Prix,FP2,09-03-2024
0 days 00:23:12.787000,25.3,60,1013.7,FALSE,30.9,12,3.1,2,Saudi Arabian Grand Prix,FP2,09-03-2024
0 days 00:24:12.784000,25.3,59,1013.5,FALSE,31,358,3,2,Saudi Arabian Grand Prix,FP2,09-03-2024
0 days 00:25:12.783000,25.3,60,1013.6,FALSE,31,12,3.3,2,Saudi Arabian Grand Prix,FP2,09-03-2024
0 days 00:26:12.785000,25.3,60,1013.6,FALSE,30.8,336,2.2,2,Saudi Arabian Grand Prix,FP2,09-03-2024
0 days 00:27:12.795000,25.3,60,1013.6,FALSE,30.9,24,2.9,2,Saudi Arabian Grand Prix,FP2,09-03-2024
0 days 00:28:12.786000,25.3,60,1013.6,FALSE,30.9,358,2.8,2,Saudi Arabian Grand Prix,FP2,09-03-2024
0 days 00:29:12.790000,25.3,59,1013.7,FALSE,30.9,1,3.1,2,Saudi Arabian Grand Prix,FP2,09-03-2024
0 days 00:30:12.785000,25.4,59,1013.7,FALSE,31,7,3.1,2,Saudi Arabian Grand Prix,FP2,09-03-2024
0 days 00:31:12.791000,25.4,59,1013.6,FALSE,31,8,2.1,2,Saudi Arabian Grand Prix,FP2,09-03-2024
0 days 00:32:12.797000,25.5,59,1013.6,FALSE,31.5,3,2.5,2,Saudi Arabian Grand Prix,FP2,09-03-2024
0 days 00:33:12.791000,25.5,59,1013.6,FALSE,31.2,354,2.6,2,Saudi Arabian Grand Prix,FP2,09-03-2024
0 days 00:34:12.795000,25.5,59,1013.7,FALSE,31,37,1.8,2,Saudi Arabian Grand Prix,FP2,09-03-2024
0 days 00:35:12.786000,25.5,59,1013.7,FALSE,31,6,1.5,2,Saudi Arabian Grand Prix,FP2,09-03-2024
0 days 00:36:12.801000,25.6,59,1013.7,FALSE,30.9,37,1.8,2,Saudi Arabian Grand Prix,FP2,09-03-2024
0 days 00:37:12.797000,25.6,59,1013.7,FALSE,30.9,339,2.4,2,Saudi Arabian Grand Prix,FP2,09-03-2024
0 days 00:38:12.791000,25.6,59,1013.7,FALSE,30.7,7,1.5,2,Saudi Arabian Grand Prix,FP2,09-03-2024
0 days 00:39:12.799000,25.5,59,1013.7,FALSE,31,13,1.6,2,Saudi Arabian Grand Prix,FP2,09-03-2024
0 days 00:40:12.800000,25.5,59,1013.7,FALSE,31,10,2.4,2,Saudi Arabian Grand Prix,FP2,09-03-2024
0 days 00:41:12.806000,25.5,59,1013.6,FALSE,30.8,3,1.9,2,Saudi Arabian Grand Prix,FP2,09-03-2024
0 days 00:42:12.791000,25.5,59,1013.7,FALSE,30.8,341,2.1,2,Saudi Arabian Grand Prix,FP2,09-03-2024
0 days 00:43:12.804000,25.5,59,1013.8,FALSE,30.8,18,1.3,2,Saudi Arabian Grand Prix,FP2,09-03-2024
0 days 00:44:12.805000,25.5,59,1013.7,FALSE,30.7,22,1.9,2,Saudi Arabian Grand Prix,FP2,09-03-2024
0 days 00:45:12.814000,25.5,59,1013.6,FALSE,30.5,10,3.7,2,Saudi Arabian Grand Prix,FP2,09-03-2024
0 days 00:46:12.838000,25.4,60,1013.8,FALSE,30.4,35,3.6,2,Saudi Arabian Grand Prix,FP2,09-03-2024
0 days 00:47:12.815000,25.4,60,1013.6,FALSE,30.4,358,2.5,2,Saudi Arabian Grand Prix,FP2,09-03-2024
0 days 00:48:12.827000,25.3,61,1013.7,FALSE,30.4,351,2.5,2,Saudi Arabian Grand Prix,FP2,09-03-2024
0 days 00:49:12.835000,25.3,60,1013.8,FALSE,30.6,18,2.7,2,Saudi Arabian Grand Prix,FP2,09-03-2024
0 days 00:50:12.853000,25.3,61,1013.7,FALSE,30.6,8,3,2,Saudi Arabian Grand Prix,FP2,09-03-2024
0 days 00:51:12.844000,25.3,61,1013.8,FALSE,30.6,29,3.2,2,Saudi Arabian Grand Prix,FP2,09-03-2024
0 days 00:52:12.851000,25.3,61,1013.7,FALSE,30.8,22,2.7,2,Saudi Arabian Grand Prix,FP2,09-03-2024
0 days 00:53:12.850000,25.3,61,1013.7,FALSE,31,5,1.8,2,Saudi Arabian Grand Prix,FP2,09-03-2024
0 days 00:54:12.862000,25.4,61,1013.8,FALSE,30.8,13,2,2,Saudi Arabian Grand Prix,FP2,09-03-2024
0 days 00:55:12.890000,25.4,61,1013.8,FALSE,30.6,6,2.9,2,Saudi Arabian Grand Prix,FP2,09-03-2024
0 days 00:56:12.893000,25.4,61,1013.8,FALSE,30.4,360,2.8,2,Saudi Arabian Grand Prix,FP2,09-03-2024
0 days 00:57:12.905000,25.4,61,1013.7,FALSE,30.2,329,2.2,2,Saudi Arabian Grand Prix,FP2,09-03-2024
0 days 00:58:12.902000,25.4,61,1013.8,FALSE,30.2,22,2.1,2,Saudi Arabian Grand Prix,FP2,09-03-2024
0 days 00:59:12.918000,25.4,61,1013.7,FALSE,30.2,11,2.8,2,Saudi Arabian Grand Prix,FP2,09-03-2024
0 days 01:00:12.908000,25.3,61,1013.8,FALSE,30.3,20,2.8,2,Saudi Arabian Grand Prix,FP2,09-03-2024
0 days 01:01:12.915000,25.4,61,1013.8,FALSE,30.4,8,1.7,2,Saudi Arabian Grand Prix,FP2,09-03-2024
0 days 01:02:12.918000,25.4,60,1013.8,FALSE,30.1,1,2.5,2,Saudi Arabian Grand Prix,FP2,09-03-2024
0 days 01:03:12.919000,25.4,60,1013.8,FALSE,30.4,2,2.3,2,Saudi Arabian Grand Prix,FP2,09-03-2024
0 days 01:04:12.952000,25.3,60,1013.8,FALSE,30.4,20,2.8,2,Saudi Arabian Grand Prix,FP2,09-03-2024
0 days 01:05:12.931000,25.4,60,1013.9,FALSE,30.4,7,2,2,Saudi Arabian Grand Prix,FP2,09-03-2024
0 days 01:06:12.943000,25.3,60,1013.9,FALSE,30.2,1,2,2,Saudi Arabian Grand Prix,FP2,09-03-2024
0 days 01:07:12.939000,25.3,60,1013.9,FALSE,30.1,3,2.3,2,Saudi Arabian Grand Prix,FP2,09-03-2024
0 days 01:08:12.945000,25.3,60,1013.9,FALSE,30.2,9,2.5,2,Saudi Arabian Grand Prix,FP2,09-03-2024
0 days 01:09:12.940000,25.2,60,1013.9,FALSE,30.3,7,1.7,2,Saudi Arabian Grand Prix,FP2,09-03-2024
0 days 01:10:12.938000,25.2,60,1013.9,FALSE,30,18,1.1,2,Saudi Arabian Grand Prix,FP2,09-03-2024
0 days 01:11:12.944000,25.3,59,1013.9,FALSE,30,358,1.2,2,Saudi Arabian Grand Prix,FP2,09-03-2024
0 days 01:12:12.955000,25.3,60,1014,FALSE,30.2,99,1.5,2,Saudi Arabian Grand Prix,FP2,09-03-2024
0 days 01:13:12.944000,25.3,60,1013.9,FALSE,30.4,23,1,2,Saudi Arabian Grand Prix,FP2,09-03-2024
0 days 01:14:12.950000,25.4,59,1013.9,FALSE,30.4,0,1.4,2,Saudi Arabian Grand Prix,FP2,09-03-2024
0 days 01:15:12.948000,25.4,59,1014,FALSE,30.4,18,1.4,2,Saudi Arabian Grand Prix,FP2,09-03-2024
0 days 01:16:12.945000,25.4,59,1014.1,FALSE,30.6,22,1.3,2,Saudi Arabian Grand Prix,FP2,09-03-2024
0 days 01:17:12.945000,25.4,58,1014.1,FALSE,30.2,8,1.6,2,Saudi Arabian Grand Prix,FP2,09-03-2024
0 days 01:18:12.947000,25.4,58,1014.1,FALSE,30.2,8,1.6,2,Saudi Arabian Grand Prix,FP2,09-03-2024
0 days 01:19:12.951000,25.4,58,1014,FALSE,30.5,346,2,2,Saudi Arabian Grand Prix,FP2,09-03-2024
0 days 01:20:12.951000,25.4,58,1014.1,FALSE,30.5,355,1.3,2,Saudi Arabian Grand Prix,FP2,09-03-2024
0 days 01:21:12.947000,25.5,58,1014,FALSE,29.9,338,1.3,2,Saudi Arabian Grand Prix,FP2,09-03-2024
0 days 01:22:12.954000,25.5,58,1014.1,FALSE,29.9,1,1.5,2,Saudi Arabian Grand Prix,FP2,09-03-2024
0 days 01:23:12.956000,25.4,58,1014.1,FALSE,29.8,343,1.4,2,Saudi Arabian Grand Prix,FP2,09-03-2024
0 days 01:24:12.949000,25.4,58,1014.1,FALSE,29.7,140,0.6,2,Saudi Arabian Grand Prix,FP2,09-03-2024
0 days 01:25:12.953000,25.4,58,1014,FALSE,29.7,2,1.5,2,Saudi Arabian Grand Prix,FP2,09-03-2024
0 days 01:26:12.951000,25.4,58,1013.9,FALSE,29.3,9,2.7,2,Saudi Arabian Grand Prix,FP2,09-03-2024
0 days 01:27:12.950000,25.4,58,1014,FALSE,29.3,137,1.8,2,Saudi Arabian Grand Prix,FP2,09-03-2024
0 days 01:28:12.953000,25.4,58,1013.9,FALSE,29.8,26,0.9,2,Saudi Arabian Grand Prix,FP2,09-03-2024
0 days 01:29:12.955000,25.4,58,1014.1,FALSE,29.6,355,1.3,2,Saudi Arabian Grand Prix,FP2,09-03-2024
0 days 01:30:12.953000,25.3,58,1014,FALSE,29.4,23,1.9,2,Saudi Arabian Grand Prix,FP2,09-03-2024
0 days 01:31:12.957000,25.3,58,1014.1,FALSE,29.4,18,1.7,2,Saudi Arabian Grand Prix,FP2,09-03-2024
0 days 01:32:12.955000,25.2,58,1014,FALSE,29.2,359,2.3,2,Saudi Arabian Grand Prix,FP2,09-03-2024
0 days 00:00:17.723000,26.2,57,1012.9,FALSE,43.4,11,4.4,2,Saudi Arabian Grand Prix,FP3,09-03-2024
0 days 00:01:17.722000,26.2,57,1012.9,FALSE,43.5,21,5.6,2,Saudi Arabian Grand Prix,FP3,09-03-2024
0 days 00:02:17.728000,26.3,57,1012.8,FALSE,43.3,31,4,2,Saudi Arabian Grand Prix,FP3,09-03-2024
0 days 00:03:17.731000,26.3,57,1012.8,FALSE,43.3,20,4.2,2,Saudi Arabian Grand Prix,FP3,09-03-2024
0 days 00:04:17.729000,26.3,58,1012.8,FALSE,43.4,21,5.2,2,Saudi Arabian Grand Prix,FP3,09-03-2024
0 days 00:05:17.720000,26.3,59,1012.8,FALSE,42.7,39,4.3,2,Saudi Arabian Grand Prix,FP3,09-03-2024
0 days 00:06:17.749000,26.2,59,1012.8,FALSE,43.1,25,4.1,2,Saudi Arabian Grand Prix,FP3,09-03-2024
0 days 00:07:17.757000,26.2,58,1012.8,FALSE,42.9,29,4.1,2,Saudi Arabian Grand Prix,FP3,09-03-2024
0 days 00:08:17.773000,26.3,58,1012.8,FALSE,42.9,22,4.2,2,Saudi Arabian Grand Prix,FP3,09-03-2024
0 days 00:09:17.783000,26.2,58,1012.8,FALSE,42.3,17,4.9,2,Saudi Arabian Grand Prix,FP3,09-03-2024
0 days 00:10:17.763000,26.2,58,1012.8,FALSE,42.3,16,5.1,2,Saudi Arabian Grand Prix,FP3,09-03-2024
0 days 00:11:17.781000,26.1,58,1012.7,FALSE,42.3,19,5.4,2,Saudi Arabian Grand Prix,FP3,09-03-2024
0 days 00:12:17.777000,26.1,59,1012.8,FALSE,42.3,26,4.2,2,Saudi Arabian Grand Prix,FP3,09-03-2024
0 days 00:13:17.795000,26.2,60,1012.8,FALSE,42.3,24,4.1,2,Saudi Arabian Grand Prix,FP3,09-03-2024
0 days 00:14:17.815000,26.1,61,1012.8,FALSE,41.9,9,4.1,2,Saudi Arabian Grand Prix,FP3,09-03-2024
0 days 00:15:17.816000,26.2,59,1012.8,FALSE,41.9,26,4.7,2,Saudi Arabian Grand Prix,FP3,09-03-2024
0 days 00:16:17.813000,26.2,59,1012.8,FALSE,41.9,26,4.7,2,Saudi Arabian Grand Prix,FP3,09-03-2024
0 days 00:17:17.802000,26.2,59,1012.8,FALSE,41.9,26,4.7,2,Saudi Arabian Grand Prix,FP3,09-03-2024
0 days 00:18:17.810000,26.2,59,1012.8,FALSE,41.6,32,3.9,2,Saudi Arabian Grand Prix,FP3,09-03-2024
0 days 00:19:17.820000,26.2,59,1012.8,FALSE,41.5,36,3.8,2,Saudi Arabian Grand Prix,FP3,09-03-2024
0 days 00:20:17.812000,26.1,60,1012.8,FALSE,40.9,35,3.9,2,Saudi Arabian Grand Prix,FP3,09-03-2024
0 days 00:21:17.819000,26.2,59,1012.8,FALSE,40.9,25,5,2,Saudi Arabian Grand Prix,FP3,09-03-2024
0 days 00:22:17.819000,26.2,57,1012.8,FALSE,40.6,22,5.8,2,Saudi Arabian Grand Prix,FP3,09-03-2024
0 days 00:23:17.829000,26.2,58,1012.8,FALSE,40,19,5.2,2,Saudi Arabian Grand Prix,FP3,09-03-2024
0 days 00:24:17.818000,26.2,58,1012.8,FALSE,39.9,20,4.9,2,Saudi Arabian Grand Prix,FP3,09-03-2024
0 days 00:25:17.821000,26.1,60,1012.7,FALSE,40,26,3.1,2,Saudi Arabian Grand Prix,FP3,09-03-2024
0 days 00:26:17.819000,26.1,61,1012.8,FALSE,39.9,26,3.7,2,Saudi Arabian Grand Prix,FP3,09-03-2024
0 days 00:27:17.815000,26.1,60,1012.8,FALSE,39.7,21,3.9,2,Saudi Arabian Grand Prix,FP3,09-03-2024
0 days 00:28:17.825000,26.1,60,1012.8,FALSE,40.2,28,3.3,2,Saudi Arabian Grand Prix,FP3,09-03-2024
0 days 00:29:17.818000,26.1,60,1012.8,FALSE,40.2,29,3.9,2,Saudi Arabian Grand Prix,FP3,09-03-2024
0 days 00:30:17.819000,26.1,60,1012.7,FALSE,40.2,20,3.7,2,Saudi Arabian Grand Prix,FP3,09-03-2024
0 days 00:31:17.825000,26.2,60,1013,FALSE,39.8,30,4.2,2,Saudi Arabian Grand Prix,FP3,09-03-2024
0 days 00:32:17.842000,26.1,59,1012.8,FALSE,39.8,18,3.9,2,Saudi Arabian Grand Prix,FP3,09-03-2024
0 days 00:33:17.858000,26.1,60,1012.7,FALSE,39.8,21,4.2,2,Saudi Arabian Grand Prix,FP3,09-03-2024
0 days 00:34:17.862000,26.1,61,1012.8,FALSE,39.8,22,4.2,2,Saudi Arabian Grand Prix,FP3,09-03-2024
0 days 00:35:17.937000,26.1,62,1012.8,FALSE,39.8,17,3.6,2,Saudi Arabian Grand Prix,FP3,09-03-2024
0 days 00:36:17.879000,26.1,62,1012.8,FALSE,39.8,0,3.6,2,Saudi Arabian Grand Prix,FP3,09-03-2024
0 days 00:37:17.875000,26,62,1012.8,FALSE,39.3,25,3.2,2,Saudi Arabian Grand Prix,FP3,09-03-2024
0 days 00:38:17.877000,26,62,1012.9,FALSE,39.3,35,2.8,2,Saudi Arabian Grand Prix,FP3,09-03-2024
0 days 00:39:17.893000,26,62,1012.8,FALSE,39.3,7,3.1,2,Saudi Arabian Grand Prix,FP3,09-03-2024
0 days 00:40:17.916000,26,62,1012.9,FALSE,39.3,5,4.2,2,Saudi Arabian Grand Prix,FP3,09-03-2024
0 days 00:41:17.917000,26,62,1012.8,FALSE,39.3,11,3.6,2,Saudi Arabian Grand Prix,FP3,09-03-2024
0 days 00:42:17.930000,26,61,1012.9,FALSE,38.7,28,5,2,Saudi Arabian Grand Prix,FP3,09-03-2024
0 days 00:43:17.929000,26,61,1012.9,FALSE,38.7,25,4.9,2,Saudi Arabian Grand Prix,FP3,09-03-2024
0 days 00:44:17.939000,26,62,1012.9,FALSE,38.7,34,2.1,2,Saudi Arabian Grand Prix,FP3,09-03-2024
0 days 00:45:17.934000,26,60,1013,FALSE,38.7,40,3.4,2,Saudi Arabian Grand Prix,FP3,09-03-2024
0 days 00:46:17.964000,26,61,1013,FALSE,38.7,25,3.6,2,Saudi Arabian Grand Prix,FP3,09-03-2024
0 days 00:47:17.963000,26,60,1013,FALSE,38.7,36,3.6,2,Saudi Arabian Grand Prix,FP3,09-03-2024
0 days 00:48:17.970000,26,60,1013,FALSE,38.7,28,4.6,2,Saudi Arabian Grand Prix,FP3,09-03-2024
0 days 00:49:17.962000,25.9,61,1013,FALSE,38.7,13,4,2,Saudi Arabian Grand Prix,FP3,09-03-2024
0 days 00:50:17.961000,25.9,62,1013,FALSE,38.7,12,3.6,2,Saudi Arabian Grand Prix,FP3,09-03-2024
0 days 00:51:17.967000,25.9,62,1013.1,FALSE,38.1,27,3.5,2,Saudi Arabian Grand Prix,FP3,09-03-2024
0 days 00:52:17.964000,25.8,63,1013,FALSE,38.1,21,3.5,2,Saudi Arabian Grand Prix,FP3,09-03-2024
0 days 00:53:17.955000,25.8,62,1013.1,FALSE,38.1,19,4.1,2,Saudi Arabian Grand Prix,FP3,09-03-2024
0 days 00:54:17.957000,25.9,62,1013,FALSE,38.1,16,4.1,2,Saudi Arabian Grand Prix,FP3,09-03-2024
0 days 00:55:17.962000,25.8,62,1012.9,FALSE,38.1,20,4.3,2,Saudi Arabian Grand Prix,FP3,09-03-2024
0 days 00:56:17.961000,25.8,63,1013.1,FALSE,38.1,20,4.2,2,Saudi Arabian Grand Prix,FP3,09-03-2024
0 days 00:57:17.964000,25.8,63,1013,FALSE,38.1,5,3.3,2,Saudi Arabian Grand Prix,FP3,09-03-2024
0 days 00:58:17.964000,25.9,63,1013.1,FALSE,38.1,25,3,2,Saudi Arabian Grand Prix,FP3,09-03-2024
0 days 00:59:17.956000,25.9,63,1013.1,FALSE,38.1,28,3.4,2,Saudi Arabian Grand Prix,FP3,09-03-2024
0 days 01:00:17.965000,25.9,61,1013,FALSE,37.8,25,4.7,2,Saudi Arabian Grand Prix,FP3,09-03-2024
0 days 01:01:17.969000,25.8,61,1013.1,FALSE,37.8,31,5.1,2,Saudi Arabian Grand Prix,FP3,09-03-2024
0 days 01:02:17.964000,25.8,62,1013.2,FALSE,37.8,20,4,2,Saudi Arabian Grand Prix,FP3,09-03-2024
0 days 01:03:17.964000,25.8,60,1013.1,FALSE,37.8,33,5.1,2,Saudi Arabian Grand Prix,FP3,09-03-2024
0 days 01:04:17.975000,25.8,60,1013.1,FALSE,37.8,25,4.8,2,Saudi Arabian Grand Prix,FP3,09-03-2024
0 days 01:05:17.967000,25.7,60,1013.1,FALSE,37.8,28,4.8,2,Saudi Arabian Grand Prix,FP3,09-03-2024
0 days 01:06:17.975000,25.8,61,1013.1,FALSE,37.8,30,4.1,2,Saudi Arabian Grand Prix,FP3,09-03-2024
0 days 01:07:17.965000,25.8,61,1013.1,FALSE,37.3,20,4.1,2,Saudi Arabian Grand Prix,FP3,09-03-2024
0 days 01:08:17.970000,25.7,62,1013.1,FALSE,37.3,17,4.7,2,Saudi Arabian Grand Prix,FP3,09-03-2024
0 days 01:09:17.978000,25.7,62,1013.1,FALSE,37.3,23,4.1,2,Saudi Arabian Grand Prix,FP3,09-03-2024
0 days 01:10:17.977000,25.6,62,1013.1,FALSE,37.3,19,4.2,2,Saudi Arabian Grand Prix,FP3,09-03-2024
0 days 01:11:17.963000,25.7,61,1013.1,FALSE,37.3,23,4.6,2,Saudi Arabian Grand Prix,FP3,09-03-2024
0 days 01:12:17.965000,25.6,62,1013,FALSE,37.3,33,4,2,Saudi Arabian Grand Prix,FP3,09-03-2024
0 days 01:13:17.973000,25.6,62,1013.1,FALSE,37.3,14,3,2,Saudi Arabian Grand Prix,FP3,09-03-2024
0 days 01:14:17.976000,25.7,62,1013.1,FALSE,37.3,35,3.7,2,Saudi Arabian Grand Prix,FP3,09-03-2024
0 days 01:15:17.990000,25.8,62,1013.1,FALSE,37.3,20,5,2,Saudi Arabian Grand Prix,FP3,09-03-2024
0 days 01:16:17.995000,25.7,62,1013.3,FALSE,37.3,29,4.4,2,Saudi Arabian Grand Prix,FP3,09-03-2024
0 days 01:17:17.993000,25.7,61,1013.2,FALSE,37.3,54,4.2,2,Saudi Arabian Grand Prix,FP3,09-03-2024
0 days 01:18:18,25.7,60,1013.2,FALSE,37.3,23,3.9,2,Saudi Arabian Grand Prix,FP3,09-03-2024
0 days 01:19:18.014000,25.7,59,1013.3,FALSE,37.3,16,4.7,2,Saudi Arabian Grand Prix,FP3,09-03-2024
0 days 01:20:18.013000,25.7,59,1013.4,FALSE,37.3,25,5.1,2,Saudi Arabian Grand Prix,FP3,09-03-2024
0 days 01:21:18.034000,25.6,59,1013.3,FALSE,37.3,20,4.1,2,Saudi Arabian Grand Prix,FP3,09-03-2024
0 days 00:00:13.805000,25.1,56,1014.4,FALSE,31.9,12,1.9,2,Saudi Arabian Grand Prix,Q,09-03-2024
0 days 00:01:13.818000,25.1,56,1014.4,FALSE,31.7,32,2.6,2,Saudi Arabian Grand Prix,Q,09-03-2024
0 days 00:02:13.818000,25.2,56,1014.3,FALSE,31.7,28,1.9,2,Saudi Arabian Grand Prix,Q,09-03-2024
0 days 00:03:13.814000,25.1,56,1014.4,FALSE,31.7,5,2,2,Saudi Arabian Grand Prix,Q,09-03-2024
0 days 00:04:13.815000,25.1,56,1014.4,FALSE,31.5,351,1.6,2,Saudi Arabian Grand Prix,Q,09-03-2024
0 days 00:05:13.819000,25.1,56,1014.4,FALSE,31.5,0,1.9,2,Saudi Arabian Grand Prix,Q,09-03-2024
0 days 00:06:13.816000,25.1,56,1014.4,FALSE,31.6,7,2.1,2,Saudi Arabian Grand Prix,Q,09-03-2024
0 days 00:07:13.813000,25.1,56,1014.5,FALSE,31.7,25,1.9,2,Saudi Arabian Grand Prix,Q,09-03-2024
0 days 00:08:13.817000,25.1,56,1014.5,FALSE,31.7,14,2.2,2,Saudi Arabian Grand Prix,Q,09-03-2024
0 days 00:09:13.814000,25.1,56,1014.6,FALSE,31.5,351,2.9,2,Saudi Arabian Grand Prix,Q,09-03-2024
0 days 00:10:13.815000,25.1,56,1014.7,FALSE,31.5,19,2.3,2,Saudi Arabian Grand Prix,Q,09-03-2024
0 days 00:11:13.823000,25.1,57,1014.6,FALSE,31.4,11,2.2,2,Saudi Arabian Grand Prix,Q,09-03-2024
0 days 00:12:13.825000,25.1,56,1014.6,FALSE,31.6,349,2.6,2,Saudi Arabian Grand Prix,Q,09-03-2024
0 days 00:13:13.828000,25.1,56,1014.6,FALSE,31.6,339,2.7,2,Saudi Arabian Grand Prix,Q,09-03-2024
0 days 00:14:13.825000,25.1,57,1014.6,FALSE,31.5,8,2.2,2,Saudi Arabian Grand Prix,Q,09-03-2024
0 days 00:15:13.827000,25.1,57,1014.6,FALSE,31.4,3,2.4,2,Saudi Arabian Grand Prix,Q,09-03-2024
0 days 00:16:13.832000,25.1,56,1014.6,FALSE,31.5,353,2.2,2,Saudi Arabian Grand Prix,Q,09-03-2024
0 days 00:17:13.830000,25.1,57,1014.6,FALSE,31.3,9,1.9,2,Saudi Arabian Grand Prix,Q,09-03-2024
0 days 00:18:13.806000,25.1,57,1014.7,FALSE,31.4,13,1.3,2,Saudi Arabian Grand Prix,Q,09-03-2024
0 days 00:19:13.818000,25.2,56,1014.6,FALSE,31.5,178,1.6,2,Saudi Arabian Grand Prix,Q,09-03-2024
0 days 00:20:13.827000,25.3,56,1014.7,FALSE,31.8,147,1,2,Saudi Arabian Grand Prix,Q,09-03-2024
0 days 00:21:13.830000,25.3,56,1014.7,FALSE,31.8,325,0.7,2,Saudi Arabian Grand Prix,Q,09-03-2024
0 days 00:22:13.863000,25.4,56,1014.8,FALSE,31.6,0,0.7,2,Saudi Arabian Grand Prix,Q,09-03-2024
0 days 00:23:13.821000,25.4,56,1014.7,FALSE,31.5,345,1.2,2,Saudi Arabian Grand Prix,Q,09-03-2024
0 days 00:24:13.824000,25.4,56,1014.7,FALSE,31.3,63,0.6,2,Saudi Arabian Grand Prix,Q,09-03-2024
0 days 00:25:13.835000,25.4,56,1014.7,FALSE,31.5,3,1.1,2,Saudi Arabian Grand Prix,Q,09-03-2024
0 days 00:26:13.832000,25.4,56,1014.6,FALSE,31.3,1,0.9,2,Saudi Arabian Grand Prix,Q,09-03-2024
0 days 00:27:13.823000,25.4,56,1014.7,FALSE,31.3,115,0.9,2,Saudi Arabian Grand Prix,Q,09-03-2024
0 days 00:28:13.835000,25.4,56,1014.8,FALSE,31.3,22,0.9,2,Saudi Arabian Grand Prix,Q,09-03-2024
0 days 00:29:13.834000,25.3,56,1014.8,FALSE,31.3,6,1.5,2,Saudi Arabian Grand Prix,Q,09-03-2024
0 days 00:30:13.830000,25.3,56,1014.7,FALSE,31.3,3,1.9,2,Saudi Arabian Grand Prix,Q,09-03-2024
0 days 00:31:13.832000,25.3,56,1014.8,FALSE,31.1,29,1.2,2,Saudi Arabian Grand Prix,Q,09-03-2024
0 days 00:32:13.842000,25.3,56,1014.8,FALSE,31.1,0,1.1,2,Saudi Arabian Grand Prix,Q,09-03-2024
0 days 00:33:13.837000,25.4,56,1014.9,FALSE,31.3,235,0.6,2,Saudi Arabian Grand Prix,Q,09-03-2024
0 days 00:34:13.835000,25.4,56,1014.9,FALSE,31.3,346,1,2,Saudi Arabian Grand Prix,Q,09-03-2024
0 days 00:35:13.838000,25.4,56,1014.8,FALSE,30.9,20,1.4,2,Saudi Arabian Grand Prix,Q,09-03-2024
0 days 00:36:13.839000,25.3,56,1014.9,FALSE,30.8,6,1.3,2,Saudi Arabian Grand Prix,Q,09-03-2024
0 days 00:37:13.833000,25.2,56,1014.8,FALSE,30.9,357,2.4,2,Saudi Arabian Grand Prix,Q,09-03-2024
0 days 00:38:13.827000,25.1,57,1014.8,FALSE,30.9,9,1.7,2,Saudi Arabian Grand Prix,Q,09-03-2024
0 days 00:39:13.848000,25.1,57,1014.8,FALSE,30.9,4,1.6,2,Saudi Arabian Grand Prix,Q,09-03-2024
0 days 00:40:13.844000,25,57,1014.7,FALSE,30.6,3,1.3,2,Saudi Arabian Grand Prix,Q,09-03-2024
0 days 00:41:13.838000,25,57,1014.7,FALSE,30.6,8,1.4,2,Saudi Arabian Grand Prix,Q,09-03-2024
0 days 00:42:13.839000,25,57,1014.7,FALSE,30.7,352,1.9,2,Saudi Arabian Grand Prix,Q,09-03-2024
0 days 00:43:13.833000,25,57,1014.8,FALSE,30.7,7,1.2,2,Saudi Arabian Grand Prix,Q,09-03-2024
0 days 00:44:13.838000,25,57,1014.8,FALSE,30.9,343,0.8,2,Saudi Arabian Grand Prix,Q,09-03-2024
0 days 00:45:13.836000,25.1,57,1014.8,FALSE,30.9,348,0.7,2,Saudi Arabian Grand Prix,Q,09-03-2024
0 days 00:46:13.841000,25.1,56,1014.9,FALSE,30.8,338,2,2,Saudi Arabian Grand Prix,Q,09-03-2024
0 days 00:47:13.848000,25.1,57,1014.8,FALSE,30.8,26,1.3,2,Saudi Arabian Grand Prix,Q,09-03-2024
0 days 00:48:13.849000,25.1,57,1014.8,FALSE,30.8,342,2.1,2,Saudi Arabian Grand Prix,Q,09-03-2024
0 days 00:49:13.850000,25,57,1014.8,FALSE,30.6,20,1.9,2,Saudi Arabian Grand Prix,Q,09-03-2024
0 days 00:50:13.841000,25,57,1014.8,FALSE,30.6,8,1.8,2,Saudi Arabian Grand Prix,Q,09-03-2024
0 days 00:51:13.844000,25,57,1014.8,FALSE,30.6,24,1.5,2,Saudi Arabian Grand Prix,Q,09-03-2024
0 days 00:52:13.834000,25,57,1014.9,FALSE,30.7,14,1.5,2,Saudi Arabian Grand Prix,Q,09-03-2024
0 days 00:53:13.840000,25,57,1014.9,FALSE,31,0,0.5,2,Saudi Arabian Grand Prix,Q,09-03-2024
0 days 00:54:13.846000,25.1,56,1014.9,FALSE,31,351,0.7,2,Saudi Arabian Grand Prix,Q,09-03-2024
0 days 00:55:13.855000,25.2,56,1014.9,FALSE,30.9,26,0.7,2,Saudi Arabian Grand Prix,Q,09-03-2024
0 days 00:56:13.851000,25.2,56,1014.9,FALSE,30.9,337,1.1,2,Saudi Arabian Grand Prix,Q,09-03-2024
0 days 00:57:13.856000,25.2,56,1014.8,FALSE,30.8,356,1.9,2,Saudi Arabian Grand Prix,Q,09-03-2024
0 days 00:58:13.885000,25.1,56,1014.8,FALSE,30.6,20,1.7,2,Saudi Arabian Grand Prix,Q,09-03-2024
0 days 00:59:13.843000,25.1,56,1014.8,FALSE,30.6,19,1.5,2,Saudi Arabian Grand Prix,Q,09-03-2024
0 days 01:00:13.853000,25.1,56,1014.8,FALSE,30.6,5,0.7,2,Saudi Arabian Grand Prix,Q,09-03-2024
0 days 01:01:13.848000,25.1,56,1014.9,FALSE,30.7,82,0.7,2,Saudi Arabian Grand Prix,Q,09-03-2024
0 days 01:02:13.847000,25.2,55,1014.9,FALSE,30.5,29,1.3,2,Saudi Arabian Grand Prix,Q,09-03-2024
0 days 01:03:13.852000,25.2,55,1014.9,FALSE,30.4,14,1.5,2,Saudi Arabian Grand Prix,Q,09-03-2024
0 days 01:04:13.860000,25.1,56,1014.9,FALSE,30.2,0,1.5,2,Saudi Arabian Grand Prix,Q,09-03-2024
0 days 01:05:13.846000,25,56,1015,FALSE,30.2,16,2,2,Saudi Arabian Grand Prix,Q,09-03-2024
0 days 01:06:13.855000,25,56,1015,FALSE,30.2,8,2,2,Saudi Arabian Grand Prix,Q,09-03-2024
0 days 01:07:13.852000,25,56,1015,FALSE,30.3,16,2.2,2,Saudi Arabian Grand Prix,Q,09-03-2024
0 days 01:08:13.854000,24.9,56,1015,FALSE,30.2,6,1.8,2,Saudi Arabian Grand Prix,Q,09-03-2024
0 days 01:09:13.856000,24.9,56,1015,FALSE,30.1,353,1.4,2,Saudi Arabian Grand Prix,Q,09-03-2024
0 days 01:10:13.860000,24.9,56,1015,FALSE,30.1,8,1.8,2,Saudi Arabian Grand Prix,Q,09-03-2024
0 days 01:11:13.853000,25,56,1015,FALSE,30.3,32,1,2,Saudi Arabian Grand Prix,Q,09-03-2024
0 days 01:12:13.862000,25,55,1015,FALSE,30.8,146,0.3,2,Saudi Arabian Grand Prix,Q,09-03-2024
0 days 01:13:13.858000,25.1,55,1015,FALSE,30.8,0,0.7,2,Saudi Arabian Grand Prix,Q,09-03-2024
0 days 01:14:13.864000,25.1,55,1015,FALSE,30.5,332,0.9,2,Saudi Arabian Grand Prix,Q,09-03-2024
0 days 01:15:13.867000,25.1,55,1015,FALSE,30.2,0,1.1,2,Saudi Arabian Grand Prix,Q,09-03-2024
0 days 01:16:13.882000,25.1,55,1015,FALSE,30,9,1.4,2,Saudi Arabian Grand Prix,Q,09-03-2024
0 days 01:17:13.896000,25,55,1015,FALSE,30,350,1.6,2,Saudi Arabian Grand Prix,Q,09-03-2024
0 days 01:18:13.888000,25,55,1015,FALSE,29.8,29,1.5,2,Saudi Arabian Grand Prix,Q,09-03-2024
0 days 01:19:13.903000,25,56,1015,FALSE,29.8,353,0.5,2,Saudi Arabian Grand Prix,Q,09-03-2024
0 days 01:20:13.915000,25,55,1014.9,FALSE,30.6,28,0.4,2,Saudi Arabian Grand Prix,Q,09-03-2024
0 days 01:21:13.910000,25,55,1015,FALSE,30.2,281,0.6,2,Saudi Arabian Grand Prix,Q,09-03-2024
0 days 01:22:13.912000,25.1,55,1015,FALSE,30.1,344,1.1,2,Saudi Arabian Grand Prix,Q,09-03-2024
0 days 01:23:13.916000,25,55,1015,FALSE,29.9,11,2.1,2,Saudi Arabian Grand Prix,Q,09-03-2024
0 days 01:24:13.916000,25,56,1014.9,FALSE,29.9,355,1.6,2,Saudi Arabian Grand Prix,Q,09-03-2024
0 days 01:25:13.912000,25,56,1015.1,FALSE,29.9,324,2.2,2,Saudi Arabian Grand Prix,Q,09-03-2024
0 days 01:26:13.913000,24.9,56,1015,FALSE,29.7,2,1.2,2,Saudi Arabian Grand Prix,Q,09-03-2024
0 days 01:27:13.913000,25,55,1015,FALSE,29.6,24,1.1,2,Saudi Arabian Grand Prix,Q,09-03-2024
0 days 01:28:13.917000,24.9,55,1015,FALSE,29.6,23,1.5,2,Saudi Arabian Grand Prix,Q,09-03-2024
0 days 01:29:13.914000,24.9,56,1015,FALSE,29.6,359,1.2,2,Saudi Arabian Grand Prix,Q,09-03-2024
0 days 01:30:13.918000,24.9,56,1015.1,FALSE,29.4,5,1.8,2,Saudi Arabian Grand Prix,Q,09-03-2024
0 days 01:31:13.912000,24.9,56,1015,FALSE,29.4,18,1.5,2,Saudi Arabian Grand Prix,Q,09-03-2024
0 days 01:32:13.914000,24.8,56,1015,FALSE,29.4,24,1.5,2,Saudi Arabian Grand Prix,Q,09-03-2024
0 days 01:33:13.918000,24.8,56,1015,FALSE,29.4,9,1.2,2,Saudi Arabian Grand Prix,Q,09-03-2024
0 days 00:00:08.340000,25.5,67,1012,FALSE,33.6,342,2.6,2,Saudi Arabian Grand Prix,R,09-03-2024
0 days 00:01:08.337000,25.5,67,1012,FALSE,33.6,20,1.9,2,Saudi Arabian Grand Prix,R,09-03-2024
0 days 00:02:08.335000,25.5,67,1012,FALSE,33.4,21,2.4,2,Saudi Arabian Grand Prix,R,09-03-2024
0 days 00:03:08.344000,25.5,67,1012,FALSE,33.3,22,2.3,2,Saudi Arabian Grand Prix,R,09-03-2024
0 days 00:04:08.357000,25.5,67,1012,FALSE,33.3,23,2.6,2,Saudi Arabian Grand Prix,R,09-03-2024
0 days 00:05:08.362000,25.5,67,1012.1,FALSE,33.5,12,2.5,2,Saudi Arabian Grand Prix,R,09-03-2024
0 days 00:06:08.356000,25.5,67,1012,FALSE,33.5,5,1.9,2,Saudi Arabian Grand Prix,R,09-03-2024
0 days 00:07:08.373000,25.5,67,1012,FALSE,33.4,13,1.8,2,Saudi Arabian Grand Prix,R,09-03-2024
0 days 00:08:08.380000,25.5,67,1012,FALSE,33.4,26,2.1,2,Saudi Arabian Grand Prix,R,09-03-2024
0 days 00:09:08.380000,25.5,65,1012.1,FALSE,33.4,10,2.3,2,Saudi Arabian Grand Prix,R,09-03-2024
0 days 00:10:08.384000,25.5,66,1012.2,FALSE,33.3,343,2.1,2,Saudi Arabian Grand Prix,R,09-03-2024
0 days 00:11:08.374000,25.5,65,1012.1,FALSE,33.1,334,1.7,2,Saudi Arabian Grand Prix,R,09-03-2024
0 days 00:12:08.379000,25.5,65,1012.1,FALSE,33.2,0,1.9,2,Saudi Arabian Grand Prix,R,09-03-2024
0 days 00:13:08.381000,25.5,66,1012.1,FALSE,33.2,5,1.4,2,Saudi Arabian Grand Prix,R,09-03-2024
0 days 00:14:08.382000,25.5,64,1012.2,FALSE,33.4,22,1.1,2,Saudi Arabian Grand Prix,R,09-03-2024
0 days 00:15:08.385000,25.6,63,1012.2,FALSE,33.4,10,1.3,2,Saudi Arabian Grand Prix,R,09-03-2024
0 days 00:16:08.376000,25.5,63,1012.2,FALSE,33.4,23,1,2,Saudi Arabian Grand Prix,R,09-03-2024
0 days 00:17:08.391000,25.5,61,1012.3,FALSE,33.1,30,1,2,Saudi Arabian Grand Prix,R,09-03-2024
0 days 00:18:08.385000,25.5,62,1012.2,FALSE,33.2,6,1.4,2,Saudi Arabian Grand Prix,R,09-03-2024
0 days 00:19:08.398000,25.5,61,1012.2,FALSE,33.2,2,1.9,2,Saudi Arabian Grand Prix,R,09-03-2024
0 days 00:20:08.388000,25.5,61,1012.3,FALSE,33.1,2,1.6,2,Saudi Arabian Grand Prix,R,09-03-2024
0 days 00:21:08.387000,25.6,60,1012.3,FALSE,33.2,21,1.2,2,Saudi Arabian Grand Prix,R,09-03-2024
0 days 00:22:08.381000,25.7,60,1012.4,FALSE,33.1,27,0.9,2,Saudi Arabian Grand Prix,R,09-03-2024
0 days 00:23:08.394000,25.7,59,1012.3,FALSE,32.9,33,1,2,Saudi Arabian Grand Prix,R,09-03-2024
0 days 00:24:08.392000,25.8,59,1012.4,FALSE,32.8,6,1.1,2,Saudi Arabian Grand Prix,R,09-03-2024
0 days 00:25:08.393000,25.8,58,1012.4,FALSE,32.8,18,1.3,2,Saudi Arabian Grand Prix,R,09-03-2024
0 days 00:26:08.393000,25.8,58,1012.4,FALSE,32.9,12,1,2,Saudi Arabian Grand Prix,R,09-03-2024
0 days 00:27:08.394000,25.9,57,1012.4,FALSE,33.3,18,0.9,2,Saudi Arabian Grand Prix,R,09-03-2024
0 days 00:28:08.388000,25.9,57,1012.5,FALSE,32.9,33,1.3,2,Saudi Arabian Grand Prix,R,09-03-2024
0 days 00:29:08.392000,25.9,57,1012.5,FALSE,32.6,32,0.9,2,Saudi Arabian Grand Prix,R,09-03-2024
0 days 00:30:08.392000,25.9,57,1012.4,FALSE,32.5,2,1.1,2,Saudi Arabian Grand Prix,R,09-03-2024
0 days 00:31:08.396000,25.9,57,1012.5,FALSE,32.5,23,1.2,2,Saudi Arabian Grand Prix,R,09-03-2024
0 days 00:32:08.396000,25.8,57,1012.5,FALSE,32.4,41,1.4,2,Saudi Arabian Grand Prix,R,09-03-2024
0 days 00:33:08.398000,25.7,57,1012.5,FALSE,32.2,3,1.3,2,Saudi Arabian Grand Prix,R,09-03-2024
0 days 00:34:08.383000,25.7,58,1012.5,FALSE,32.2,25,1.3,2,Saudi Arabian Grand Prix,R,09-03-2024
0 days 00:35:08.397000,25.6,58,1012.5,FALSE,32.2,25,1.5,2,Saudi Arabian Grand Prix,R,09-03-2024
0 days 00:36:08.388000,25.6,57,1012.4,FALSE,32.3,0,2.2,2,Saudi Arabian Grand Prix,R,09-03-2024
0 days 00:37:08.398000,25.6,58,1012.5,FALSE,32.3,33,2,2,Saudi Arabian Grand Prix,R,09-03-2024
0 days 00:38:08.403000,25.6,58,1012.5,FALSE,31.9,13,2.2,2,Saudi Arabian Grand Prix,R,09-03-2024
0 days 00:39:08.399000,25.6,58,1012.3,FALSE,31.9,13,2.4,2,Saudi Arabian Grand Prix,R,09-03-2024
0 days 00:40:08.381000,25.6,59,1012.4,FALSE,32,25,2.3,2,Saudi Arabian Grand Prix,R,09-03-2024
0 days 00:41:08.410000,25.5,59,1012.4,FALSE,32,14,2.4,2,Saudi Arabian Grand Prix,R,09-03-2024
0 days 00:42:08.404000,25.5,59,1012.5,FALSE,31.9,14,2.3,2,Saudi Arabian Grand Prix,R,09-03-2024
0 days 00:43:08.414000,25.5,59,1012.4,FALSE,31.9,19,2.1,2,Saudi Arabian Grand Prix,R,09-03-2024
0 days 00:44:08.413000,25.5,60,1012.5,FALSE,31.7,26,2,2,Saudi Arabian Grand Prix,R,09-03-2024
0 days 00:45:08.434000,25.5,60,1012.5,FALSE,32,0,1.9,2,Saudi Arabian Grand Prix,R,09-03-2024
0 days 00:46:08.449000,25.5,60,1012.4,FALSE,32,22,1.8,2,Saudi Arabian Grand Prix,R,09-03-2024
0 days 00:47:08.470000,25.5,60,1012.4,FALSE,32,2,1.7,2,Saudi Arabian Grand Prix,R,09-03-2024
0 days 00:48:08.482000,25.4,60,1012.5,FALSE,31.9,2,1.9,2,Saudi Arabian Grand Prix,R,09-03-2024
0 days 00:49:08.475000,25.5,61,1012.6,FALSE,32,7,2.1,2,Saudi Arabian Grand Prix,R,09-03-2024
0 days 00:50:08.521000,25.5,61,1012.4,FALSE,31.9,354,2.3,2,Saudi Arabian Grand Prix,R,09-03-2024
0 days 00:51:08.501000,25.4,61,1012.5,FALSE,31.7,22,2.4,2,Saudi Arabian Grand Prix,R,09-03-2024
0 days 00:52:08.506000,25.4,62,1012.5,FALSE,31.7,346,2.2,2,Saudi Arabian Grand Prix,R,09-03-2024
0 days 00:53:08.503000,25.4,62,1012.4,FALSE,31.7,1,2.2,2,Saudi Arabian Grand Prix,R,09-03-2024
0 days 00:54:08.500000,25.4,62,1012.5,FALSE,31.7,7,1.9,2,Saudi Arabian Grand Prix,R,09-03-2024
0 days 00:55:08.507000,25.4,62,1012.5,FALSE,31.7,353,2,2,Saudi Arabian Grand Prix,R,09-03-2024
0 days 00:56:08.494000,25.4,63,1012.6,FALSE,31.9,11,1.5,2,Saudi Arabian Grand Prix,R,09-03-2024
0 days 00:57:08.493000,25.3,62,1012.6,FALSE,31.7,55,1.4,2,Saudi Arabian Grand Prix,R,09-03-2024
0 days 00:58:08.506000,25.3,62,1012.5,FALSE,31.7,26,1,2,Saudi Arabian Grand Prix,R,09-03-2024
0 days 00:59:08.506000,25.3,62,1012.5,FALSE,31.5,331,1.8,2,Saudi Arabian Grand Prix,R,09-03-2024
0 days 01:00:08.558000,25.4,62,1012.5,FALSE,31.5,358,1.3,2,Saudi Arabian Grand Prix,R,09-03-2024
0 days 01:01:08.543000,25.4,62,1012.5,FALSE,31.5,342,1.7,2,Saudi Arabian Grand Prix,R,09-03-2024
0 days 01:02:08.539000,25.4,62,1012.6,FALSE,31.5,301,1.2,2,Saudi Arabian Grand Prix,R,09-03-2024
0 days 01:03:08.540000,25.4,62,1012.6,FALSE,31.7,172,1,2,Saudi Arabian Grand Prix,R,09-03-2024
0 days 01:04:08.530000,25.4,62,1012.6,FALSE,31.7,36,1.5,2,Saudi Arabian Grand Prix,R,09-03-2024
0 days 01:05:08.561000,25.5,61,1012.6,FALSE,31.7,342,0.8,2,Saudi Arabian Grand Prix,R,09-03-2024
0 days 01:06:08.554000,25.6,61,1012.6,FALSE,31.7,9,1.3,2,Saudi Arabian Grand Prix,R,09-03-2024
0 days 01:07:08.580000,25.6,62,1012.6,FALSE,31.7,45,0.7,2,Saudi Arabian Grand Prix,R,09-03-2024
0 days 01:08:08.576000,25.7,61,1012.6,FALSE,32.2,161,1,2,Saudi Arabian Grand Prix,R,09-03-2024
0 days 01:09:08.587000,25.7,61,1012.6,FALSE,31.5,1,1,2,Saudi Arabian Grand Prix,R,09-03-2024
0 days 01:10:08.603000,25.7,61,1012.6,FALSE,31.4,357,1.2,2,Saudi Arabian Grand Prix,R,09-03-2024
0 days 01:11:08.608000,25.7,61,1012.7,FALSE,31.4,330,1,2,Saudi Arabian Grand Prix,R,09-03-2024
0 days 01:12:08.624000,25.7,61,1012.6,FALSE,31.5,349,0.8,2,Saudi Arabian Grand Prix,R,09-03-2024
0 days 01:13:08.640000,25.7,61,1012.7,FALSE,31.5,0,1.1,2,Saudi Arabian Grand Prix,R,09-03-2024
0 days 01:14:08.656000,25.7,61,1012.7,FALSE,31.5,1,0.7,2,Saudi Arabian Grand Prix,R,09-03-2024
0 days 01:15:08.664000,25.7,61,1012.7,FALSE,31.5,317,0.8,2,Saudi Arabian Grand Prix,R,09-03-2024
0 days 01:16:08.670000,25.6,62,1012.8,FALSE,31.4,328,1.6,2,Saudi Arabian Grand Prix,R,09-03-2024
0 days 01:17:08.664000,25.5,62,1012.7,FALSE,31.4,356,0.8,2,Saudi Arabian Grand Prix,R,09-03-2024
0 days 01:18:08.674000,25.5,62,1012.8,FALSE,31.5,356,0.4,2,Saudi Arabian Grand Prix,R,09-03-2024
0 days 01:19:08.681000,25.4,62,1012.8,FALSE,31.5,264,1.1,2,Saudi Arabian Grand Prix,R,09-03-2024
0 days 01:20:08.678000,25.5,62,1012.8,FALSE,31.7,25,1.1,2,Saudi Arabian Grand Prix,R,09-03-2024
0 days 01:21:08.674000,25.5,62,1012.9,FALSE,31.4,3,1.2,2,Saudi Arabian Grand Prix,R,09-03-2024
0 days 01:22:08.679000,25.5,62,1012.8,FALSE,31.2,180,1.3,2,Saudi Arabian Grand Prix,R,09-03-2024
0 days 01:23:08.715000,25.5,62,1012.9,FALSE,31.6,344,1.6,2,Saudi Arabian Grand Prix,R,09-03-2024
0 days 01:24:08.716000,25.5,62,1012.9,FALSE,31.7,0,0.8,2,Saudi Arabian Grand Prix,R,09-03-2024
0 days 01:25:08.722000,25.6,61,1012.9,FALSE,31.6,177,1.1,2,Saudi Arabian Grand Prix,R,09-03-2024
0 days 01:26:08.726000,25.6,62,1012.9,FALSE,31.3,50,0.8,2,Saudi Arabian Grand Prix,R,09-03-2024
0 days 01:27:08.724000,25.6,61,1012.9,FALSE,31.6,312,1.3,2,Saudi Arabian Grand Prix,R,09-03-2024
0 days 01:28:08.732000,25.6,61,1012.9,FALSE,31.1,0,0.8,2,Saudi Arabian Grand Prix,R,09-03-2024
0 days 01:29:08.726000,25.6,62,1012.8,FALSE,30.9,348,0.4,2,Saudi Arabian Grand Prix,R,09-03-2024
0 days 01:30:08.724000,25.6,61,1012.9,FALSE,31.1,314,1,2,Saudi Arabian Grand Prix,R,09-03-2024
0 days 01:31:08.735000,25.6,62,1012.9,FALSE,30.8,355,1.8,2,Saudi Arabian Grand Prix,R,09-03-2024
0 days 01:32:08.723000,25.6,62,1012.8,FALSE,30.9,351,1.5,2,Saudi Arabian Grand Prix,R,09-03-2024
0 days 01:33:08.723000,25.6,62,1012.9,FALSE,30.9,337,1.5,2,Saudi Arabian Grand Prix,R,09-03-2024
0 days 01:34:08.733000,25.6,62,1012.9,FALSE,30.6,335,1.6,2,Saudi Arabian Grand Prix,R,09-03-2024
0 days 01:35:08.732000,25.6,62,1012.9,FALSE,30.9,342,1.5,2,Saudi Arabian Grand Prix,R,09-03-2024
0 days 01:36:08.717000,25.5,62,1012.9,FALSE,30.7,49,0.9,2,Saudi Arabian Grand Prix,R,09-03-2024
0 days 01:37:08.726000,25.5,62,1013,FALSE,30.7,314,0.5,2,Saudi Arabian Grand Prix,R,09-03-2024
0 days 01:38:08.737000,25.5,62,1013,FALSE,30.8,261,1,2,Saudi Arabian Grand Prix,R,09-03-2024
0 days 01:39:08.742000,25.6,62,1013,FALSE,30.8,35,1,2,Saudi Arabian Grand Prix,R,09-03-2024
0 days 01:40:08.759000,25.6,62,1013,FALSE,31.3,18,0.7,2,Saudi Arabian Grand Prix,R,09-03-2024
0 days 01:41:08.774000,25.6,62,1013,FALSE,31.4,0,1.2,2,Saudi Arabian Grand Prix,R,09-03-2024
0 days 01:42:08.770000,25.6,62,1013.1,FALSE,31.2,50,0.8,2,Saudi Arabian Grand Prix,R,09-03-2024
0 days 01:43:08.800000,25.6,62,1013.1,FALSE,31.2,7,1.2,2,Saudi Arabian Grand Prix,R,09-03-2024
0 days 01:44:08.802000,25.6,62,1013.1,FALSE,31.2,10,1.7,2,Saudi Arabian Grand Prix,R,09-03-2024
0 days 01:45:08.817000,25.6,63,1013.1,FALSE,30.7,36,0.7,2,Saudi Arabian Grand Prix,R,09-03-2024
0 days 01:46:08.813000,25.6,62,1013.1,FALSE,31.2,355,1,2,Saudi Arabian Grand Prix,R,09-03-2024
0 days 01:47:08.813000,25.6,63,1013.1,FALSE,31,344,1.3,2,Saudi Arabian Grand Prix,R,09-03-2024
0 days 01:48:08.815000,25.5,63,1013.1,FALSE,31,353,0.6,2,Saudi Arabian Grand Prix,R,09-03-2024
0 days 01:49:08.834000,25.6,63,1013,FALSE,30.8,338,1,2,Saudi Arabian Grand Prix,R,09-03-2024
0 days 01:50:08.818000,25.6,63,1013,FALSE,30.9,339,0.9,2,Saudi Arabian Grand Prix,R,09-03-2024
0 days 01:51:08.834000,25.5,63,1013,FALSE,31.1,28,1,2,Saudi Arabian Grand Prix,R,09-03-2024
0 days 01:52:08.814000,25.5,63,1013,FALSE,31.1,335,1.1,2,Saudi Arabian Grand Prix,R,09-03-2024
0 days 01:53:08.821000,25.5,63,1013,FALSE,31.1,38,1.2,2,Saudi Arabian Grand Prix,R,09-03-2024
0 days 01:54:08.817000,25.5,64,1013,FALSE,30.9,106,0.4,2,Saudi Arabian Grand Prix,R,09-03-2024
0 days 01:55:08.824000,25.5,63,1013,FALSE,30.9,0,1,2,Saudi Arabian Grand Prix,R,09-03-2024
0 days 01:56:08.807000,25.5,64,1013,FALSE,30.9,27,0.5,2,Saudi Arabian Grand Prix,R,09-03-2024
0 days 01:57:08.816000,25.5,64,1013,FALSE,31,346,0.7,2,Saudi Arabian Grand Prix,R,09-03-2024
0 days 01:58:08.823000,25.5,64,1013.1,FALSE,30.8,305,0.4,2,Saudi Arabian Grand Prix,R,09-03-2024
0 days 01:59:08.830000,25.5,64,1013,FALSE,30.8,7,0.7,2,Saudi Arabian Grand Prix,R,09-03-2024
0 days 02:00:08.828000,25.5,64,1013,FALSE,30.4,352,0.6,2,Saudi Arabian Grand Prix,R,09-03-2024
0 days 02:01:08.825000,25.5,64,1013,FALSE,30.4,321,1.1,2,Saudi Arabian Grand Prix,R,09-03-2024
0 days 02:02:08.843000,25.5,64,1013,FALSE,30.4,0,0,2,Saudi Arabian Grand Prix,R,09-03-2024
0 days 02:03:08.826000,25.5,64,1013,FALSE,30.4,29,0.9,2,Saudi Arabian Grand Prix,R,09-03-2024
0 days 02:04:08.829000,25.5,64,1013,FALSE,30.4,0,0.7,2,Saudi Arabian Grand Prix,R,09-03-2024
0 days 02:05:08.814000,25.4,65,1013,FALSE,30.7,0,0.7,2,Saudi Arabian Grand Prix,R,09-03-2024
0 days 02:06:08.830000,25.4,65,1013.1,FALSE,30.4,6,0.6,2,Saudi Arabian Grand Prix,R,09-03-2024
0 days 02:07:08.832000,25.5,65,1013.1,FALSE,30.2,334,0.9,2,Saudi Arabian Grand Prix,R,09-03-2024
0 days 02:08:08.835000,25.4,65,1013.1,FALSE,30.2,202,1.4,2,Saudi Arabian Grand Prix,R,09-03-2024
0 days 02:09:08.831000,25.4,65,1013.1,FALSE,30.2,333,1,2,Saudi Arabian Grand Prix,R,09-03-2024
0 days 02:10:08.832000,25.4,65,1013,FALSE,29.9,31,0.9,2,Saudi Arabian Grand Prix,R,09-03-2024
0 days 02:11:08.826000,25.4,65,1013.1,FALSE,30,164,0.7,2,Saudi Arabian Grand Prix,R,09-03-2024
0 days 02:12:08.832000,25.4,65,1013.2,FALSE,30.2,48,1.3,2,Saudi Arabian Grand Prix,R,09-03-2024
0 days 02:13:08.832000,25.4,65,1013.1,FALSE,30.2,59,1,2,Saudi Arabian Grand Prix,R,09-03-2024
0 days 02:14:08.832000,25.4,65,1013.1,FALSE,30.3,135,0.7,2,Saudi Arabian Grand Prix,R,09-03-2024
0 days 02:15:08.834000,25.4,65,1013.1,FALSE,30.4,18,0.5,2,Saudi Arabian Grand Prix,R,09-03-2024
0 days 02:16:08.835000,25.4,65,1013.1,FALSE,30.4,7,1.3,2,Saudi Arabian Grand Prix,R,09-03-2024
0 days 02:17:08.837000,25.4,66,1013.2,FALSE,30.2,359,1.3,2,Saudi Arabian Grand Prix,R,09-03-2024
0 days 02:18:08.842000,25.3,66,1013,FALSE,30.2,313,1,2,Saudi Arabian Grand Prix,R,09-03-2024
0 days 02:19:08.835000,25.3,66,1013.1,FALSE,30,184,1.5,2,Saudi Arabian Grand Prix,R,09-03-2024
0 days 02:20:08.840000,25.3,66,1013,FALSE,30,357,1.2,2,Saudi Arabian Grand Prix,R,09-03-2024
0 days 02:21:08.843000,25.3,66,1013.1,FALSE,29.8,346,0.4,2,Saudi Arabian Grand Prix,R,09-03-2024
0 days 02:22:08.841000,25.3,66,1013.1,FALSE,29.8,0,1,2,Saudi Arabian Grand Prix,R,09-03-2024
0 days 02:23:08.858000,25.3,66,1013.1,FALSE,29.7,24,0.9,2,Saudi Arabian Grand Prix,R,09-03-2024
0 days 02:24:08.877000,25.3,66,1013.2,FALSE,29.1,320,1.2,2,Saudi Arabian Grand Prix,R,09-03-2024
0 days 02:25:08.869000,25.2,67,1013.1,FALSE,29.1,28,1.4,2,Saudi Arabian Grand Prix,R,09-03-2024
0 days 00:00:38.815000,18,63,1023.7,FALSE,30.2,156,1,3,Australian Grand Prix,FP1,24-03-2024
0 days 00:01:38.824000,18.1,63,1023.9,FALSE,30.4,126,1,3,Australian Grand Prix,FP1,24-03-2024
0 days 00:02:38.835000,18.1,62,1023.9,FALSE,29.9,20,1.4,3,Australian Grand Prix,FP1,24-03-2024
0 days 00:03:38.816000,18.1,63,1023.9,FALSE,29.9,158,0.8,3,Australian Grand Prix,FP1,24-03-2024
0 days 00:04:38.819000,18,64,1023.9,FALSE,30.2,0,0.8,3,Australian Grand Prix,FP1,24-03-2024
0 days 00:05:38.823000,18,63,1023.8,FALSE,30.6,166,1.3,3,Australian Grand Prix,FP1,24-03-2024
0 days 00:06:38.827000,18,63,1023.8,FALSE,30.6,157,0.8,3,Australian Grand Prix,FP1,24-03-2024
0 days 00:07:38.827000,18.2,61,1023.9,FALSE,30.6,1,1.4,3,Australian Grand Prix,FP1,24-03-2024
0 days 00:08:38.813000,18.1,62,1023.8,FALSE,30.6,167,0.9,3,Australian Grand Prix,FP1,24-03-2024
0 days 00:09:38.831000,18.1,62,1023.8,FALSE,31,175,0.7,3,Australian Grand Prix,FP1,24-03-2024
0 days 00:10:38.814000,18,63,1023.8,FALSE,31.3,178,1,3,Australian Grand Prix,FP1,24-03-2024
0 days 00:11:38.834000,18,62,1023.9,FALSE,31.2,176,0.6,3,Australian Grand Prix,FP1,24-03-2024
0 days 00:12:38.868000,18,62,1023.8,FALSE,31.1,177,1.6,3,Australian Grand Prix,FP1,24-03-2024
0 days 00:13:38.825000,18.1,62,1023.8,FALSE,31,167,1.2,3,Australian Grand Prix,FP1,24-03-2024
0 days 00:14:38.823000,18,64,1023.7,FALSE,31.2,186,1.6,3,Australian Grand Prix,FP1,24-03-2024
0 days 00:15:38.840000,18,64,1023.7,FALSE,31.6,267,1.2,3,Australian Grand Prix,FP1,24-03-2024
0 days 00:16:38.825000,18,63,1023.8,FALSE,31.8,155,0.8,3,Australian Grand Prix,FP1,24-03-2024
0 days 00:17:38.846000,18.1,63,1023.8,FALSE,32,123,1.3,3,Australian Grand Prix,FP1,24-03-2024
0 days 00:18:38.829000,18.2,62,1023.7,FALSE,32,168,1.4,3,Australian Grand Prix,FP1,24-03-2024
0 days 00:19:38.837000,18.3,62,1023.8,FALSE,32,141,1.3,3,Australian Grand Prix,FP1,24-03-2024
0 days 00:20:38.827000,18.4,62,1023.8,FALSE,32,155,1.9,3,Australian Grand Prix,FP1,24-03-2024
0 days 00:21:38.840000,18.4,61,1023.7,FALSE,32.3,141,1,3,Australian Grand Prix,FP1,24-03-2024
0 days 00:22:38.834000,18.3,62,1023.7,FALSE,32.3,149,1.3,3,Australian Grand Prix,FP1,24-03-2024
0 days 00:23:38.837000,18.4,61,1023.7,FALSE,32.3,165,0.8,3,Australian Grand Prix,FP1,24-03-2024
0 days 00:24:38.833000,18.4,62,1023.7,FALSE,32.2,150,1.5,3,Australian Grand Prix,FP1,24-03-2024
0 days 00:25:38.836000,18.4,63,1023.7,FALSE,32.3,154,1.2,3,Australian Grand Prix,FP1,24-03-2024
0 days 00:26:38.833000,18.5,62,1023.7,FALSE,32.8,151,1,3,Australian Grand Prix,FP1,24-03-2024
0 days 00:27:38.832000,18.4,62,1023.7,FALSE,32.6,181,2,3,Australian Grand Prix,FP1,24-03-2024
0 days 00:28:38.843000,18.4,62,1023.7,FALSE,32.6,155,1.5,3,Australian Grand Prix,FP1,24-03-2024
0 days 00:29:38.846000,18.4,63,1023.6,FALSE,32.7,141,2,3,Australian Grand Prix,FP1,24-03-2024
0 days 00:30:38.847000,18.5,63,1023.6,FALSE,32.9,141,1.2,3,Australian Grand Prix,FP1,24-03-2024
0 days 00:31:38.845000,18.5,62,1023.7,FALSE,33.1,101,1.3,3,Australian Grand Prix,FP1,24-03-2024
0 days 00:32:38.850000,18.6,61,1023.7,FALSE,33,204,2,3,Australian Grand Prix,FP1,24-03-2024
0 days 00:33:38.852000,18.4,62,1023.6,FALSE,33,143,0.7,3,Australian Grand Prix,FP1,24-03-2024
0 days 00:34:38.846000,18.5,61,1023.6,FALSE,33.6,104,1,3,Australian Grand Prix,FP1,24-03-2024
0 days 00:35:38.853000,18.5,60,1023.6,FALSE,33.6,129,0.6,3,Australian Grand Prix,FP1,24-03-2024
0 days 00:36:38.840000,18.4,60,1023.5,FALSE,33.6,0,0.7,3,Australian Grand Prix,FP1,24-03-2024
0 days 00:37:38.848000,18.4,61,1023.5,FALSE,33.7,178,1.2,3,Australian Grand Prix,FP1,24-03-2024
0 days 00:38:38.858000,18.4,61,1023.6,FALSE,33.7,145,1,3,Australian Grand Prix,FP1,24-03-2024
0 days 00:39:38.857000,18.3,60,1023.5,FALSE,33.9,0,1,3,Australian Grand Prix,FP1,24-03-2024
0 days 00:40:38.848000,18.3,61,1023.5,FALSE,33.7,140,0.9,3,Australian Grand Prix,FP1,24-03-2024
0 days 00:41:38.854000,18.3,61,1023.6,FALSE,34,171,2.6,3,Australian Grand Prix,FP1,24-03-2024
0 days 00:42:38.855000,18.3,62,1023.6,FALSE,34.4,137,1.6,3,Australian Grand Prix,FP1,24-03-2024
0 days 00:43:38.855000,18.4,62,1023.6,FALSE,34.3,229,1.9,3,Australian Grand Prix,FP1,24-03-2024
0 days 00:44:38.858000,18.4,61,1023.5,FALSE,34,183,1,3,Australian Grand Prix,FP1,24-03-2024
0 days 00:45:38.863000,18.5,61,1023.4,FALSE,34.3,158,0.9,3,Australian Grand Prix,FP1,24-03-2024
0 days 00:46:38.865000,18.5,62,1023.4,FALSE,34.5,68,1.3,3,Australian Grand Prix,FP1,24-03-2024
0 days 00:47:38.864000,18.5,62,1023.5,FALSE,34.6,0,0.8,3,Australian Grand Prix,FP1,24-03-2024
0 days 00:48:38.858000,18.6,60,1023.6,FALSE,34.8,175,0.8,3,Australian Grand Prix,FP1,24-03-2024
0 days 00:49:38.864000,18.5,61,1023.4,FALSE,34.7,101,1.4,3,Australian Grand Prix,FP1,24-03-2024
0 days 00:50:38.851000,18.6,62,1023.6,FALSE,34.9,164,0.8,3,Australian Grand Prix,FP1,24-03-2024
0 days 00:51:38.871000,18.6,62,1023.4,FALSE,34.9,163,1.7,3,Australian Grand Prix,FP1,24-03-2024
0 days 00:52:38.868000,18.6,61,1023.5,FALSE,34.8,0,1.4,3,Australian Grand Prix,FP1,24-03-2024
0 days 00:53:38.868000,18.7,61,1023.5,FALSE,34.9,85,1,3,Australian Grand Prix,FP1,24-03-2024
0 days 00:54:38.887000,18.6,61,1023.5,FALSE,34.9,148,1.1,3,Australian Grand Prix,FP1,24-03-2024
0 days 00:55:38.901000,18.6,61,1023.4,FALSE,34.7,175,1.5,3,Australian Grand Prix,FP1,24-03-2024
0 days 00:56:38.898000,18.6,61,1023.4,FALSE,35.2,330,0.8,3,Australian Grand Prix,FP1,24-03-2024
0 days 00:57:38.904000,18.7,61,1023.4,FALSE,35.2,169,1.4,3,Australian Grand Prix,FP1,24-03-2024
0 days 00:58:38.908000,18.7,61,1023.3,FALSE,35.1,149,1.9,3,Australian Grand Prix,FP1,24-03-2024
0 days 00:59:38.906000,18.7,61,1023.4,FALSE,35.2,63,1.7,3,Australian Grand Prix,FP1,24-03-2024
0 days 01:00:38.922000,18.5,61,1023.4,FALSE,35.3,128,1.3,3,Australian Grand Prix,FP1,24-03-2024
0 days 01:01:38.926000,18.6,61,1023.4,FALSE,35.4,169,0.5,3,Australian Grand Prix,FP1,24-03-2024
0 days 01:02:38.925000,18.6,60,1023.4,FALSE,35.5,0,2.1,3,Australian Grand Prix,FP1,24-03-2024
0 days 01:03:38.913000,18.5,60,1023.4,FALSE,35.8,151,0.9,3,Australian Grand Prix,FP1,24-03-2024
0 days 01:04:38.923000,18.5,60,1023.3,FALSE,35.6,103,1.1,3,Australian Grand Prix,FP1,24-03-2024
0 days 01:05:38.923000,18.6,60,1023.3,FALSE,35.8,164,1.4,3,Australian Grand Prix,FP1,24-03-2024
0 days 01:06:38.917000,18.8,60,1023.3,FALSE,36.1,140,1.5,3,Australian Grand Prix,FP1,24-03-2024
0 days 01:07:38.926000,18.8,60,1023.4,FALSE,36.1,150,1.2,3,Australian Grand Prix,FP1,24-03-2024
0 days 01:08:38.924000,18.8,61,1023.3,FALSE,36.4,178,0.8,3,Australian Grand Prix,FP1,24-03-2024
0 days 01:09:38.918000,18.9,60,1023.4,FALSE,36.2,196,0.8,3,Australian Grand Prix,FP1,24-03-2024
0 days 01:10:38.918000,18.9,58,1023.4,FALSE,36.5,130,1.8,3,Australian Grand Prix,FP1,24-03-2024
0 days 01:11:38.929000,19,59,1023.3,FALSE,36.2,116,1.1,3,Australian Grand Prix,FP1,24-03-2024
0 days 01:12:38.923000,19,58,1023.4,FALSE,36.3,292,1.2,3,Australian Grand Prix,FP1,24-03-2024
0 days 01:13:38.929000,18.9,58,1023.3,FALSE,36.3,139,1.3,3,Australian Grand Prix,FP1,24-03-2024
0 days 01:14:38.932000,19,58,1023.3,FALSE,36.6,139,1.3,3,Australian Grand Prix,FP1,24-03-2024
0 days 01:15:38.878000,19,56,1023.3,FALSE,36.5,126,2,3,Australian Grand Prix,FP1,24-03-2024
0 days 01:16:38.895000,19,56,1023.4,FALSE,36.5,106,1,3,Australian Grand Prix,FP1,24-03-2024
0 days 01:17:38.919000,19,55,1023.2,FALSE,36.8,342,2.7,3,Australian Grand Prix,FP1,24-03-2024
0 days 01:18:38.897000,19,57,1023.3,FALSE,36.8,165,1.8,3,Australian Grand Prix,FP1,24-03-2024
0 days 01:19:38.924000,19,57,1023.3,FALSE,36.7,154,1.5,3,Australian Grand Prix,FP1,24-03-2024
0 days 01:20:38.931000,19,58,1023.3,FALSE,36.6,99,1.5,3,Australian Grand Prix,FP1,24-03-2024
0 days 00:00:39.528000,20.2,55,1022.1,FALSE,37.7,161,1.8,3,Australian Grand Prix,FP2,24-03-2024
0 days 00:01:39.532000,20.1,55,1022.1,FALSE,37.5,118,1.7,3,Australian Grand Prix,FP2,24-03-2024
0 days 00:02:39.539000,20.1,55,1022,FALSE,38,148,1.9,3,Australian Grand Prix,FP2,24-03-2024
0 days 00:03:39.530000,20.1,55,1022,FALSE,38.3,170,2.7,3,Australian Grand Prix,FP2,24-03-2024
0 days 00:04:39.535000,20.1,56,1022.1,FALSE,38,254,1.4,3,Australian Grand Prix,FP2,24-03-2024
0 days 00:05:39.540000,20.2,56,1022.2,FALSE,37.4,181,1.8,3,Australian Grand Prix,FP2,24-03-2024
0 days 00:06:39.542000,20.1,57,1022,FALSE,37.3,267,1.6,3,Australian Grand Prix,FP2,24-03-2024
0 days 00:07:39.530000,20.1,57,1022.1,FALSE,37.6,155,1.1,3,Australian Grand Prix,FP2,24-03-2024
0 days 00:08:39.556000,20.2,57,1022,FALSE,37.7,186,2.3,3,Australian Grand Prix,FP2,24-03-2024
0 days 00:09:39.568000,20.2,57,1022,FALSE,37.6,129,2.1,3,Australian Grand Prix,FP2,24-03-2024
0 days 00:10:39.579000,20.1,57,1022,FALSE,37.5,169,2.5,3,Australian Grand Prix,FP2,24-03-2024
0 days 00:11:39.594000,20.1,57,1022.1,FALSE,37,157,1.5,3,Australian Grand Prix,FP2,24-03-2024
0 days 00:12:39.596000,20.1,57,1022.1,FALSE,37.2,145,1.8,3,Australian Grand Prix,FP2,24-03-2024
0 days 00:13:39.609000,20.1,57,1022,FALSE,37.2,131,0.8,3,Australian Grand Prix,FP2,24-03-2024
0 days 00:14:39.626000,20.1,57,1022,FALSE,37.2,154,1.4,3,Australian Grand Prix,FP2,24-03-2024
0 days 00:15:39.632000,20.1,57,1021.9,FALSE,37.4,158,1.7,3,Australian Grand Prix,FP2,24-03-2024
0 days 00:16:39.617000,20.1,56,1022,FALSE,37.2,91,2.3,3,Australian Grand Prix,FP2,24-03-2024
0 days 00:17:39.643000,20.1,57,1022.1,FALSE,37.1,143,3,3,Australian Grand Prix,FP2,24-03-2024
0 days 00:18:39.652000,20.2,57,1021.9,FALSE,37.2,151,1.2,3,Australian Grand Prix,FP2,24-03-2024
0 days 00:19:39.667000,20.2,57,1022,FALSE,37.2,0,1.1,3,Australian Grand Prix,FP2,24-03-2024
0 days 00:20:39.664000,20.3,57,1022.1,FALSE,37.5,148,1.8,3,Australian Grand Prix,FP2,24-03-2024
0 days 00:21:39.683000,20.3,56,1022,FALSE,37.5,145,0.9,3,Australian Grand Prix,FP2,24-03-2024
0 days 00:22:39.675000,20.2,57,1022.1,FALSE,37.3,348,2.3,3,Australian Grand Prix,FP2,24-03-2024
0 days 00:23:39.674000,20.2,56,1022.1,FALSE,36.8,180,1.7,3,Australian Grand Prix,FP2,24-03-2024
0 days 00:24:39.685000,20.2,56,1022.1,FALSE,36.7,118,1.8,3,Australian Grand Prix,FP2,24-03-2024
0 days 00:25:39.721000,20.3,56,1022,FALSE,36.6,140,1.2,3,Australian Grand Prix,FP2,24-03-2024
0 days 00:26:39.708000,20.2,56,1022.1,FALSE,36.6,326,1,3,Australian Grand Prix,FP2,24-03-2024
0 days 00:27:39.707000,20.3,57,1022.1,FALSE,36.8,145,1.5,3,Australian Grand Prix,FP2,24-03-2024
0 days 00:28:39.715000,20.3,57,1022.1,FALSE,37,343,2.5,3,Australian Grand Prix,FP2,24-03-2024
0 days 00:29:39.720000,20.3,57,1022,FALSE,37,136,1.3,3,Australian Grand Prix,FP2,24-03-2024
0 days 00:30:39.751000,20.3,56,1022.1,FALSE,37,0,1.8,3,Australian Grand Prix,FP2,24-03-2024
0 days 00:31:39.715000,20.2,57,1021.9,FALSE,36.8,173,2.2,3,Australian Grand Prix,FP2,24-03-2024
0 days 00:32:39.717000,20.1,57,1022.1,FALSE,36.5,155,1.1,3,Australian Grand Prix,FP2,24-03-2024
0 days 00:33:39.716000,20.1,58,1022,FALSE,36.5,87,1.8,3,Australian Grand Prix,FP2,24-03-2024
0 days 00:34:39.724000,20.1,58,1021.9,FALSE,36.6,183,2,3,Australian Grand Prix,FP2,24-03-2024
0 days 00:35:39.729000,20.1,58,1022.1,FALSE,36.8,244,2.7,3,Australian Grand Prix,FP2,24-03-2024
0 days 00:36:39.729000,20.1,58,1022.2,FALSE,36.8,113,1,3,Australian Grand Prix,FP2,24-03-2024
0 days 00:37:39.728000,20.1,57,1022.1,FALSE,36.6,139,2.2,3,Australian Grand Prix,FP2,24-03-2024
0 days 00:38:39.729000,20.1,57,1022.1,FALSE,36.4,130,1.3,3,Australian Grand Prix,FP2,24-03-2024
0 days 00:39:39.716000,20.1,57,1022.1,FALSE,36.6,137,1.9,3,Australian Grand Prix,FP2,24-03-2024
0 days 00:40:39.728000,20.1,56,1022.1,FALSE,36.3,143,2.3,3,Australian Grand Prix,FP2,24-03-2024
0 days 00:41:39.727000,20.1,57,1022,FALSE,36.3,160,1.6,3,Australian Grand Prix,FP2,24-03-2024
0 days 00:42:39.718000,20,57,1021.8,FALSE,36.3,141,2.2,3,Australian Grand Prix,FP2,24-03-2024
0 days 00:43:39.728000,20.1,58,1022.1,FALSE,36.3,146,2.4,3,Australian Grand Prix,FP2,24-03-2024
0 days 00:44:39.731000,20.1,58,1021.9,FALSE,36.3,150,2.2,3,Australian Grand Prix,FP2,24-03-2024
0 days 00:45:39.726000,20,58,1022,FALSE,36,144,2.6,3,Australian Grand Prix,FP2,24-03-2024
0 days 00:46:39.731000,20,58,1022.1,FALSE,35.8,118,1.4,3,Australian Grand Prix,FP2,24-03-2024
0 days 00:47:39.728000,20.1,57,1021.9,FALSE,35.8,150,1.7,3,Australian Grand Prix,FP2,24-03-2024
0 days 00:48:39.730000,20.1,57,1022,FALSE,36,0,1.6,3,Australian Grand Prix,FP2,24-03-2024
0 days 00:49:39.732000,20,58,1022.1,FALSE,35.8,232,1.4,3,Australian Grand Prix,FP2,24-03-2024
0 days 00:50:39.735000,20,58,1022,FALSE,35.7,98,2.3,3,Australian Grand Prix,FP2,24-03-2024
0 days 00:51:39.726000,20,57,1022.1,FALSE,35.7,188,1.5,3,Australian Grand Prix,FP2,24-03-2024
0 days 00:52:39.736000,20.1,57,1022.1,FALSE,36.1,0,1.7,3,Australian Grand Prix,FP2,24-03-2024
0 days 00:53:39.733000,20.1,57,1022,FALSE,35.6,153,1.8,3,Australian Grand Prix,FP2,24-03-2024
0 days 00:54:39.738000,20.1,57,1022,FALSE,35.5,152,2.2,3,Australian Grand Prix,FP2,24-03-2024
0 days 00:55:39.762000,20.1,57,1022.1,FALSE,35.4,165,2.7,3,Australian Grand Prix,FP2,24-03-2024
0 days 00:56:39.801000,20,58,1022,FALSE,35.3,156,2.1,3,Australian Grand Prix,FP2,24-03-2024
0 days 00:57:39.750000,20.1,58,1022.1,FALSE,35.5,150,1.7,3,Australian Grand Prix,FP2,24-03-2024
0 days 00:58:39.755000,20.1,58,1022.1,FALSE,35.4,140,2.8,3,Australian Grand Prix,FP2,24-03-2024
0 days 00:59:39.779000,20.1,57,1022.1,FALSE,35.3,70,1.2,3,Australian Grand Prix,FP2,24-03-2024
0 days 01:00:39.783000,20.1,57,1022.1,FALSE,35.3,135,0.7,3,Australian Grand Prix,FP2,24-03-2024
0 days 01:01:39.781000,20.1,57,1022.1,FALSE,35.2,135,2.4,3,Australian Grand Prix,FP2,24-03-2024
0 days 01:02:39.793000,20.1,57,1022.2,FALSE,35,152,1.6,3,Australian Grand Prix,FP2,24-03-2024
0 days 01:03:39.795000,20.1,57,1022.1,FALSE,34.9,109,1.6,3,Australian Grand Prix,FP2,24-03-2024
0 days 01:04:39.793000,20.1,57,1022,FALSE,34.8,144,1.5,3,Australian Grand Prix,FP2,24-03-2024
0 days 01:05:39.792000,20.2,57,1022,FALSE,35.1,157,1.2,3,Australian Grand Prix,FP2,24-03-2024
0 days 01:06:39.797000,20.3,57,1022,FALSE,35.1,92,1.8,3,Australian Grand Prix,FP2,24-03-2024
0 days 01:07:39.803000,20.3,57,1022,FALSE,34.9,141,2,3,Australian Grand Prix,FP2,24-03-2024
0 days 01:08:39.817000,20.3,57,1022.2,FALSE,34.6,27,2,3,Australian Grand Prix,FP2,24-03-2024
0 days 01:09:39.798000,20.2,56,1022.1,FALSE,34.8,133,2.3,3,Australian Grand Prix,FP2,24-03-2024
0 days 01:10:39.817000,20.3,57,1022.1,FALSE,34.6,354,2.1,3,Australian Grand Prix,FP2,24-03-2024
0 days 01:11:39.833000,20.3,56,1022.2,FALSE,34.6,100,1.5,3,Australian Grand Prix,FP2,24-03-2024
0 days 01:12:39.835000,20.3,57,1022,FALSE,34.4,131,1.3,3,Australian Grand Prix,FP2,24-03-2024
0 days 01:13:39.845000,20.3,57,1022,FALSE,34.4,146,1.7,3,Australian Grand Prix,FP2,24-03-2024
0 days 01:14:39.844000,20.2,57,1022.1,FALSE,34.5,150,1.5,3,Australian Grand Prix,FP2,24-03-2024
0 days 01:15:39.837000,20.2,57,1022,FALSE,34.5,126,2,3,Australian Grand Prix,FP2,24-03-2024
0 days 01:16:39.858000,20.2,57,1022.1,FALSE,34.4,121,2.9,3,Australian Grand Prix,FP2,24-03-2024
0 days 01:17:39.871000,20.2,57,1022.1,FALSE,34.3,144,2.2,3,Australian Grand Prix,FP2,24-03-2024
0 days 01:18:39.896000,20.3,58,1022.1,FALSE,34.5,143,2.6,3,Australian Grand Prix,FP2,24-03-2024
0 days 01:19:39.886000,20.3,57,1022,FALSE,34.5,64,0.8,3,Australian Grand Prix,FP2,24-03-2024
0 days 01:20:39.884000,20.3,57,1022.1,FALSE,34.4,146,1.5,3,Australian Grand Prix,FP2,24-03-2024
0 days 01:21:39.892000,20.4,57,1022,FALSE,34,129,1.6,3,Australian Grand Prix,FP2,24-03-2024
0 days 00:00:43.470000,18,60,1025.6,FALSE,25.6,125,2,3,Australian Grand Prix,FP3,24-03-2024
0 days 00:01:43.481000,18,61,1025.5,FALSE,25.3,144,2,3,Australian Grand Prix,FP3,24-03-2024
0 days 00:02:43.479000,18,61,1025.5,FALSE,25.2,167,2.2,3,Australian Grand Prix,FP3,24-03-2024
0 days 00:03:43.487000,18,61,1025.5,FALSE,25.3,146,1.6,3,Australian Grand Prix,FP3,24-03-2024
0 days 00:04:43.489000,18,62,1025.5,FALSE,25.7,173,2.8,3,Australian Grand Prix,FP3,24-03-2024
0 days 00:05:43.486000,18,62,1025.5,FALSE,25.8,162,1.7,3,Australian Grand Prix,FP3,24-03-2024
0 days 00:06:43.483000,17.9,61,1025.6,FALSE,26.1,343,0.8,3,Australian Grand Prix,FP3,24-03-2024
0 days 00:07:43.477000,18,61,1025.6,FALSE,26,61,0.5,3,Australian Grand Prix,FP3,24-03-2024
0 days 00:08:43.490000,18,60,1025.5,FALSE,26.1,102,0.7,3,Australian Grand Prix,FP3,24-03-2024
0 days 00:09:43.490000,18,60,1025.6,FALSE,26,146,0.9,3,Australian Grand Prix,FP3,24-03-2024
0 days 00:10:43.504000,18,60,1025.6,FALSE,25.6,61,2,3,Australian Grand Prix,FP3,24-03-2024
0 days 00:11:43.526000,18,60,1025.4,FALSE,25.6,149,1.4,3,Australian Grand Prix,FP3,24-03-2024
0 days 00:12:43.527000,18.1,60,1025.5,FALSE,25.8,94,1.6,3,Australian Grand Prix,FP3,24-03-2024
0 days 00:13:43.550000,18,60,1025.4,FALSE,26,146,1.1,3,Australian Grand Prix,FP3,24-03-2024
0 days 00:14:43.563000,18,60,1025.5,FALSE,26,163,1.6,3,Australian Grand Prix,FP3,24-03-2024
0 days 00:15:43.553000,18.1,61,1025.4,FALSE,26,151,1.9,3,Australian Grand Prix,FP3,24-03-2024
0 days 00:16:43.577000,18.1,62,1025.5,FALSE,26,0,1.7,3,Australian Grand Prix,FP3,24-03-2024
0 days 00:17:43.590000,18,62,1025.5,FALSE,26.2,92,0.8,3,Australian Grand Prix,FP3,24-03-2024
0 days 00:18:43.628000,18,62,1025.4,FALSE,26.2,125,1.4,3,Australian Grand Prix,FP3,24-03-2024
0 days 00:19:43.625000,18.1,60,1025.6,FALSE,26,148,1.6,3,Australian Grand Prix,FP3,24-03-2024
0 days 00:20:43.631000,18.1,60,1025.5,FALSE,26,140,1.2,3,Australian Grand Prix,FP3,24-03-2024
0 days 00:21:43.661000,18.1,60,1025.4,FALSE,26,131,1.1,3,Australian Grand Prix,FP3,24-03-2024
0 days 00:22:43.618000,18.1,60,1025.4,FALSE,26.1,150,1,3,Australian Grand Prix,FP3,24-03-2024
0 days 00:23:43.616000,18,60,1025.5,FALSE,26,44,1.1,3,Australian Grand Prix,FP3,24-03-2024
0 days 00:24:43.615000,18,61,1025.5,FALSE,26,109,1.1,3,Australian Grand Prix,FP3,24-03-2024
0 days 00:25:43.617000,18,61,1025.5,FALSE,26,34,0.7,3,Australian Grand Prix,FP3,24-03-2024
0 days 00:26:43.626000,18,61,1025.4,FALSE,26.1,155,1,3,Australian Grand Prix,FP3,24-03-2024
0 days 00:27:43.624000,18.1,61,1025.4,FALSE,26.1,346,1,3,Australian Grand Prix,FP3,24-03-2024
0 days 00:28:43.629000,18,61,1025.5,FALSE,26,122,2.5,3,Australian Grand Prix,FP3,24-03-2024
0 days 00:29:43.628000,17.9,61,1025.4,FALSE,26.1,145,1.2,3,Australian Grand Prix,FP3,24-03-2024
0 days 00:30:43.626000,17.9,62,1025.4,FALSE,26.2,14,1.2,3,Australian Grand Prix,FP3,24-03-2024
0 days 00:31:43.631000,17.9,62,1025.4,FALSE,26.2,154,1.3,3,Australian Grand Prix,FP3,24-03-2024
0 days 00:32:43.625000,18,62,1025.5,FALSE,26.4,0,1,3,Australian Grand Prix,FP3,24-03-2024
0 days 00:33:43.631000,18,61,1025.3,FALSE,26.4,173,1.6,3,Australian Grand Prix,FP3,24-03-2024
0 days 00:34:43.626000,18,61,1025.4,FALSE,26.4,7,1.2,3,Australian Grand Prix,FP3,24-03-2024
0 days 00:35:43.641000,18.1,61,1025.4,FALSE,26.4,156,2.1,3,Australian Grand Prix,FP3,24-03-2024
0 days 00:36:43.632000,18.1,61,1025.4,FALSE,26.4,0,2.1,3,Australian Grand Prix,FP3,24-03-2024
0 days 00:37:43.628000,18.1,61,1025.3,FALSE,26.6,56,0.9,3,Australian Grand Prix,FP3,24-03-2024
0 days 00:38:43.636000,18.1,61,1025.4,FALSE,26.7,145,1,3,Australian Grand Prix,FP3,24-03-2024
0 days 00:39:43.640000,18.1,60,1025.3,FALSE,26.7,143,1.6,3,Australian Grand Prix,FP3,24-03-2024
0 days 00:40:43.643000,18.1,60,1025.4,FALSE,26.6,147,1.1,3,Australian Grand Prix,FP3,24-03-2024
0 days 00:41:43.642000,18.2,60,1025.3,FALSE,27,175,1.4,3,Australian Grand Prix,FP3,24-03-2024
0 days 00:42:43.637000,18.3,60,1025.4,FALSE,26.8,119,1.3,3,Australian Grand Prix,FP3,24-03-2024
0 days 00:43:43.638000,18.2,60,1025.4,FALSE,26.8,151,1.2,3,Australian Grand Prix,FP3,24-03-2024
0 days 00:44:43.645000,18.2,61,1025.3,FALSE,26.8,143,2,3,Australian Grand Prix,FP3,24-03-2024
0 days 00:45:43.645000,18.3,60,1025.3,FALSE,27.1,145,1.9,3,Australian Grand Prix,FP3,24-03-2024
0 days 00:46:43.645000,18.3,59,1025.3,FALSE,27.3,168,1.7,3,Australian Grand Prix,FP3,24-03-2024
0 days 00:47:43.637000,18.3,60,1025.3,FALSE,27.4,149,0.8,3,Australian Grand Prix,FP3,24-03-2024
0 days 00:48:43.646000,18.2,59,1025.3,FALSE,27.7,68,1.2,3,Australian Grand Prix,FP3,24-03-2024
0 days 00:49:43.673000,18.3,59,1025.4,FALSE,27.8,149,2.3,3,Australian Grand Prix,FP3,24-03-2024
0 days 00:50:43.646000,18.4,59,1025.4,FALSE,28,167,1.6,3,Australian Grand Prix,FP3,24-03-2024
0 days 00:51:43.657000,18.4,59,1025.1,FALSE,28.1,151,0.7,3,Australian Grand Prix,FP3,24-03-2024
0 days 00:52:43.655000,18.4,59,1025.3,FALSE,28.4,149,1.3,3,Australian Grand Prix,FP3,24-03-2024
0 days 00:53:43.641000,18.5,58,1025.2,FALSE,29,134,1.3,3,Australian Grand Prix,FP3,24-03-2024
0 days 00:54:43.656000,18.5,57,1025.2,FALSE,29.5,138,1.5,3,Australian Grand Prix,FP3,24-03-2024
0 days 00:55:43.657000,18.5,58,1025.3,FALSE,30,191,0.8,3,Australian Grand Prix,FP3,24-03-2024
0 days 00:56:43.660000,18.6,57,1025.2,FALSE,30.2,152,1.8,3,Australian Grand Prix,FP3,24-03-2024
0 days 00:57:43.658000,18.7,57,1025.3,FALSE,30.5,132,1.3,3,Australian Grand Prix,FP3,24-03-2024
0 days 00:58:43.658000,18.7,57,1025.2,FALSE,29.6,136,1.4,3,Australian Grand Prix,FP3,24-03-2024
0 days 00:59:43.654000,18.6,57,1025.2,FALSE,29.4,220,0.7,3,Australian Grand Prix,FP3,24-03-2024
0 days 01:00:43.649000,18.6,57,1025.2,FALSE,29.4,314,1.7,3,Australian Grand Prix,FP3,24-03-2024
0 days 01:01:43.651000,18.5,57,1025.2,FALSE,29.5,123,1,3,Australian Grand Prix,FP3,24-03-2024
0 days 01:02:43.650000,18.6,58,1025.1,FALSE,30.3,193,1,3,Australian Grand Prix,FP3,24-03-2024
0 days 01:03:43.654000,18.6,58,1025,FALSE,30.4,158,1.9,3,Australian Grand Prix,FP3,24-03-2024
0 days 01:04:43.652000,18.6,58,1025.1,FALSE,30.5,140,2.3,3,Australian Grand Prix,FP3,24-03-2024
0 days 01:05:43.655000,18.7,58,1025.1,FALSE,31,112,1.6,3,Australian Grand Prix,FP3,24-03-2024
0 days 01:06:43.668000,18.8,57,1025.1,FALSE,31,131,1.6,3,Australian Grand Prix,FP3,24-03-2024
0 days 01:07:43.685000,18.8,57,1025.1,FALSE,30.7,151,2,3,Australian Grand Prix,FP3,24-03-2024
0 days 01:08:43.693000,18.7,57,1025.1,FALSE,30.3,0,1.5,3,Australian Grand Prix,FP3,24-03-2024
0 days 01:09:43.715000,18.7,58,1025.1,FALSE,30.2,154,1.2,3,Australian Grand Prix,FP3,24-03-2024
0 days 01:10:43.724000,18.7,58,1025.1,FALSE,30.1,34,2.4,3,Australian Grand Prix,FP3,24-03-2024
0 days 01:11:43.729000,18.8,57,1025,FALSE,30.1,121,1.3,3,Australian Grand Prix,FP3,24-03-2024
0 days 01:12:43.743000,18.6,57,1025.1,FALSE,30.1,173,1.8,3,Australian Grand Prix,FP3,24-03-2024
0 days 01:13:43.750000,18.6,57,1025.1,FALSE,30.1,112,1.4,3,Australian Grand Prix,FP3,24-03-2024
0 days 01:14:43.761000,18.6,57,1025.1,FALSE,30.2,122,0.8,3,Australian Grand Prix,FP3,24-03-2024
0 days 01:15:43.752000,18.6,57,1025.1,FALSE,30.2,100,1.6,3,Australian Grand Prix,FP3,24-03-2024
0 days 01:16:43.761000,18.6,57,1025.1,FALSE,30.2,151,1.7,3,Australian Grand Prix,FP3,24-03-2024
0 days 01:17:43.766000,18.6,56,1025.1,FALSE,30.3,145,1.5,3,Australian Grand Prix,FP3,24-03-2024
0 days 01:18:43.769000,18.7,57,1025,FALSE,30.3,313,1.7,3,Australian Grand Prix,FP3,24-03-2024
0 days 01:19:43.760000,18.6,57,1025.1,FALSE,30.3,141,0.8,3,Australian Grand Prix,FP3,24-03-2024
0 days 01:20:43.784000,18.5,56,1025.1,FALSE,30.7,0,1.8,3,Australian Grand Prix,FP3,24-03-2024
0 days 00:00:45.081000,18.6,54,1024,FALSE,34.5,144,1.6,3,Australian Grand Prix,Q,24-03-2024
0 days 00:01:45.084000,18.6,54,1024,FALSE,34.7,0,1,3,Australian Grand Prix,Q,24-03-2024
0 days 00:02:45.111000,18.7,54,1024,FALSE,34.8,257,1.1,3,Australian Grand Prix,Q,24-03-2024
0 days 00:03:45.122000,18.8,54,1024,TRUE,34.5,173,1.6,3,Australian Grand Prix,Q,24-03-2024
0 days 00:04:45.122000,18.8,54,1024,TRUE,34.5,165,1.5,3,Australian Grand Prix,Q,24-03-2024
0 days 00:05:45.133000,18.8,53,1024,FALSE,34.9,151,1.8,3,Australian Grand Prix,Q,24-03-2024
0 days 00:06:45.125000,18.9,54,1024,FALSE,34.6,136,2.2,3,Australian Grand Prix,Q,24-03-2024
0 days 00:07:45.127000,18.8,54,1024,FALSE,34.6,314,0.9,3,Australian Grand Prix,Q,24-03-2024
0 days 00:08:45.129000,18.7,54,1024,FALSE,34.6,268,0.5,3,Australian Grand Prix,Q,24-03-2024
0 days 00:09:45.122000,18.8,54,1024,FALSE,34.6,167,1,3,Australian Grand Prix,Q,24-03-2024
0 days 00:10:45.131000,18.7,55,1024.1,FALSE,34.8,159,1.4,3,Australian Grand Prix,Q,24-03-2024
0 days 00:11:45.136000,18.7,55,1023.9,FALSE,34.8,151,2.6,3,Australian Grand Prix,Q,24-03-2024
0 days 00:12:45.153000,18.7,55,1023.9,FALSE,35.1,130,1.8,3,Australian Grand Prix,Q,24-03-2024
0 days 00:13:45.149000,18.7,54,1024,FALSE,35.1,100,1.3,3,Australian Grand Prix,Q,24-03-2024
0 days 00:14:45.137000,18.8,54,1024.2,FALSE,35.1,165,2.3,3,Australian Grand Prix,Q,24-03-2024
0 days 00:15:45.148000,18.9,53,1024,FALSE,34.7,220,1,3,Australian Grand Prix,Q,24-03-2024
0 days 00:16:45.155000,18.8,53,1023.9,FALSE,34.9,152,1,3,Australian Grand Prix,Q,24-03-2024
0 days 00:17:45.158000,18.8,54,1024,FALSE,34.9,142,1.4,3,Australian Grand Prix,Q,24-03-2024
0 days 00:18:45.160000,18.8,54,1024,FALSE,34.9,141,1.5,3,Australian Grand Prix,Q,24-03-2024
0 days 00:19:45.186000,18.8,54,1023.9,FALSE,35.2,185,1.9,3,Australian Grand Prix,Q,24-03-2024
0 days 00:20:45.188000,18.8,53,1023.9,FALSE,35.2,126,2.3,3,Australian Grand Prix,Q,24-03-2024
0 days 00:21:45.183000,18.8,53,1023.8,FALSE,35.1,140,1.4,3,Australian Grand Prix,Q,24-03-2024
0 days 00:22:45.199000,18.8,53,1023.9,FALSE,35,125,1.6,3,Australian Grand Prix,Q,24-03-2024
0 days 00:23:45.193000,18.8,53,1024,FALSE,35,138,1.4,3,Australian Grand Prix,Q,24-03-2024
0 days 00:24:45.189000,18.8,53,1024,FALSE,35,161,1.6,3,Australian Grand Prix,Q,24-03-2024
0 days 00:25:45.194000,18.8,54,1024,FALSE,34.7,151,1,3,Australian Grand Prix,Q,24-03-2024
0 days 00:26:45.196000,18.8,54,1024,FALSE,35,140,0.8,3,Australian Grand Prix,Q,24-03-2024
0 days 00:27:45.191000,18.9,53,1024,FALSE,35,169,1.8,3,Australian Grand Prix,Q,24-03-2024
0 days 00:28:45.202000,18.9,53,1024,FALSE,34.9,9,1.5,3,Australian Grand Prix,Q,24-03-2024
0 days 00:29:45.220000,18.8,52,1023.9,FALSE,35,175,1.5,3,Australian Grand Prix,Q,24-03-2024
0 days 00:30:45.213000,18.8,53,1024,FALSE,34.9,157,2.7,3,Australian Grand Prix,Q,24-03-2024
0 days 00:31:45.224000,18.8,54,1024,FALSE,34.5,205,0.7,3,Australian Grand Prix,Q,24-03-2024
0 days 00:32:45.243000,18.8,54,1024,FALSE,34.3,249,1.6,3,Australian Grand Prix,Q,24-03-2024
0 days 00:33:45.259000,18.8,54,1024,FALSE,34.6,141,1.5,3,Australian Grand Prix,Q,24-03-2024
0 days 00:34:45.264000,18.9,54,1024.1,FALSE,34.9,192,1.1,3,Australian Grand Prix,Q,24-03-2024
0 days 00:35:45.261000,18.9,54,1024.1,FALSE,34.7,48,1.8,3,Australian Grand Prix,Q,24-03-2024
0 days 00:36:45.277000,18.9,55,1024.1,FALSE,34.7,112,1.5,3,Australian Grand Prix,Q,24-03-2024
0 days 00:37:45.276000,18.9,55,1023.9,FALSE,34.7,147,2.3,3,Australian Grand Prix,Q,24-03-2024
0 days 00:38:45.274000,18.7,55,1024,FALSE,34.7,142,1.7,3,Australian Grand Prix,Q,24-03-2024
0 days 00:39:45.274000,18.6,55,1024,FALSE,34.4,17,2.4,3,Australian Grand Prix,Q,24-03-2024
0 days 00:40:45.273000,18.5,54,1024.1,FALSE,34.9,87,1.9,3,Australian Grand Prix,Q,24-03-2024
0 days 00:41:45.286000,18.5,54,1024,FALSE,34.8,170,1,3,Australian Grand Prix,Q,24-03-2024
0 days 00:42:45.284000,18.6,53,1024.1,FALSE,34.6,150,1.1,3,Australian Grand Prix,Q,24-03-2024
0 days 00:43:45.289000,18.6,53,1024,FALSE,34.5,164,1.4,3,Australian Grand Prix,Q,24-03-2024
0 days 00:44:45.285000,18.7,53,1024,FALSE,34.7,18,2.3,3,Australian Grand Prix,Q,24-03-2024
0 days 00:45:45.290000,18.8,53,1023.9,FALSE,34.7,146,1.3,3,Australian Grand Prix,Q,24-03-2024
0 days 00:46:45.282000,18.8,53,1024.2,FALSE,34.5,44,1.8,3,Australian Grand Prix,Q,24-03-2024
0 days 00:47:45.289000,18.9,53,1024.1,FALSE,34.2,263,0.8,3,Australian Grand Prix,Q,24-03-2024
0 days 00:48:45.281000,18.8,52,1024.2,FALSE,34.3,219,1.8,3,Australian Grand Prix,Q,24-03-2024
0 days 00:49:45.281000,18.9,53,1024.1,FALSE,34.3,36,1.6,3,Australian Grand Prix,Q,24-03-2024
0 days 00:50:45.294000,18.9,53,1024.1,FALSE,34.3,125,2.3,3,Australian Grand Prix,Q,24-03-2024
0 days 00:51:45.286000,18.8,53,1024.1,FALSE,34.4,142,2.2,3,Australian Grand Prix,Q,24-03-2024
0 days 00:52:45.286000,18.8,54,1024,FALSE,34.4,169,1.2,3,Australian Grand Prix,Q,24-03-2024
0 days 00:53:45.298000,18.8,54,1024,FALSE,34.5,157,1.3,3,Australian Grand Prix,Q,24-03-2024
0 days 00:54:45.301000,18.9,54,1024,FALSE,34.8,165,0.8,3,Australian Grand Prix,Q,24-03-2024
0 days 00:55:45.289000,18.9,55,1024.1,FALSE,34.9,175,0.7,3,Australian Grand Prix,Q,24-03-2024
0 days 00:56:45.291000,18.9,53,1024.1,FALSE,34.7,0,1.8,3,Australian Grand Prix,Q,24-03-2024
0 days 00:57:45.300000,18.9,53,1024,FALSE,34.5,58,1.3,3,Australian Grand Prix,Q,24-03-2024
0 days 00:58:45.313000,18.9,53,1024.1,FALSE,34.3,167,1,3,Australian Grand Prix,Q,24-03-2024
0 days 00:59:45.319000,18.8,53,1024.2,FALSE,34.1,154,1.3,3,Australian Grand Prix,Q,24-03-2024
0 days 01:00:45.362000,18.7,53,1024,FALSE,34.1,181,1.1,3,Australian Grand Prix,Q,24-03-2024
0 days 01:01:45.320000,18.7,53,1024.2,FALSE,33.9,169,1.7,3,Australian Grand Prix,Q,24-03-2024
0 days 01:02:45.318000,18.6,53,1024.1,FALSE,34.2,186,2.2,3,Australian Grand Prix,Q,24-03-2024
0 days 01:03:45.325000,18.5,53,1024,FALSE,34.1,148,1.4,3,Australian Grand Prix,Q,24-03-2024
0 days 01:04:45.336000,18.5,54,1024.1,FALSE,33.9,111,2.3,3,Australian Grand Prix,Q,24-03-2024
0 days 01:05:45.346000,18.6,52,1024.1,FALSE,33.9,142,1.4,3,Australian Grand Prix,Q,24-03-2024
0 days 01:06:45.345000,18.7,52,1024.1,FALSE,33.8,154,1.2,3,Australian Grand Prix,Q,24-03-2024
0 days 01:07:45.378000,18.6,53,1024,FALSE,33.7,0,0.8,3,Australian Grand Prix,Q,24-03-2024
0 days 01:08:45.372000,18.6,53,1024,FALSE,33.7,127,0.7,3,Australian Grand Prix,Q,24-03-2024
0 days 01:09:45.398000,18.6,53,1023.9,FALSE,33.5,195,1.2,3,Australian Grand Prix,Q,24-03-2024
0 days 01:10:45.410000,18.6,53,1024,FALSE,33.1,184,1.4,3,Australian Grand Prix,Q,24-03-2024
0 days 01:11:45.438000,18.6,54,1024.1,FALSE,33.2,89,1.3,3,Australian Grand Prix,Q,24-03-2024
0 days 01:12:45.435000,18.5,53,1024,FALSE,33.2,184,1.7,3,Australian Grand Prix,Q,24-03-2024
0 days 01:13:45.434000,18.6,54,1024,FALSE,32.8,92,0.8,3,Australian Grand Prix,Q,24-03-2024
0 days 01:14:45.435000,18.5,54,1024,FALSE,32.5,161,1.1,3,Australian Grand Prix,Q,24-03-2024
0 days 01:15:45.438000,18.6,54,1024.1,FALSE,32.5,150,1.6,3,Australian Grand Prix,Q,24-03-2024
0 days 01:16:45.442000,18.6,55,1024.1,FALSE,33.1,146,1,3,Australian Grand Prix,Q,24-03-2024
0 days 01:17:45.441000,18.6,54,1024,FALSE,32.6,94,2,3,Australian Grand Prix,Q,24-03-2024
0 days 00:00:08.798000,19,49,1021.6,FALSE,37,306,0.4,3,Australian Grand Prix,R,24-03-2024
0 days 00:01:08.796000,19,48,1021.6,FALSE,37,0,0.5,3,Australian Grand Prix,R,24-03-2024
0 days 00:02:08.800000,19,48,1021.5,FALSE,37,93,0.7,3,Australian Grand Prix,R,24-03-2024
0 days 00:03:08.799000,19,49,1021.5,FALSE,37.7,127,0.7,3,Australian Grand Prix,R,24-03-2024
0 days 00:04:08.821000,19,49,1021.5,FALSE,38,207,1.1,3,Australian Grand Prix,R,24-03-2024
0 days 00:05:08.809000,19.1,49,1021.6,FALSE,37.9,44,1.2,3,Australian Grand Prix,R,24-03-2024
0 days 00:06:08.826000,19.1,48,1021.7,FALSE,37.8,302,1,3,Australian Grand Prix,R,24-03-2024
0 days 00:07:08.835000,19.2,48,1021.6,FALSE,37.5,298,0.5,3,Australian Grand Prix,R,24-03-2024
0 days 00:08:08.835000,19.3,48,1021.5,FALSE,37.3,0,0.7,3,Australian Grand Prix,R,24-03-2024
0 days 00:09:08.840000,19.4,49,1021.5,FALSE,37.6,77,0.9,3,Australian Grand Prix,R,24-03-2024
0 days 00:10:08.831000,19.4,49,1021.6,FALSE,37.6,0,0.7,3,Australian Grand Prix,R,24-03-2024
0 days 00:11:08.838000,19.4,48,1021.5,FALSE,38.1,259,0.7,3,Australian Grand Prix,R,24-03-2024
0 days 00:12:08.840000,19.4,47,1021.5,FALSE,38.1,220,0.8,3,Australian Grand Prix,R,24-03-2024
0 days 00:13:08.837000,19.5,46,1021.5,FALSE,37.9,180,0.9,3,Australian Grand Prix,R,24-03-2024
0 days 00:14:08.840000,19.5,46,1021.4,FALSE,37.9,242,0.5,3,Australian Grand Prix,R,24-03-2024
0 days 00:15:08.832000,19.3,46,1021.4,FALSE,37.9,303,0.8,3,Australian Grand Prix,R,24-03-2024
0 days 00:16:08.840000,19.3,46,1021.4,FALSE,38,316,1.6,3,Australian Grand Prix,R,24-03-2024
0 days 00:17:08.842000,19.3,48,1021.3,FALSE,38.2,150,1.4,3,Australian Grand Prix,R,24-03-2024
0 days 00:18:08.841000,19.2,47,1021.3,FALSE,39.2,249,0.6,3,Australian Grand Prix,R,24-03-2024
0 days 00:19:08.846000,19.4,47,1021.3,FALSE,39.2,249,0.6,3,Australian Grand Prix,R,24-03-2024
0 days 00:20:08.836000,19.5,46,1021.4,FALSE,39.2,18,1,3,Australian Grand Prix,R,24-03-2024
0 days 00:21:08.840000,19.6,45,1021.4,FALSE,39.2,307,1.2,3,Australian Grand Prix,R,24-03-2024
0 days 00:22:08.841000,19.6,46,1021.3,FALSE,38.5,145,0.8,3,Australian Grand Prix,R,24-03-2024
0 days 00:23:08.844000,19.5,47,1021.3,FALSE,38.3,196,0,3,Australian Grand Prix,R,24-03-2024
0 days 00:24:08.853000,19.7,46,1021.2,FALSE,38.5,293,0.5,3,Australian Grand Prix,R,24-03-2024
0 days 00:25:08.856000,19.8,46,1021.2,FALSE,39,304,1,3,Australian Grand Prix,R,24-03-2024
0 days 00:26:08.854000,19.6,46,1021.1,FALSE,36.9,304,2.2,3,Australian Grand Prix,R,24-03-2024
0 days 00:27:08.845000,19.5,47,1021.2,FALSE,36.7,301,1.2,3,Australian Grand Prix,R,24-03-2024
0 days 00:28:08.854000,19.5,47,1021.1,FALSE,37.4,239,1.2,3,Australian Grand Prix,R,24-03-2024
0 days 00:29:08.873000,19.5,47,1021.1,FALSE,38.5,299,1,3,Australian Grand Prix,R,24-03-2024
0 days 00:30:08.844000,19.6,47,1021,FALSE,38.5,0,0.4,3,Australian Grand Prix,R,24-03-2024
0 days 00:31:08.860000,19.7,46,1021.1,FALSE,38.8,225,0.9,3,Australian Grand Prix,R,24-03-2024
0 days 00:32:08.857000,19.7,46,1021,FALSE,38.8,198,0.7,3,Australian Grand Prix,R,24-03-2024
0 days 00:33:08.855000,19.7,47,1021,FALSE,38.8,244,1.4,3,Australian Grand Prix,R,24-03-2024
0 days 00:34:08.858000,19.8,47,1020.9,FALSE,38.7,159,0,3,Australian Grand Prix,R,24-03-2024
0 days 00:35:08.866000,19.9,46,1020.9,FALSE,39.2,36,0.3,3,Australian Grand Prix,R,24-03-2024
0 days 00:36:08.845000,20,45,1020.8,FALSE,39.2,5,0,3,Australian Grand Prix,R,24-03-2024
0 days 00:37:08.857000,20.1,45,1020.9,FALSE,39.2,166,0.4,3,Australian Grand Prix,R,24-03-2024
0 days 00:38:08.866000,20.2,45,1020.9,FALSE,39.3,213,1.2,3,Australian Grand Prix,R,24-03-2024
0 days 00:39:08.845000,20.2,45,1020.9,FALSE,39.6,281,0.7,3,Australian Grand Prix,R,24-03-2024
0 days 00:40:08.861000,20.2,46,1020.9,FALSE,39.5,202,1,3,Australian Grand Prix,R,24-03-2024
0 days 00:41:08.865000,20.3,45,1021,FALSE,38.7,172,1,3,Australian Grand Prix,R,24-03-2024
0 days 00:42:08.890000,20.2,45,1020.9,FALSE,38.7,0,1.4,3,Australian Grand Prix,R,24-03-2024
0 days 00:43:08.893000,20.2,45,1020.9,FALSE,38.7,222,0,3,Australian Grand Prix,R,24-03-2024
0 days 00:44:08.913000,20.2,45,1020.9,FALSE,38.1,167,0.7,3,Australian Grand Prix,R,24-03-2024
0 days 00:45:08.915000,20.3,44,1020.9,FALSE,37.1,29,0.8,3,Australian Grand Prix,R,24-03-2024
0 days 00:46:08.921000,20.3,44,1020.9,FALSE,37.5,188,0.9,3,Australian Grand Prix,R,24-03-2024
0 days 00:47:08.938000,20.3,45,1020.8,FALSE,38,203,0.4,3,Australian Grand Prix,R,24-03-2024
0 days 00:48:08.960000,20.3,45,1020.9,FALSE,38.6,0,0.6,3,Australian Grand Prix,R,24-03-2024
0 days 00:49:08.966000,20.3,44,1020.9,FALSE,38.7,272,0.8,3,Australian Grand Prix,R,24-03-2024
0 days 00:50:08.966000,20.2,44,1020.8,FALSE,38.7,0,0.7,3,Australian Grand Prix,R,24-03-2024
0 days 00:51:08.982000,20.2,44,1020.8,FALSE,38.2,27,0.9,3,Australian Grand Prix,R,24-03-2024
0 days 00:52:08.984000,20.3,44,1020.9,FALSE,38.1,346,0.8,3,Australian Grand Prix,R,24-03-2024
0 days 00:53:08.992000,20.4,45,1020.9,FALSE,38.7,303,1,3,Australian Grand Prix,R,24-03-2024
0 days 00:54:08.992000,20.4,45,1020.9,FALSE,39.2,332,1.2,3,Australian Grand Prix,R,24-03-2024
0 days 00:55:08.995000,20.4,45,1020.8,FALSE,39.2,341,0.7,3,Australian Grand Prix,R,24-03-2024
0 days 00:56:09.002000,20.5,44,1020.8,FALSE,39.1,151,0.7,3,Australian Grand Prix,R,24-03-2024
0 days 00:57:08.993000,20.4,44,1020.9,FALSE,39.1,299,0.9,3,Australian Grand Prix,R,24-03-2024
0 days 00:58:09.002000,20.3,44,1020.8,FALSE,39,171,0.8,3,Australian Grand Prix,R,24-03-2024
0 days 00:59:09.003000,20.4,45,1020.9,FALSE,38.8,322,1.1,3,Australian Grand Prix,R,24-03-2024
0 days 01:00:09.008000,20.5,45,1020.7,FALSE,39,304,1.8,3,Australian Grand Prix,R,24-03-2024
0 days 01:01:09.008000,20.5,45,1020.8,FALSE,39,88,0.9,3,Australian Grand Prix,R,24-03-2024
0 days 01:02:09.005000,20.6,44,1020.7,FALSE,39.3,168,0.8,3,Australian Grand Prix,R,24-03-2024
0 days 01:03:09.018000,20.6,46,1020.8,FALSE,39.3,258,2.3,3,Australian Grand Prix,R,24-03-2024
0 days 01:04:09.031000,20.7,45,1020.7,FALSE,39.1,163,1.6,3,Australian Grand Prix,R,24-03-2024
0 days 01:05:09.005000,20.6,45,1020.8,FALSE,38.9,132,1,3,Australian Grand Prix,R,24-03-2024
0 days 01:06:09.011000,20.6,45,1020.7,FALSE,39.3,19,0.5,3,Australian Grand Prix,R,24-03-2024
0 days 01:07:09.008000,20.5,44,1020.7,FALSE,39.3,2,0.6,3,Australian Grand Prix,R,24-03-2024
0 days 01:08:09.013000,20.6,44,1020.7,FALSE,39.3,67,0.5,3,Australian Grand Prix,R,24-03-2024
0 days 01:09:09.052000,20.5,43,1020.7,FALSE,38.9,164,0.8,3,Australian Grand Prix,R,24-03-2024
0 days 01:10:09.018000,20.5,43,1020.7,FALSE,39.1,24,1,3,Australian Grand Prix,R,24-03-2024
0 days 01:11:09.053000,20.7,43,1020.6,FALSE,39.1,141,1.7,3,Australian Grand Prix,R,24-03-2024
0 days 01:12:09.067000,20.8,43,1020.6,FALSE,39,150,1.5,3,Australian Grand Prix,R,24-03-2024
0 days 01:13:09.062000,20.7,44,1020.7,FALSE,38.8,158,1.3,3,Australian Grand Prix,R,24-03-2024
0 days 01:14:09.071000,20.8,44,1020.6,FALSE,38.9,120,0.6,3,Australian Grand Prix,R,24-03-2024
0 days 01:15:09.082000,20.9,43,1020.5,FALSE,39.1,107,0.5,3,Australian Grand Prix,R,24-03-2024
0 days 01:16:09.082000,20.9,43,1020.5,FALSE,39.1,132,1.1,3,Australian Grand Prix,R,24-03-2024
0 days 01:17:09.105000,20.8,42,1020.5,FALSE,39.1,0,0.6,3,Australian Grand Prix,R,24-03-2024
0 days 01:18:09.120000,20.9,43,1020.5,FALSE,39.1,144,1.2,3,Australian Grand Prix,R,24-03-2024
0 days 01:19:09.113000,20.8,43,1020.4,FALSE,39.2,102,0.7,3,Australian Grand Prix,R,24-03-2024
0 days 01:20:09.108000,21,43,1020.4,FALSE,39.1,144,1,3,Australian Grand Prix,R,24-03-2024
0 days 01:21:09.134000,21,43,1020.3,FALSE,38.9,144,1.4,3,Australian Grand Prix,R,24-03-2024
0 days 01:22:09.143000,21,43,1020.3,FALSE,38.8,149,1.4,3,Australian Grand Prix,R,24-03-2024
0 days 01:23:09.152000,21,43,1020.4,FALSE,38.6,108,0.6,3,Australian Grand Prix,R,24-03-2024
0 days 01:24:09.152000,20.9,43,1020.3,FALSE,38.6,0,0.5,3,Australian Grand Prix,R,24-03-2024
0 days 01:25:09.150000,21,44,1020.3,FALSE,39.1,357,0.8,3,Australian Grand Prix,R,24-03-2024
0 days 01:26:09.150000,21,43,1020.2,FALSE,39.1,94,1,3,Australian Grand Prix,R,24-03-2024
0 days 01:27:09.157000,21,43,1020.2,FALSE,39,133,0.6,3,Australian Grand Prix,R,24-03-2024
0 days 01:28:09.165000,21,43,1020.3,FALSE,38.7,142,1.3,3,Australian Grand Prix,R,24-03-2024
0 days 01:29:09.148000,21,43,1020.2,FALSE,38.6,161,1.3,3,Australian Grand Prix,R,24-03-2024
0 days 01:30:09.159000,21.1,44,1020.2,FALSE,38.7,154,1.2,3,Australian Grand Prix,R,24-03-2024
0 days 01:31:09.167000,21,44,1020.3,FALSE,38.8,153,1.4,3,Australian Grand Prix,R,24-03-2024
0 days 01:32:09.168000,21.1,44,1020.1,FALSE,38.9,101,0.9,3,Australian Grand Prix,R,24-03-2024
0 days 01:33:09.168000,21.1,44,1020.1,FALSE,38.9,133,0.6,3,Australian Grand Prix,R,24-03-2024
0 days 01:34:09.207000,21.3,43,1020.2,FALSE,38.9,150,0.9,3,Australian Grand Prix,R,24-03-2024
0 days 01:35:09.186000,21.4,43,1020.2,FALSE,38.9,144,1.2,3,Australian Grand Prix,R,24-03-2024
0 days 01:36:09.204000,21.5,43,1020.2,FALSE,38.9,154,1.1,3,Australian Grand Prix,R,24-03-2024
0 days 01:37:09.224000,21.4,43,1020.2,FALSE,39.1,218,0.7,3,Australian Grand Prix,R,24-03-2024
0 days 01:38:09.222000,21.3,44,1020.2,FALSE,38.9,147,2,3,Australian Grand Prix,R,24-03-2024
0 days 01:39:09.215000,21.3,43,1020.3,FALSE,38.9,153,1.5,3,Australian Grand Prix,R,24-03-2024
0 days 01:40:09.221000,21.2,42,1020.2,FALSE,38.8,147,0.7,3,Australian Grand Prix,R,24-03-2024
0 days 01:41:09.238000,21.2,43,1020.3,FALSE,38.4,195,1.9,3,Australian Grand Prix,R,24-03-2024
0 days 01:42:09.258000,21.1,44,1020.3,FALSE,38.4,50,0.9,3,Australian Grand Prix,R,24-03-2024
0 days 01:43:09.254000,21.2,43,1020.3,FALSE,38.7,171,0.5,3,Australian Grand Prix,R,24-03-2024
0 days 01:44:09.261000,21.2,43,1020.3,FALSE,38.6,297,1.8,3,Australian Grand Prix,R,24-03-2024
0 days 01:45:09.281000,21.2,44,1020.3,FALSE,38.5,13,0.4,3,Australian Grand Prix,R,24-03-2024
0 days 01:46:09.276000,21.2,43,1020.3,FALSE,38.6,140,0,3,Australian Grand Prix,R,24-03-2024
0 days 01:47:09.282000,21.2,43,1020.3,FALSE,38.5,186,0.8,3,Australian Grand Prix,R,24-03-2024
0 days 01:48:09.284000,21.3,43,1020.3,FALSE,38.2,116,1,3,Australian Grand Prix,R,24-03-2024
0 days 01:49:09.302000,21.4,43,1020.2,FALSE,38.2,149,0.5,3,Australian Grand Prix,R,24-03-2024
0 days 01:50:09.304000,21.5,42,1020.1,FALSE,38.4,145,1.8,3,Australian Grand Prix,R,24-03-2024
0 days 01:51:09.301000,21.4,43,1020.2,FALSE,38.2,0,1.1,3,Australian Grand Prix,R,24-03-2024
0 days 01:52:09.289000,21.3,43,1020.1,FALSE,38,151,1,3,Australian Grand Prix,R,24-03-2024
0 days 01:53:09.301000,21.3,44,1020.1,FALSE,38.2,175,1,3,Australian Grand Prix,R,24-03-2024
0 days 01:54:09.292000,21.4,44,1020,FALSE,38.5,151,1.4,3,Australian Grand Prix,R,24-03-2024
0 days 01:55:09.302000,21.5,43,1020,FALSE,38.5,102,1.5,3,Australian Grand Prix,R,24-03-2024
0 days 01:56:09.304000,21.6,43,1020.1,FALSE,38,157,0.9,3,Australian Grand Prix,R,24-03-2024
0 days 01:57:09.302000,21.7,43,1020,FALSE,38,0,1.4,3,Australian Grand Prix,R,24-03-2024
0 days 01:58:09.306000,21.8,43,1020,FALSE,38,157,0.7,3,Australian Grand Prix,R,24-03-2024
0 days 01:59:09.306000,21.8,43,1020,FALSE,37.9,150,1.4,3,Australian Grand Prix,R,24-03-2024
0 days 02:00:09.324000,21.8,43,1020.1,FALSE,37.9,164,1.2,3,Australian Grand Prix,R,24-03-2024
0 days 02:01:09.341000,21.7,44,1019.9,FALSE,38.1,0,1.1,3,Australian Grand Prix,R,24-03-2024
0 days 02:02:09.348000,21.6,43,1019.9,FALSE,38.2,39,0.3,3,Australian Grand Prix,R,24-03-2024
0 days 02:03:09.360000,21.6,43,1019.9,FALSE,38.2,229,0.5,3,Australian Grand Prix,R,24-03-2024
0 days 02:04:09.361000,21.6,43,1019.9,FALSE,37.6,152,2.2,3,Australian Grand Prix,R,24-03-2024
0 days 02:05:09.353000,21.7,42,1019.9,FALSE,37.9,99,1.1,3,Australian Grand Prix,R,24-03-2024
0 days 02:06:09.360000,21.6,42,1019.8,FALSE,37.9,154,0.9,3,Australian Grand Prix,R,24-03-2024
0 days 02:07:09.358000,21.7,44,1019.8,FALSE,37.9,0,1.1,3,Australian Grand Prix,R,24-03-2024
0 days 02:08:09.360000,21.7,43,1019.9,FALSE,37.9,147,0.8,3,Australian Grand Prix,R,24-03-2024
0 days 02:09:09.358000,21.8,42,1019.8,FALSE,37.9,132,0.8,3,Australian Grand Prix,R,24-03-2024
0 days 02:10:09.351000,21.8,43,1019.9,FALSE,37.9,148,0.6,3,Australian Grand Prix,R,24-03-2024
0 days 02:11:09.369000,21.9,42,1019.8,FALSE,38.1,146,1.3,3,Australian Grand Prix,R,24-03-2024
0 days 02:12:09.351000,21.8,43,1019.8,FALSE,38,0,0.9,3,Australian Grand Prix,R,24-03-2024
0 days 02:13:09.372000,21.9,42,1019.8,FALSE,37.7,144,1.1,3,Australian Grand Prix,R,24-03-2024
0 days 02:14:09.372000,22,42,1019.8,FALSE,37.5,161,1.5,3,Australian Grand Prix,R,24-03-2024
0 days 02:15:09.371000,21.9,42,1019.9,FALSE,37.2,157,1.5,3,Australian Grand Prix,R,24-03-2024
0 days 02:16:09.361000,21.8,43,1019.8,FALSE,37.2,184,1.9,3,Australian Grand Prix,R,24-03-2024
0 days 02:17:09.364000,21.6,43,1019.8,FALSE,37.4,56,1.4,3,Australian Grand Prix,R,24-03-2024
0 days 02:18:09.369000,21.6,43,1019.8,FALSE,37.4,162,1.3,3,Australian Grand Prix,R,24-03-2024
0 days 02:19:09.369000,21.5,43,1019.8,FALSE,37.6,50,0.7,3,Australian Grand Prix,R,24-03-2024
0 days 02:20:09.378000,21.5,43,1019.8,FALSE,36.9,154,0.9,3,Australian Grand Prix,R,24-03-2024
0 days 02:21:09.369000,21.5,42,1019.8,FALSE,36.9,148,0.8,3,Australian Grand Prix,R,24-03-2024
0 days 02:22:09.384000,21.5,43,1019.9,FALSE,36.9,163,1,3,Australian Grand Prix,R,24-03-2024
0 days 02:23:09.402000,21.5,44,1019.8,FALSE,36.9,164,0.5,3,Australian Grand Prix,R,24-03-2024
0 days 00:00:31.235000,16.8,35,1013.6,FALSE,25.6,175,0.6,4,Japanese Grand Prix,FP1,07-04-2024
0 days 00:01:31.245000,16.7,35,1013.5,FALSE,25.3,206,1.2,4,Japanese Grand Prix,FP1,07-04-2024
0 days 00:02:31.245000,16.6,36,1013.6,FALSE,25,175,2.4,4,Japanese Grand Prix,FP1,07-04-2024
0 days 00:03:31.245000,16.7,36,1013.6,FALSE,24.9,152,1.1,4,Japanese Grand Prix,FP1,07-04-2024
0 days 00:04:31.245000,16.6,36,1013.6,FALSE,24.8,194,0.6,4,Japanese Grand Prix,FP1,07-04-2024
0 days 00:05:31.247000,16.7,36,1013.5,FALSE,24.8,178,0.7,4,Japanese Grand Prix,FP1,07-04-2024
0 days 00:06:31.247000,16.7,36,1013.5,FALSE,24.7,161,0.4,4,Japanese Grand Prix,FP1,07-04-2024
0 days 00:07:31.247000,16.7,36,1013.5,FALSE,24.7,197,0.5,4,Japanese Grand Prix,FP1,07-04-2024
0 days 00:08:31.252000,16.7,36,1013.5,FALSE,24.8,188,1.3,4,Japanese Grand Prix,FP1,07-04-2024
0 days 00:09:31.249000,16.6,36,1013.5,FALSE,24.8,161,1.3,4,Japanese Grand Prix,FP1,07-04-2024
0 days 00:10:31.250000,16.6,36,1013.5,FALSE,24.6,174,1.2,4,Japanese Grand Prix,FP1,07-04-2024
0 days 00:11:31.248000,16.6,36,1013.5,FALSE,24.7,139,1.3,4,Japanese Grand Prix,FP1,07-04-2024
0 days 00:12:31.252000,16.8,36,1013.6,FALSE,24.8,165,1.4,4,Japanese Grand Prix,FP1,07-04-2024
0 days 00:13:31.252000,16.8,36,1013.5,FALSE,24.6,168,0.9,4,Japanese Grand Prix,FP1,07-04-2024
0 days 00:14:31.253000,16.8,35,1013.6,FALSE,24.6,118,1.1,4,Japanese Grand Prix,FP1,07-04-2024
0 days 00:15:31.254000,16.7,35,1013.5,FALSE,24.6,98,0.8,4,Japanese Grand Prix,FP1,07-04-2024
0 days 00:16:31.253000,16.7,35,1013.5,FALSE,24.6,183,0.7,4,Japanese Grand Prix,FP1,07-04-2024
0 days 00:17:31.258000,16.8,35,1013.5,FALSE,24.7,69,1,4,Japanese Grand Prix,FP1,07-04-2024
0 days 00:18:31.256000,16.8,35,1013.4,FALSE,24.7,10,0.9,4,Japanese Grand Prix,FP1,07-04-2024
0 days 00:19:31.256000,16.8,36,1013.6,FALSE,24.7,39,0.4,4,Japanese Grand Prix,FP1,07-04-2024
0 days 00:20:31.255000,16.8,35,1013.5,FALSE,24.8,33,0.7,4,Japanese Grand Prix,FP1,07-04-2024
0 days 00:21:31.256000,16.9,35,1013.4,FALSE,24.8,63,1.2,4,Japanese Grand Prix,FP1,07-04-2024
0 days 00:22:31.259000,16.9,35,1013.5,FALSE,25.1,352,0.7,4,Japanese Grand Prix,FP1,07-04-2024
0 days 00:23:31.258000,16.9,35,1013.4,FALSE,25.1,354,1.2,4,Japanese Grand Prix,FP1,07-04-2024
0 days 00:24:31.303000,16.9,35,1013.5,FALSE,25,359,1.4,4,Japanese Grand Prix,FP1,07-04-2024
0 days 00:25:31.259000,16.8,36,1013.5,FALSE,25.1,11,1.1,4,Japanese Grand Prix,FP1,07-04-2024
0 days 00:26:31.261000,16.8,37,1013.5,FALSE,25.1,353,1.2,4,Japanese Grand Prix,FP1,07-04-2024
0 days 00:27:31.263000,16.8,35,1013.5,FALSE,25.4,324,0.9,4,Japanese Grand Prix,FP1,07-04-2024
0 days 00:28:31.262000,16.9,35,1013.5,FALSE,25.6,335,1.1,4,Japanese Grand Prix,FP1,07-04-2024
0 days 00:29:31.261000,17,35,1013.4,FALSE,25.6,98,0.9,4,Japanese Grand Prix,FP1,07-04-2024
0 days 00:30:31.261000,17.1,35,1013.4,FALSE,25.7,42,0.5,4,Japanese Grand Prix,FP1,07-04-2024
0 days 00:31:31.264000,17.1,36,1013.5,FALSE,25.8,119,1.2,4,Japanese Grand Prix,FP1,07-04-2024
0 days 00:32:31.268000,17.2,36,1013.5,FALSE,25.8,183,1.3,4,Japanese Grand Prix,FP1,07-04-2024
0 days 00:33:31.266000,17.1,40,1013.4,FALSE,25.2,163,1,4,Japanese Grand Prix,FP1,07-04-2024
0 days 00:34:31.265000,17,42,1013.4,FALSE,25,172,1.1,4,Japanese Grand Prix,FP1,07-04-2024
0 days 00:35:31.270000,17.1,42,1013.4,FALSE,25.1,171,0.9,4,Japanese Grand Prix,FP1,07-04-2024
0 days 00:36:31.267000,17,41,1013.3,FALSE,25.1,155,1,4,Japanese Grand Prix,FP1,07-04-2024
0 days 00:37:31.267000,17,42,1013.3,FALSE,25,172,1.3,4,Japanese Grand Prix,FP1,07-04-2024
0 days 00:38:31.267000,16.9,46,1013.3,FALSE,24.5,175,1.4,4,Japanese Grand Prix,FP1,07-04-2024
0 days 00:39:31.268000,16.9,45,1013.3,FALSE,24.2,160,1.7,4,Japanese Grand Prix,FP1,07-04-2024
0 days 00:40:31.269000,16.7,45,1013.3,FALSE,24.2,169,1,4,Japanese Grand Prix,FP1,07-04-2024
0 days 00:41:31.269000,16.7,46,1013.3,FALSE,24.2,161,0.8,4,Japanese Grand Prix,FP1,07-04-2024
0 days 00:42:31.275000,16.6,47,1013.2,FALSE,24.2,166,1,4,Japanese Grand Prix,FP1,07-04-2024
0 days 00:43:31.270000,16.6,48,1013.3,FALSE,24.2,182,1.1,4,Japanese Grand Prix,FP1,07-04-2024
0 days 00:44:31.267000,16.6,47,1013.3,FALSE,24.1,176,1.1,4,Japanese Grand Prix,FP1,07-04-2024
0 days 00:45:31.271000,16.5,47,1013.2,FALSE,24.1,201,0.8,4,Japanese Grand Prix,FP1,07-04-2024
0 days 00:46:31.272000,16.6,47,1013.2,FALSE,24.1,190,1.4,4,Japanese Grand Prix,FP1,07-04-2024
0 days 00:47:31.272000,16.5,47,1013.2,FALSE,24.3,173,1.6,4,Japanese Grand Prix,FP1,07-04-2024
0 days 00:48:31.273000,16.5,46,1013.2,FALSE,24.2,151,1.1,4,Japanese Grand Prix,FP1,07-04-2024
0 days 00:49:31.275000,16.5,47,1013.2,FALSE,24.2,189,1.3,4,Japanese Grand Prix,FP1,07-04-2024
0 days 00:50:31.280000,16.6,46,1013.3,FALSE,24.2,174,1.4,4,Japanese Grand Prix,FP1,07-04-2024
0 days 00:51:31.289000,16.5,47,1013.3,FALSE,24.1,180,1.5,4,Japanese Grand Prix,FP1,07-04-2024
0 days 00:52:31.305000,16.5,47,1013.3,FALSE,23.8,189,1.5,4,Japanese Grand Prix,FP1,07-04-2024
0 days 00:53:31.323000,16.5,49,1013.3,FALSE,23.9,174,1.6,4,Japanese Grand Prix,FP1,07-04-2024
0 days 00:54:31.322000,16.4,49,1013.2,FALSE,23.9,194,1.5,4,Japanese Grand Prix,FP1,07-04-2024
0 days 00:55:31.340000,16.4,49,1013.3,FALSE,23.9,196,1.7,4,Japanese Grand Prix,FP1,07-04-2024
0 days 00:56:31.341000,16.4,48,1013.2,FALSE,23.7,201,1.9,4,Japanese Grand Prix,FP1,07-04-2024
0 days 00:57:31.356000,16.4,48,1013.1,FALSE,23.7,204,2,4,Japanese Grand Prix,FP1,07-04-2024
0 days 00:58:31.386000,16.3,48,1013.1,FALSE,23.6,205,1.9,4,Japanese Grand Prix,FP1,07-04-2024
0 days 00:59:31.372000,16.4,48,1013.2,FALSE,23.6,153,1.6,4,Japanese Grand Prix,FP1,07-04-2024
0 days 01:00:31.374000,16.5,47,1013,FALSE,23.8,159,1.5,4,Japanese Grand Prix,FP1,07-04-2024
0 days 01:01:31.396000,16.5,47,1013.2,FALSE,23.8,220,0.9,4,Japanese Grand Prix,FP1,07-04-2024
0 days 01:02:31.406000,16.5,45,1013.2,FALSE,23.7,197,1.8,4,Japanese Grand Prix,FP1,07-04-2024
0 days 01:03:31.412000,16.5,47,1013.2,FALSE,23.4,177,1.8,4,Japanese Grand Prix,FP1,07-04-2024
0 days 01:04:31.409000,16.4,48,1013.2,FALSE,23.4,182,1.3,4,Japanese Grand Prix,FP1,07-04-2024
0 days 01:05:31.412000,16.4,48,1013.1,FALSE,23.2,197,1.8,4,Japanese Grand Prix,FP1,07-04-2024
0 days 01:06:31.409000,16.4,49,1013.2,FALSE,23.1,197,1.9,4,Japanese Grand Prix,FP1,07-04-2024
0 days 01:07:31.410000,16.4,48,1013.2,FALSE,23.1,194,2.2,4,Japanese Grand Prix,FP1,07-04-2024
0 days 01:08:31.420000,16.3,50,1013.1,FALSE,23,209,2.4,4,Japanese Grand Prix,FP1,07-04-2024
0 days 01:09:31.414000,16.2,50,1013.1,FALSE,22.9,169,1.5,4,Japanese Grand Prix,FP1,07-04-2024
0 days 01:10:31.413000,16.1,51,1013.1,FALSE,23.1,194,1.9,4,Japanese Grand Prix,FP1,07-04-2024
0 days 01:11:31.413000,16.1,52,1013,FALSE,23.1,191,2.5,4,Japanese Grand Prix,FP1,07-04-2024
0 days 01:12:31.415000,16,53,1013.1,FALSE,23.1,204,2.2,4,Japanese Grand Prix,FP1,07-04-2024
0 days 01:13:31.417000,15.9,52,1013,FALSE,23.2,213,3,4,Japanese Grand Prix,FP1,07-04-2024
0 days 01:14:31.414000,15.7,53,1012.9,FALSE,23.2,196,2.3,4,Japanese Grand Prix,FP1,07-04-2024
0 days 01:15:31.414000,15.6,53,1012.9,FALSE,23.2,201,1.9,4,Japanese Grand Prix,FP1,07-04-2024
0 days 01:16:31.414000,15.7,52,1012.9,FALSE,23.4,208,1.8,4,Japanese Grand Prix,FP1,07-04-2024
0 days 01:17:31.417000,15.6,50,1012.9,FALSE,23,193,2.7,4,Japanese Grand Prix,FP1,07-04-2024
0 days 01:18:31.425000,15.6,51,1012.9,FALSE,22.9,197,2.5,4,Japanese Grand Prix,FP1,07-04-2024
0 days 01:19:31.475000,15.4,52,1012.9,FALSE,22.9,184,1.7,4,Japanese Grand Prix,FP1,07-04-2024
0 days 00:00:06.421000,14.1,60,1013.3,TRUE,18,194,0.9,4,Japanese Grand Prix,FP2,07-04-2024
0 days 00:01:06.426000,14,61,1013.3,TRUE,18,195,1.5,4,Japanese Grand Prix,FP2,07-04-2024
0 days 00:02:06.424000,14,62,1013.3,TRUE,18,178,1.1,4,Japanese Grand Prix,FP2,07-04-2024
0 days 00:03:06.432000,14,62,1013.3,TRUE,18,186,1.2,4,Japanese Grand Prix,FP2,07-04-2024
0 days 00:04:06.427000,14,62,1013.3,TRUE,18,181,1.4,4,Japanese Grand Prix,FP2,07-04-2024
0 days 00:05:06.431000,14,62,1013.3,TRUE,18.1,183,1.2,4,Japanese Grand Prix,FP2,07-04-2024
0 days 00:06:06.430000,13.9,62,1013.3,TRUE,18,175,1.2,4,Japanese Grand Prix,FP2,07-04-2024
0 days 00:07:06.427000,13.9,63,1013.4,TRUE,17.9,170,1.4,4,Japanese Grand Prix,FP2,07-04-2024
0 days 00:08:06.420000,14,64,1013.5,TRUE,17.7,168,1.2,4,Japanese Grand Prix,FP2,07-04-2024
0 days 00:09:06.426000,13.8,65,1013.5,TRUE,17.6,202,1.7,4,Japanese Grand Prix,FP2,07-04-2024
0 days 00:10:06.437000,13.8,66,1013.5,TRUE,17.4,176,1.3,4,Japanese Grand Prix,FP2,07-04-2024
0 days 00:11:06.435000,13.7,65,1013.6,FALSE,17.3,166,1.4,4,Japanese Grand Prix,FP2,07-04-2024
0 days 00:12:06.437000,13.6,66,1013.5,FALSE,17.3,177,0.8,4,Japanese Grand Prix,FP2,07-04-2024
0 days 00:13:06.428000,13.5,68,1013.6,FALSE,17.3,156,0.9,4,Japanese Grand Prix,FP2,07-04-2024
0 days 00:14:06.429000,13.4,69,1013.5,FALSE,17.3,171,1.1,4,Japanese Grand Prix,FP2,07-04-2024
0 days 00:15:06.432000,13.4,67,1013.5,FALSE,17.2,169,0.8,4,Japanese Grand Prix,FP2,07-04-2024
0 days 00:16:06.434000,13.3,69,1013.5,FALSE,17,165,1.2,4,Japanese Grand Prix,FP2,07-04-2024
0 days 00:17:06.436000,13.3,68,1013.5,FALSE,17,184,1.2,4,Japanese Grand Prix,FP2,07-04-2024
0 days 00:18:06.441000,13.2,68,1013.6,FALSE,17,183,1.1,4,Japanese Grand Prix,FP2,07-04-2024
0 days 00:19:06.441000,13.2,68,1013.5,FALSE,16.9,191,1.4,4,Japanese Grand Prix,FP2,07-04-2024
0 days 00:20:06.441000,13.2,69,1013.6,FALSE,16.9,190,1.3,4,Japanese Grand Prix,FP2,07-04-2024
0 days 00:21:06.442000,13.2,69,1013.6,FALSE,16.9,177,1.5,4,Japanese Grand Prix,FP2,07-04-2024
0 days 00:22:06.441000,13.2,68,1013.6,FALSE,16.8,172,1.4,4,Japanese Grand Prix,FP2,07-04-2024
0 days 00:23:06.437000,13.2,69,1013.6,FALSE,16.7,172,1.8,4,Japanese Grand Prix,FP2,07-04-2024
0 days 00:24:06.439000,13.2,68,1013.6,FALSE,16.7,183,1.3,4,Japanese Grand Prix,FP2,07-04-2024
0 days 00:25:06.439000,13.2,69,1013.6,FALSE,16.7,175,1.7,4,Japanese Grand Prix,FP2,07-04-2024
0 days 00:26:06.444000,13.2,70,1013.6,FALSE,16.7,167,1.8,4,Japanese Grand Prix,FP2,07-04-2024
0 days 00:27:06.447000,13.1,70,1013.5,FALSE,16.7,178,1.3,4,Japanese Grand Prix,FP2,07-04-2024
0 days 00:28:06.446000,13.1,70,1013.5,FALSE,16.8,182,1.4,4,Japanese Grand Prix,FP2,07-04-2024
0 days 00:29:06.446000,13.1,69,1013.5,FALSE,16.8,168,1.9,4,Japanese Grand Prix,FP2,07-04-2024
0 days 00:30:06.443000,13.1,69,1013.6,FALSE,16.8,178,1.6,4,Japanese Grand Prix,FP2,07-04-2024
0 days 00:31:06.443000,13.1,69,1013.5,TRUE,16.9,184,1.4,4,Japanese Grand Prix,FP2,07-04-2024
0 days 00:32:06.451000,13.2,69,1013.6,TRUE,16.8,185,1.3,4,Japanese Grand Prix,FP2,07-04-2024
0 days 00:33:06.453000,13.2,70,1013.6,TRUE,16.7,155,1.2,4,Japanese Grand Prix,FP2,07-04-2024
0 days 00:34:06.453000,13.1,70,1013.6,TRUE,16.6,168,1.2,4,Japanese Grand Prix,FP2,07-04-2024
0 days 00:35:06.444000,13.1,71,1013.7,TRUE,16.5,181,1.3,4,Japanese Grand Prix,FP2,07-04-2024
0 days 00:36:06.453000,13.1,72,1013.6,TRUE,16.5,155,0.8,4,Japanese Grand Prix,FP2,07-04-2024
0 days 00:37:06.446000,13.1,72,1013.6,TRUE,16.6,138,1,4,Japanese Grand Prix,FP2,07-04-2024
0 days 00:38:06.456000,12.9,72,1013.5,FALSE,16.6,150,1.2,4,Japanese Grand Prix,FP2,07-04-2024
0 days 00:39:06.455000,12.8,72,1013.5,FALSE,16.6,160,1,4,Japanese Grand Prix,FP2,07-04-2024
0 days 00:40:06.470000,12.8,72,1013.5,FALSE,16.5,181,0.8,4,Japanese Grand Prix,FP2,07-04-2024
0 days 00:41:06.487000,12.8,73,1013.4,FALSE,16.5,140,1.1,4,Japanese Grand Prix,FP2,07-04-2024
0 days 00:42:06.481000,12.8,73,1013.5,FALSE,16.6,141,0.9,4,Japanese Grand Prix,FP2,07-04-2024
0 days 00:43:06.499000,12.8,75,1013.4,FALSE,16.7,198,1.1,4,Japanese Grand Prix,FP2,07-04-2024
0 days 00:44:06.513000,12.8,75,1013.5,FALSE,16.7,170,0.9,4,Japanese Grand Prix,FP2,07-04-2024
0 days 00:45:06.519000,12.8,76,1013.4,FALSE,16.7,184,0.9,4,Japanese Grand Prix,FP2,07-04-2024
0 days 00:46:06.514000,12.8,77,1013.5,FALSE,16.7,218,0.9,4,Japanese Grand Prix,FP2,07-04-2024
0 days 00:47:06.526000,12.7,77,1013.4,FALSE,16.7,180,0.8,4,Japanese Grand Prix,FP2,07-04-2024
0 days 00:48:06.551000,12.8,77,1013.5,FALSE,16.7,0,0.5,4,Japanese Grand Prix,FP2,07-04-2024
0 days 00:49:06.548000,12.8,77,1013.4,FALSE,16.7,165,1.1,4,Japanese Grand Prix,FP2,07-04-2024
0 days 00:50:06.560000,12.7,78,1013.5,FALSE,16.7,160,0.7,4,Japanese Grand Prix,FP2,07-04-2024
0 days 00:51:06.564000,12.8,78,1013.4,FALSE,16.4,148,1.2,4,Japanese Grand Prix,FP2,07-04-2024
0 days 00:52:06.563000,12.7,78,1013.5,FALSE,16.3,177,0.9,4,Japanese Grand Prix,FP2,07-04-2024
0 days 00:53:06.565000,12.7,78,1013.5,FALSE,16.3,160,0.9,4,Japanese Grand Prix,FP2,07-04-2024
0 days 00:54:06.564000,12.7,79,1013.5,FALSE,16.3,148,1.2,4,Japanese Grand Prix,FP2,07-04-2024
0 days 00:55:06.571000,12.6,79,1013.4,FALSE,16.4,171,0.9,4,Japanese Grand Prix,FP2,07-04-2024
0 days 00:56:06.590000,12.6,79,1013.5,FALSE,16.5,163,1,4,Japanese Grand Prix,FP2,07-04-2024
0 days 00:57:06.583000,12.6,79,1013.5,FALSE,16.5,163,0.8,4,Japanese Grand Prix,FP2,07-04-2024
0 days 00:58:06.588000,12.6,79,1013.4,FALSE,16.4,143,0.7,4,Japanese Grand Prix,FP2,07-04-2024
0 days 00:59:06.593000,12.6,79,1013.4,FALSE,16.4,0,0.7,4,Japanese Grand Prix,FP2,07-04-2024
0 days 01:00:06.585000,12.6,78,1013.3,FALSE,16.3,0,0.3,4,Japanese Grand Prix,FP2,07-04-2024
0 days 01:01:06.575000,12.6,78,1013.5,FALSE,16.3,117,0,4,Japanese Grand Prix,FP2,07-04-2024
0 days 01:02:06.601000,12.6,80,1013.4,FALSE,16.6,117,0,4,Japanese Grand Prix,FP2,07-04-2024
0 days 01:03:06.623000,12.6,80,1013.4,FALSE,16.6,76,0.7,4,Japanese Grand Prix,FP2,07-04-2024
0 days 01:04:06.634000,12.6,79,1013.4,FALSE,16.6,144,0.5,4,Japanese Grand Prix,FP2,07-04-2024
0 days 01:05:06.639000,12.6,78,1013.5,FALSE,16.4,152,0.8,4,Japanese Grand Prix,FP2,07-04-2024
0 days 01:06:06.639000,12.6,78,1013.4,FALSE,16.4,161,1.3,4,Japanese Grand Prix,FP2,07-04-2024
0 days 01:07:06.631000,12.6,78,1013.4,FALSE,16.3,160,1.5,4,Japanese Grand Prix,FP2,07-04-2024
0 days 01:08:06.645000,12.5,78,1013.4,FALSE,16.3,158,1.1,4,Japanese Grand Prix,FP2,07-04-2024
0 days 01:09:06.634000,12.5,78,1013.5,FALSE,16.3,134,0.9,4,Japanese Grand Prix,FP2,07-04-2024
0 days 01:10:06.622000,12.6,78,1013.5,FALSE,16.3,190,0.6,4,Japanese Grand Prix,FP2,07-04-2024
0 days 01:11:06.646000,12.7,79,1013.4,FALSE,16.3,107,0.7,4,Japanese Grand Prix,FP2,07-04-2024
0 days 01:12:06.647000,12.6,77,1013.3,FALSE,16.3,205,0.8,4,Japanese Grand Prix,FP2,07-04-2024
0 days 01:13:06.663000,12.6,79,1013.4,FALSE,16.4,163,0.4,4,Japanese Grand Prix,FP2,07-04-2024
0 days 01:14:06.655000,12.7,78,1013.5,FALSE,16.3,173,1.1,4,Japanese Grand Prix,FP2,07-04-2024
0 days 01:15:06.660000,12.7,79,1013.4,FALSE,16.2,203,1,4,Japanese Grand Prix,FP2,07-04-2024
0 days 01:16:06.663000,12.7,79,1013.4,FALSE,16.3,105,0.7,4,Japanese Grand Prix,FP2,07-04-2024
0 days 01:17:06.663000,12.7,79,1013.3,FALSE,16.2,192,0.5,4,Japanese Grand Prix,FP2,07-04-2024
0 days 01:18:06.671000,12.7,79,1013.4,FALSE,16.2,143,0.6,4,Japanese Grand Prix,FP2,07-04-2024
0 days 01:19:06.735000,12.7,78,1013.4,FALSE,16.2,0,0.8,4,Japanese Grand Prix,FP2,07-04-2024
0 days 01:20:06.699000,12.7,79,1013.4,FALSE,16.3,151,0,4,Japanese Grand Prix,FP2,07-04-2024
0 days 01:21:06.706000,12.7,79,1013.4,FALSE,16.3,109,0.7,4,Japanese Grand Prix,FP2,07-04-2024
0 days 01:22:06.713000,12.7,78,1013.4,FALSE,16.3,124,0.9,4,Japanese Grand Prix,FP2,07-04-2024
0 days 01:23:06.732000,12.7,78,1013.4,FALSE,16.3,164,0.4,4,Japanese Grand Prix,FP2,07-04-2024
0 days 01:24:06.734000,12.7,78,1013.5,FALSE,16.3,164,0,4,Japanese Grand Prix,FP2,07-04-2024
0 days 01:25:06.733000,12.8,80,1013.5,FALSE,16.4,135,0.7,4,Japanese Grand Prix,FP2,07-04-2024
0 days 00:00:55.746000,16.8,68,1016.5,FALSE,24.2,0,0.6,4,Japanese Grand Prix,FP3,07-04-2024
0 days 00:01:55.744000,16.8,69,1016.4,FALSE,24.6,232,0.5,4,Japanese Grand Prix,FP3,07-04-2024
0 days 00:02:55.748000,16.7,68,1016.4,FALSE,24.8,193,1.2,4,Japanese Grand Prix,FP3,07-04-2024
0 days 00:03:55.740000,16.8,69,1016.4,FALSE,24.7,202,0.9,4,Japanese Grand Prix,FP3,07-04-2024
0 days 00:04:55.759000,16.8,67,1016.4,FALSE,24.5,245,0.9,4,Japanese Grand Prix,FP3,07-04-2024
0 days 00:05:55.747000,16.8,68,1016.3,FALSE,24.5,196,1.8,4,Japanese Grand Prix,FP3,07-04-2024
0 days 00:06:55.765000,16.9,67,1016.3,FALSE,24.9,174,2.5,4,Japanese Grand Prix,FP3,07-04-2024
0 days 00:07:55.781000,17,68,1016.3,FALSE,24.9,140,1.2,4,Japanese Grand Prix,FP3,07-04-2024
0 days 00:08:55.804000,17,68,1016.3,FALSE,24.9,176,0.9,4,Japanese Grand Prix,FP3,07-04-2024
0 days 00:09:55.818000,17.1,69,1016.3,FALSE,25.1,211,1.8,4,Japanese Grand Prix,FP3,07-04-2024
0 days 00:10:55.836000,17.1,67,1016.2,FALSE,25.4,191,1.4,4,Japanese Grand Prix,FP3,07-04-2024
0 days 00:11:55.828000,17,67,1016.2,FALSE,25.5,186,1.6,4,Japanese Grand Prix,FP3,07-04-2024
0 days 00:12:55.826000,17.2,68,1016.2,FALSE,24.9,190,1.3,4,Japanese Grand Prix,FP3,07-04-2024
0 days 00:13:55.856000,17.3,68,1016.2,FALSE,24.9,198,1.7,4,Japanese Grand Prix,FP3,07-04-2024
0 days 00:14:55.858000,17.4,66,1016.1,FALSE,24.8,204,1.2,4,Japanese Grand Prix,FP3,07-04-2024
0 days 00:15:55.872000,17.3,67,1016.2,FALSE,24.7,210,1,4,Japanese Grand Prix,FP3,07-04-2024
0 days 00:16:55.887000,17.2,67,1016.2,FALSE,24.7,194,0.7,4,Japanese Grand Prix,FP3,07-04-2024
0 days 00:17:55.888000,17.2,68,1016.1,FALSE,25,181,1,4,Japanese Grand Prix,FP3,07-04-2024
0 days 00:18:55.904000,17.2,68,1016.2,FALSE,25.3,177,1,4,Japanese Grand Prix,FP3,07-04-2024
0 days 00:19:55.904000,17.1,68,1016.2,FALSE,25.4,142,0.7,4,Japanese Grand Prix,FP3,07-04-2024
0 days 00:20:55.905000,17.1,68,1016.1,FALSE,25.4,214,0.4,4,Japanese Grand Prix,FP3,07-04-2024
0 days 00:21:55.905000,17.3,67,1016.2,FALSE,25.9,128,1.3,4,Japanese Grand Prix,FP3,07-04-2024
0 days 00:22:55.908000,17.3,65,1016.2,FALSE,25.4,176,1.5,4,Japanese Grand Prix,FP3,07-04-2024
0 days 00:23:55.935000,17.4,65,1016.2,FALSE,25.3,193,1.4,4,Japanese Grand Prix,FP3,07-04-2024
0 days 00:24:55.940000,17.2,65,1016.2,FALSE,25.2,145,1.1,4,Japanese Grand Prix,FP3,07-04-2024
0 days 00:25:55.946000,17.3,66,1016.1,FALSE,25.2,164,1.2,4,Japanese Grand Prix,FP3,07-04-2024
0 days 00:26:55.998000,17.3,66,1016.1,FALSE,25.7,194,1,4,Japanese Grand Prix,FP3,07-04-2024
0 days 00:27:55.980000,17.3,66,1016.1,FALSE,25.4,169,1.6,4,Japanese Grand Prix,FP3,07-04-2024
0 days 00:28:55.965000,17.3,65,1016.1,FALSE,25.6,96,1.2,4,Japanese Grand Prix,FP3,07-04-2024
0 days 00:29:55.975000,17.2,66,1016.1,FALSE,25.6,143,0.7,4,Japanese Grand Prix,FP3,07-04-2024
0 days 00:30:55.973000,17.2,65,1016,FALSE,26.4,86,0.7,4,Japanese Grand Prix,FP3,07-04-2024
0 days 00:31:55.972000,17.3,65,1016,FALSE,26.4,146,1.1,4,Japanese Grand Prix,FP3,07-04-2024
0 days 00:32:55.975000,17.4,64,1015.9,FALSE,26.3,119,1.6,4,Japanese Grand Prix,FP3,07-04-2024
0 days 00:33:55.966000,17.2,65,1016,FALSE,25.7,85,1.1,4,Japanese Grand Prix,FP3,07-04-2024
0 days 00:34:55.968000,17.2,65,1016,FALSE,26.3,160,1.1,4,Japanese Grand Prix,FP3,07-04-2024
0 days 00:35:55.967000,17.4,66,1016,FALSE,26.5,177,1.2,4,Japanese Grand Prix,FP3,07-04-2024
0 days 00:36:55.965000,17.5,65,1015.9,FALSE,26.9,117,1.2,4,Japanese Grand Prix,FP3,07-04-2024
0 days 00:37:55.964000,17.5,64,1015.9,FALSE,26.9,91,1,4,Japanese Grand Prix,FP3,07-04-2024
0 days 00:38:55.970000,17.5,64,1015.9,FALSE,27.1,91,0.7,4,Japanese Grand Prix,FP3,07-04-2024
0 days 00:39:55.969000,17.6,63,1015.8,FALSE,27.1,347,0.6,4,Japanese Grand Prix,FP3,07-04-2024
0 days 00:40:55.970000,17.6,62,1015.9,FALSE,27.1,341,1.9,4,Japanese Grand Prix,FP3,07-04-2024
0 days 00:41:55.982000,17.6,63,1015.8,FALSE,26.8,21,1.7,4,Japanese Grand Prix,FP3,07-04-2024
0 days 00:42:55.984000,17.6,64,1015.8,FALSE,27.1,358,1,4,Japanese Grand Prix,FP3,07-04-2024
0 days 00:43:55.973000,17.6,65,1015.8,FALSE,27.3,234,0.6,4,Japanese Grand Prix,FP3,07-04-2024
0 days 00:44:55.969000,17.7,64,1015.8,FALSE,27.4,71,0.6,4,Japanese Grand Prix,FP3,07-04-2024
0 days 00:45:55.976000,17.8,63,1015.8,FALSE,27.4,58,1,4,Japanese Grand Prix,FP3,07-04-2024
0 days 00:46:55.968000,17.8,64,1015.7,FALSE,27.7,152,1.2,4,Japanese Grand Prix,FP3,07-04-2024
0 days 00:47:55.992000,17.8,64,1015.7,FALSE,27.1,192,1.9,4,Japanese Grand Prix,FP3,07-04-2024
0 days 00:48:55.985000,17.6,66,1015.7,FALSE,27,197,0.8,4,Japanese Grand Prix,FP3,07-04-2024
0 days 00:49:55.986000,17.5,66,1015.7,FALSE,27.1,143,1.1,4,Japanese Grand Prix,FP3,07-04-2024
0 days 00:50:55.975000,17.5,67,1015.6,FALSE,27,189,2.2,4,Japanese Grand Prix,FP3,07-04-2024
0 days 00:51:55.978000,17.6,66,1015.5,FALSE,26.8,178,2.4,4,Japanese Grand Prix,FP3,07-04-2024
0 days 00:52:55.977000,17.4,67,1015.5,FALSE,27.2,199,2.1,4,Japanese Grand Prix,FP3,07-04-2024
0 days 00:53:55.989000,17.4,68,1015.6,FALSE,27.3,178,2.5,4,Japanese Grand Prix,FP3,07-04-2024
0 days 00:54:55.990000,17.4,68,1015.6,FALSE,27.3,187,2.2,4,Japanese Grand Prix,FP3,07-04-2024
0 days 00:55:55.984000,17.4,67,1015.6,FALSE,26.8,173,2.3,4,Japanese Grand Prix,FP3,07-04-2024
0 days 00:56:55.990000,17.4,68,1015.6,FALSE,26.8,176,1.9,4,Japanese Grand Prix,FP3,07-04-2024
0 days 00:57:55.981000,17.4,68,1015.6,FALSE,27,181,1.4,4,Japanese Grand Prix,FP3,07-04-2024
0 days 00:58:55.980000,17.4,67,1015.6,FALSE,27,174,2,4,Japanese Grand Prix,FP3,07-04-2024
0 days 00:59:55.983000,17.4,67,1015.6,FALSE,26.9,180,2.4,4,Japanese Grand Prix,FP3,07-04-2024
0 days 01:00:55.986000,17.5,67,1015.5,FALSE,27.2,176,2.1,4,Japanese Grand Prix,FP3,07-04-2024
0 days 01:01:55.990000,17.5,67,1015.6,FALSE,27.2,183,1.8,4,Japanese Grand Prix,FP3,07-04-2024
0 days 01:02:55.989000,17.5,67,1015.6,FALSE,27.6,181,2.2,4,Japanese Grand Prix,FP3,07-04-2024
0 days 01:03:55.989000,17.5,66,1015.5,FALSE,27.8,206,2,4,Japanese Grand Prix,FP3,07-04-2024
0 days 01:04:55.997000,17.5,66,1015.5,FALSE,28,115,1.8,4,Japanese Grand Prix,FP3,07-04-2024
0 days 01:05:55.996000,17.5,67,1015.5,FALSE,28.4,158,1.1,4,Japanese Grand Prix,FP3,07-04-2024
0 days 01:06:55.997000,17.6,67,1015.4,FALSE,28.6,198,1.2,4,Japanese Grand Prix,FP3,07-04-2024
0 days 01:07:55.991000,17.5,66,1015.4,FALSE,28.8,191,1.3,4,Japanese Grand Prix,FP3,07-04-2024
0 days 01:08:55.990000,17.5,66,1015.4,FALSE,28.8,178,1.3,4,Japanese Grand Prix,FP3,07-04-2024
0 days 01:09:55.993000,17.5,65,1015.5,FALSE,28.9,194,0.7,4,Japanese Grand Prix,FP3,07-04-2024
0 days 01:10:55.993000,17.6,65,1015.4,FALSE,29.2,150,1.7,4,Japanese Grand Prix,FP3,07-04-2024
0 days 01:11:56,17.8,64,1015.3,FALSE,29.2,148,1.5,4,Japanese Grand Prix,FP3,07-04-2024
0 days 01:12:55.989000,17.8,65,1015.3,FALSE,29.3,189,1.5,4,Japanese Grand Prix,FP3,07-04-2024
0 days 01:13:55.993000,17.7,65,1015.3,FALSE,29.6,177,1.4,4,Japanese Grand Prix,FP3,07-04-2024
0 days 01:14:55.992000,17.7,65,1015.2,FALSE,29.6,186,1.3,4,Japanese Grand Prix,FP3,07-04-2024
0 days 01:15:56.004000,17.9,64,1015.1,FALSE,29.6,164,1.5,4,Japanese Grand Prix,FP3,07-04-2024
0 days 01:16:55.994000,17.8,65,1015,FALSE,29.3,156,1.9,4,Japanese Grand Prix,FP3,07-04-2024
0 days 01:17:55.992000,17.8,66,1015.1,FALSE,29.6,184,1.5,4,Japanese Grand Prix,FP3,07-04-2024
0 days 01:18:56.005000,17.9,65,1015.2,FALSE,29.4,167,2,4,Japanese Grand Prix,FP3,07-04-2024
0 days 00:00:44.739000,17.6,58,1014.2,FALSE,27.9,174,1.3,4,Japanese Grand Prix,Q,07-04-2024
0 days 00:01:44.741000,17.7,58,1014.2,FALSE,27.9,164,1.6,4,Japanese Grand Prix,Q,07-04-2024
0 days 00:02:44.741000,17.7,57,1014.1,FALSE,27.9,196,1.4,4,Japanese Grand Prix,Q,07-04-2024
0 days 00:03:44.758000,17.7,57,1014.2,FALSE,28.3,181,1.6,4,Japanese Grand Prix,Q,07-04-2024
0 days 00:04:44.757000,17.7,56,1014.1,FALSE,28.3,187,1.9,4,Japanese Grand Prix,Q,07-04-2024
0 days 00:05:44.764000,17.7,55,1014.2,FALSE,28.1,182,1.6,4,Japanese Grand Prix,Q,07-04-2024
0 days 00:06:44.763000,17.8,56,1014,FALSE,28.2,171,1.9,4,Japanese Grand Prix,Q,07-04-2024
0 days 00:07:44.760000,17.9,56,1014.2,FALSE,28,175,1.8,4,Japanese Grand Prix,Q,07-04-2024
0 days 00:08:44.761000,17.9,56,1014.1,FALSE,27.9,175,2,4,Japanese Grand Prix,Q,07-04-2024
0 days 00:09:44.761000,17.9,55,1014.1,FALSE,27.6,154,2,4,Japanese Grand Prix,Q,07-04-2024
0 days 00:10:44.761000,17.9,55,1014.1,FALSE,28,174,1.2,4,Japanese Grand Prix,Q,07-04-2024
0 days 00:11:44.775000,17.9,56,1014,FALSE,27.7,197,1.9,4,Japanese Grand Prix,Q,07-04-2024
0 days 00:12:44.770000,17.9,56,1014,FALSE,27.7,183,2.3,4,Japanese Grand Prix,Q,07-04-2024
0 days 00:13:44.762000,17.9,57,1014,FALSE,27.7,177,1.7,4,Japanese Grand Prix,Q,07-04-2024
0 days 00:14:44.775000,17.9,56,1014,FALSE,27.5,175,1.7,4,Japanese Grand Prix,Q,07-04-2024
0 days 00:15:44.798000,17.9,56,1014.1,FALSE,27.2,173,2,4,Japanese Grand Prix,Q,07-04-2024
0 days 00:16:44.777000,17.9,56,1013.9,FALSE,27.2,183,1.4,4,Japanese Grand Prix,Q,07-04-2024
0 days 00:17:44.768000,17.8,57,1014,FALSE,27.5,164,1.3,4,Japanese Grand Prix,Q,07-04-2024
0 days 00:18:44.766000,17.8,56,1013.9,FALSE,27.4,175,1.6,4,Japanese Grand Prix,Q,07-04-2024
0 days 00:19:44.769000,17.8,57,1013.9,FALSE,27.3,178,1.7,4,Japanese Grand Prix,Q,07-04-2024
0 days 00:20:44.769000,17.8,57,1013.9,FALSE,27.3,199,1.3,4,Japanese Grand Prix,Q,07-04-2024
0 days 00:21:44.768000,17.9,58,1014,FALSE,27.3,199,1.2,4,Japanese Grand Prix,Q,07-04-2024
0 days 00:22:44.768000,17.9,57,1013.9,FALSE,27.5,27,1.1,4,Japanese Grand Prix,Q,07-04-2024
0 days 00:23:44.769000,17.9,57,1013.8,FALSE,27,159,0.7,4,Japanese Grand Prix,Q,07-04-2024
0 days 00:24:44.766000,17.9,57,1013.8,FALSE,27,211,1.3,4,Japanese Grand Prix,Q,07-04-2024
0 days 00:25:44.778000,17.8,57,1013.8,FALSE,27,167,1.5,4,Japanese Grand Prix,Q,07-04-2024
0 days 00:26:44.799000,17.8,58,1013.8,FALSE,27.3,187,1.5,4,Japanese Grand Prix,Q,07-04-2024
0 days 00:27:44.820000,17.7,57,1013.9,FALSE,27.3,194,1.4,4,Japanese Grand Prix,Q,07-04-2024
0 days 00:28:44.841000,17.7,56,1013.9,FALSE,26.7,200,2.3,4,Japanese Grand Prix,Q,07-04-2024
0 days 00:29:44.838000,17.7,57,1013.9,FALSE,26.7,178,1.6,4,Japanese Grand Prix,Q,07-04-2024
0 days 00:30:44.860000,17.7,57,1014,FALSE,27.1,181,2.2,4,Japanese Grand Prix,Q,07-04-2024
0 days 00:31:44.869000,17.7,56,1013.9,FALSE,26.7,189,2.5,4,Japanese Grand Prix,Q,07-04-2024
0 days 00:32:44.870000,17.7,57,1013.9,FALSE,26.6,179,2.6,4,Japanese Grand Prix,Q,07-04-2024
0 days 00:33:44.870000,17.8,57,1013.9,FALSE,26.6,190,1.9,4,Japanese Grand Prix,Q,07-04-2024
0 days 00:34:44.890000,17.7,58,1013.8,FALSE,26.5,176,2.4,4,Japanese Grand Prix,Q,07-04-2024
0 days 00:35:44.886000,17.6,58,1013.9,FALSE,26.6,175,2.1,4,Japanese Grand Prix,Q,07-04-2024
0 days 00:36:44.903000,17.5,57,1013.8,FALSE,26.6,179,2.1,4,Japanese Grand Prix,Q,07-04-2024
0 days 00:37:44.908000,17.5,58,1013.8,FALSE,26.3,182,2.4,4,Japanese Grand Prix,Q,07-04-2024
0 days 00:38:44.924000,17.5,58,1013.8,FALSE,26.1,171,2.2,4,Japanese Grand Prix,Q,07-04-2024
0 days 00:39:44.931000,17.4,58,1013.7,FALSE,26.2,178,2.1,4,Japanese Grand Prix,Q,07-04-2024
0 days 00:40:44.908000,17.4,58,1013.7,FALSE,26.6,182,1.6,4,Japanese Grand Prix,Q,07-04-2024
0 days 00:41:44.910000,17.5,58,1013.7,FALSE,26.7,167,1.7,4,Japanese Grand Prix,Q,07-04-2024
0 days 00:42:44.908000,17.4,58,1013.8,FALSE,26.7,157,1.4,4,Japanese Grand Prix,Q,07-04-2024
0 days 00:43:44.912000,17.5,58,1013.7,FALSE,27,190,1.4,4,Japanese Grand Prix,Q,07-04-2024
0 days 00:44:44.925000,17.5,58,1013.7,FALSE,27.3,69,0.9,4,Japanese Grand Prix,Q,07-04-2024
0 days 00:45:44.924000,17.5,57,1013.7,FALSE,27.3,185,0.8,4,Japanese Grand Prix,Q,07-04-2024
0 days 00:46:44.939000,17.5,57,1013.8,FALSE,27,154,0.8,4,Japanese Grand Prix,Q,07-04-2024
0 days 00:47:44.956000,17.5,57,1013.8,FALSE,26.7,170,1.4,4,Japanese Grand Prix,Q,07-04-2024
0 days 00:48:44.974000,17.5,57,1013.7,FALSE,26.6,169,1.6,4,Japanese Grand Prix,Q,07-04-2024
0 days 00:49:44.973000,17.5,58,1013.8,FALSE,26.6,162,1.7,4,Japanese Grand Prix,Q,07-04-2024
0 days 00:50:44.974000,17.5,58,1013.8,FALSE,26.8,172,1.4,4,Japanese Grand Prix,Q,07-04-2024
0 days 00:51:44.992000,17.5,58,1013.7,FALSE,26.6,172,1.4,4,Japanese Grand Prix,Q,07-04-2024
0 days 00:52:45.012000,17.5,59,1013.7,FALSE,26.7,199,1.4,4,Japanese Grand Prix,Q,07-04-2024
0 days 00:53:45.007000,17.4,59,1013.7,FALSE,26.7,186,1,4,Japanese Grand Prix,Q,07-04-2024
0 days 00:54:45.023000,17.4,58,1013.6,FALSE,26.8,209,0.9,4,Japanese Grand Prix,Q,07-04-2024
0 days 00:55:45.027000,17.4,58,1013.7,FALSE,26.4,176,1.2,4,Japanese Grand Prix,Q,07-04-2024
0 days 00:56:45.041000,17.5,58,1013.6,FALSE,26.3,173,2.1,4,Japanese Grand Prix,Q,07-04-2024
0 days 00:57:45.048000,17.4,59,1013.7,FALSE,26.1,180,2.2,4,Japanese Grand Prix,Q,07-04-2024
0 days 00:58:45.042000,17.3,59,1013.6,FALSE,25.9,188,2,4,Japanese Grand Prix,Q,07-04-2024
0 days 00:59:45.045000,17.2,60,1013.8,FALSE,25.9,183,1.4,4,Japanese Grand Prix,Q,07-04-2024
0 days 01:00:45.044000,17.2,59,1013.7,FALSE,25.6,184,2.2,4,Japanese Grand Prix,Q,07-04-2024
0 days 01:01:45.044000,17.2,60,1013.7,FALSE,25.6,200,1.7,4,Japanese Grand Prix,Q,07-04-2024
0 days 01:02:45.045000,17.1,60,1013.8,FALSE,25.6,176,1.8,4,Japanese Grand Prix,Q,07-04-2024
0 days 01:03:45.044000,17.1,61,1013.6,FALSE,25.7,184,1.3,4,Japanese Grand Prix,Q,07-04-2024
0 days 01:04:45.044000,17.1,61,1013.8,FALSE,25.7,181,1.9,4,Japanese Grand Prix,Q,07-04-2024
0 days 01:05:45.042000,17.2,61,1013.8,FALSE,25.8,156,1.6,4,Japanese Grand Prix,Q,07-04-2024
0 days 01:06:45.046000,17.3,61,1013.8,FALSE,25.8,196,0.9,4,Japanese Grand Prix,Q,07-04-2024
0 days 01:07:45.046000,17.3,61,1013.7,FALSE,25.7,175,1.6,4,Japanese Grand Prix,Q,07-04-2024
0 days 01:08:45.051000,17.2,60,1013.6,FALSE,25.2,177,1.9,4,Japanese Grand Prix,Q,07-04-2024
0 days 01:09:45.048000,17.1,62,1013.6,FALSE,24.9,179,1.6,4,Japanese Grand Prix,Q,07-04-2024
0 days 01:10:45.048000,17,62,1013.6,FALSE,24.9,188,1.9,4,Japanese Grand Prix,Q,07-04-2024
0 days 01:11:45.048000,17,63,1013.7,FALSE,25,187,1.9,4,Japanese Grand Prix,Q,07-04-2024
0 days 01:12:45.056000,17,63,1013.7,FALSE,25,169,1.4,4,Japanese Grand Prix,Q,07-04-2024
0 days 01:13:45.050000,17,63,1013.7,FALSE,25,194,2,4,Japanese Grand Prix,Q,07-04-2024
0 days 01:14:45.051000,16.9,63,1013.7,FALSE,25.1,189,0.5,4,Japanese Grand Prix,Q,07-04-2024
0 days 01:15:45.058000,16.9,63,1013.6,FALSE,25,145,1.1,4,Japanese Grand Prix,Q,07-04-2024
0 days 00:00:40.658000,22.2,44,1012.5,FALSE,39.4,179,2.1,4,Japanese Grand Prix,R,07-04-2024
0 days 00:01:40.661000,22.1,44,1012.5,FALSE,39.3,181,1.8,4,Japanese Grand Prix,R,07-04-2024
0 days 00:02:40.659000,22,45,1012.4,FALSE,39.2,170,1.8,4,Japanese Grand Prix,R,07-04-2024
0 days 00:03:40.660000,22,45,1012.4,FALSE,39.3,182,2.1,4,Japanese Grand Prix,R,07-04-2024
0 days 00:04:40.660000,22,44,1012.4,FALSE,39.1,196,2.2,4,Japanese Grand Prix,R,07-04-2024
0 days 00:05:40.668000,22,44,1012.4,FALSE,38.9,172,2.5,4,Japanese Grand Prix,R,07-04-2024
0 days 00:06:40.662000,22,45,1012.4,FALSE,38.9,171,2.7,4,Japanese Grand Prix,R,07-04-2024
0 days 00:07:40.663000,22.1,45,1012.5,FALSE,39.4,172,1.7,4,Japanese Grand Prix,R,07-04-2024
0 days 00:08:40.668000,22.2,45,1012.4,FALSE,39.4,172,2,4,Japanese Grand Prix,R,07-04-2024
0 days 00:09:40.665000,22,44,1012.4,FALSE,39.5,177,1.7,4,Japanese Grand Prix,R,07-04-2024
0 days 00:10:40.670000,22,44,1012.4,FALSE,39.5,167,1.7,4,Japanese Grand Prix,R,07-04-2024
0 days 00:11:40.667000,22.1,45,1012.4,FALSE,39.8,154,1.8,4,Japanese Grand Prix,R,07-04-2024
0 days 00:12:40.667000,22.1,45,1012.4,FALSE,39.7,169,1.4,4,Japanese Grand Prix,R,07-04-2024
0 days 00:13:40.667000,22.2,45,1012.3,FALSE,39.4,186,2.2,4,Japanese Grand Prix,R,07-04-2024
0 days 00:14:40.668000,22.3,43,1012.5,FALSE,39.4,193,2.4,4,Japanese Grand Prix,R,07-04-2024
0 days 00:15:40.668000,22.1,43,1012.5,FALSE,39,180,2.2,4,Japanese Grand Prix,R,07-04-2024
0 days 00:16:40.670000,21.9,44,1012.4,FALSE,39.1,192,2.2,4,Japanese Grand Prix,R,07-04-2024
0 days 00:17:40.669000,22,42,1012.4,FALSE,39.4,147,1.5,4,Japanese Grand Prix,R,07-04-2024
0 days 00:18:40.670000,22,43,1012.3,FALSE,39.4,185,1.7,4,Japanese Grand Prix,R,07-04-2024
0 days 00:19:40.672000,22,42,1012.3,FALSE,39.3,200,2.4,4,Japanese Grand Prix,R,07-04-2024
0 days 00:20:40.673000,22.2,43,1012.3,FALSE,39.5,191,2.1,4,Japanese Grand Prix,R,07-04-2024
0 days 00:21:40.715000,22.2,43,1012.3,FALSE,39.5,174,1.6,4,Japanese Grand Prix,R,07-04-2024
0 days 00:22:40.676000,22.2,43,1012.3,FALSE,39.8,191,2.3,4,Japanese Grand Prix,R,07-04-2024
0 days 00:23:40.667000,22.1,43,1012.3,FALSE,39.9,186,2.2,4,Japanese Grand Prix,R,07-04-2024
0 days 00:24:40.679000,22.1,42,1012.4,FALSE,39.7,194,2.1,4,Japanese Grand Prix,R,07-04-2024
0 days 00:25:40.674000,22,41,1012.3,FALSE,39.5,193,1.4,4,Japanese Grand Prix,R,07-04-2024
0 days 00:26:40.675000,22,43,1012.3,FALSE,39.3,201,1.5,4,Japanese Grand Prix,R,07-04-2024
0 days 00:27:40.677000,22.1,42,1012.2,FALSE,39.8,176,1.2,4,Japanese Grand Prix,R,07-04-2024
0 days 00:28:40.677000,22.3,42,1012.1,FALSE,40,167,1.3,4,Japanese Grand Prix,R,07-04-2024
0 days 00:29:40.725000,22.3,41,1012.2,FALSE,40.2,164,1.5,4,Japanese Grand Prix,R,07-04-2024
0 days 00:30:40.680000,22.2,41,1012.2,FALSE,40.2,146,1.5,4,Japanese Grand Prix,R,07-04-2024
0 days 00:31:40.722000,22.2,40,1012.2,FALSE,40.2,165,0.9,4,Japanese Grand Prix,R,07-04-2024
0 days 00:32:40.682000,22.3,39,1012.1,FALSE,39.7,168,1.8,4,Japanese Grand Prix,R,07-04-2024
0 days 00:33:40.682000,22.1,38,1012.2,FALSE,39.6,178,1.6,4,Japanese Grand Prix,R,07-04-2024
0 days 00:34:40.681000,22.1,39,1012.1,FALSE,39.6,212,1.5,4,Japanese Grand Prix,R,07-04-2024
0 days 00:35:40.681000,22.2,41,1012.1,FALSE,40,194,2.3,4,Japanese Grand Prix,R,07-04-2024
0 days 00:36:40.683000,22.3,39,1012.1,FALSE,39.9,203,2.9,4,Japanese Grand Prix,R,07-04-2024
0 days 00:37:40.682000,22.1,39,1012.1,FALSE,39.5,149,1.7,4,Japanese Grand Prix,R,07-04-2024
0 days 00:38:40.686000,22.1,41,1012.1,FALSE,39.5,205,1.2,4,Japanese Grand Prix,R,07-04-2024
0 days 00:39:40.685000,22.2,42,1012.1,FALSE,39.9,226,1.8,4,Japanese Grand Prix,R,07-04-2024
0 days 00:40:40.684000,22.3,41,1012.1,FALSE,39.9,183,1,4,Japanese Grand Prix,R,07-04-2024
0 days 00:41:40.684000,22.4,42,1012.1,FALSE,39.9,200,2.3,4,Japanese Grand Prix,R,07-04-2024
0 days 00:42:40.686000,22.4,41,1012.1,FALSE,40.4,201,3.4,4,Japanese Grand Prix,R,07-04-2024
0 days 00:43:40.687000,22.2,41,1012.1,FALSE,39.9,185,2.4,4,Japanese Grand Prix,R,07-04-2024
0 days 00:44:40.688000,22.1,41,1012.1,FALSE,40.4,183,2.2,4,Japanese Grand Prix,R,07-04-2024
0 days 00:45:40.687000,22.1,40,1012.1,FALSE,40,195,1.4,4,Japanese Grand Prix,R,07-04-2024
0 days 00:46:40.688000,22.2,42,1012,FALSE,40.2,179,1.8,4,Japanese Grand Prix,R,07-04-2024
0 days 00:47:40.688000,22.3,42,1012.1,FALSE,40.2,189,2.2,4,Japanese Grand Prix,R,07-04-2024
0 days 00:48:40.689000,22.5,41,1012.1,FALSE,39.7,173,1.4,4,Japanese Grand Prix,R,07-04-2024
0 days 00:49:40.692000,22.4,41,1012.1,FALSE,39.7,173,1.4,4,Japanese Grand Prix,R,07-04-2024
0 days 00:50:40.692000,22.5,41,1012,FALSE,39.7,147,1.4,4,Japanese Grand Prix,R,07-04-2024
0 days 00:51:40.692000,22.5,41,1012.1,FALSE,40.1,183,1.9,4,Japanese Grand Prix,R,07-04-2024
0 days 00:52:40.692000,22.5,37,1012.1,FALSE,40.3,199,1.8,4,Japanese Grand Prix,R,07-04-2024
0 days 00:53:40.693000,22.5,39,1012.1,FALSE,40.2,205,3,4,Japanese Grand Prix,R,07-04-2024
0 days 00:54:40.693000,22.4,40,1012.1,FALSE,40.4,197,2.1,4,Japanese Grand Prix,R,07-04-2024
0 days 00:55:40.701000,22.2,40,1012.1,FALSE,40.5,195,2.5,4,Japanese Grand Prix,R,07-04-2024
0 days 00:56:40.695000,22.3,39,1012.1,FALSE,40.3,209,2.3,4,Japanese Grand Prix,R,07-04-2024
0 days 00:57:40.701000,22.3,40,1012.1,FALSE,40.3,201,2.6,4,Japanese Grand Prix,R,07-04-2024
0 days 00:58:40.695000,22.3,41,1012.1,FALSE,40.3,217,3.3,4,Japanese Grand Prix,R,07-04-2024
0 days 00:59:40.699000,22.3,39,1012,FALSE,40.1,191,2.1,4,Japanese Grand Prix,R,07-04-2024
0 days 01:00:40.699000,22.2,43,1012,FALSE,40.1,171,1.9,4,Japanese Grand Prix,R,07-04-2024
0 days 01:01:40.699000,22.1,43,1012.1,FALSE,39.8,171,2,4,Japanese Grand Prix,R,07-04-2024
0 days 01:02:40.698000,22.3,42,1012.1,FALSE,40,181,1.5,4,Japanese Grand Prix,R,07-04-2024
0 days 01:03:40.699000,22.5,42,1012.1,FALSE,40,168,1.7,4,Japanese Grand Prix,R,07-04-2024
0 days 01:04:40.699000,22.5,40,1012.1,FALSE,40,193,1.4,4,Japanese Grand Prix,R,07-04-2024
0 days 01:05:40.703000,22.5,39,1012.1,FALSE,39.9,196,2.1,4,Japanese Grand Prix,R,07-04-2024
0 days 01:06:40.702000,22.6,39,1012.2,FALSE,39.9,166,2.6,4,Japanese Grand Prix,R,07-04-2024
0 days 01:07:40.703000,22.6,38,1012.1,FALSE,40,195,2.2,4,Japanese Grand Prix,R,07-04-2024
0 days 01:08:40.703000,22.5,37,1012,FALSE,39.9,195,2.4,4,Japanese Grand Prix,R,07-04-2024
0 days 01:09:40.703000,22.4,40,1012.1,FALSE,39.6,162,1.9,4,Japanese Grand Prix,R,07-04-2024
0 days 01:10:40.706000,22.4,37,1012.1,FALSE,39.7,162,1.1,4,Japanese Grand Prix,R,07-04-2024
0 days 01:11:40.720000,22.5,35,1012.2,FALSE,39.7,197,2,4,Japanese Grand Prix,R,07-04-2024
0 days 01:12:40.725000,22.6,36,1012.1,FALSE,39.5,187,2.3,4,Japanese Grand Prix,R,07-04-2024
0 days 01:13:40.737000,22.5,37,1012.1,FALSE,39.4,206,1.7,4,Japanese Grand Prix,R,07-04-2024
0 days 01:14:40.754000,22.5,36,1012.1,FALSE,39.4,197,2.9,4,Japanese Grand Prix,R,07-04-2024
0 days 01:15:40.754000,22.5,37,1012.2,FALSE,39.3,213,2.4,4,Japanese Grand Prix,R,07-04-2024
0 days 01:16:40.754000,22.5,38,1012,FALSE,39.5,194,1.8,4,Japanese Grand Prix,R,07-04-2024
0 days 01:17:40.756000,22.5,38,1012.1,FALSE,39.5,172,1.9,4,Japanese Grand Prix,R,07-04-2024
0 days 01:18:40.757000,22.5,38,1012,FALSE,39.7,192,2.1,4,Japanese Grand Prix,R,07-04-2024
0 days 01:19:40.773000,22.6,37,1012.1,FALSE,39.5,181,2.5,4,Japanese Grand Prix,R,07-04-2024
0 days 01:20:40.794000,22.7,38,1012.2,FALSE,39.2,211,2.5,4,Japanese Grand Prix,R,07-04-2024
0 days 01:21:40.808000,22.7,39,1012.2,FALSE,39.7,191,2.7,4,Japanese Grand Prix,R,07-04-2024
0 days 01:22:40.804000,22.6,39,1012.2,FALSE,39.7,191,2.7,4,Japanese Grand Prix,R,07-04-2024
0 days 01:23:40.805000,22.5,36,1012.1,FALSE,39.7,202,3.6,4,Japanese Grand Prix,R,07-04-2024
0 days 01:24:40.813000,22.4,37,1012.2,FALSE,39.5,198,3.3,4,Japanese Grand Prix,R,07-04-2024
0 days 01:25:40.806000,22.5,38,1012.1,FALSE,39.5,193,2.4,4,Japanese Grand Prix,R,07-04-2024
0 days 01:26:40.807000,22.6,37,1012.2,FALSE,39.1,185,2.6,4,Japanese Grand Prix,R,07-04-2024
0 days 01:27:40.823000,22.7,36,1012.2,FALSE,39.5,192,2.7,4,Japanese Grand Prix,R,07-04-2024
0 days 01:28:40.841000,22.7,36,1012.2,FALSE,39.5,201,3,4,Japanese Grand Prix,R,07-04-2024
0 days 01:29:40.850000,22.6,33,1012.2,FALSE,39.8,196,3.6,4,Japanese Grand Prix,R,07-04-2024
0 days 01:30:40.842000,22.6,33,1012.2,FALSE,39.5,191,3.1,4,Japanese Grand Prix,R,07-04-2024
0 days 01:31:40.840000,22.6,32,1012.3,FALSE,39.3,203,3.3,4,Japanese Grand Prix,R,07-04-2024
0 days 01:32:40.841000,22.5,34,1012.2,FALSE,39.1,199,3.5,4,Japanese Grand Prix,R,07-04-2024
0 days 01:33:40.843000,22.5,35,1012.2,FALSE,38.8,191,3.5,4,Japanese Grand Prix,R,07-04-2024
0 days 01:34:40.846000,22.5,36,1012.3,FALSE,38.8,220,2.9,4,Japanese Grand Prix,R,07-04-2024
0 days 01:35:40.844000,22.4,37,1012.3,FALSE,38.9,208,2.6,4,Japanese Grand Prix,R,07-04-2024
0 days 01:36:40.844000,22.5,37,1012.2,FALSE,39,216,3.1,4,Japanese Grand Prix,R,07-04-2024
0 days 01:37:40.845000,22.5,37,1012.1,FALSE,39,204,4.2,4,Japanese Grand Prix,R,07-04-2024
0 days 01:38:40.848000,22.5,38,1012.3,FALSE,39,195,3,4,Japanese Grand Prix,R,07-04-2024
0 days 01:39:40.948000,22.5,39,1012.2,FALSE,38.8,201,3.1,4,Japanese Grand Prix,R,07-04-2024
0 days 01:40:40.862000,22.4,40,1012.2,FALSE,38.8,201,2.8,4,Japanese Grand Prix,R,07-04-2024
0 days 01:41:40.847000,22.3,40,1012.2,FALSE,38.7,204,3.5,4,Japanese Grand Prix,R,07-04-2024
0 days 01:42:40.850000,22.4,40,1012.1,FALSE,38.7,207,3.6,4,Japanese Grand Prix,R,07-04-2024
0 days 01:43:40.850000,22.3,38,1012.2,FALSE,38.8,206,4.1,4,Japanese Grand Prix,R,07-04-2024
0 days 01:44:40.855000,22.2,39,1012.2,FALSE,38.9,212,4.1,4,Japanese Grand Prix,R,07-04-2024
0 days 01:45:40.850000,22.1,40,1012.3,FALSE,39,208,3.1,4,Japanese Grand Prix,R,07-04-2024
0 days 01:46:40.852000,22.2,39,1012.3,FALSE,39,196,3.2,4,Japanese Grand Prix,R,07-04-2024
0 days 01:47:40.858000,22.1,38,1012.3,FALSE,38.5,199,2.6,4,Japanese Grand Prix,R,07-04-2024
0 days 01:48:40.853000,22,39,1012.2,FALSE,37.8,185,2.9,4,Japanese Grand Prix,R,07-04-2024
0 days 01:49:40.853000,21.9,40,1012.3,FALSE,37.1,176,2,4,Japanese Grand Prix,R,07-04-2024
0 days 01:50:40.854000,21.7,39,1012.2,FALSE,36.7,173,2.6,4,Japanese Grand Prix,R,07-04-2024
0 days 01:51:40.859000,21.6,40,1012.3,FALSE,36.3,156,2.3,4,Japanese Grand Prix,R,07-04-2024
0 days 01:52:40.856000,21.6,41,1012.4,FALSE,36.6,173,1.7,4,Japanese Grand Prix,R,07-04-2024
0 days 01:53:40.863000,21.6,40,1012.3,FALSE,36.2,135,2.1,4,Japanese Grand Prix,R,07-04-2024
0 days 01:54:40.876000,21.6,41,1012.3,FALSE,36.1,183,1.4,4,Japanese Grand Prix,R,07-04-2024
0 days 01:55:40.889000,21.5,41,1012.4,FALSE,36,188,2,4,Japanese Grand Prix,R,07-04-2024
0 days 01:56:40.908000,21.5,41,1012.4,FALSE,35.2,168,2.3,4,Japanese Grand Prix,R,07-04-2024
0 days 01:57:40.906000,21.3,42,1012.4,FALSE,35,199,3,4,Japanese Grand Prix,R,07-04-2024
0 days 01:58:40.905000,21.2,43,1012.3,FALSE,34.9,170,2.4,4,Japanese Grand Prix,R,07-04-2024
0 days 01:59:40.906000,21.1,43,1012.4,FALSE,34.8,184,2.2,4,Japanese Grand Prix,R,07-04-2024
0 days 02:00:40.907000,21.3,43,1012.4,FALSE,34.6,152,2.2,4,Japanese Grand Prix,R,07-04-2024
0 days 02:01:40.909000,21.2,43,1012.5,FALSE,34.8,187,2.1,4,Japanese Grand Prix,R,07-04-2024
0 days 02:02:40.927000,21.2,42,1012.5,FALSE,34.5,197,2.7,4,Japanese Grand Prix,R,07-04-2024
0 days 02:03:40.924000,21.1,44,1012.5,FALSE,34.2,192,3.7,4,Japanese Grand Prix,R,07-04-2024
0 days 02:04:40.927000,21.1,45,1012.6,FALSE,34.3,201,3.3,4,Japanese Grand Prix,R,07-04-2024
0 days 02:05:40.926000,21,45,1012.7,FALSE,34.4,197,2.5,4,Japanese Grand Prix,R,07-04-2024
0 days 02:06:40.929000,21.2,46,1012.6,FALSE,35.2,195,3.3,4,Japanese Grand Prix,R,07-04-2024
0 days 02:07:40.943000,21.2,46,1012.5,FALSE,35.3,191,2.5,4,Japanese Grand Prix,R,07-04-2024
0 days 02:08:40.959000,21.1,46,1012.5,FALSE,35.4,204,2.1,4,Japanese Grand Prix,R,07-04-2024
0 days 02:09:40.959000,21,46,1012.5,FALSE,35.6,198,2.5,4,Japanese Grand Prix,R,07-04-2024
0 days 02:10:40.968000,21,47,1012.5,FALSE,35.6,186,2.1,4,Japanese Grand Prix,R,07-04-2024
0 days 02:11:40.961000,21.1,46,1012.6,FALSE,36,148,2.3,4,Japanese Grand Prix,R,07-04-2024
0 days 02:12:40.978000,21.1,47,1012.6,FALSE,36,182,2,4,Japanese Grand Prix,R,07-04-2024
0 days 02:13:40.980000,21.3,46,1012.5,FALSE,35.7,195,2.4,4,Japanese Grand Prix,R,07-04-2024
0 days 02:14:40.978000,21.4,46,1012.5,FALSE,35.5,186,2.8,4,Japanese Grand Prix,R,07-04-2024
0 days 02:15:40.994000,21.4,47,1012.5,FALSE,35.7,190,3,4,Japanese Grand Prix,R,07-04-2024
0 days 02:16:40.996000,21.4,47,1012.4,FALSE,36.3,185,3.5,4,Japanese Grand Prix,R,07-04-2024
0 days 02:17:41.002000,21.5,47,1012.5,FALSE,36.2,180,3.2,4,Japanese Grand Prix,R,07-04-2024
0 days 02:18:40.996000,21.4,48,1012.5,FALSE,36.4,191,1.6,4,Japanese Grand Prix,R,07-04-2024
0 days 02:19:40.999000,21.4,48,1012.5,FALSE,36.5,186,1.9,4,Japanese Grand Prix,R,07-04-2024
0 days 02:20:40.999000,21.3,47,1012.5,FALSE,36.5,199,2,4,Japanese Grand Prix,R,07-04-2024
0 days 02:21:41.005000,21.3,47,1012.6,FALSE,36.3,192,2.4,4,Japanese Grand Prix,R,07-04-2024
0 days 02:22:41.009000,21.3,46,1012.6,FALSE,36.5,156,2.3,4,Japanese Grand Prix,R,07-04-2024
0 days 02:23:40.990000,21.4,47,1012.5,FALSE,36.5,192,2.4,4,Japanese Grand Prix,R,07-04-2024
0 days 02:24:41.007000,21.3,47,1012.6,FALSE,36.7,191,2.1,4,Japanese Grand Prix,R,07-04-2024
0 days 02:25:41.005000,21.2,47,1012.6,FALSE,36.5,197,2.3,4,Japanese Grand Prix,R,07-04-2024
0 days 02:26:41.006000,21.2,47,1012.7,FALSE,36.2,185,2.9,4,Japanese Grand Prix,R,07-04-2024
0 days 02:27:41.003000,21,48,1012.7,FALSE,35.5,163,1.4,4,Japanese Grand Prix,R,07-04-2024
0 days 02:28:41.005000,21,48,1012.7,FALSE,35.1,191,1.4,4,Japanese Grand Prix,R,07-04-2024
0 days 02:29:41.006000,20.9,48,1012.7,FALSE,34.9,174,1.4,4,Japanese Grand Prix,R,07-04-2024
0 days 02:30:41.025000,20.9,48,1012.7,FALSE,34.6,164,1.6,4,Japanese Grand Prix,R,07-04-2024
0 days 02:31:41.007000,20.9,48,1012.7,FALSE,34.5,186,1.3,4,Japanese Grand Prix,R,07-04-2024
0 days 02:32:41.001000,20.8,49,1012.7,FALSE,34.5,145,1.5,4,Japanese Grand Prix,R,07-04-2024
0 days 02:33:41.008000,20.6,50,1012.7,FALSE,34.2,172,1.3,4,Japanese Grand Prix,R,07-04-2024
0 days 02:34:41.008000,20.6,50,1012.7,FALSE,34,206,1.8,4,Japanese Grand Prix,R,07-04-2024
0 days 02:35:41.009000,20.6,51,1012.8,FALSE,34,197,1.7,4,Japanese Grand Prix,R,07-04-2024
0 days 02:36:41.023000,20.4,51,1012.8,FALSE,33.1,194,2.6,4,Japanese Grand Prix,R,07-04-2024
0 days 02:37:41.027000,20.4,52,1012.8,FALSE,33.1,137,1.9,4,Japanese Grand Prix,R,07-04-2024
0 days 02:38:41.042000,20.3,52,1012.8,FALSE,33.3,166,1.2,4,Japanese Grand Prix,R,07-04-2024
0 days 02:39:41.043000,20.3,52,1012.8,FALSE,33.3,176,1.9,4,Japanese Grand Prix,R,07-04-2024
0 days 02:40:41.057000,20.3,52,1012.7,FALSE,33.1,188,1.3,4,Japanese Grand Prix,R,07-04-2024
0 days 02:41:41.060000,20.1,52,1012.8,FALSE,33,186,2.2,4,Japanese Grand Prix,R,07-04-2024
0 days 02:42:41.060000,20.1,53,1012.8,FALSE,32.9,185,2.1,4,Japanese Grand Prix,R,07-04-2024
0 days 02:43:41.075000,20,53,1012.9,FALSE,32.6,146,2.3,4,Japanese Grand Prix,R,07-04-2024
0 days 02:44:41.091000,20,54,1012.8,FALSE,32.5,197,2,4,Japanese Grand Prix,R,07-04-2024
0 days 02:45:41.092000,19.9,54,1012.8,FALSE,32.3,188,3,4,Japanese Grand Prix,R,07-04-2024
0 days 02:46:41.110000,19.9,56,1012.8,FALSE,32.2,197,1.7,4,Japanese Grand Prix,R,07-04-2024
0 days 02:47:41.111000,19.8,56,1012.8,FALSE,32.2,197,1.7,4,Japanese Grand Prix,R,07-04-2024
0 days 02:48:41.114000,19.7,55,1012.9,FALSE,32.7,192,0.9,4,Japanese Grand Prix,R,07-04-2024
0 days 02:49:41.111000,19.8,54,1012.9,FALSE,31.9,165,2.6,4,Japanese Grand Prix,R,07-04-2024
0 days 02:50:41.114000,19.8,55,1012.9,FALSE,31.8,177,2.1,4,Japanese Grand Prix,R,07-04-2024
0 days 02:51:41.117000,19.8,56,1012.9,FALSE,32,173,2.3,4,Japanese Grand Prix,R,07-04-2024
0 days 02:52:41.144000,19.8,56,1012.9,FALSE,32,203,2.2,4,Japanese Grand Prix,R,07-04-2024
0 days 02:53:41.146000,19.8,56,1012.8,FALSE,31.7,191,2.2,4,Japanese Grand Prix,R,07-04-2024
0 days 02:54:41.144000,19.7,56,1012.9,FALSE,31.3,182,1.7,4,Japanese Grand Prix,R,07-04-2024
0 days 02:55:41.148000,19.6,56,1012.9,FALSE,31.3,199,2.4,4,Japanese Grand Prix,R,07-04-2024
0 days 02:56:41.150000,19.6,56,1012.9,FALSE,31.3,196,2.6,4,Japanese Grand Prix,R,07-04-2024
0 days 02:57:41.150000,19.5,57,1012.8,FALSE,31.5,155,1.8,4,Japanese Grand Prix,R,07-04-2024
0 days 02:58:41.149000,19.5,57,1012.8,FALSE,31.5,155,1.8,4,Japanese Grand Prix,R,07-04-2024
0 days 02:59:41.150000,19.5,56,1012.8,FALSE,31.5,184,2.2,4,Japanese Grand Prix,R,07-04-2024
0 days 03:00:41.150000,19.5,56,1012.9,FALSE,31.8,181,2.7,4,Japanese Grand Prix,R,07-04-2024
0 days 00:00:53.411000,22.5,24,1010.1,FALSE,38.9,123,1.5,5,Chinese Grand Prix,FP1,21-04-2024
0 days 00:01:53.413000,22.5,24,1010,FALSE,38.9,101,2.6,5,Chinese Grand Prix,FP1,21-04-2024
0 days 00:02:53.413000,22.5,24,1010,FALSE,38.9,151,2.9,5,Chinese Grand Prix,FP1,21-04-2024
0 days 00:03:53.413000,22.5,25,1010,FALSE,38.7,126,2.3,5,Chinese Grand Prix,FP1,21-04-2024
0 days 00:04:53.416000,22.5,24,1010.1,FALSE,38.5,94,1.1,5,Chinese Grand Prix,FP1,21-04-2024
0 days 00:05:53.430000,22.5,24,1010,FALSE,38.3,214,0.7,5,Chinese Grand Prix,FP1,21-04-2024
0 days 00:06:53.410000,22.5,25,1010,FALSE,38.2,267,0.9,5,Chinese Grand Prix,FP1,21-04-2024
0 days 00:07:53.418000,22.4,25,1010,FALSE,38.2,254,0,5,Chinese Grand Prix,FP1,21-04-2024
0 days 00:08:53.416000,22.3,25,1010,FALSE,38.5,270,1.4,5,Chinese Grand Prix,FP1,21-04-2024
0 days 00:09:53.419000,22.3,25,1010,FALSE,38.6,272,1.4,5,Chinese Grand Prix,FP1,21-04-2024
0 days 00:10:53.419000,22.3,25,1009.9,FALSE,38.8,285,1.2,5,Chinese Grand Prix,FP1,21-04-2024
0 days 00:11:53.421000,22.4,25,1009.9,FALSE,38.8,259,1,5,Chinese Grand Prix,FP1,21-04-2024
0 days 00:12:53.420000,22.5,25,1009.8,FALSE,38.5,266,0.9,5,Chinese Grand Prix,FP1,21-04-2024
0 days 00:13:53.420000,22.6,25,1009.9,FALSE,38.5,266,1.2,5,Chinese Grand Prix,FP1,21-04-2024
0 days 00:14:53.428000,22.6,25,1009.8,FALSE,38.6,250,1.2,5,Chinese Grand Prix,FP1,21-04-2024
0 days 00:15:53.421000,22.6,25,1009.9,FALSE,38.8,326,1,5,Chinese Grand Prix,FP1,21-04-2024
0 days 00:16:53.421000,22.6,24,1009.8,FALSE,39.3,273,1.2,5,Chinese Grand Prix,FP1,21-04-2024
0 days 00:17:53.423000,22.7,24,1009.7,FALSE,39.4,267,1.4,5,Chinese Grand Prix,FP1,21-04-2024
0 days 00:18:53.424000,22.8,24,1009.8,FALSE,39.6,54,1,5,Chinese Grand Prix,FP1,21-04-2024
0 days 00:19:53.424000,22.9,24,1009.7,FALSE,39.4,232,0.4,5,Chinese Grand Prix,FP1,21-04-2024
0 days 00:20:53.426000,22.9,24,1009.7,FALSE,39,95,0.7,5,Chinese Grand Prix,FP1,21-04-2024
0 days 00:21:53.425000,22.9,24,1009.7,FALSE,38.6,117,1.6,5,Chinese Grand Prix,FP1,21-04-2024
0 days 00:22:53.442000,22.9,24,1009.6,FALSE,38.6,117,0.9,5,Chinese Grand Prix,FP1,21-04-2024
0 days 00:23:53.457000,22.9,23,1009.7,FALSE,38.4,134,1.4,5,Chinese Grand Prix,FP1,21-04-2024
0 days 00:24:53.461000,22.9,22,1009.7,FALSE,38.4,239,0.8,5,Chinese Grand Prix,FP1,21-04-2024
0 days 00:25:53.460000,22.9,22,1009.8,FALSE,38.4,0,1.1,5,Chinese Grand Prix,FP1,21-04-2024
0 days 00:26:53.476000,22.9,22,1009.7,FALSE,39.1,97,1.2,5,Chinese Grand Prix,FP1,21-04-2024
0 days 00:27:53.496000,22.9,22,1009.7,FALSE,39.1,126,0.6,5,Chinese Grand Prix,FP1,21-04-2024
0 days 00:28:53.492000,22.9,22,1009.7,FALSE,38.5,131,1.1,5,Chinese Grand Prix,FP1,21-04-2024
0 days 00:29:53.495000,22.9,22,1009.7,FALSE,38.7,356,1.1,5,Chinese Grand Prix,FP1,21-04-2024
0 days 00:30:53.493000,22.9,22,1009.6,FALSE,38.7,36,1.1,5,Chinese Grand Prix,FP1,21-04-2024
0 days 00:31:53.494000,23,22,1009.5,FALSE,38.8,243,0.9,5,Chinese Grand Prix,FP1,21-04-2024
0 days 00:32:53.495000,23,22,1009.5,FALSE,39.3,155,1.1,5,Chinese Grand Prix,FP1,21-04-2024
0 days 00:33:53.512000,23.1,22,1009.4,FALSE,39,225,0.6,5,Chinese Grand Prix,FP1,21-04-2024
0 days 00:34:53.510000,23.3,22,1009.4,FALSE,39,146,0.9,5,Chinese Grand Prix,FP1,21-04-2024
0 days 00:35:53.529000,23.2,22,1009.2,FALSE,39.3,133,1.3,5,Chinese Grand Prix,FP1,21-04-2024
0 days 00:36:53.528000,23.2,22,1009.4,FALSE,39.9,100,1.3,5,Chinese Grand Prix,FP1,21-04-2024
0 days 00:37:53.530000,23.2,22,1009.3,FALSE,40.3,118,1.8,5,Chinese Grand Prix,FP1,21-04-2024
0 days 00:38:53.530000,23.2,22,1009.3,FALSE,40,111,2,5,Chinese Grand Prix,FP1,21-04-2024
0 days 00:39:53.547000,23.3,23,1009.2,FALSE,39.8,110,2.8,5,Chinese Grand Prix,FP1,21-04-2024
0 days 00:40:53.549000,23.4,23,1009.3,FALSE,39.7,125,1.8,5,Chinese Grand Prix,FP1,21-04-2024
0 days 00:41:53.569000,23.4,23,1009.2,FALSE,39.5,116,1.8,5,Chinese Grand Prix,FP1,21-04-2024
0 days 00:42:53.565000,23.4,23,1009.2,FALSE,39.2,100,2.6,5,Chinese Grand Prix,FP1,21-04-2024
0 days 00:43:53.565000,23.5,22,1009.3,FALSE,39.3,119,2.1,5,Chinese Grand Prix,FP1,21-04-2024
0 days 00:44:53.565000,23.4,22,1009.2,FALSE,39.8,5,1.4,5,Chinese Grand Prix,FP1,21-04-2024
0 days 00:45:53.565000,23.2,22,1009.2,FALSE,39.8,104,0.5,5,Chinese Grand Prix,FP1,21-04-2024
0 days 00:46:53.568000,23.3,22,1009.3,FALSE,39.4,79,1.8,5,Chinese Grand Prix,FP1,21-04-2024
0 days 00:47:53.567000,23.4,22,1009.2,FALSE,39.4,116,1.9,5,Chinese Grand Prix,FP1,21-04-2024
0 days 00:48:53.568000,23.4,22,1009.2,FALSE,39.4,123,1.7,5,Chinese Grand Prix,FP1,21-04-2024
0 days 00:49:53.568000,23.5,22,1009.2,FALSE,39.3,110,1.6,5,Chinese Grand Prix,FP1,21-04-2024
0 days 00:50:53.574000,23.4,22,1009.2,FALSE,39.3,126,1.8,5,Chinese Grand Prix,FP1,21-04-2024
0 days 00:51:53.570000,23.4,23,1009.2,FALSE,39.3,108,3.2,5,Chinese Grand Prix,FP1,21-04-2024
0 days 00:52:53.571000,23.4,23,1009.1,FALSE,39.4,0,2.7,5,Chinese Grand Prix,FP1,21-04-2024
0 days 00:53:53.573000,23.4,23,1009.1,FALSE,40.3,117,1.2,5,Chinese Grand Prix,FP1,21-04-2024
0 days 00:54:53.576000,23.3,23,1009.2,FALSE,40.3,111,1.6,5,Chinese Grand Prix,FP1,21-04-2024
0 days 00:55:53.573000,23.4,22,1009,FALSE,40.1,90,1.4,5,Chinese Grand Prix,FP1,21-04-2024
0 days 00:56:53.577000,23.4,22,1009,FALSE,40.3,154,0.5,5,Chinese Grand Prix,FP1,21-04-2024
0 days 00:57:53.582000,23.4,23,1009,FALSE,41,104,0.7,5,Chinese Grand Prix,FP1,21-04-2024
0 days 00:58:53.575000,23.4,22,1008.9,FALSE,41.5,103,1.1,5,Chinese Grand Prix,FP1,21-04-2024
0 days 00:59:53.577000,23.5,21,1009,FALSE,41.5,161,2.2,5,Chinese Grand Prix,FP1,21-04-2024
0 days 01:00:53.585000,23.6,22,1009,FALSE,41.4,0,0.4,5,Chinese Grand Prix,FP1,21-04-2024
0 days 01:01:53.576000,23.6,22,1009.1,FALSE,41.4,43,0.5,5,Chinese Grand Prix,FP1,21-04-2024
0 days 01:02:53.577000,23.6,22,1009,FALSE,41.8,40,0.8,5,Chinese Grand Prix,FP1,21-04-2024
0 days 01:03:53.578000,23.6,22,1009,FALSE,42.1,226,0.8,5,Chinese Grand Prix,FP1,21-04-2024
0 days 01:04:53.578000,23.7,22,1009,FALSE,42.1,6,0.9,5,Chinese Grand Prix,FP1,21-04-2024
0 days 01:05:53.579000,23.7,22,1009,FALSE,41.8,149,0.7,5,Chinese Grand Prix,FP1,21-04-2024
0 days 01:06:53.570000,23.8,22,1008.9,FALSE,40.9,186,0.6,5,Chinese Grand Prix,FP1,21-04-2024
0 days 01:07:53.583000,23.7,22,1009,FALSE,40.6,0,1,5,Chinese Grand Prix,FP1,21-04-2024
0 days 01:08:53.584000,23.6,22,1008.9,FALSE,40.4,122,0.5,5,Chinese Grand Prix,FP1,21-04-2024
0 days 01:09:53.583000,23.7,22,1008.8,FALSE,40.3,114,1.8,5,Chinese Grand Prix,FP1,21-04-2024
0 days 01:10:53.583000,23.8,23,1008.8,FALSE,40,141,2.1,5,Chinese Grand Prix,FP1,21-04-2024
0 days 01:11:53.592000,23.8,23,1008.7,FALSE,39.8,126,2.5,5,Chinese Grand Prix,FP1,21-04-2024
0 days 01:12:53.585000,23.8,22,1008.7,FALSE,39.5,137,2.5,5,Chinese Grand Prix,FP1,21-04-2024
0 days 01:13:53.586000,23.6,23,1008.7,FALSE,39.2,105,3.1,5,Chinese Grand Prix,FP1,21-04-2024
0 days 01:14:53.587000,23.5,23,1008.7,FALSE,39.1,163,1.8,5,Chinese Grand Prix,FP1,21-04-2024
0 days 01:15:53.592000,23.5,23,1008.6,FALSE,39,119,0.9,5,Chinese Grand Prix,FP1,21-04-2024
0 days 01:16:53.587000,23.5,22,1008.6,FALSE,38.9,78,1.7,5,Chinese Grand Prix,FP1,21-04-2024
0 days 01:17:53.590000,23.5,22,1008.6,FALSE,38.8,129,2.1,5,Chinese Grand Prix,FP1,21-04-2024
0 days 01:18:53.590000,23.3,22,1008.5,FALSE,38.9,226,1.2,5,Chinese Grand Prix,FP1,21-04-2024
0 days 01:19:53.593000,23.4,22,1008.5,FALSE,39,217,0.6,5,Chinese Grand Prix,FP1,21-04-2024
0 days 01:20:53.591000,23.3,22,1008.5,FALSE,38.9,267,0.7,5,Chinese Grand Prix,FP1,21-04-2024
0 days 01:21:53.590000,23.3,22,1008.5,FALSE,38.4,247,0.6,5,Chinese Grand Prix,FP1,21-04-2024
0 days 00:00:57.385000,22.1,57,1007.2,FALSE,35.5,267,1.7,5,Chinese Grand Prix,Q,21-04-2024
0 days 00:01:57.367000,22,57,1007.1,FALSE,35.5,280,2.1,5,Chinese Grand Prix,Q,21-04-2024
0 days 00:02:57.375000,21.9,56,1007.1,FALSE,35,262,2.9,5,Chinese Grand Prix,Q,21-04-2024
0 days 00:03:57.371000,22,57,1007.1,FALSE,34.8,262,2.2,5,Chinese Grand Prix,Q,21-04-2024
0 days 00:04:57.367000,22,57,1007.1,FALSE,34.9,262,1.7,5,Chinese Grand Prix,Q,21-04-2024
0 days 00:05:57.368000,22,57,1007.1,FALSE,35.1,260,1.6,5,Chinese Grand Prix,Q,21-04-2024
0 days 00:06:57.375000,21.9,57,1007.2,FALSE,35.1,252,1.4,5,Chinese Grand Prix,Q,21-04-2024
0 days 00:07:57.374000,21.9,57,1007.1,FALSE,35.2,266,2.2,5,Chinese Grand Prix,Q,21-04-2024
0 days 00:08:57.375000,21.9,57,1007.1,FALSE,35.2,270,1.6,5,Chinese Grand Prix,Q,21-04-2024
0 days 00:09:57.387000,21.9,57,1007.1,FALSE,35,248,1.8,5,Chinese Grand Prix,Q,21-04-2024
0 days 00:10:57.380000,21.9,57,1007.1,FALSE,35,258,1.5,5,Chinese Grand Prix,Q,21-04-2024
0 days 00:11:57.374000,21.8,57,1007.2,FALSE,35.1,237,1.5,5,Chinese Grand Prix,Q,21-04-2024
0 days 00:12:57.395000,21.8,58,1007.2,FALSE,35.1,359,0.9,5,Chinese Grand Prix,Q,21-04-2024
0 days 00:13:57.413000,21.9,57,1007.2,FALSE,35,237,1.4,5,Chinese Grand Prix,Q,21-04-2024
0 days 00:14:57.437000,21.9,56,1007.2,FALSE,35,264,2.2,5,Chinese Grand Prix,Q,21-04-2024
0 days 00:15:57.444000,22,57,1007.2,FALSE,35,281,1.1,5,Chinese Grand Prix,Q,21-04-2024
0 days 00:16:57.446000,22,56,1007.2,FALSE,35,258,1.4,5,Chinese Grand Prix,Q,21-04-2024
0 days 00:17:57.447000,22.1,56,1007.3,FALSE,34.9,277,2,5,Chinese Grand Prix,Q,21-04-2024
0 days 00:18:57.457000,22.2,56,1007.1,FALSE,34.8,304,2.1,5,Chinese Grand Prix,Q,21-04-2024
0 days 00:19:57.479000,22.2,55,1007.2,FALSE,34.7,175,0.9,5,Chinese Grand Prix,Q,21-04-2024
0 days 00:20:57.486000,22.1,55,1007.2,FALSE,34.7,260,1.2,5,Chinese Grand Prix,Q,21-04-2024
0 days 00:21:57.468000,22.1,55,1007.2,FALSE,34.3,249,1,5,Chinese Grand Prix,Q,21-04-2024
0 days 00:22:57.459000,22.2,55,1007.2,FALSE,34.3,249,1,5,Chinese Grand Prix,Q,21-04-2024
0 days 00:23:57.486000,22.1,55,1007.2,FALSE,34.3,249,1,5,Chinese Grand Prix,Q,21-04-2024
0 days 00:24:57.461000,22.1,55,1007.4,FALSE,34.3,259,2.1,5,Chinese Grand Prix,Q,21-04-2024
0 days 00:25:57.472000,22.1,56,1007.4,FALSE,34.5,279,1.7,5,Chinese Grand Prix,Q,21-04-2024
0 days 00:26:57.470000,22,56,1007.4,FALSE,34.6,282,1.8,5,Chinese Grand Prix,Q,21-04-2024
0 days 00:27:57.475000,22,56,1007.4,FALSE,34.6,303,0.7,5,Chinese Grand Prix,Q,21-04-2024
0 days 00:28:57.464000,22,56,1007.4,FALSE,34.6,166,1.2,5,Chinese Grand Prix,Q,21-04-2024
0 days 00:29:57.467000,22.1,56,1007.3,FALSE,34.5,102,1.8,5,Chinese Grand Prix,Q,21-04-2024
0 days 00:30:57.465000,22.2,55,1007.2,FALSE,34.5,178,1.8,5,Chinese Grand Prix,Q,21-04-2024
0 days 00:31:57.471000,22.2,55,1007.2,FALSE,34.4,217,1.9,5,Chinese Grand Prix,Q,21-04-2024
0 days 00:32:57.476000,22.2,55,1007.4,FALSE,34.1,238,1.4,5,Chinese Grand Prix,Q,21-04-2024
0 days 00:33:57.464000,22.2,56,1007.3,FALSE,34,202,1.9,5,Chinese Grand Prix,Q,21-04-2024
0 days 00:34:57.468000,22.1,56,1007.4,FALSE,34.1,299,1.5,5,Chinese Grand Prix,Q,21-04-2024
0 days 00:35:57.474000,22.1,57,1007.4,FALSE,34.2,254,1.6,5,Chinese Grand Prix,Q,21-04-2024
0 days 00:36:57.474000,22.1,57,1007.4,FALSE,34.6,217,0.9,5,Chinese Grand Prix,Q,21-04-2024
0 days 00:37:57.479000,22,56,1007.4,FALSE,34.5,180,1.5,5,Chinese Grand Prix,Q,21-04-2024
0 days 00:38:57.475000,22.1,56,1007.4,FALSE,34.5,272,0.9,5,Chinese Grand Prix,Q,21-04-2024
0 days 00:39:57.472000,22.1,56,1007.4,FALSE,34.5,253,1.7,5,Chinese Grand Prix,Q,21-04-2024
0 days 00:40:57.481000,22.2,56,1007.4,FALSE,34.9,301,1.3,5,Chinese Grand Prix,Q,21-04-2024
0 days 00:41:57.477000,22.2,55,1007.4,FALSE,34.7,273,2.6,5,Chinese Grand Prix,Q,21-04-2024
0 days 00:42:57.473000,22.4,55,1007.4,FALSE,34.3,253,2.5,5,Chinese Grand Prix,Q,21-04-2024
0 days 00:43:57.468000,22.3,55,1007.5,FALSE,34.3,254,1,5,Chinese Grand Prix,Q,21-04-2024
0 days 00:44:57.485000,22.4,56,1007.5,FALSE,34.3,265,1.2,5,Chinese Grand Prix,Q,21-04-2024
0 days 00:45:57.491000,22.4,55,1007.4,FALSE,34.2,261,1.5,5,Chinese Grand Prix,Q,21-04-2024
0 days 00:46:57.509000,22.4,55,1007.4,FALSE,34.1,269,2.6,5,Chinese Grand Prix,Q,21-04-2024
0 days 00:47:57.531000,22.4,55,1007.3,FALSE,34.1,287,1.7,5,Chinese Grand Prix,Q,21-04-2024
0 days 00:48:57.540000,22.4,55,1007.4,FALSE,34.1,282,2.7,5,Chinese Grand Prix,Q,21-04-2024
0 days 00:49:57.527000,22.3,55,1007.4,FALSE,33.7,272,2.4,5,Chinese Grand Prix,Q,21-04-2024
0 days 00:50:57.525000,22.1,55,1007.4,FALSE,33.6,270,3.2,5,Chinese Grand Prix,Q,21-04-2024
0 days 00:51:57.532000,22.1,55,1007.5,FALSE,33.5,302,2.7,5,Chinese Grand Prix,Q,21-04-2024
0 days 00:52:57.536000,22,55,1007.6,FALSE,33.5,270,2.2,5,Chinese Grand Prix,Q,21-04-2024
0 days 00:53:57.530000,22.1,55,1007.6,FALSE,33.3,221,2.4,5,Chinese Grand Prix,Q,21-04-2024
0 days 00:54:57.537000,22.1,55,1007.5,FALSE,33.4,272,1.7,5,Chinese Grand Prix,Q,21-04-2024
0 days 00:55:57.551000,22,56,1007.6,FALSE,33.4,271,2.2,5,Chinese Grand Prix,Q,21-04-2024
0 days 00:56:57.555000,22.1,56,1007.6,FALSE,33.4,312,2.4,5,Chinese Grand Prix,Q,21-04-2024
0 days 00:57:57.546000,22.1,55,1007.6,FALSE,33.3,251,1.8,5,Chinese Grand Prix,Q,21-04-2024
0 days 00:58:57.568000,22.1,55,1007.7,FALSE,33.2,286,2,5,Chinese Grand Prix,Q,21-04-2024
0 days 00:59:57.583000,22,55,1007.7,FALSE,33.2,252,1.3,5,Chinese Grand Prix,Q,21-04-2024
0 days 01:00:57.591000,22,54,1007.6,FALSE,33,216,1.4,5,Chinese Grand Prix,Q,21-04-2024
0 days 01:01:57.594000,22,55,1007.6,FALSE,33.2,277,1.7,5,Chinese Grand Prix,Q,21-04-2024
0 days 01:02:57.605000,22,55,1007.7,FALSE,33.2,212,1.6,5,Chinese Grand Prix,Q,21-04-2024
0 days 01:03:57.607000,22,55,1007.6,FALSE,33,127,1.3,5,Chinese Grand Prix,Q,21-04-2024
0 days 01:04:57.607000,22.1,55,1007.6,FALSE,33.2,300,1,5,Chinese Grand Prix,Q,21-04-2024
0 days 01:05:57.614000,22.2,54,1007.7,FALSE,33.2,239,1.1,5,Chinese Grand Prix,Q,21-04-2024
0 days 01:06:57.622000,22.3,54,1007.7,FALSE,33,244,2.1,5,Chinese Grand Prix,Q,21-04-2024
0 days 01:07:57.673000,22.2,54,1007.7,FALSE,33,300,1.9,5,Chinese Grand Prix,Q,21-04-2024
0 days 01:08:57.620000,22.1,54,1007.7,FALSE,32.9,286,1.8,5,Chinese Grand Prix,Q,21-04-2024
0 days 01:09:57.618000,22.1,54,1007.7,FALSE,32.8,239,1.8,5,Chinese Grand Prix,Q,21-04-2024
0 days 01:10:57.621000,22.1,54,1007.8,FALSE,32.7,261,1.3,5,Chinese Grand Prix,Q,21-04-2024
0 days 01:11:57.629000,22.1,55,1007.7,FALSE,32.7,286,1,5,Chinese Grand Prix,Q,21-04-2024
0 days 01:12:57.628000,22,54,1007.8,FALSE,32.6,280,2,5,Chinese Grand Prix,Q,21-04-2024
0 days 01:13:57.626000,22,55,1007.8,FALSE,32.6,290,1.8,5,Chinese Grand Prix,Q,21-04-2024
0 days 01:14:57.622000,22,55,1007.8,FALSE,32.7,210,1.5,5,Chinese Grand Prix,Q,21-04-2024
0 days 01:15:57.629000,22,55,1007.7,FALSE,32.5,283,1.5,5,Chinese Grand Prix,Q,21-04-2024
0 days 01:16:57.631000,22.1,54,1007.8,FALSE,32.5,250,2,5,Chinese Grand Prix,Q,21-04-2024
0 days 01:17:57.621000,22,54,1007.7,FALSE,32.5,241,0.5,5,Chinese Grand Prix,Q,21-04-2024
0 days 01:18:57.629000,22.1,54,1007.7,FALSE,32.5,270,0.8,5,Chinese Grand Prix,Q,21-04-2024
0 days 01:19:57.629000,22.1,54,1007.9,FALSE,32.3,271,2.2,5,Chinese Grand Prix,Q,21-04-2024
0 days 01:20:57.637000,22.2,54,1007.9,FALSE,32.1,282,2,5,Chinese Grand Prix,Q,21-04-2024
0 days 01:21:57.633000,22.2,54,1007.8,FALSE,32.1,284,2.2,5,Chinese Grand Prix,Q,21-04-2024
0 days 01:22:57.641000,22.2,55,1007.8,FALSE,31.9,269,1.6,5,Chinese Grand Prix,Q,21-04-2024
0 days 01:23:57.641000,22.2,55,1007.8,FALSE,31.9,339,0.8,5,Chinese Grand Prix,Q,21-04-2024
0 days 01:24:57.635000,22.1,55,1007.8,FALSE,32.4,301,1,5,Chinese Grand Prix,Q,21-04-2024
0 days 01:25:57.635000,22.1,54,1007.7,FALSE,32.4,258,0.4,5,Chinese Grand Prix,Q,21-04-2024
0 days 00:00:48.094000,19.1,65,1011.9,FALSE,32.2,149,1,5,Chinese Grand Prix,R,21-04-2024
0 days 00:01:48.098000,19,63,1011.9,FALSE,32.1,151,2.1,5,Chinese Grand Prix,R,21-04-2024
0 days 00:02:48.098000,19.1,64,1011.8,FALSE,31.5,173,1.5,5,Chinese Grand Prix,R,21-04-2024
0 days 00:03:48.098000,19,65,1011.8,FALSE,31.7,171,1.3,5,Chinese Grand Prix,R,21-04-2024
0 days 00:04:48.098000,19,66,1011.8,FALSE,31.5,223,0.9,5,Chinese Grand Prix,R,21-04-2024
0 days 00:05:48.089000,18.9,66,1011.8,FALSE,31.5,174,0.6,5,Chinese Grand Prix,R,21-04-2024
0 days 00:06:48.098000,18.9,66,1011.7,FALSE,31.6,150,0.8,5,Chinese Grand Prix,R,21-04-2024
0 days 00:07:48.100000,18.9,66,1011.7,FALSE,31.9,143,1.1,5,Chinese Grand Prix,R,21-04-2024
0 days 00:08:48.101000,19,65,1011.7,FALSE,32.3,141,1.1,5,Chinese Grand Prix,R,21-04-2024
0 days 00:09:48.103000,19.1,64,1011.8,FALSE,31.9,188,1.8,5,Chinese Grand Prix,R,21-04-2024
0 days 00:10:48.104000,19.1,64,1011.7,FALSE,31.9,123,1.1,5,Chinese Grand Prix,R,21-04-2024
0 days 00:11:48.104000,19.1,64,1011.7,FALSE,31.9,148,1.4,5,Chinese Grand Prix,R,21-04-2024
0 days 00:12:48.105000,19.1,65,1011.6,FALSE,32,167,1.4,5,Chinese Grand Prix,R,21-04-2024
0 days 00:13:48.104000,19.1,63,1011.6,FALSE,31.8,143,1.6,5,Chinese Grand Prix,R,21-04-2024
0 days 00:14:48.105000,19,65,1011.7,FALSE,31.8,140,1.4,5,Chinese Grand Prix,R,21-04-2024
0 days 00:15:48.105000,19,65,1011.6,FALSE,31.7,163,1.9,5,Chinese Grand Prix,R,21-04-2024
0 days 00:16:48.111000,19,65,1011.6,FALSE,31.7,212,1.4,5,Chinese Grand Prix,R,21-04-2024
0 days 00:17:48.106000,19,65,1011.6,FALSE,31.5,180,1,5,Chinese Grand Prix,R,21-04-2024
0 days 00:18:48.108000,18.9,65,1011.6,FALSE,31.1,190,1.5,5,Chinese Grand Prix,R,21-04-2024
0 days 00:19:48.110000,18.8,66,1011.5,FALSE,31,183,1.4,5,Chinese Grand Prix,R,21-04-2024
0 days 00:20:48.109000,18.8,66,1011.5,FALSE,31.3,84,1.4,5,Chinese Grand Prix,R,21-04-2024
0 days 00:21:48.150000,18.7,66,1011.6,FALSE,31.3,162,0.9,5,Chinese Grand Prix,R,21-04-2024
0 days 00:22:48.122000,18.8,65,1011.6,FALSE,31.3,120,0.6,5,Chinese Grand Prix,R,21-04-2024
0 days 00:23:48.126000,18.6,65,1011.6,FALSE,31.3,215,0.8,5,Chinese Grand Prix,R,21-04-2024
0 days 00:24:48.127000,18.6,65,1011.5,FALSE,31.3,156,1.3,5,Chinese Grand Prix,R,21-04-2024
0 days 00:25:48.143000,18.7,65,1011.6,FALSE,31.3,206,1,5,Chinese Grand Prix,R,21-04-2024
0 days 00:26:48.173000,18.7,65,1011.5,FALSE,31.3,200,0.7,5,Chinese Grand Prix,R,21-04-2024
0 days 00:27:48.180000,18.7,64,1011.5,FALSE,31.3,127,0.5,5,Chinese Grand Prix,R,21-04-2024
0 days 00:28:48.192000,18.8,65,1011.5,FALSE,31.3,164,0.4,5,Chinese Grand Prix,R,21-04-2024
0 days 00:29:48.208000,18.8,64,1011.5,FALSE,31.3,93,1.4,5,Chinese Grand Prix,R,21-04-2024
0 days 00:30:48.210000,18.8,64,1011.5,FALSE,31.3,93,1.4,5,Chinese Grand Prix,R,21-04-2024
0 days 00:31:48.210000,18.8,64,1011.5,FALSE,31.3,129,0.8,5,Chinese Grand Prix,R,21-04-2024
0 days 00:32:48.211000,18.8,65,1011.5,FALSE,31.3,0,0.8,5,Chinese Grand Prix,R,21-04-2024
0 days 00:33:48.208000,18.7,66,1011.5,FALSE,31.3,142,0.6,5,Chinese Grand Prix,R,21-04-2024
0 days 00:34:48.214000,18.8,64,1011.4,FALSE,31.3,151,1.2,5,Chinese Grand Prix,R,21-04-2024
0 days 00:35:48.228000,18.8,64,1011.5,FALSE,31.3,132,1.1,5,Chinese Grand Prix,R,21-04-2024
0 days 00:36:48.227000,18.8,64,1011.6,FALSE,31.3,181,1,5,Chinese Grand Prix,R,21-04-2024
0 days 00:37:48.231000,18.9,63,1011.6,FALSE,30.4,180,1.2,5,Chinese Grand Prix,R,21-04-2024
0 days 00:38:48.231000,18.9,64,1011.6,FALSE,30.3,184,1.3,5,Chinese Grand Prix,R,21-04-2024
0 days 00:39:48.249000,18.8,65,1011.6,FALSE,30.6,228,1.1,5,Chinese Grand Prix,R,21-04-2024
0 days 00:40:48.255000,18.8,65,1011.6,FALSE,30.8,169,0.4,5,Chinese Grand Prix,R,21-04-2024
0 days 00:41:48.253000,18.8,65,1011.6,FALSE,30.6,201,1,5,Chinese Grand Prix,R,21-04-2024
0 days 00:42:48.251000,18.9,65,1011.6,FALSE,31,194,1,5,Chinese Grand Prix,R,21-04-2024
0 days 00:43:48.250000,19,65,1011.6,FALSE,30.7,305,1.1,5,Chinese Grand Prix,R,21-04-2024
0 days 00:44:48.251000,18.9,65,1011.7,FALSE,30.9,270,0.7,5,Chinese Grand Prix,R,21-04-2024
0 days 00:45:48.267000,19,65,1011.6,FALSE,31.2,240,0.9,5,Chinese Grand Prix,R,21-04-2024
0 days 00:46:48.252000,18.9,65,1011.6,FALSE,31.2,65,0.7,5,Chinese Grand Prix,R,21-04-2024
0 days 00:47:48.253000,19,64,1011.6,FALSE,31.2,133,0.6,5,Chinese Grand Prix,R,21-04-2024
0 days 00:48:48.255000,18.9,64,1011.6,FALSE,30.8,178,1.7,5,Chinese Grand Prix,R,21-04-2024
0 days 00:49:48.253000,18.9,64,1011.6,FALSE,30.6,195,1.3,5,Chinese Grand Prix,R,21-04-2024
0 days 00:50:48.261000,18.8,65,1011.7,FALSE,30.7,122,0.6,5,Chinese Grand Prix,R,21-04-2024
0 days 00:51:48.258000,18.8,65,1011.7,FALSE,30.8,129,1.2,5,Chinese Grand Prix,R,21-04-2024
0 days 00:52:48.256000,18.8,65,1011.6,FALSE,30.8,166,1.3,5,Chinese Grand Prix,R,21-04-2024
0 days 00:53:48.256000,18.9,66,1011.6,FALSE,30.6,171,1.4,5,Chinese Grand Prix,R,21-04-2024
0 days 00:54:48.257000,18.9,65,1011.6,FALSE,30.5,143,1.1,5,Chinese Grand Prix,R,21-04-2024
0 days 00:55:48.257000,18.8,66,1011.5,FALSE,30.3,122,1.4,5,Chinese Grand Prix,R,21-04-2024
0 days 00:56:48.257000,18.8,66,1011.5,FALSE,31.1,114,1.5,5,Chinese Grand Prix,R,21-04-2024
0 days 00:57:48.260000,18.7,66,1011.5,FALSE,31.3,175,1.1,5,Chinese Grand Prix,R,21-04-2024
0 days 00:58:48.258000,18.7,65,1011.5,FALSE,31,150,1.3,5,Chinese Grand Prix,R,21-04-2024
0 days 00:59:48.261000,18.8,65,1011.5,FALSE,30.4,0,1,5,Chinese Grand Prix,R,21-04-2024
0 days 01:00:48.265000,18.8,65,1011.4,FALSE,31,129,1.5,5,Chinese Grand Prix,R,21-04-2024
0 days 01:01:48.259000,18.9,65,1011.4,FALSE,30.6,126,2.4,5,Chinese Grand Prix,R,21-04-2024
0 days 01:02:48.267000,19,65,1011.5,FALSE,30.5,152,3.2,5,Chinese Grand Prix,R,21-04-2024
0 days 01:03:48.264000,19,66,1011.3,FALSE,30.7,94,1.6,5,Chinese Grand Prix,R,21-04-2024
0 days 01:04:48.263000,19,66,1011.3,FALSE,30.7,138,1.6,5,Chinese Grand Prix,R,21-04-2024
0 days 01:05:48.262000,19,66,1011.4,FALSE,31,129,2.1,5,Chinese Grand Prix,R,21-04-2024
0 days 01:06:48.263000,19,66,1011.4,FALSE,30.7,327,1,5,Chinese Grand Prix,R,21-04-2024
0 days 01:07:48.256000,19,65,1011.4,FALSE,30.7,249,1.8,5,Chinese Grand Prix,R,21-04-2024
0 days 01:08:48.265000,19,65,1011.4,FALSE,30.9,124,0.8,5,Chinese Grand Prix,R,21-04-2024
0 days 01:09:48.265000,19,65,1011.5,FALSE,30.7,136,2.3,5,Chinese Grand Prix,R,21-04-2024
0 days 01:10:48.268000,19,65,1011.4,FALSE,30.7,118,1.9,5,Chinese Grand Prix,R,21-04-2024
0 days 01:11:48.268000,19,65,1011.5,FALSE,30.6,144,2.3,5,Chinese Grand Prix,R,21-04-2024
0 days 01:12:48.274000,19,65,1011.4,FALSE,30.3,135,2.9,5,Chinese Grand Prix,R,21-04-2024
0 days 01:13:48.277000,18.9,65,1011.3,FALSE,30.2,126,3.2,5,Chinese Grand Prix,R,21-04-2024
0 days 01:14:48.270000,18.9,66,1011.3,FALSE,30.2,141,2.5,5,Chinese Grand Prix,R,21-04-2024
0 days 01:15:48.269000,18.8,66,1011.4,FALSE,30.5,242,1,5,Chinese Grand Prix,R,21-04-2024
0 days 01:16:48.270000,18.8,66,1011.4,FALSE,30.5,220,1.2,5,Chinese Grand Prix,R,21-04-2024
0 days 01:17:48.271000,18.8,65,1011.3,FALSE,30.5,145,2.1,5,Chinese Grand Prix,R,21-04-2024
0 days 01:18:48.270000,18.9,66,1011.4,FALSE,30.3,180,1.5,5,Chinese Grand Prix,R,21-04-2024
0 days 01:19:48.273000,18.9,65,1011.4,FALSE,30.3,137,1.3,5,Chinese Grand Prix,R,21-04-2024
0 days 01:20:48.282000,18.8,66,1011.3,FALSE,30.1,145,1,5,Chinese Grand Prix,R,21-04-2024
0 days 01:21:48.275000,18.8,65,1011.3,FALSE,30.1,180,2.7,5,Chinese Grand Prix,R,21-04-2024
0 days 01:22:48.272000,18.8,66,1011.3,FALSE,29.8,121,1.7,5,Chinese Grand Prix,R,21-04-2024
0 days 01:23:48.274000,18.6,66,1011.2,FALSE,29.8,246,2.5,5,Chinese Grand Prix,R,21-04-2024
0 days 01:24:48.275000,18.6,67,1011.2,FALSE,29.9,129,3.2,5,Chinese Grand Prix,R,21-04-2024
0 days 01:25:48.280000,18.6,66,1011.3,FALSE,29.7,135,1.6,5,Chinese Grand Prix,R,21-04-2024
0 days 01:26:48.277000,18.6,67,1011.3,FALSE,29.9,127,2.5,5,Chinese Grand Prix,R,21-04-2024
0 days 01:27:48.276000,18.5,67,1011.2,FALSE,29.9,132,2.7,5,Chinese Grand Prix,R,21-04-2024
0 days 01:28:48.277000,18.6,67,1011.2,FALSE,29.9,142,3.2,5,Chinese Grand Prix,R,21-04-2024
0 days 01:29:48.286000,18.6,66,1011.2,FALSE,29.9,121,3.1,5,Chinese Grand Prix,R,21-04-2024
0 days 01:30:48.270000,18.7,66,1011.2,FALSE,29.6,122,3.5,5,Chinese Grand Prix,R,21-04-2024
0 days 01:31:48.332000,18.6,66,1011.3,FALSE,29.6,130,2.6,5,Chinese Grand Prix,R,21-04-2024
0 days 01:32:48.282000,18.6,66,1011.4,FALSE,29.5,133,3.4,5,Chinese Grand Prix,R,21-04-2024
0 days 01:33:48.281000,18.6,66,1011.3,FALSE,29.5,119,2.5,5,Chinese Grand Prix,R,21-04-2024
0 days 01:34:48.281000,18.6,66,1011.3,FALSE,29.4,144,2.5,5,Chinese Grand Prix,R,21-04-2024
0 days 01:35:48.282000,18.6,66,1011.4,FALSE,29.4,127,2.7,5,Chinese Grand Prix,R,21-04-2024
0 days 01:36:48.283000,18.6,67,1011.3,FALSE,29.7,160,1.9,5,Chinese Grand Prix,R,21-04-2024
0 days 01:37:48.283000,18.6,67,1011.3,FALSE,29.7,145,1,5,Chinese Grand Prix,R,21-04-2024
0 days 01:38:48.289000,18.6,67,1011.3,FALSE,29.4,142,1.9,5,Chinese Grand Prix,R,21-04-2024
0 days 01:39:48.288000,18.6,66,1011.3,FALSE,29.4,104,2,5,Chinese Grand Prix,R,21-04-2024
0 days 01:40:48.285000,18.6,66,1011.3,FALSE,29.4,127,1.7,5,Chinese Grand Prix,R,21-04-2024
0 days 01:41:48.285000,18.7,66,1011.4,FALSE,29.4,139,2.7,5,Chinese Grand Prix,R,21-04-2024
0 days 01:42:48.320000,18.7,66,1011.3,FALSE,29.6,130,2.8,5,Chinese Grand Prix,R,21-04-2024
0 days 01:43:48.289000,18.7,66,1011.3,FALSE,29.5,149,2.6,5,Chinese Grand Prix,R,21-04-2024
0 days 01:44:48.293000,18.6,66,1011.3,FALSE,29.2,128,2.6,5,Chinese Grand Prix,R,21-04-2024
0 days 01:45:48.304000,18.6,67,1011.4,FALSE,29.2,168,2.7,5,Chinese Grand Prix,R,21-04-2024
0 days 01:46:48.292000,18.6,66,1011.3,FALSE,29.2,83,1.5,5,Chinese Grand Prix,R,21-04-2024
0 days 01:47:48.308000,18.6,67,1011.4,FALSE,29.2,153,1.1,5,Chinese Grand Prix,R,21-04-2024
0 days 01:48:48.292000,18.6,67,1011.4,FALSE,29.2,131,1.7,5,Chinese Grand Prix,R,21-04-2024
0 days 01:49:48.284000,18.6,67,1011.5,FALSE,29.2,120,1.7,5,Chinese Grand Prix,R,21-04-2024
0 days 01:50:48.295000,18.5,67,1011.4,FALSE,29.2,160,2.5,5,Chinese Grand Prix,R,21-04-2024
0 days 01:51:48.298000,18.5,67,1011.5,FALSE,29.1,128,1.7,5,Chinese Grand Prix,R,21-04-2024
0 days 01:52:48.322000,18.4,67,1011.5,FALSE,28.9,136,1.5,5,Chinese Grand Prix,R,21-04-2024
0 days 01:53:48.298000,18.5,66,1011.5,FALSE,29.1,208,1.3,5,Chinese Grand Prix,R,21-04-2024
0 days 01:54:48.307000,18.5,67,1011.6,FALSE,29.1,152,2.5,5,Chinese Grand Prix,R,21-04-2024
0 days 01:55:48.302000,18.5,66,1011.5,FALSE,28.8,227,1.8,5,Chinese Grand Prix,R,21-04-2024
0 days 01:56:48.331000,18.3,67,1011.4,FALSE,28.8,90,1.7,5,Chinese Grand Prix,R,21-04-2024
0 days 01:57:48.331000,18.3,67,1011.4,FALSE,28.8,180,0.9,5,Chinese Grand Prix,R,21-04-2024
0 days 01:58:48.336000,18.4,67,1011.4,FALSE,28.9,138,1.8,5,Chinese Grand Prix,R,21-04-2024
0 days 01:59:48.337000,18.3,67,1011.4,FALSE,28.9,119,2,5,Chinese Grand Prix,R,21-04-2024
0 days 02:00:48.353000,18.3,67,1011.2,FALSE,28.9,146,2,5,Chinese Grand Prix,R,21-04-2024
0 days 02:01:48.366000,18.3,67,1011.3,FALSE,28.9,114,2.1,5,Chinese Grand Prix,R,21-04-2024
0 days 02:02:48.380000,18.4,67,1011.4,FALSE,28.7,143,1.7,5,Chinese Grand Prix,R,21-04-2024
0 days 02:03:48.398000,18.4,67,1011.4,FALSE,28.7,145,2.1,5,Chinese Grand Prix,R,21-04-2024
0 days 02:04:48.387000,18.4,67,1011.3,FALSE,28.8,122,1.8,5,Chinese Grand Prix,R,21-04-2024
0 days 02:05:48.389000,18.4,67,1011.3,FALSE,28.5,182,2.2,5,Chinese Grand Prix,R,21-04-2024
0 days 02:06:48.396000,18.4,67,1011.4,FALSE,28.5,135,1.4,5,Chinese Grand Prix,R,21-04-2024
0 days 02:07:48.399000,18.4,68,1011.4,FALSE,28.4,120,2.7,5,Chinese Grand Prix,R,21-04-2024
0 days 02:08:48.398000,18.4,68,1011.4,FALSE,28.5,126,1.2,5,Chinese Grand Prix,R,21-04-2024
0 days 02:09:48.418000,18.4,68,1011.4,FALSE,28.3,140,1.3,5,Chinese Grand Prix,R,21-04-2024
0 days 02:10:48.434000,18.4,68,1011.4,FALSE,28.3,162,1.9,5,Chinese Grand Prix,R,21-04-2024
0 days 02:11:48.431000,18.4,67,1011.4,FALSE,28.4,146,1.5,5,Chinese Grand Prix,R,21-04-2024
0 days 02:12:48.431000,18.4,67,1011.4,FALSE,28.1,113,1.5,5,Chinese Grand Prix,R,21-04-2024
0 days 02:13:48.433000,18.4,67,1011.2,FALSE,28.2,126,2.1,5,Chinese Grand Prix,R,21-04-2024
0 days 02:14:48.433000,18.4,67,1011.2,FALSE,28.1,123,2.5,5,Chinese Grand Prix,R,21-04-2024
0 days 02:15:48.440000,18.4,67,1011.3,FALSE,27.9,100,2.4,5,Chinese Grand Prix,R,21-04-2024
0 days 02:16:48.473000,18.4,67,1011.2,FALSE,27.8,129,2.1,5,Chinese Grand Prix,R,21-04-2024
0 days 02:17:48.446000,18.3,67,1011.4,FALSE,27.7,134,3,5,Chinese Grand Prix,R,21-04-2024
0 days 02:18:48.436000,18.3,67,1011.4,FALSE,27.7,134,2.2,5,Chinese Grand Prix,R,21-04-2024
0 days 02:19:48.437000,18.2,67,1011.3,FALSE,27.6,129,1.7,5,Chinese Grand Prix,R,21-04-2024
0 days 02:20:48.439000,18.2,67,1011.3,FALSE,27.4,146,3.2,5,Chinese Grand Prix,R,21-04-2024
0 days 02:21:48.437000,18.2,67,1011.3,FALSE,27.4,108,2.8,5,Chinese Grand Prix,R,21-04-2024
0 days 02:22:48.443000,18.2,68,1011.3,FALSE,27.9,126,2.3,5,Chinese Grand Prix,R,21-04-2024
0 days 02:23:48.439000,18.2,68,1011.2,FALSE,28,129,2.1,5,Chinese Grand Prix,R,21-04-2024
0 days 02:24:48.445000,18.2,68,1011.3,FALSE,28,119,2,5,Chinese Grand Prix,R,21-04-2024
0 days 02:25:48.439000,18.2,68,1011.2,FALSE,27.7,140,3.3,5,Chinese Grand Prix,R,21-04-2024
0 days 02:26:48.440000,18.2,67,1011.3,FALSE,27.6,114,3.4,5,Chinese Grand Prix,R,21-04-2024
0 days 02:27:48.432000,18.2,68,1011.2,FALSE,27.6,135,3.2,5,Chinese Grand Prix,R,21-04-2024
0 days 02:28:48.442000,18.2,68,1011.3,FALSE,27.7,122,3.1,5,Chinese Grand Prix,R,21-04-2024
0 days 02:29:48.448000,18.2,68,1011.4,FALSE,27.6,154,1.1,5,Chinese Grand Prix,R,21-04-2024
0 days 02:30:48.448000,18.2,68,1011.4,FALSE,27.7,139,1.4,5,Chinese Grand Prix,R,21-04-2024
0 days 02:31:48.450000,18.2,68,1011.3,FALSE,27.9,115,0.9,5,Chinese Grand Prix,R,21-04-2024
0 days 02:32:48.477000,18.2,68,1011.4,FALSE,27.5,138,1.5,5,Chinese Grand Prix,R,21-04-2024
0 days 02:33:48.492000,18.2,67,1011.4,FALSE,27.4,138,1.5,5,Chinese Grand Prix,R,21-04-2024
0 days 02:34:48.516000,18.2,67,1011.4,FALSE,27.4,145,2.2,5,Chinese Grand Prix,R,21-04-2024
0 days 02:35:48.510000,18.2,68,1011.4,FALSE,27.3,150,1.1,5,Chinese Grand Prix,R,21-04-2024
0 days 02:36:48.524000,18.1,68,1011.4,FALSE,27.3,213,0.8,5,Chinese Grand Prix,R,21-04-2024
0 days 02:37:48.525000,18.1,68,1011.5,FALSE,27.3,133,0.8,5,Chinese Grand Prix,R,21-04-2024
0 days 02:38:48.541000,18.1,68,1011.5,FALSE,27.3,94,1.4,5,Chinese Grand Prix,R,21-04-2024
0 days 02:39:48.543000,18.1,68,1011.5,FALSE,27.5,139,1.8,5,Chinese Grand Prix,R,21-04-2024
0 days 02:40:48.536000,18.1,68,1011.5,FALSE,27.1,163,0.9,5,Chinese Grand Prix,R,21-04-2024
0 days 02:41:48.541000,18.1,69,1011.5,FALSE,27.1,155,1,5,Chinese Grand Prix,R,21-04-2024
0 days 02:42:48.545000,18,69,1011.5,FALSE,27.2,1,1.8,5,Chinese Grand Prix,R,21-04-2024
0 days 02:43:48.546000,18,69,1011.6,FALSE,27.1,145,0.7,5,Chinese Grand Prix,R,21-04-2024
0 days 02:44:48.547000,18,69,1011.6,FALSE,26.8,153,1.2,5,Chinese Grand Prix,R,21-04-2024
0 days 00:01:00.566000,28.5,56,1015.6,FALSE,49.7,148,3,6,Miami Grand Prix,FP1,05-05-2024
0 days 00:02:00.558000,28.4,58,1015.6,FALSE,48.4,180,4.4,6,Miami Grand Prix,FP1,05-05-2024
0 days 00:03:00.567000,28.3,58,1015.5,FALSE,46.6,149,2.9,6,Miami Grand Prix,FP1,05-05-2024
0 days 00:04:00.568000,28.3,59,1015.5,FALSE,45,168,2.7,6,Miami Grand Prix,FP1,05-05-2024
0 days 00:05:00.568000,28.4,59,1015.5,FALSE,47.6,152,3,6,Miami Grand Prix,FP1,05-05-2024
0 days 00:06:00.573000,28.5,58,1015.5,FALSE,48.2,148,2.2,6,Miami Grand Prix,FP1,05-05-2024
0 days 00:07:00.571000,28.3,58,1015.5,FALSE,47.9,166,2.8,6,Miami Grand Prix,FP1,05-05-2024
0 days 00:08:00.571000,28.3,58,1015.4,FALSE,47.6,165,3,6,Miami Grand Prix,FP1,05-05-2024
0 days 00:09:00.570000,28.3,58,1015.5,FALSE,47.6,171,2.9,6,Miami Grand Prix,FP1,05-05-2024
0 days 00:10:00.572000,28.3,57,1015.5,FALSE,48.3,155,3.6,6,Miami Grand Prix,FP1,05-05-2024
0 days 00:11:00.570000,28.5,57,1015.5,FALSE,48.7,160,3.1,6,Miami Grand Prix,FP1,05-05-2024
0 days 00:12:00.572000,28.6,57,1015.5,FALSE,49.7,148,2.8,6,Miami Grand Prix,FP1,05-05-2024
0 days 00:13:00.578000,28.7,55,1015.6,FALSE,49.5,165,3.2,6,Miami Grand Prix,FP1,05-05-2024
0 days 00:14:00.575000,28.8,55,1015.5,FALSE,49.5,182,3,6,Miami Grand Prix,FP1,05-05-2024
0 days 00:15:00.578000,28.7,55,1015.6,FALSE,47.4,169,2.2,6,Miami Grand Prix,FP1,05-05-2024
0 days 00:16:00.575000,28.6,56,1015.6,FALSE,47,170,2.1,6,Miami Grand Prix,FP1,05-05-2024
0 days 00:17:00.582000,28.6,56,1015.5,FALSE,46.1,156,1.3,6,Miami Grand Prix,FP1,05-05-2024
0 days 00:18:00.577000,28.7,54,1015.5,FALSE,43.4,149,2.7,6,Miami Grand Prix,FP1,05-05-2024
0 days 00:19:00.578000,28.8,55,1015.5,FALSE,43.4,170,3,6,Miami Grand Prix,FP1,05-05-2024
0 days 00:20:00.575000,28.6,56,1015.5,FALSE,45,175,2.6,6,Miami Grand Prix,FP1,05-05-2024
0 days 00:21:00.583000,28.5,56,1015.5,FALSE,44.4,163,3.3,6,Miami Grand Prix,FP1,05-05-2024
0 days 00:22:00.580000,28.7,57,1015.4,FALSE,43.4,143,3,6,Miami Grand Prix,FP1,05-05-2024
0 days 00:23:00.581000,28.5,57,1015.5,FALSE,43.4,153,3.1,6,Miami Grand Prix,FP1,05-05-2024
0 days 00:24:00.575000,28.6,58,1015.4,FALSE,45.7,161,2.7,6,Miami Grand Prix,FP1,05-05-2024
0 days 00:25:00.581000,28.8,58,1015.4,FALSE,47.3,172,1.7,6,Miami Grand Prix,FP1,05-05-2024
0 days 00:26:00.583000,28.6,57,1015.4,FALSE,48.5,147,3.9,6,Miami Grand Prix,FP1,05-05-2024
0 days 00:27:00.582000,28.7,57,1015.5,FALSE,48.5,192,3.3,6,Miami Grand Prix,FP1,05-05-2024
0 days 00:28:00.583000,28.7,59,1015.3,FALSE,49.1,142,1.8,6,Miami Grand Prix,FP1,05-05-2024
0 days 00:29:00.584000,28.8,59,1015.4,FALSE,50.1,169,3.8,6,Miami Grand Prix,FP1,05-05-2024
0 days 00:30:00.587000,28.9,57,1015.4,FALSE,50.1,160,3.8,6,Miami Grand Prix,FP1,05-05-2024
0 days 00:31:00.587000,29,57,1015.5,FALSE,49.1,150,3.4,6,Miami Grand Prix,FP1,05-05-2024
0 days 00:32:00.586000,29,57,1015.4,FALSE,48.8,157,3.1,6,Miami Grand Prix,FP1,05-05-2024
0 days 00:33:00.586000,29,57,1015.3,FALSE,49.9,176,2.9,6,Miami Grand Prix,FP1,05-05-2024
0 days 00:34:00.582000,29,58,1015.4,FALSE,49.9,150,3.1,6,Miami Grand Prix,FP1,05-05-2024
0 days 00:35:00.590000,28.9,58,1015.4,FALSE,49.3,154,3,6,Miami Grand Prix,FP1,05-05-2024
0 days 00:36:00.629000,28.8,56,1015.3,FALSE,50.5,143,2.9,6,Miami Grand Prix,FP1,05-05-2024
0 days 00:37:00.588000,28.9,55,1015.3,FALSE,51.3,142,3,6,Miami Grand Prix,FP1,05-05-2024
0 days 00:38:00.594000,29,55,1015.3,FALSE,51.1,170,3,6,Miami Grand Prix,FP1,05-05-2024
0 days 00:39:00.589000,29,55,1015.2,FALSE,50.6,151,4.2,6,Miami Grand Prix,FP1,05-05-2024
0 days 00:40:00.590000,28.7,56,1015.2,FALSE,50.5,153,3.8,6,Miami Grand Prix,FP1,05-05-2024
0 days 00:41:00.595000,28.8,56,1015.2,FALSE,50.5,153,3.8,6,Miami Grand Prix,FP1,05-05-2024
0 days 00:42:00.591000,28.7,57,1015.2,FALSE,50.7,167,3.3,6,Miami Grand Prix,FP1,05-05-2024
0 days 00:43:00.596000,28.7,58,1015.2,FALSE,51.8,170,2.6,6,Miami Grand Prix,FP1,05-05-2024
0 days 00:44:00.593000,28.9,57,1015.3,FALSE,51.8,165,2.6,6,Miami Grand Prix,FP1,05-05-2024
0 days 00:45:00.593000,28.9,57,1015.3,FALSE,51.8,165,2.6,6,Miami Grand Prix,FP1,05-05-2024
0 days 00:46:00.597000,28.9,56,1015.2,FALSE,51.6,120,3.6,6,Miami Grand Prix,FP1,05-05-2024
0 days 00:47:00.603000,28.8,57,1015.2,FALSE,51.8,178,2.2,6,Miami Grand Prix,FP1,05-05-2024
0 days 00:48:00.632000,28.9,56,1015.2,FALSE,53.1,108,2.5,6,Miami Grand Prix,FP1,05-05-2024
0 days 00:49:00.628000,28.7,56,1015.2,FALSE,52.8,143,2.7,6,Miami Grand Prix,FP1,05-05-2024
0 days 00:50:00.646000,28.7,57,1015.2,FALSE,48.9,175,3.5,6,Miami Grand Prix,FP1,05-05-2024
0 days 00:51:00.659000,28.9,57,1015.2,FALSE,47.8,99,3.7,6,Miami Grand Prix,FP1,05-05-2024
0 days 00:52:00.661000,28.8,58,1015.2,FALSE,48,160,2.9,6,Miami Grand Prix,FP1,05-05-2024
0 days 00:53:00.674000,28.9,55,1015.2,FALSE,50.2,165,3.1,6,Miami Grand Prix,FP1,05-05-2024
0 days 00:54:00.681000,29,54,1015.3,FALSE,50.2,161,3.2,6,Miami Grand Prix,FP1,05-05-2024
0 days 00:55:00.684000,29,53,1015.2,FALSE,51,184,3.8,6,Miami Grand Prix,FP1,05-05-2024
0 days 00:56:00.694000,28.9,53,1015.2,FALSE,51.7,158,2.7,6,Miami Grand Prix,FP1,05-05-2024
0 days 00:57:00.697000,28.9,55,1015.2,FALSE,52.3,180,3.3,6,Miami Grand Prix,FP1,05-05-2024
0 days 00:58:00.696000,29,56,1015.2,FALSE,51.8,154,2.8,6,Miami Grand Prix,FP1,05-05-2024
0 days 00:59:00.698000,29,56,1015,FALSE,51.6,168,4.4,6,Miami Grand Prix,FP1,05-05-2024
0 days 01:00:00.704000,28.9,56,1015.2,FALSE,51.8,197,3.9,6,Miami Grand Prix,FP1,05-05-2024
0 days 01:01:00.715000,28.8,57,1015.2,FALSE,52.6,188,2.2,6,Miami Grand Prix,FP1,05-05-2024
0 days 01:02:00.731000,28.8,57,1015.3,FALSE,53.5,144,2.4,6,Miami Grand Prix,FP1,05-05-2024
0 days 01:03:00.732000,28.8,55,1015.1,FALSE,53.5,149,2.4,6,Miami Grand Prix,FP1,05-05-2024
0 days 01:04:00.733000,28.9,54,1015.3,FALSE,53.5,148,3,6,Miami Grand Prix,FP1,05-05-2024
0 days 01:05:00.733000,29,55,1015.1,FALSE,53.4,162,3.9,6,Miami Grand Prix,FP1,05-05-2024
0 days 01:06:00.732000,29,54,1015.3,FALSE,53.4,153,3.2,6,Miami Grand Prix,FP1,05-05-2024
0 days 01:07:00.734000,29.1,55,1015.2,FALSE,52.8,171,1.9,6,Miami Grand Prix,FP1,05-05-2024
0 days 01:08:00.735000,29,55,1015.1,FALSE,52.8,173,3.2,6,Miami Grand Prix,FP1,05-05-2024
0 days 01:09:00.739000,29.1,55,1015,FALSE,52.9,180,3.1,6,Miami Grand Prix,FP1,05-05-2024
0 days 01:10:00.740000,29,55,1015,FALSE,53.2,172,3.7,6,Miami Grand Prix,FP1,05-05-2024
0 days 01:11:00.737000,28.7,55,1015,FALSE,52.9,155,4.7,6,Miami Grand Prix,FP1,05-05-2024
0 days 01:12:00.740000,28.6,56,1015,FALSE,52.9,183,2.7,6,Miami Grand Prix,FP1,05-05-2024
0 days 01:13:00.752000,28.9,56,1015,FALSE,53.5,147,1.6,6,Miami Grand Prix,FP1,05-05-2024
0 days 01:14:00.763000,29.3,56,1015,FALSE,54.9,177,1.9,6,Miami Grand Prix,FP1,05-05-2024
0 days 01:15:00.786000,29.2,54,1015.1,FALSE,54.4,156,3.2,6,Miami Grand Prix,FP1,05-05-2024
0 days 01:16:00.786000,29.3,55,1015.1,FALSE,53.9,155,3.7,6,Miami Grand Prix,FP1,05-05-2024
0 days 01:17:00.788000,29,55,1015.1,FALSE,53.4,154,2.4,6,Miami Grand Prix,FP1,05-05-2024
0 days 00:01:03.328000,29.4,52,1015.9,FALSE,49.2,155,3.1,6,Miami Grand Prix,Q,05-05-2024
0 days 00:02:03.326000,29.5,50,1015.9,FALSE,49.2,155,2.3,6,Miami Grand Prix,Q,05-05-2024
0 days 00:03:03.329000,29.4,52,1015.8,FALSE,49.9,147,1.4,6,Miami Grand Prix,Q,05-05-2024
0 days 00:04:03.333000,29.3,53,1015.9,FALSE,49.9,152,1.9,6,Miami Grand Prix,Q,05-05-2024
0 days 00:05:03.334000,29.2,53,1015.9,FALSE,49.8,149,1.4,6,Miami Grand Prix,Q,05-05-2024
0 days 00:06:03.328000,29.2,53,1015.9,FALSE,50.4,178,1.9,6,Miami Grand Prix,Q,05-05-2024
0 days 00:07:03.325000,29.3,52,1015.8,FALSE,50.4,157,3.8,6,Miami Grand Prix,Q,05-05-2024
0 days 00:08:03.337000,29.3,53,1015.9,FALSE,49.1,167,3,6,Miami Grand Prix,Q,05-05-2024
0 days 00:09:03.334000,29.2,53,1015.9,FALSE,49,149,3.5,6,Miami Grand Prix,Q,05-05-2024
0 days 00:10:03.335000,29,54,1015.8,FALSE,47.9,175,3.2,6,Miami Grand Prix,Q,05-05-2024
0 days 00:11:03.330000,28.9,55,1015.7,FALSE,47.6,178,3,6,Miami Grand Prix,Q,05-05-2024
0 days 00:12:03.338000,28.9,55,1015.8,FALSE,48.4,140,2.7,6,Miami Grand Prix,Q,05-05-2024
0 days 00:13:03.325000,28.8,54,1015.8,FALSE,49.1,152,3.1,6,Miami Grand Prix,Q,05-05-2024
0 days 00:14:03.339000,28.8,55,1015.8,FALSE,49.1,171,3.3,6,Miami Grand Prix,Q,05-05-2024
0 days 00:15:03.339000,28.8,55,1015.8,FALSE,49.1,167,3.2,6,Miami Grand Prix,Q,05-05-2024
0 days 00:16:03.334000,29,55,1015.9,FALSE,49.5,151,2.3,6,Miami Grand Prix,Q,05-05-2024
0 days 00:17:03.343000,29,53,1015.9,FALSE,49.5,174,3.3,6,Miami Grand Prix,Q,05-05-2024
0 days 00:18:03.343000,29.1,54,1015.8,FALSE,47.6,145,2.4,6,Miami Grand Prix,Q,05-05-2024
0 days 00:19:03.333000,29.1,54,1015.7,FALSE,46.2,186,2.1,6,Miami Grand Prix,Q,05-05-2024
0 days 00:20:03.345000,29.2,55,1015.8,FALSE,46.2,157,2.1,6,Miami Grand Prix,Q,05-05-2024
0 days 00:21:03.339000,29.2,55,1015.8,FALSE,48.5,162,1.2,6,Miami Grand Prix,Q,05-05-2024
0 days 00:22:03.345000,29.1,55,1015.8,FALSE,48.5,162,1.2,6,Miami Grand Prix,Q,05-05-2024
0 days 00:23:03.334000,28.9,55,1015.8,FALSE,48.5,162,1.2,6,Miami Grand Prix,Q,05-05-2024
0 days 00:24:03.340000,29,53,1015.6,FALSE,48,170,2.9,6,Miami Grand Prix,Q,05-05-2024
0 days 00:25:03.342000,29.1,53,1015.6,FALSE,48.1,169,3.3,6,Miami Grand Prix,Q,05-05-2024
0 days 00:26:03.351000,29,53,1015.8,FALSE,48.3,161,2,6,Miami Grand Prix,Q,05-05-2024
0 days 00:27:03.347000,29.2,53,1015.6,FALSE,48.9,149,1.9,6,Miami Grand Prix,Q,05-05-2024
0 days 00:28:03.347000,29.3,53,1015.6,FALSE,49,138,3.2,6,Miami Grand Prix,Q,05-05-2024
0 days 00:29:03.360000,29.2,54,1015.6,FALSE,48.4,163,3.7,6,Miami Grand Prix,Q,05-05-2024
0 days 00:30:03.353000,29.3,55,1015.7,FALSE,47.2,180,3,6,Miami Grand Prix,Q,05-05-2024
0 days 00:31:03.352000,29.1,56,1015.6,FALSE,47.2,175,2.7,6,Miami Grand Prix,Q,05-05-2024
0 days 00:32:03.370000,29.1,55,1015.6,FALSE,46.7,162,3.5,6,Miami Grand Prix,Q,05-05-2024
0 days 00:33:03.345000,29,56,1015.6,FALSE,46.7,165,1.9,6,Miami Grand Prix,Q,05-05-2024
0 days 00:34:03.345000,29,55,1015.6,FALSE,46.9,164,2.9,6,Miami Grand Prix,Q,05-05-2024
0 days 00:35:03.342000,29,56,1015.6,FALSE,47.8,137,2.9,6,Miami Grand Prix,Q,05-05-2024
0 days 00:36:03.357000,29,55,1015.7,FALSE,48.4,182,1.7,6,Miami Grand Prix,Q,05-05-2024
0 days 00:37:03.353000,29,54,1015.5,FALSE,48.1,173,2.3,6,Miami Grand Prix,Q,05-05-2024
0 days 00:38:03.347000,29.2,54,1015.4,FALSE,47.4,152,3.7,6,Miami Grand Prix,Q,05-05-2024
0 days 00:39:03.349000,29.1,54,1015.5,FALSE,47.4,170,3.6,6,Miami Grand Prix,Q,05-05-2024
0 days 00:40:03.349000,29,55,1015.4,FALSE,46.5,153,4.2,6,Miami Grand Prix,Q,05-05-2024
0 days 00:41:03.347000,29,56,1015.4,FALSE,46.4,172,3.6,6,Miami Grand Prix,Q,05-05-2024
0 days 00:42:03.362000,29,55,1015.4,FALSE,46.5,173,3.2,6,Miami Grand Prix,Q,05-05-2024
0 days 00:43:03.353000,29,55,1015.4,FALSE,46.7,139,3.5,6,Miami Grand Prix,Q,05-05-2024
0 days 00:44:03.351000,28.9,55,1015.4,FALSE,46.7,171,3.7,6,Miami Grand Prix,Q,05-05-2024
0 days 00:45:03.359000,29,56,1015.4,FALSE,46.4,153,3.1,6,Miami Grand Prix,Q,05-05-2024
0 days 00:46:03.357000,29,56,1015.4,FALSE,46.4,153,3.1,6,Miami Grand Prix,Q,05-05-2024
0 days 00:47:03.360000,29,56,1015.4,FALSE,46.4,153,3.1,6,Miami Grand Prix,Q,05-05-2024
0 days 00:48:03.363000,29.2,56,1015.4,FALSE,46.4,153,3.1,6,Miami Grand Prix,Q,05-05-2024
0 days 00:49:03.361000,29.3,56,1015.4,FALSE,46.4,153,3.1,6,Miami Grand Prix,Q,05-05-2024
0 days 00:50:03.366000,29.2,55,1015.2,FALSE,46.4,146,3.2,6,Miami Grand Prix,Q,05-05-2024
0 days 00:51:03.356000,29.1,55,1015.1,FALSE,46.3,165,3.4,6,Miami Grand Prix,Q,05-05-2024
0 days 00:52:03.365000,29.1,56,1015.2,FALSE,46.6,140,2.4,6,Miami Grand Prix,Q,05-05-2024
0 days 00:53:03.365000,29.1,55,1015.2,FALSE,47.1,158,3.2,6,Miami Grand Prix,Q,05-05-2024
0 days 00:54:03.363000,29.1,56,1015.2,FALSE,46.8,165,3.2,6,Miami Grand Prix,Q,05-05-2024
0 days 00:55:03.375000,29.1,55,1015.2,FALSE,46.8,127,2.7,6,Miami Grand Prix,Q,05-05-2024
0 days 00:56:03.363000,29,55,1015.2,FALSE,46.9,131,2.5,6,Miami Grand Prix,Q,05-05-2024
0 days 00:57:03.369000,29.2,55,1015.2,FALSE,47.2,157,2.7,6,Miami Grand Prix,Q,05-05-2024
0 days 00:58:03.399000,29.3,55,1015.2,FALSE,47,169,4.1,6,Miami Grand Prix,Q,05-05-2024
0 days 00:59:03.365000,29.3,54,1015.3,FALSE,46.5,148,3.2,6,Miami Grand Prix,Q,05-05-2024
0 days 01:00:03.364000,29.2,56,1015.3,FALSE,46.3,143,3.3,6,Miami Grand Prix,Q,05-05-2024
0 days 01:01:03.371000,29.1,56,1015.3,FALSE,46.2,166,3.8,6,Miami Grand Prix,Q,05-05-2024
0 days 01:02:03.365000,29.1,57,1015.3,FALSE,45.7,143,4.5,6,Miami Grand Prix,Q,05-05-2024
0 days 01:03:03.383000,29,57,1015.4,FALSE,45.7,152,3.3,6,Miami Grand Prix,Q,05-05-2024
0 days 01:04:03.387000,28.9,57,1015.2,FALSE,45.6,150,3.2,6,Miami Grand Prix,Q,05-05-2024
0 days 01:05:03.395000,28.9,56,1015.3,FALSE,45.6,160,4.2,6,Miami Grand Prix,Q,05-05-2024
0 days 01:06:03.421000,28.9,56,1015.2,FALSE,45.6,148,3.6,6,Miami Grand Prix,Q,05-05-2024
0 days 01:07:03.412000,28.9,57,1015.2,FALSE,45.6,164,3.9,6,Miami Grand Prix,Q,05-05-2024
0 days 01:08:03.424000,29,56,1015.3,FALSE,45.5,169,3.1,6,Miami Grand Prix,Q,05-05-2024
0 days 01:09:03.432000,28.9,57,1015.2,FALSE,45.5,150,3.3,6,Miami Grand Prix,Q,05-05-2024
0 days 01:10:03.433000,28.8,57,1015.3,FALSE,46,174,3.3,6,Miami Grand Prix,Q,05-05-2024
0 days 01:11:03.437000,28.9,56,1015.3,FALSE,45.8,148,3.3,6,Miami Grand Prix,Q,05-05-2024
0 days 01:12:03.455000,28.8,56,1015.3,FALSE,45.4,183,3.8,6,Miami Grand Prix,Q,05-05-2024
0 days 01:13:03.457000,28.8,56,1015.4,FALSE,45.4,186,2.7,6,Miami Grand Prix,Q,05-05-2024
0 days 01:14:03.472000,28.8,57,1015.4,FALSE,45.4,149,2.6,6,Miami Grand Prix,Q,05-05-2024
0 days 01:15:03.476000,28.8,57,1015.3,FALSE,45.5,145,3.2,6,Miami Grand Prix,Q,05-05-2024
0 days 01:16:03.478000,28.9,55,1015.3,FALSE,45.7,135,3,6,Miami Grand Prix,Q,05-05-2024
0 days 01:17:03.468000,29.1,55,1015.4,FALSE,45.7,141,2.4,6,Miami Grand Prix,Q,05-05-2024
0 days 00:00:26.389000,28.6,57,1017,FALSE,46.4,166,3.3,6,Miami Grand Prix,R,05-05-2024
0 days 00:01:26.391000,28.8,57,1017,FALSE,47.2,163,3.4,6,Miami Grand Prix,R,05-05-2024
0 days 00:02:26.390000,28.6,57,1017,FALSE,47.6,169,3.4,6,Miami Grand Prix,R,05-05-2024
0 days 00:03:26.390000,28.5,57,1016.9,FALSE,47.5,145,3.6,6,Miami Grand Prix,R,05-05-2024
0 days 00:04:26.390000,28.5,57,1016.9,FALSE,46.4,147,4,6,Miami Grand Prix,R,05-05-2024
0 days 00:05:26.391000,28.6,58,1016.8,FALSE,47.1,161,3.2,6,Miami Grand Prix,R,05-05-2024
0 days 00:06:26.391000,28.5,58,1016.9,FALSE,47.6,155,3.1,6,Miami Grand Prix,R,05-05-2024
0 days 00:07:26.393000,28.5,57,1016.9,FALSE,48.3,154,3.2,6,Miami Grand Prix,R,05-05-2024
0 days 00:08:26.396000,28.6,58,1016.8,FALSE,48.4,147,3,6,Miami Grand Prix,R,05-05-2024
0 days 00:09:26.393000,28.6,58,1016.8,FALSE,48,164,2.4,6,Miami Grand Prix,R,05-05-2024
0 days 00:10:26.394000,28.6,58,1016.7,FALSE,45.9,149,2,6,Miami Grand Prix,R,05-05-2024
0 days 00:11:26.396000,28.6,58,1016.8,FALSE,45.9,131,3.8,6,Miami Grand Prix,R,05-05-2024
0 days 00:12:26.395000,28.7,58,1016.7,FALSE,45.9,142,2.6,6,Miami Grand Prix,R,05-05-2024
0 days 00:13:26.398000,28.9,56,1016.7,FALSE,47.1,164,2.4,6,Miami Grand Prix,R,05-05-2024
0 days 00:14:26.401000,29,56,1016.7,FALSE,47.9,163,3.3,6,Miami Grand Prix,R,05-05-2024
0 days 00:15:26.398000,29,56,1016.7,FALSE,48.4,144,3.5,6,Miami Grand Prix,R,05-05-2024
0 days 00:16:26.399000,28.9,56,1016.8,FALSE,48.1,153,3.7,6,Miami Grand Prix,R,05-05-2024
0 days 00:17:26.399000,28.9,57,1016.8,FALSE,48.1,146,3.6,6,Miami Grand Prix,R,05-05-2024
0 days 00:18:26.399000,28.9,57,1016.8,FALSE,48.4,141,3.2,6,Miami Grand Prix,R,05-05-2024
0 days 00:19:26.389000,29,58,1016.6,FALSE,48.8,135,2.8,6,Miami Grand Prix,R,05-05-2024
0 days 00:20:26.402000,29,57,1016.7,FALSE,49.1,136,3,6,Miami Grand Prix,R,05-05-2024
0 days 00:21:26.409000,29,57,1016.6,FALSE,48.6,151,4.1,6,Miami Grand Prix,R,05-05-2024
0 days 00:22:26.402000,28.8,57,1016.7,FALSE,49.1,156,3.4,6,Miami Grand Prix,R,05-05-2024
0 days 00:23:26.414000,28.6,56,1016.7,FALSE,49.1,134,3.1,6,Miami Grand Prix,R,05-05-2024
0 days 00:24:26.403000,28.6,56,1016.7,FALSE,46.8,173,3,6,Miami Grand Prix,R,05-05-2024
0 days 00:25:26.407000,28.7,56,1016.6,FALSE,48,136,3.1,6,Miami Grand Prix,R,05-05-2024
0 days 00:26:26.407000,28.7,56,1016.5,FALSE,49,153,3.1,6,Miami Grand Prix,R,05-05-2024
0 days 00:27:26.406000,28.8,56,1016.6,FALSE,48.3,136,3.2,6,Miami Grand Prix,R,05-05-2024
0 days 00:28:26.406000,28.8,57,1016.6,FALSE,46.7,144,3.5,6,Miami Grand Prix,R,05-05-2024
0 days 00:29:26.407000,28.7,58,1016.6,FALSE,46.4,144,3.2,6,Miami Grand Prix,R,05-05-2024
0 days 00:30:26.400000,28.6,58,1016.6,FALSE,46.3,143,2.7,6,Miami Grand Prix,R,05-05-2024
0 days 00:31:26.413000,28.5,57,1016.5,FALSE,45.2,144,3.1,6,Miami Grand Prix,R,05-05-2024
0 days 00:32:26.413000,28.5,57,1016.5,FALSE,44.2,142,3,6,Miami Grand Prix,R,05-05-2024
0 days 00:33:26.410000,28.5,57,1016.5,FALSE,44.2,164,2.8,6,Miami Grand Prix,R,05-05-2024
0 days 00:34:26.410000,28.5,58,1016.4,FALSE,44.9,139,2.4,6,Miami Grand Prix,R,05-05-2024
0 days 00:35:26.411000,28.5,58,1016.4,FALSE,45.1,149,2.1,6,Miami Grand Prix,R,05-05-2024
0 days 00:36:26.415000,28.6,57,1016.4,FALSE,45.1,173,2.4,6,Miami Grand Prix,R,05-05-2024
0 days 00:37:26.414000,28.6,56,1016.4,FALSE,45.1,155,3.5,6,Miami Grand Prix,R,05-05-2024
0 days 00:38:26.419000,28.6,56,1016.4,FALSE,44.1,163,2.7,6,Miami Grand Prix,R,05-05-2024
0 days 00:39:26.417000,28.6,56,1016.4,FALSE,44.3,137,3,6,Miami Grand Prix,R,05-05-2024
0 days 00:40:26.416000,28.6,57,1016.4,FALSE,45.8,141,2.6,6,Miami Grand Prix,R,05-05-2024
0 days 00:41:26.415000,28.7,57,1016.4,FALSE,46.8,169,2.4,6,Miami Grand Prix,R,05-05-2024
0 days 00:42:26.417000,28.6,56,1016.4,FALSE,47.3,155,2.7,6,Miami Grand Prix,R,05-05-2024
0 days 00:43:26.420000,28.6,56,1016.4,FALSE,47.9,142,3.3,6,Miami Grand Prix,R,05-05-2024
0 days 00:44:26.419000,28.5,57,1016.4,FALSE,48,144,2.7,6,Miami Grand Prix,R,05-05-2024
0 days 00:45:26.418000,28.5,57,1016.5,FALSE,46.6,157,3.2,6,Miami Grand Prix,R,05-05-2024
0 days 00:46:26.419000,28.4,57,1016.4,FALSE,46.4,165,3,6,Miami Grand Prix,R,05-05-2024
0 days 00:47:26.417000,28.5,57,1016.4,FALSE,46.4,134,2.8,6,Miami Grand Prix,R,05-05-2024
0 days 00:48:26.411000,28.6,58,1016.3,FALSE,45.6,163,3.7,6,Miami Grand Prix,R,05-05-2024
0 days 00:49:26.423000,28.4,57,1016.3,FALSE,45.2,153,3.9,6,Miami Grand Prix,R,05-05-2024
0 days 00:50:26.423000,28.4,57,1016.3,FALSE,43,144,3.6,6,Miami Grand Prix,R,05-05-2024
0 days 00:51:26.425000,28.3,58,1016.3,FALSE,42.9,150,2.7,6,Miami Grand Prix,R,05-05-2024
0 days 00:52:26.444000,28.3,58,1016.2,FALSE,43.5,163,2.8,6,Miami Grand Prix,R,05-05-2024
0 days 00:53:26.439000,28.4,58,1016.3,FALSE,45.6,150,2.7,6,Miami Grand Prix,R,05-05-2024
0 days 00:54:26.460000,28.4,57,1016.3,FALSE,45.9,174,2.7,6,Miami Grand Prix,R,05-05-2024
0 days 00:55:26.477000,28.5,57,1016.4,FALSE,46.2,144,2.8,6,Miami Grand Prix,R,05-05-2024
0 days 00:56:26.473000,28.5,57,1016.4,FALSE,45.9,148,2.9,6,Miami Grand Prix,R,05-05-2024
0 days 00:57:26.483000,28.6,58,1016.3,FALSE,44.7,150,3.4,6,Miami Grand Prix,R,05-05-2024
0 days 00:58:26.506000,28.6,57,1016.3,FALSE,43.5,153,3.5,6,Miami Grand Prix,R,05-05-2024
0 days 00:59:26.522000,28.6,58,1016.3,FALSE,42.3,150,2.5,6,Miami Grand Prix,R,05-05-2024
0 days 01:00:26.521000,28.7,59,1016.3,FALSE,44.2,167,2.4,6,Miami Grand Prix,R,05-05-2024
0 days 01:01:26.524000,28.7,58,1016.3,FALSE,45.4,140,3,6,Miami Grand Prix,R,05-05-2024
0 days 01:02:26.524000,28.8,57,1016.3,FALSE,45.6,152,3.5,6,Miami Grand Prix,R,05-05-2024
0 days 01:03:26.530000,28.9,57,1016.3,FALSE,45.5,148,3,6,Miami Grand Prix,R,05-05-2024
0 days 01:04:26.557000,28.9,57,1016.3,FALSE,45.5,173,3.4,6,Miami Grand Prix,R,05-05-2024
0 days 01:05:26.558000,29,58,1016.3,FALSE,45.5,135,2.7,6,Miami Grand Prix,R,05-05-2024
0 days 01:06:26.559000,29,58,1016.3,FALSE,46.4,148,3.5,6,Miami Grand Prix,R,05-05-2024
0 days 01:07:26.558000,28.9,58,1016.4,FALSE,46.8,174,2.4,6,Miami Grand Prix,R,05-05-2024
0 days 01:08:26.557000,28.8,57,1016.5,FALSE,46.8,152,3.5,6,Miami Grand Prix,R,05-05-2024
0 days 01:09:26.561000,29,58,1016.3,FALSE,46.5,180,3.9,6,Miami Grand Prix,R,05-05-2024
0 days 01:10:26.561000,28.8,59,1016.2,FALSE,44.7,155,3.6,6,Miami Grand Prix,R,05-05-2024
0 days 01:11:26.561000,28.8,59,1016.4,FALSE,44.7,177,3.7,6,Miami Grand Prix,R,05-05-2024
0 days 01:12:26.559000,28.9,60,1016.3,FALSE,44.7,160,4.4,6,Miami Grand Prix,R,05-05-2024
0 days 01:13:26.562000,28.7,61,1016.3,FALSE,45.1,142,3.4,6,Miami Grand Prix,R,05-05-2024
0 days 01:14:26.563000,28.7,60,1016.2,FALSE,45.5,152,3.7,6,Miami Grand Prix,R,05-05-2024
0 days 01:15:26.568000,28.8,59,1016.4,FALSE,45.2,146,3.7,6,Miami Grand Prix,R,05-05-2024
0 days 01:16:26.565000,28.8,59,1016.2,FALSE,45.4,160,3.9,6,Miami Grand Prix,R,05-05-2024
0 days 01:17:26.569000,28.8,60,1016.3,FALSE,45.5,170,3.4,6,Miami Grand Prix,R,05-05-2024
0 days 01:18:26.566000,28.8,60,1016.4,FALSE,46.1,165,3.6,6,Miami Grand Prix,R,05-05-2024
0 days 01:19:26.567000,28.7,60,1016.3,FALSE,45.5,153,2.9,6,Miami Grand Prix,R,05-05-2024
0 days 01:20:26.568000,28.5,60,1016.3,FALSE,46.5,172,2.1,6,Miami Grand Prix,R,05-05-2024
0 days 01:21:26.572000,28.4,60,1016.2,FALSE,47.4,142,3,6,Miami Grand Prix,R,05-05-2024
0 days 01:22:26.574000,28.4,60,1016.3,FALSE,47.5,182,1.9,6,Miami Grand Prix,R,05-05-2024
0 days 01:23:26.570000,28.6,58,1016.3,FALSE,47.5,144,3.9,6,Miami Grand Prix,R,05-05-2024
0 days 01:24:26.570000,28.6,59,1016.4,FALSE,46.1,140,3.6,6,Miami Grand Prix,R,05-05-2024
0 days 01:25:26.570000,28.5,60,1016.3,FALSE,44.7,164,3.4,6,Miami Grand Prix,R,05-05-2024
0 days 01:26:26.572000,28.4,60,1016.4,FALSE,44.5,158,2,6,Miami Grand Prix,R,05-05-2024
0 days 01:27:26.575000,28.3,59,1016.4,FALSE,44.5,81,2.8,6,Miami Grand Prix,R,05-05-2024
0 days 01:28:26.576000,28.4,61,1016.4,FALSE,45.7,147,2.3,6,Miami Grand Prix,R,05-05-2024
0 days 01:29:26.575000,28.4,60,1016.4,FALSE,45.7,149,3.5,6,Miami Grand Prix,R,05-05-2024
0 days 01:30:26.588000,28.4,59,1016.4,FALSE,45.7,171,3.4,6,Miami Grand Prix,R,05-05-2024
0 days 01:31:26.565000,28.4,59,1016.4,FALSE,45.4,150,2.7,6,Miami Grand Prix,R,05-05-2024
0 days 01:32:26.579000,28.5,59,1016.3,FALSE,45.4,176,2.4,6,Miami Grand Prix,R,05-05-2024
0 days 01:33:26.577000,28.5,60,1016.3,FALSE,45.5,174,2.8,6,Miami Grand Prix,R,05-05-2024
0 days 01:34:26.577000,28.5,60,1016.3,FALSE,45.6,173,3.4,6,Miami Grand Prix,R,05-05-2024
0 days 01:35:26.579000,28.5,60,1016.3,FALSE,45.6,133,2.5,6,Miami Grand Prix,R,05-05-2024
0 days 01:36:26.580000,28.5,61,1016.3,FALSE,45.4,136,2.3,6,Miami Grand Prix,R,05-05-2024
0 days 01:37:26.579000,28.6,60,1016.2,FALSE,44.4,154,3.1,6,Miami Grand Prix,R,05-05-2024
0 days 01:38:26.581000,28.7,59,1016.2,FALSE,44.2,126,4.4,6,Miami Grand Prix,R,05-05-2024
0 days 01:39:26.578000,28.8,60,1016.2,FALSE,44.6,152,2.8,6,Miami Grand Prix,R,05-05-2024
0 days 01:40:26.581000,28.7,60,1016.3,FALSE,45.1,136,3.3,6,Miami Grand Prix,R,05-05-2024
0 days 01:41:26.580000,28.7,60,1016.2,FALSE,44.9,176,3.6,6,Miami Grand Prix,R,05-05-2024
0 days 01:42:26.571000,28.6,60,1016.2,FALSE,44.6,173,3.2,6,Miami Grand Prix,R,05-05-2024
0 days 01:43:26.587000,28.3,60,1016.3,FALSE,43.2,158,4,6,Miami Grand Prix,R,05-05-2024
0 days 01:44:26.584000,28.2,62,1016.3,FALSE,42.1,166,3,6,Miami Grand Prix,R,05-05-2024
0 days 01:45:26.583000,28.1,62,1016.3,FALSE,42.1,148,3.2,6,Miami Grand Prix,R,05-05-2024
0 days 01:46:26.603000,28.3,61,1016.3,FALSE,43.6,168,3.8,6,Miami Grand Prix,R,05-05-2024
0 days 01:47:26.583000,28.4,61,1016.4,FALSE,44,158,3.1,6,Miami Grand Prix,R,05-05-2024
0 days 01:48:26.584000,28.4,61,1016.4,FALSE,44.5,200,2.6,6,Miami Grand Prix,R,05-05-2024
0 days 01:49:26.588000,28.3,61,1016.4,FALSE,44.5,174,1.8,6,Miami Grand Prix,R,05-05-2024
0 days 01:50:26.590000,28.5,59,1016.4,FALSE,42.6,141,2.6,6,Miami Grand Prix,R,05-05-2024
0 days 01:51:26.597000,28.5,61,1016.3,FALSE,42.6,171,3.4,6,Miami Grand Prix,R,05-05-2024
0 days 01:52:26.588000,28.4,61,1016.4,FALSE,42.7,130,2.9,6,Miami Grand Prix,R,05-05-2024
0 days 01:53:26.596000,28.4,61,1016.5,FALSE,42.8,172,2.4,6,Miami Grand Prix,R,05-05-2024
0 days 01:54:26.591000,28.3,61,1016.5,FALSE,42.3,144,3.4,6,Miami Grand Prix,R,05-05-2024
0 days 01:55:26.589000,28.3,61,1016.4,FALSE,41.2,155,2.2,6,Miami Grand Prix,R,05-05-2024
0 days 01:56:26.591000,28,62,1016.5,FALSE,40.6,169,2.6,6,Miami Grand Prix,R,05-05-2024
0 days 01:57:26.591000,27.9,61,1016.6,FALSE,40.2,137,2.9,6,Miami Grand Prix,R,05-05-2024
0 days 01:58:26.594000,27.9,62,1016.4,FALSE,40.9,147,2.5,6,Miami Grand Prix,R,05-05-2024
0 days 01:59:26.594000,28,62,1016.5,FALSE,41.6,142,2.9,6,Miami Grand Prix,R,05-05-2024
0 days 02:00:26.594000,28.1,62,1016.4,FALSE,42.4,164,3.3,6,Miami Grand Prix,R,05-05-2024
0 days 02:01:26.594000,28.3,62,1016.4,FALSE,42.6,155,3.7,6,Miami Grand Prix,R,05-05-2024
0 days 02:02:26.595000,28.4,63,1016.5,FALSE,42.6,161,3.1,6,Miami Grand Prix,R,05-05-2024
0 days 02:03:26.589000,28.4,62,1016.5,FALSE,43.2,140,3.5,6,Miami Grand Prix,R,05-05-2024
0 days 02:04:26.588000,28.4,62,1016.5,FALSE,42.3,139,3.7,6,Miami Grand Prix,R,05-05-2024
0 days 02:05:26.597000,28.3,62,1016.5,FALSE,41.6,159,3.3,6,Miami Grand Prix,R,05-05-2024
0 days 02:06:26.596000,28.2,62,1016.5,FALSE,41.2,176,3.2,6,Miami Grand Prix,R,05-05-2024
0 days 02:07:26.598000,28.1,62,1016.4,FALSE,41.2,127,2.8,6,Miami Grand Prix,R,05-05-2024
0 days 02:08:26.599000,28.1,62,1016.5,FALSE,41.6,157,2.7,6,Miami Grand Prix,R,05-05-2024
0 days 02:09:26.599000,28.1,61,1016.5,FALSE,41.9,156,3,6,Miami Grand Prix,R,05-05-2024
0 days 02:10:26.602000,28.2,61,1016.5,FALSE,41.8,146,4.2,6,Miami Grand Prix,R,05-05-2024
0 days 02:11:26.606000,28.2,61,1016.6,FALSE,41,148,3.9,6,Miami Grand Prix,R,05-05-2024
0 days 02:12:26.603000,28.1,62,1016.6,FALSE,40.6,144,2.8,6,Miami Grand Prix,R,05-05-2024
0 days 02:13:26.602000,28.2,61,1016.6,FALSE,40.7,117,2.6,6,Miami Grand Prix,R,05-05-2024
0 days 02:14:26.603000,28.2,62,1016.6,FALSE,39.8,149,3,6,Miami Grand Prix,R,05-05-2024
0 days 02:15:26.605000,28.2,63,1016.6,FALSE,39.3,166,3.1,6,Miami Grand Prix,R,05-05-2024
0 days 02:16:26.604000,28.3,63,1016.7,FALSE,39.3,147,2.3,6,Miami Grand Prix,R,05-05-2024
0 days 02:17:26.606000,28.3,61,1016.6,FALSE,40.3,170,2.2,6,Miami Grand Prix,R,05-05-2024
0 days 02:18:26.605000,28.3,61,1016.5,FALSE,40.4,144,3.5,6,Miami Grand Prix,R,05-05-2024
0 days 02:19:26.612000,28.3,60,1016.5,FALSE,41,155,2.5,6,Miami Grand Prix,R,05-05-2024
0 days 02:20:26.607000,28.4,60,1016.5,FALSE,41,147,3.5,6,Miami Grand Prix,R,05-05-2024
0 days 02:21:26.611000,28.4,60,1016.5,FALSE,41,147,3.5,6,Miami Grand Prix,R,05-05-2024
0 days 02:22:26.609000,28.5,61,1016.4,FALSE,41.2,135,2.2,6,Miami Grand Prix,R,05-05-2024
0 days 02:23:26.671000,28.6,60,1016.5,FALSE,41.3,140,3.7,6,Miami Grand Prix,R,05-05-2024
0 days 02:24:26.615000,28.5,60,1016.5,FALSE,41.1,144,2.3,6,Miami Grand Prix,R,05-05-2024
0 days 02:25:26.642000,28.4,60,1016.4,FALSE,40.6,157,2.4,6,Miami Grand Prix,R,05-05-2024
0 days 02:26:26.642000,28.3,60,1016.4,FALSE,40.6,170,2.1,6,Miami Grand Prix,R,05-05-2024
0 days 02:27:26.643000,28.2,60,1016.3,FALSE,40.3,147,5.2,6,Miami Grand Prix,R,05-05-2024
0 days 02:28:26.659000,28.2,62,1016.5,FALSE,40.5,143,2.6,6,Miami Grand Prix,R,05-05-2024
0 days 02:29:26.666000,28,62,1016.6,FALSE,40.5,148,3.1,6,Miami Grand Prix,R,05-05-2024
0 days 00:00:09.664000,23.3,35,1006.7,FALSE,42.6,318,4.4,7,Emilia Romagna Grand Prix,FP1,19-05-2024
0 days 00:01:09.685000,23.3,35,1006.7,FALSE,42.6,318,4.4,7,Emilia Romagna Grand Prix,FP1,19-05-2024
0 days 00:02:09.673000,23.3,35,1006.7,FALSE,42.6,318,4.4,7,Emilia Romagna Grand Prix,FP1,19-05-2024
0 days 00:03:09.701000,23.3,35,1006.7,FALSE,42.6,318,4.4,7,Emilia Romagna Grand Prix,FP1,19-05-2024
0 days 00:04:09.703000,23.3,35,1006.7,FALSE,42.6,318,4.4,7,Emilia Romagna Grand Prix,FP1,19-05-2024
0 days 00:05:09.681000,23.3,35,1006.7,FALSE,42.6,318,4.4,7,Emilia Romagna Grand Prix,FP1,19-05-2024
0 days 00:06:09.691000,23.3,35,1006.7,FALSE,42.6,318,4.4,7,Emilia Romagna Grand Prix,FP1,19-05-2024
0 days 00:07:09.701000,23.3,35,1006.7,FALSE,42.6,318,4.4,7,Emilia Romagna Grand Prix,FP1,19-05-2024
0 days 00:08:09.717000,23.3,35,1006.7,FALSE,42.6,318,4.4,7,Emilia Romagna Grand Prix,FP1,19-05-2024
0 days 00:09:09.691000,23.3,35,1006.7,FALSE,42.6,318,4.4,7,Emilia Romagna Grand Prix,FP1,19-05-2024
0 days 00:10:09.721000,23.3,35,1006.7,FALSE,42.6,318,4.4,7,Emilia Romagna Grand Prix,FP1,19-05-2024
0 days 00:11:09.739000,23.3,35,1006.7,FALSE,42.6,318,4.4,7,Emilia Romagna Grand Prix,FP1,19-05-2024
0 days 00:12:09.752000,23.3,35,1006.7,FALSE,42.6,318,4.4,7,Emilia Romagna Grand Prix,FP1,19-05-2024
0 days 00:13:09.770000,23.5,33,1007,FALSE,42.9,253,5.3,7,Emilia Romagna Grand Prix,FP1,19-05-2024
0 days 00:14:09.768000,23.7,33,1007.1,FALSE,43.2,291,3.6,7,Emilia Romagna Grand Prix,FP1,19-05-2024
0 days 00:15:09.801000,23.7,33,1007,FALSE,43.2,320,4,7,Emilia Romagna Grand Prix,FP1,19-05-2024
0 days 00:16:09.783000,23.8,34,1007,FALSE,42.7,331,3.7,7,Emilia Romagna Grand Prix,FP1,19-05-2024
0 days 00:17:09.801000,23.8,34,1007,FALSE,42.9,305,2.8,7,Emilia Romagna Grand Prix,FP1,19-05-2024
0 days 00:18:09.812000,23.8,32,1006.9,FALSE,43.1,307,3.7,7,Emilia Romagna Grand Prix,FP1,19-05-2024
0 days 00:19:09.825000,23.9,33,1007.1,FALSE,42.9,274,5,7,Emilia Romagna Grand Prix,FP1,19-05-2024
0 days 00:20:09.831000,23.8,31,1007,FALSE,42.9,274,3.3,7,Emilia Romagna Grand Prix,FP1,19-05-2024
0 days 00:21:09.824000,23.7,32,1007.1,FALSE,43.3,299,3,7,Emilia Romagna Grand Prix,FP1,19-05-2024
0 days 00:22:09.841000,23.6,32,1007,FALSE,43.3,329,4.3,7,Emilia Romagna Grand Prix,FP1,19-05-2024
0 days 00:23:09.859000,23.5,32,1007,FALSE,43.1,318,5.1,7,Emilia Romagna Grand Prix,FP1,19-05-2024
0 days 00:24:09.869000,23.5,32,1006.9,FALSE,43.1,303,3.7,7,Emilia Romagna Grand Prix,FP1,19-05-2024
0 days 00:25:09.859000,23.7,32,1007,FALSE,43.2,306,3.7,7,Emilia Romagna Grand Prix,FP1,19-05-2024
0 days 00:26:09.887000,23.7,32,1006.9,FALSE,43.2,275,4.5,7,Emilia Romagna Grand Prix,FP1,19-05-2024
0 days 00:27:09.903000,23.7,32,1007,FALSE,43.4,287,2.9,7,Emilia Romagna Grand Prix,FP1,19-05-2024
0 days 00:28:09.876000,23.8,31,1006.8,FALSE,43.7,333,4.1,7,Emilia Romagna Grand Prix,FP1,19-05-2024
0 days 00:29:09.885000,23.8,31,1006.9,FALSE,43.6,299,4.2,7,Emilia Romagna Grand Prix,FP1,19-05-2024
0 days 00:30:09.885000,23.8,31,1006.9,FALSE,43.3,295,4.9,7,Emilia Romagna Grand Prix,FP1,19-05-2024
0 days 00:31:09.898000,23.8,31,1007,FALSE,43.3,294,4.4,7,Emilia Romagna Grand Prix,FP1,19-05-2024
0 days 00:32:09.923000,23.8,31,1007,FALSE,43.5,307,3.6,7,Emilia Romagna Grand Prix,FP1,19-05-2024
0 days 00:33:09.904000,23.8,30,1007,FALSE,43.6,308,4.6,7,Emilia Romagna Grand Prix,FP1,19-05-2024
0 days 00:34:09.926000,23.9,31,1006.8,FALSE,43.6,239,3.1,7,Emilia Romagna Grand Prix,FP1,19-05-2024
0 days 00:35:09.925000,23.9,32,1006.8,FALSE,43.6,321,3.5,7,Emilia Romagna Grand Prix,FP1,19-05-2024
0 days 00:36:09.920000,24,31,1006.8,FALSE,43.5,314,4.4,7,Emilia Romagna Grand Prix,FP1,19-05-2024
0 days 00:37:10.072000,24.1,31,1006.8,FALSE,43.5,307,4,7,Emilia Romagna Grand Prix,FP1,19-05-2024
0 days 00:38:10.055000,24.1,31,1006.8,FALSE,43.3,308,4.3,7,Emilia Romagna Grand Prix,FP1,19-05-2024
0 days 00:39:10.056000,24.2,32,1006.8,FALSE,43.3,278,5.3,7,Emilia Romagna Grand Prix,FP1,19-05-2024
0 days 00:40:10.059000,24.2,32,1006.6,FALSE,43.5,338,3.8,7,Emilia Romagna Grand Prix,FP1,19-05-2024
0 days 00:41:10.072000,24.2,32,1006.9,FALSE,43.7,292,3,7,Emilia Romagna Grand Prix,FP1,19-05-2024
0 days 00:42:10.066000,24.2,32,1006.9,FALSE,43.5,278,4.2,7,Emilia Romagna Grand Prix,FP1,19-05-2024
0 days 00:43:10.074000,24.1,32,1006.9,FALSE,43.7,275,3.8,7,Emilia Romagna Grand Prix,FP1,19-05-2024
0 days 00:44:10.095000,24.2,32,1006.8,FALSE,43.7,297,3.8,7,Emilia Romagna Grand Prix,FP1,19-05-2024
0 days 00:45:10.081000,24.1,32,1006.8,FALSE,43.7,309,3,7,Emilia Romagna Grand Prix,FP1,19-05-2024
0 days 00:46:10.075000,24.3,32,1006.9,FALSE,44.1,300,2.3,7,Emilia Romagna Grand Prix,FP1,19-05-2024
0 days 00:47:10.078000,24.3,31,1006.8,FALSE,43.8,299,3.6,7,Emilia Romagna Grand Prix,FP1,19-05-2024
0 days 00:48:10.090000,24.3,31,1006.9,FALSE,43.7,287,4,7,Emilia Romagna Grand Prix,FP1,19-05-2024
0 days 00:49:10.108000,24.1,33,1006.9,FALSE,43.4,283,4.7,7,Emilia Romagna Grand Prix,FP1,19-05-2024
0 days 00:50:10.088000,24.1,33,1006.8,FALSE,43.4,265,3.8,7,Emilia Romagna Grand Prix,FP1,19-05-2024
0 days 00:51:10.151000,24.2,33,1006.9,FALSE,43.4,274,3.8,7,Emilia Romagna Grand Prix,FP1,19-05-2024
0 days 00:52:10.108000,24.3,34,1007.1,FALSE,43.5,273,4.1,7,Emilia Romagna Grand Prix,FP1,19-05-2024
0 days 00:53:10.124000,24.2,33,1006.9,FALSE,43.9,324,4.7,7,Emilia Romagna Grand Prix,FP1,19-05-2024
0 days 00:54:10.176000,24.2,32,1006.9,FALSE,43.9,301,4.5,7,Emilia Romagna Grand Prix,FP1,19-05-2024
0 days 00:55:10.147000,24.1,32,1006.9,FALSE,43.7,312,5.2,7,Emilia Romagna Grand Prix,FP1,19-05-2024
0 days 00:56:10.147000,24.2,32,1006.9,FALSE,43.7,292,3.5,7,Emilia Romagna Grand Prix,FP1,19-05-2024
0 days 00:57:10.142000,24.3,32,1006.8,FALSE,44.1,298,3.9,7,Emilia Romagna Grand Prix,FP1,19-05-2024
0 days 00:58:10.152000,24.3,32,1006.8,FALSE,43.8,286,3.7,7,Emilia Romagna Grand Prix,FP1,19-05-2024
0 days 00:59:10.146000,24.3,33,1006.8,FALSE,43.8,317,3.4,7,Emilia Romagna Grand Prix,FP1,19-05-2024
0 days 01:00:10.144000,24.3,33,1006.7,FALSE,43.8,324,3.5,7,Emilia Romagna Grand Prix,FP1,19-05-2024
0 days 01:01:10.148000,24.3,33,1006.9,FALSE,43.9,316,3.8,7,Emilia Romagna Grand Prix,FP1,19-05-2024
0 days 01:02:10.178000,24.3,33,1006.8,FALSE,43.9,295,3.3,7,Emilia Romagna Grand Prix,FP1,19-05-2024
0 days 01:03:10.181000,24.4,33,1006.7,FALSE,44.2,289,4.4,7,Emilia Romagna Grand Prix,FP1,19-05-2024
0 days 01:04:10.178000,24.3,32,1006.9,FALSE,44.4,290,3.6,7,Emilia Romagna Grand Prix,FP1,19-05-2024
0 days 01:05:10.169000,24.4,31,1006.8,FALSE,44.5,290,3.5,7,Emilia Romagna Grand Prix,FP1,19-05-2024
0 days 01:06:10.187000,24.4,31,1006.7,FALSE,44.4,308,3.9,7,Emilia Romagna Grand Prix,FP1,19-05-2024
0 days 01:07:10.189000,24.5,32,1006.8,FALSE,44.4,281,3.1,7,Emilia Romagna Grand Prix,FP1,19-05-2024
0 days 01:08:10.202000,24.5,32,1006.8,FALSE,44,320,4.2,7,Emilia Romagna Grand Prix,FP1,19-05-2024
0 days 01:09:10.217000,24.5,32,1007,FALSE,44,285,4.1,7,Emilia Romagna Grand Prix,FP1,19-05-2024
0 days 01:10:10.217000,24.5,32,1006.8,FALSE,44,327,4.5,7,Emilia Romagna Grand Prix,FP1,19-05-2024
0 days 01:11:10.230000,24.4,33,1006.8,FALSE,44,263,3.6,7,Emilia Romagna Grand Prix,FP1,19-05-2024
0 days 01:12:10.231000,24.5,32,1006.7,FALSE,43.8,330,3.4,7,Emilia Romagna Grand Prix,FP1,19-05-2024
0 days 01:13:10.250000,24.5,32,1006.9,FALSE,44,282,3,7,Emilia Romagna Grand Prix,FP1,19-05-2024
0 days 01:14:10.256000,24.5,31,1007,FALSE,44.1,288,2.3,7,Emilia Romagna Grand Prix,FP1,19-05-2024
0 days 01:15:10.272000,24.6,31,1007,FALSE,44,296,3.7,7,Emilia Romagna Grand Prix,FP1,19-05-2024
0 days 01:16:10.284000,24.6,32,1006.8,FALSE,43.7,275,4.8,7,Emilia Romagna Grand Prix,FP1,19-05-2024
0 days 01:17:10.292000,24.4,33,1006.7,FALSE,43.8,303,3,7,Emilia Romagna Grand Prix,FP1,19-05-2024
0 days 01:18:10.283000,24.4,32,1006.8,FALSE,44,312,3.5,7,Emilia Romagna Grand Prix,FP1,19-05-2024
0 days 00:00:02.850000,24.1,35,1006.5,FALSE,36.9,285,2.4,7,Emilia Romagna Grand Prix,FP2,19-05-2024
0 days 00:01:02.852000,24.1,35,1006.5,FALSE,37.3,344,3.1,7,Emilia Romagna Grand Prix,FP2,19-05-2024
0 days 00:02:02.862000,24.2,35,1006.6,FALSE,36.9,320,2.4,7,Emilia Romagna Grand Prix,FP2,19-05-2024
0 days 00:03:02.888000,24.2,35,1006.6,FALSE,36.5,286,4.5,7,Emilia Romagna Grand Prix,FP2,19-05-2024
0 days 00:04:02.890000,24.1,36,1006.6,FALSE,36.8,309,3.2,7,Emilia Romagna Grand Prix,FP2,19-05-2024
0 days 00:05:02.907000,24,36,1006.5,FALSE,37.4,274,2,7,Emilia Romagna Grand Prix,FP2,19-05-2024
0 days 00:06:02.900000,24.1,35,1006.6,FALSE,37.7,228,2.4,7,Emilia Romagna Grand Prix,FP2,19-05-2024
0 days 00:07:02.904000,24.2,36,1006.5,FALSE,38,272,1.8,7,Emilia Romagna Grand Prix,FP2,19-05-2024
0 days 00:08:02.917000,24.4,35,1006.5,FALSE,38.4,324,2.1,7,Emilia Romagna Grand Prix,FP2,19-05-2024
0 days 00:09:02.901000,24.5,35,1006.6,FALSE,38.5,298,2.5,7,Emilia Romagna Grand Prix,FP2,19-05-2024
0 days 00:10:02.899000,24.6,35,1006.5,FALSE,38.5,273,3.2,7,Emilia Romagna Grand Prix,FP2,19-05-2024
0 days 00:11:02.926000,24.6,35,1006.5,FALSE,38.7,288,2.4,7,Emilia Romagna Grand Prix,FP2,19-05-2024
0 days 00:12:02.902000,24.6,34,1006.6,FALSE,38.9,295,3.3,7,Emilia Romagna Grand Prix,FP2,19-05-2024
0 days 00:13:02.922000,24.6,34,1006.5,FALSE,39,323,3.1,7,Emilia Romagna Grand Prix,FP2,19-05-2024
0 days 00:14:02.922000,24.5,34,1006.5,FALSE,39,290,2.9,7,Emilia Romagna Grand Prix,FP2,19-05-2024
0 days 00:15:02.950000,24.5,34,1006.6,FALSE,37.9,225,2.2,7,Emilia Romagna Grand Prix,FP2,19-05-2024
0 days 00:16:02.962000,24.5,35,1006.6,FALSE,37.9,305,2.9,7,Emilia Romagna Grand Prix,FP2,19-05-2024
0 days 00:17:02.979000,24.4,35,1006.5,FALSE,38.3,332,2.6,7,Emilia Romagna Grand Prix,FP2,19-05-2024
0 days 00:18:02.977000,24.5,34,1006.5,FALSE,38.4,308,2.8,7,Emilia Romagna Grand Prix,FP2,19-05-2024
0 days 00:19:03.003000,24.5,34,1006.5,FALSE,38.4,322,3.2,7,Emilia Romagna Grand Prix,FP2,19-05-2024
0 days 00:20:03.022000,24.6,33,1006.6,FALSE,38.4,298,4,7,Emilia Romagna Grand Prix,FP2,19-05-2024
0 days 00:21:03.049000,24.6,34,1006.6,FALSE,38.3,290,3.1,7,Emilia Romagna Grand Prix,FP2,19-05-2024
0 days 00:22:03.071000,24.5,34,1006.6,FALSE,38,283,2.3,7,Emilia Romagna Grand Prix,FP2,19-05-2024
0 days 00:23:03.077000,24.5,34,1006.4,FALSE,38.1,271,2.7,7,Emilia Romagna Grand Prix,FP2,19-05-2024
0 days 00:24:03.107000,24.5,35,1006.5,FALSE,38.2,286,2.3,7,Emilia Romagna Grand Prix,FP2,19-05-2024
0 days 00:25:03.098000,24.6,34,1006.5,FALSE,38.3,283,3.1,7,Emilia Romagna Grand Prix,FP2,19-05-2024
0 days 00:26:03.097000,24.5,34,1006.5,FALSE,38,237,2.5,7,Emilia Romagna Grand Prix,FP2,19-05-2024
0 days 00:27:03.082000,24.5,35,1006.5,FALSE,38,246,2.1,7,Emilia Romagna Grand Prix,FP2,19-05-2024
0 days 00:28:03.100000,24.5,35,1006.5,FALSE,38.3,256,2.9,7,Emilia Romagna Grand Prix,FP2,19-05-2024
0 days 00:29:03.106000,24.5,35,1006.5,FALSE,38.2,236,2.6,7,Emilia Romagna Grand Prix,FP2,19-05-2024
0 days 00:30:03.099000,24.4,34,1006.5,FALSE,38.2,276,3.3,7,Emilia Romagna Grand Prix,FP2,19-05-2024
0 days 00:31:03.108000,24.4,34,1006.5,FALSE,38,280,3.9,7,Emilia Romagna Grand Prix,FP2,19-05-2024
0 days 00:32:03.111000,24.4,34,1006.5,FALSE,38,299,3.6,7,Emilia Romagna Grand Prix,FP2,19-05-2024
0 days 00:33:03.092000,24.4,35,1006.6,FALSE,36.9,289,3.4,7,Emilia Romagna Grand Prix,FP2,19-05-2024
0 days 00:34:03.111000,24.2,35,1006.7,FALSE,36.9,274,3.8,7,Emilia Romagna Grand Prix,FP2,19-05-2024
0 days 00:35:03.095000,24.1,35,1006.6,FALSE,37,311,2.1,7,Emilia Romagna Grand Prix,FP2,19-05-2024
0 days 00:36:03.113000,24.1,35,1006.5,FALSE,37.1,284,3.2,7,Emilia Romagna Grand Prix,FP2,19-05-2024
0 days 00:37:03.098000,24.1,35,1006.5,FALSE,37.5,284,3.5,7,Emilia Romagna Grand Prix,FP2,19-05-2024
0 days 00:38:03.108000,24,36,1006.5,FALSE,36.4,252,2,7,Emilia Romagna Grand Prix,FP2,19-05-2024
0 days 00:39:03.096000,24,36,1006.5,FALSE,36.2,306,1.6,7,Emilia Romagna Grand Prix,FP2,19-05-2024
0 days 00:40:03.107000,24,36,1006.5,FALSE,35.3,289,0.5,7,Emilia Romagna Grand Prix,FP2,19-05-2024
0 days 00:41:03.097000,24,35,1006.5,FALSE,35.3,291,1.7,7,Emilia Romagna Grand Prix,FP2,19-05-2024
0 days 00:42:03.110000,24,35,1006.4,FALSE,35.1,271,1.6,7,Emilia Romagna Grand Prix,FP2,19-05-2024
0 days 00:43:03.121000,24.1,35,1006.5,FALSE,35.5,286,3.1,7,Emilia Romagna Grand Prix,FP2,19-05-2024
0 days 00:44:03.118000,24.2,36,1006.5,FALSE,35.6,316,1.8,7,Emilia Romagna Grand Prix,FP2,19-05-2024
0 days 00:45:03.097000,24.3,35,1006.3,FALSE,35.6,279,2.1,7,Emilia Romagna Grand Prix,FP2,19-05-2024
0 days 00:46:03.101000,24.4,35,1006.4,FALSE,35.7,289,2.1,7,Emilia Romagna Grand Prix,FP2,19-05-2024
0 days 00:47:03.115000,24.5,36,1006.4,FALSE,35.8,282,1.3,7,Emilia Romagna Grand Prix,FP2,19-05-2024
0 days 00:48:03.127000,24.5,35,1006.6,FALSE,36.3,288,3.3,7,Emilia Romagna Grand Prix,FP2,19-05-2024
0 days 00:49:03.173000,24.5,34,1006.5,FALSE,36.3,278,3.5,7,Emilia Romagna Grand Prix,FP2,19-05-2024
0 days 00:50:03.196000,24.5,34,1006.4,FALSE,36.3,278,4.6,7,Emilia Romagna Grand Prix,FP2,19-05-2024
0 days 00:51:03.170000,24.6,33,1006.3,FALSE,36.3,298,3.1,7,Emilia Romagna Grand Prix,FP2,19-05-2024
0 days 00:52:03.167000,24.5,33,1006.3,FALSE,36.6,286,3.2,7,Emilia Romagna Grand Prix,FP2,19-05-2024
0 days 00:53:03.202000,24.5,33,1006.3,FALSE,36.3,350,3.4,7,Emilia Romagna Grand Prix,FP2,19-05-2024
0 days 00:54:03.184000,24.5,34,1006.4,FALSE,35.5,273,2.5,7,Emilia Romagna Grand Prix,FP2,19-05-2024
0 days 00:55:03.189000,24.4,34,1006.3,FALSE,35.4,311,1.6,7,Emilia Romagna Grand Prix,FP2,19-05-2024
0 days 00:56:03.213000,24.3,34,1006.4,FALSE,35.5,282,1.3,7,Emilia Romagna Grand Prix,FP2,19-05-2024
0 days 00:57:03.184000,24.2,34,1006.3,FALSE,35.5,267,2.6,7,Emilia Romagna Grand Prix,FP2,19-05-2024
0 days 00:58:03.181000,24.1,34,1006.4,FALSE,35.5,265,1.5,7,Emilia Romagna Grand Prix,FP2,19-05-2024
0 days 00:59:03.194000,24.1,34,1006.3,FALSE,35.7,281,2.8,7,Emilia Romagna Grand Prix,FP2,19-05-2024
0 days 01:00:03.200000,24.1,34,1006.3,FALSE,35.8,282,2.4,7,Emilia Romagna Grand Prix,FP2,19-05-2024
0 days 01:01:03.205000,24.1,34,1006.3,FALSE,35.8,196,1.3,7,Emilia Romagna Grand Prix,FP2,19-05-2024
0 days 01:02:03.233000,24.3,34,1006.3,FALSE,35.9,2,1,7,Emilia Romagna Grand Prix,FP2,19-05-2024
0 days 01:03:03.227000,24.4,34,1006.2,FALSE,36,300,1.5,7,Emilia Romagna Grand Prix,FP2,19-05-2024
0 days 01:04:03.237000,24.5,33,1006.3,FALSE,36,317,0.8,7,Emilia Romagna Grand Prix,FP2,19-05-2024
0 days 01:05:03.232000,24.6,32,1006.3,FALSE,36,295,0.9,7,Emilia Romagna Grand Prix,FP2,19-05-2024
0 days 01:06:03.232000,24.6,32,1006.3,FALSE,36,298,2.1,7,Emilia Romagna Grand Prix,FP2,19-05-2024
0 days 01:07:03.244000,24.7,32,1006.3,FALSE,36,317,1.2,7,Emilia Romagna Grand Prix,FP2,19-05-2024
0 days 01:08:03.248000,24.7,31,1006.4,FALSE,35.9,285,1.9,7,Emilia Romagna Grand Prix,FP2,19-05-2024
0 days 01:09:03.238000,24.7,30,1006.3,FALSE,36.1,224,1.6,7,Emilia Romagna Grand Prix,FP2,19-05-2024
0 days 01:10:03.249000,24.6,31,1006.3,FALSE,35.8,345,1.9,7,Emilia Romagna Grand Prix,FP2,19-05-2024
0 days 01:11:03.251000,24.5,31,1006.3,FALSE,35.8,301,2.5,7,Emilia Romagna Grand Prix,FP2,19-05-2024
0 days 01:12:03.251000,24.5,29,1006.2,FALSE,35.8,303,2.9,7,Emilia Romagna Grand Prix,FP2,19-05-2024
0 days 01:13:03.251000,24.5,30,1006.4,FALSE,35.8,309,3.6,7,Emilia Romagna Grand Prix,FP2,19-05-2024
0 days 01:14:03.252000,24.5,30,1006.4,FALSE,35.6,300,2.4,7,Emilia Romagna Grand Prix,FP2,19-05-2024
0 days 01:15:03.249000,24.5,31,1006.4,FALSE,35.6,289,2,7,Emilia Romagna Grand Prix,FP2,19-05-2024
0 days 01:16:03.269000,24.5,31,1006.4,FALSE,35.7,292,2.9,7,Emilia Romagna Grand Prix,FP2,19-05-2024
0 days 01:17:03.298000,24.5,31,1006.5,FALSE,35.6,310,3.3,7,Emilia Romagna Grand Prix,FP2,19-05-2024
0 days 00:00:38.291000,23.1,44,1009.5,FALSE,42.4,134,1.8,7,Emilia Romagna Grand Prix,FP3,19-05-2024
0 days 00:01:38.294000,23.1,44,1009.4,FALSE,42.5,129,1.8,7,Emilia Romagna Grand Prix,FP3,19-05-2024
0 days 00:02:38.304000,23.1,43,1009.5,FALSE,42.6,128,1.7,7,Emilia Romagna Grand Prix,FP3,19-05-2024
0 days 00:03:38.295000,23,43,1009.5,FALSE,42.6,179,1.2,7,Emilia Romagna Grand Prix,FP3,19-05-2024
0 days 00:04:38.292000,23,43,1009.4,FALSE,43.3,122,0.9,7,Emilia Romagna Grand Prix,FP3,19-05-2024
0 days 00:05:38.313000,23,43,1009.4,FALSE,43.3,176,1.7,7,Emilia Romagna Grand Prix,FP3,19-05-2024
0 days 00:06:38.323000,23.1,44,1009.4,FALSE,43.3,141,1.4,7,Emilia Romagna Grand Prix,FP3,19-05-2024
0 days 00:07:38.313000,23.2,43,1009.3,FALSE,44,144,1.8,7,Emilia Romagna Grand Prix,FP3,19-05-2024
0 days 00:08:38.318000,23.2,42,1009.4,FALSE,43.1,112,3.3,7,Emilia Romagna Grand Prix,FP3,19-05-2024
0 days 00:09:38.313000,23.3,43,1009.4,FALSE,42.9,175,2.7,7,Emilia Romagna Grand Prix,FP3,19-05-2024
0 days 00:10:38.310000,23.2,44,1009.5,FALSE,43.1,160,1.1,7,Emilia Romagna Grand Prix,FP3,19-05-2024
0 days 00:11:38.323000,23.3,43,1009.4,FALSE,43.7,142,1.9,7,Emilia Romagna Grand Prix,FP3,19-05-2024
0 days 00:12:38.316000,23.2,42,1009.4,FALSE,43.7,125,1.9,7,Emilia Romagna Grand Prix,FP3,19-05-2024
0 days 00:13:38.321000,23.1,43,1009.5,FALSE,43.7,128,1.8,7,Emilia Romagna Grand Prix,FP3,19-05-2024
0 days 00:14:38.316000,23.2,43,1009.4,FALSE,43.2,154,1.2,7,Emilia Romagna Grand Prix,FP3,19-05-2024
0 days 00:15:38.303000,23.1,42,1009.4,FALSE,43.5,149,1,7,Emilia Romagna Grand Prix,FP3,19-05-2024
0 days 00:16:38.334000,23.1,42,1009.4,FALSE,43.5,119,0.8,7,Emilia Romagna Grand Prix,FP3,19-05-2024
0 days 00:17:38.334000,23.3,43,1009.3,FALSE,44.2,134,2.1,7,Emilia Romagna Grand Prix,FP3,19-05-2024
0 days 00:18:38.346000,23.2,42,1009.2,FALSE,44.2,110,3.1,7,Emilia Romagna Grand Prix,FP3,19-05-2024
0 days 00:19:38.332000,23.2,42,1009.3,FALSE,43.7,152,2.6,7,Emilia Romagna Grand Prix,FP3,19-05-2024
0 days 00:20:38.351000,23.4,43,1009.2,FALSE,43.8,151,2.7,7,Emilia Romagna Grand Prix,FP3,19-05-2024
0 days 00:21:38.396000,23.3,43,1009.3,FALSE,44.1,133,1.8,7,Emilia Romagna Grand Prix,FP3,19-05-2024
0 days 00:22:38.390000,23.3,42,1009.3,FALSE,44.2,122,2.1,7,Emilia Romagna Grand Prix,FP3,19-05-2024
0 days 00:23:38.406000,23.3,42,1009.4,FALSE,44.3,0,2,7,Emilia Romagna Grand Prix,FP3,19-05-2024
0 days 00:24:38.387000,23.4,42,1009.3,FALSE,44.4,139,0.8,7,Emilia Romagna Grand Prix,FP3,19-05-2024
0 days 00:25:38.396000,23.3,40,1009.3,FALSE,44.3,163,2.1,7,Emilia Romagna Grand Prix,FP3,19-05-2024
0 days 00:26:38.399000,23.3,40,1009.4,FALSE,44.4,136,1.7,7,Emilia Romagna Grand Prix,FP3,19-05-2024
0 days 00:27:38.420000,23.3,40,1009.2,FALSE,44.7,165,2,7,Emilia Romagna Grand Prix,FP3,19-05-2024
0 days 00:28:38.402000,23.4,40,1009.4,FALSE,44.7,133,1.6,7,Emilia Romagna Grand Prix,FP3,19-05-2024
0 days 00:29:38.424000,23.5,41,1009.3,FALSE,44.7,116,1.9,7,Emilia Romagna Grand Prix,FP3,19-05-2024
0 days 00:30:38.420000,23.5,40,1009.2,FALSE,44.4,136,2.2,7,Emilia Romagna Grand Prix,FP3,19-05-2024
0 days 00:31:38.423000,23.6,41,1009.3,FALSE,44.4,135,3.3,7,Emilia Romagna Grand Prix,FP3,19-05-2024
0 days 00:32:38.434000,23.6,41,1009.3,FALSE,44.4,121,2.3,7,Emilia Romagna Grand Prix,FP3,19-05-2024
0 days 00:33:38.442000,23.6,41,1009.2,FALSE,44.4,137,1.8,7,Emilia Romagna Grand Prix,FP3,19-05-2024
0 days 00:34:38.440000,23.6,41,1009.3,FALSE,44.6,123,2.1,7,Emilia Romagna Grand Prix,FP3,19-05-2024
0 days 00:35:38.449000,23.5,41,1009.2,FALSE,44.6,153,1.9,7,Emilia Romagna Grand Prix,FP3,19-05-2024
0 days 00:36:38.476000,23.5,41,1009.2,FALSE,44,133,1.8,7,Emilia Romagna Grand Prix,FP3,19-05-2024
0 days 00:37:38.470000,23.6,41,1009.3,FALSE,44,138,2.7,7,Emilia Romagna Grand Prix,FP3,19-05-2024
0 days 00:38:38.460000,23.8,43,1009.3,FALSE,43.7,145,2.6,7,Emilia Romagna Grand Prix,FP3,19-05-2024
0 days 00:39:38.564000,23.9,43,1009.2,FALSE,43.6,138,2,7,Emilia Romagna Grand Prix,FP3,19-05-2024
0 days 00:40:38.493000,23.9,43,1009.2,FALSE,44.3,114,2.5,7,Emilia Romagna Grand Prix,FP3,19-05-2024
0 days 00:41:38.521000,23.6,42,1009.3,FALSE,44.9,106,2.1,7,Emilia Romagna Grand Prix,FP3,19-05-2024
0 days 00:42:38.504000,23.6,42,1009.2,FALSE,45.2,149,2.4,7,Emilia Romagna Grand Prix,FP3,19-05-2024
0 days 00:43:38.513000,23.6,41,1009.3,FALSE,45,128,1.7,7,Emilia Romagna Grand Prix,FP3,19-05-2024
0 days 00:44:38.534000,23.6,42,1009.4,FALSE,45,235,1.5,7,Emilia Romagna Grand Prix,FP3,19-05-2024
0 days 00:45:38.539000,23.9,42,1009.3,FALSE,45.3,137,0.7,7,Emilia Romagna Grand Prix,FP3,19-05-2024
0 days 00:46:38.540000,23.9,41,1009.3,FALSE,45.5,119,1.2,7,Emilia Romagna Grand Prix,FP3,19-05-2024
0 days 00:47:38.572000,24,40,1009.3,FALSE,45.6,127,1.6,7,Emilia Romagna Grand Prix,FP3,19-05-2024
0 days 00:48:38.557000,23.9,40,1009.3,FALSE,45.4,103,1.8,7,Emilia Romagna Grand Prix,FP3,19-05-2024
0 days 00:49:38.557000,24,41,1009.4,FALSE,45.4,130,1.7,7,Emilia Romagna Grand Prix,FP3,19-05-2024
0 days 00:50:38.560000,24,40,1009.2,FALSE,44.9,112,2.1,7,Emilia Romagna Grand Prix,FP3,19-05-2024
0 days 00:51:38.566000,23.9,40,1009.3,FALSE,44.3,131,2.4,7,Emilia Romagna Grand Prix,FP3,19-05-2024
0 days 00:52:38.558000,23.7,41,1009.3,FALSE,44.1,149,1.7,7,Emilia Romagna Grand Prix,FP3,19-05-2024
0 days 00:53:38.576000,23.8,41,1009.2,FALSE,44.3,173,1.6,7,Emilia Romagna Grand Prix,FP3,19-05-2024
0 days 00:54:38.586000,23.8,41,1009.2,FALSE,44.5,142,1,7,Emilia Romagna Grand Prix,FP3,19-05-2024
0 days 00:55:38.590000,23.8,41,1009.1,FALSE,45,134,3.3,7,Emilia Romagna Grand Prix,FP3,19-05-2024
0 days 00:56:38.593000,23.9,40,1009.1,FALSE,45,110,3.3,7,Emilia Romagna Grand Prix,FP3,19-05-2024
0 days 00:57:38.585000,23.6,40,1009.2,FALSE,44.8,120,2.4,7,Emilia Romagna Grand Prix,FP3,19-05-2024
0 days 00:58:38.582000,23.6,41,1009.1,FALSE,44.5,354,1.4,7,Emilia Romagna Grand Prix,FP3,19-05-2024
0 days 00:59:38.578000,23.7,40,1009.2,FALSE,45.6,141,0.8,7,Emilia Romagna Grand Prix,FP3,19-05-2024
0 days 01:00:38.606000,23.9,41,1009.2,FALSE,45.7,122,2.5,7,Emilia Romagna Grand Prix,FP3,19-05-2024
0 days 01:01:38.633000,24,40,1009.1,FALSE,45.7,114,2.1,7,Emilia Romagna Grand Prix,FP3,19-05-2024
0 days 01:02:38.642000,24,40,1009,FALSE,45.5,107,2.1,7,Emilia Romagna Grand Prix,FP3,19-05-2024
0 days 01:03:38.645000,24,40,1009.2,FALSE,45.6,91,1.7,7,Emilia Romagna Grand Prix,FP3,19-05-2024
0 days 01:04:38.642000,23.8,40,1009.1,FALSE,45.8,118,2.1,7,Emilia Romagna Grand Prix,FP3,19-05-2024
0 days 01:05:38.653000,23.9,39,1009.1,FALSE,45.9,126,1.2,7,Emilia Romagna Grand Prix,FP3,19-05-2024
0 days 01:06:38.678000,23.9,40,1009,FALSE,45.5,149,1.1,7,Emilia Romagna Grand Prix,FP3,19-05-2024
0 days 01:07:38.667000,24.1,40,1008.9,FALSE,45.1,126,1.5,7,Emilia Romagna Grand Prix,FP3,19-05-2024
0 days 01:08:38.704000,24.2,40,1009,FALSE,44.8,114,3.8,7,Emilia Romagna Grand Prix,FP3,19-05-2024
0 days 01:09:38.704000,24.2,40,1009,FALSE,45.1,160,2.2,7,Emilia Romagna Grand Prix,FP3,19-05-2024
0 days 01:10:38.731000,24,40,1009,FALSE,45.1,136,1.5,7,Emilia Romagna Grand Prix,FP3,19-05-2024
0 days 01:11:38.741000,23.9,40,1009,FALSE,45.4,150,1.1,7,Emilia Romagna Grand Prix,FP3,19-05-2024
0 days 01:12:38.725000,24,40,1009,FALSE,45.5,149,1.5,7,Emilia Romagna Grand Prix,FP3,19-05-2024
0 days 01:13:38.733000,24,40,1009,FALSE,45.7,124,2.4,7,Emilia Romagna Grand Prix,FP3,19-05-2024
0 days 01:14:38.737000,24,40,1009,FALSE,45.5,129,2.6,7,Emilia Romagna Grand Prix,FP3,19-05-2024
0 days 01:15:38.729000,24.2,41,1008.9,FALSE,45.5,125,1.9,7,Emilia Romagna Grand Prix,FP3,19-05-2024
0 days 01:16:38.729000,24.3,39,1009,FALSE,45.5,165,1.6,7,Emilia Romagna Grand Prix,FP3,19-05-2024
0 days 01:17:38.736000,24.2,40,1009,FALSE,45.8,151,1.1,7,Emilia Romagna Grand Prix,FP3,19-05-2024
0 days 00:00:50.164000,24.3,43,1008.2,FALSE,43.8,125,3.5,7,Emilia Romagna Grand Prix,Q,19-05-2024
0 days 00:01:50.151000,24.2,43,1008.2,FALSE,43.3,138,3.7,7,Emilia Romagna Grand Prix,Q,19-05-2024
0 days 00:02:50.170000,24.1,42,1008.2,FALSE,43,120,2.7,7,Emilia Romagna Grand Prix,Q,19-05-2024
0 days 00:03:50.185000,24,42,1008.2,FALSE,41.4,129,3.4,7,Emilia Romagna Grand Prix,Q,19-05-2024
0 days 00:04:50.187000,23.9,42,1008.3,FALSE,41.6,121,3.5,7,Emilia Romagna Grand Prix,Q,19-05-2024
0 days 00:05:50.200000,23.9,43,1008.2,FALSE,41.6,111,3.2,7,Emilia Romagna Grand Prix,Q,19-05-2024
0 days 00:06:50.214000,23.9,43,1008.2,FALSE,42,108,2.3,7,Emilia Romagna Grand Prix,Q,19-05-2024
0 days 00:07:50.211000,23.9,42,1008.2,FALSE,42,141,2.5,7,Emilia Romagna Grand Prix,Q,19-05-2024
0 days 00:08:50.210000,23.9,44,1008.2,FALSE,42.3,141,3.9,7,Emilia Romagna Grand Prix,Q,19-05-2024
0 days 00:09:50.216000,24,43,1008.2,FALSE,42.3,143,2.9,7,Emilia Romagna Grand Prix,Q,19-05-2024
0 days 00:10:50.231000,24.1,42,1008.3,FALSE,43,136,2,7,Emilia Romagna Grand Prix,Q,19-05-2024
0 days 00:11:50.240000,24.3,43,1008.2,FALSE,43,106,3.1,7,Emilia Romagna Grand Prix,Q,19-05-2024
0 days 00:12:50.246000,24.3,42,1008.2,FALSE,43.4,154,2.7,7,Emilia Romagna Grand Prix,Q,19-05-2024
0 days 00:13:50.263000,24.2,43,1008.3,FALSE,43.2,126,4.1,7,Emilia Romagna Grand Prix,Q,19-05-2024
0 days 00:14:50.278000,24.2,42,1008.2,FALSE,43.1,143,3.3,7,Emilia Romagna Grand Prix,Q,19-05-2024
0 days 00:15:50.265000,24.2,42,1008.2,FALSE,43.1,137,2.2,7,Emilia Romagna Grand Prix,Q,19-05-2024
0 days 00:16:50.265000,24.4,42,1008.3,FALSE,43.1,146,2.3,7,Emilia Romagna Grand Prix,Q,19-05-2024
0 days 00:17:50.289000,24.3,41,1008.2,FALSE,43.1,99,2.1,7,Emilia Romagna Grand Prix,Q,19-05-2024
0 days 00:18:50.282000,24.3,42,1008.2,FALSE,43.2,128,3,7,Emilia Romagna Grand Prix,Q,19-05-2024
0 days 00:19:50.287000,24.2,42,1008.1,FALSE,43.1,110,3.6,7,Emilia Romagna Grand Prix,Q,19-05-2024
0 days 00:20:50.317000,24.3,41,1008.2,FALSE,42.9,139,3.6,7,Emilia Romagna Grand Prix,Q,19-05-2024
0 days 00:21:50.325000,24.4,42,1008.1,FALSE,42.5,145,3.7,7,Emilia Romagna Grand Prix,Q,19-05-2024
0 days 00:22:50.337000,24.5,42,1008.2,FALSE,42.4,116,3.2,7,Emilia Romagna Grand Prix,Q,19-05-2024
0 days 00:23:50.322000,24.6,42,1008.2,FALSE,42.4,131,2.3,7,Emilia Romagna Grand Prix,Q,19-05-2024
0 days 00:24:50.316000,24.6,43,1008.2,FALSE,41.9,119,2.6,7,Emilia Romagna Grand Prix,Q,19-05-2024
0 days 00:25:50.353000,24.5,42,1008.1,FALSE,41.5,134,3.7,7,Emilia Romagna Grand Prix,Q,19-05-2024
0 days 00:26:50.353000,24.4,42,1008.1,FALSE,41.5,151,3.8,7,Emilia Romagna Grand Prix,Q,19-05-2024
0 days 00:27:50.356000,24.3,43,1008.1,FALSE,41.9,139,3.6,7,Emilia Romagna Grand Prix,Q,19-05-2024
0 days 00:28:50.346000,23.9,44,1008.1,FALSE,41.9,139,2.9,7,Emilia Romagna Grand Prix,Q,19-05-2024
0 days 00:29:50.360000,23.9,44,1008,FALSE,41.5,153,3.9,7,Emilia Romagna Grand Prix,Q,19-05-2024
0 days 00:30:50.376000,24.1,44,1008.1,FALSE,41.9,130,3.2,7,Emilia Romagna Grand Prix,Q,19-05-2024
0 days 00:31:50.390000,24.3,43,1008,FALSE,42.2,124,2.5,7,Emilia Romagna Grand Prix,Q,19-05-2024
0 days 00:32:50.403000,24.3,44,1008.1,FALSE,41.3,128,4.1,7,Emilia Romagna Grand Prix,Q,19-05-2024
0 days 00:33:50.394000,24.4,44,1008.2,FALSE,41.2,141,3.7,7,Emilia Romagna Grand Prix,Q,19-05-2024
0 days 00:34:50.406000,24.3,43,1008.1,FALSE,41.2,145,3.4,7,Emilia Romagna Grand Prix,Q,19-05-2024
0 days 00:35:50.436000,24.2,44,1008.1,FALSE,41.4,138,2,7,Emilia Romagna Grand Prix,Q,19-05-2024
0 days 00:36:50.449000,24.1,43,1008.1,FALSE,41.5,138,2,7,Emilia Romagna Grand Prix,Q,19-05-2024
0 days 00:37:50.461000,24.2,44,1008,FALSE,41.5,136,1.6,7,Emilia Romagna Grand Prix,Q,19-05-2024
0 days 00:38:50.454000,24.2,45,1008,FALSE,41.8,97,2.8,7,Emilia Romagna Grand Prix,Q,19-05-2024
0 days 00:39:50.452000,24.3,44,1008,FALSE,42.2,111,2.8,7,Emilia Romagna Grand Prix,Q,19-05-2024
0 days 00:40:50.457000,24.2,44,1008,FALSE,42.2,136,2.8,7,Emilia Romagna Grand Prix,Q,19-05-2024
0 days 00:41:50.454000,24.1,43,1008.1,FALSE,41.8,118,2.8,7,Emilia Romagna Grand Prix,Q,19-05-2024
0 days 00:42:50.483000,24.1,43,1008,FALSE,41.8,139,1.5,7,Emilia Romagna Grand Prix,Q,19-05-2024
0 days 00:43:50.502000,24.2,45,1008,FALSE,41.8,119,3.6,7,Emilia Romagna Grand Prix,Q,19-05-2024
0 days 00:44:50.493000,24.3,43,1007.9,FALSE,41.2,133,3.1,7,Emilia Romagna Grand Prix,Q,19-05-2024
0 days 00:45:50.515000,24.4,42,1008,FALSE,41,130,2.8,7,Emilia Romagna Grand Prix,Q,19-05-2024
0 days 00:46:50.546000,24.4,43,1007.8,FALSE,41,106,2.9,7,Emilia Romagna Grand Prix,Q,19-05-2024
0 days 00:47:50.550000,24.3,43,1007.8,FALSE,41.2,126,1.8,7,Emilia Romagna Grand Prix,Q,19-05-2024
0 days 00:48:50.551000,24.2,43,1007.8,FALSE,41.5,134,3.1,7,Emilia Romagna Grand Prix,Q,19-05-2024
0 days 00:49:50.548000,24.4,44,1007.9,FALSE,41.2,141,2.4,7,Emilia Romagna Grand Prix,Q,19-05-2024
0 days 00:50:50.577000,24.4,42,1007.8,FALSE,41.2,131,2.8,7,Emilia Romagna Grand Prix,Q,19-05-2024
0 days 00:51:50.571000,24.4,41,1007.9,FALSE,41.2,126,2.9,7,Emilia Romagna Grand Prix,Q,19-05-2024
0 days 00:52:50.583000,24.3,43,1007.8,FALSE,41.1,110,4.2,7,Emilia Romagna Grand Prix,Q,19-05-2024
0 days 00:53:50.596000,24.4,43,1007.7,FALSE,41,136,3,7,Emilia Romagna Grand Prix,Q,19-05-2024
0 days 00:54:50.616000,24.5,42,1007.8,FALSE,41.1,138,2.5,7,Emilia Romagna Grand Prix,Q,19-05-2024
0 days 00:55:50.615000,24.4,43,1007.9,FALSE,41.4,113,3.5,7,Emilia Romagna Grand Prix,Q,19-05-2024
0 days 00:56:50.625000,24.2,43,1007.8,FALSE,40.4,105,3.4,7,Emilia Romagna Grand Prix,Q,19-05-2024
0 days 00:57:50.636000,24.1,44,1007.8,FALSE,40.2,120,3.1,7,Emilia Romagna Grand Prix,Q,19-05-2024
0 days 00:58:50.633000,24.1,45,1007.8,FALSE,40.3,165,2.4,7,Emilia Romagna Grand Prix,Q,19-05-2024
0 days 00:59:50.637000,24,45,1007.9,FALSE,40.5,125,3.4,7,Emilia Romagna Grand Prix,Q,19-05-2024
0 days 01:00:50.636000,24,44,1007.8,FALSE,40.5,103,2.6,7,Emilia Romagna Grand Prix,Q,19-05-2024
0 days 01:01:50.648000,24,43,1007.8,FALSE,40.5,112,2.2,7,Emilia Romagna Grand Prix,Q,19-05-2024
0 days 01:02:50.669000,24,43,1007.8,FALSE,40.6,133,2.2,7,Emilia Romagna Grand Prix,Q,19-05-2024
0 days 01:03:50.673000,24,44,1007.9,FALSE,40.6,146,2.7,7,Emilia Romagna Grand Prix,Q,19-05-2024
0 days 01:04:50.670000,24,43,1007.8,FALSE,40.6,137,2.9,7,Emilia Romagna Grand Prix,Q,19-05-2024
0 days 01:05:50.690000,23.9,44,1007.8,FALSE,40.3,125,3.6,7,Emilia Romagna Grand Prix,Q,19-05-2024
0 days 01:06:50.725000,24,45,1007.8,FALSE,39.9,134,2.5,7,Emilia Romagna Grand Prix,Q,19-05-2024
0 days 01:07:50.702000,24.1,45,1007.8,FALSE,39.7,118,2.5,7,Emilia Romagna Grand Prix,Q,19-05-2024
0 days 01:08:50.720000,24.1,45,1007.9,FALSE,39.7,121,2.8,7,Emilia Romagna Grand Prix,Q,19-05-2024
0 days 01:09:50.735000,24,46,1007.8,FALSE,39.8,115,2,7,Emilia Romagna Grand Prix,Q,19-05-2024
0 days 01:10:50.756000,24,46,1007.8,FALSE,39.8,130,1.7,7,Emilia Romagna Grand Prix,Q,19-05-2024
0 days 01:11:50.766000,24,46,1007.8,FALSE,40.4,133,2.3,7,Emilia Romagna Grand Prix,Q,19-05-2024
0 days 01:12:50.775000,24,45,1007.9,FALSE,40.4,130,2.3,7,Emilia Romagna Grand Prix,Q,19-05-2024
0 days 01:13:50.817000,24.1,45,1007.8,FALSE,40,131,2.6,7,Emilia Romagna Grand Prix,Q,19-05-2024
0 days 01:14:50.830000,24.1,45,1007.8,FALSE,39.8,129,3.1,7,Emilia Romagna Grand Prix,Q,19-05-2024
0 days 00:00:59.203000,24.2,51,1007.2,FALSE,43.4,138,1.8,7,Emilia Romagna Grand Prix,R,19-05-2024
0 days 00:01:59.196000,24,52,1007.2,FALSE,43.1,112,1.2,7,Emilia Romagna Grand Prix,R,19-05-2024
0 days 00:02:59.230000,24,53,1007.2,FALSE,43.3,117,1.7,7,Emilia Romagna Grand Prix,R,19-05-2024
0 days 00:03:59.228000,24,53,1007.2,FALSE,43.3,134,2.3,7,Emilia Romagna Grand Prix,R,19-05-2024
0 days 00:04:59.233000,24.2,53,1007.3,FALSE,42.9,122,1.6,7,Emilia Romagna Grand Prix,R,19-05-2024
0 days 00:05:59.205000,24.4,53,1007.2,FALSE,42.6,133,1.4,7,Emilia Romagna Grand Prix,R,19-05-2024
0 days 00:06:59.234000,24.4,54,1007.2,FALSE,42.4,125,2,7,Emilia Romagna Grand Prix,R,19-05-2024
0 days 00:07:59.241000,24.3,55,1007.1,FALSE,41.8,116,2.1,7,Emilia Romagna Grand Prix,R,19-05-2024
0 days 00:08:59.245000,24.2,55,1007.2,FALSE,41.4,109,1.6,7,Emilia Romagna Grand Prix,R,19-05-2024
0 days 00:09:59.252000,24.1,55,1007.2,FALSE,41.4,102,1.7,7,Emilia Romagna Grand Prix,R,19-05-2024
0 days 00:10:59.251000,24.2,55,1007.2,FALSE,41.1,144,1.1,7,Emilia Romagna Grand Prix,R,19-05-2024
0 days 00:11:59.257000,24.3,54,1007.2,FALSE,41.1,122,2,7,Emilia Romagna Grand Prix,R,19-05-2024
0 days 00:12:59.254000,24.2,54,1007.1,FALSE,41.3,138,2.8,7,Emilia Romagna Grand Prix,R,19-05-2024
0 days 00:13:59.271000,24.2,54,1007.2,FALSE,40.8,161,2.8,7,Emilia Romagna Grand Prix,R,19-05-2024
0 days 00:14:59.290000,24.3,55,1007.2,FALSE,40.8,130,1.2,7,Emilia Romagna Grand Prix,R,19-05-2024
0 days 00:15:59.292000,24.3,54,1007.1,FALSE,40.9,134,2.2,7,Emilia Romagna Grand Prix,R,19-05-2024
0 days 00:16:59.304000,24.3,54,1007.1,FALSE,40.9,175,1.2,7,Emilia Romagna Grand Prix,R,19-05-2024
0 days 00:17:59.313000,24.4,55,1007.2,FALSE,41.2,179,1,7,Emilia Romagna Grand Prix,R,19-05-2024
0 days 00:18:59.300000,24.3,54,1007.1,FALSE,42,134,1.1,7,Emilia Romagna Grand Prix,R,19-05-2024
0 days 00:19:59.308000,24.4,53,1007.1,FALSE,42.6,140,1.4,7,Emilia Romagna Grand Prix,R,19-05-2024
0 days 00:20:59.321000,24.3,52,1007.1,FALSE,42.8,126,1.8,7,Emilia Romagna Grand Prix,R,19-05-2024
0 days 00:21:59.322000,24.3,51,1007,FALSE,43.1,146,1.5,7,Emilia Romagna Grand Prix,R,19-05-2024
0 days 00:22:59.328000,24.4,51,1007.1,FALSE,43.7,128,1.9,7,Emilia Romagna Grand Prix,R,19-05-2024
0 days 00:23:59.331000,24.4,50,1007,FALSE,44,148,1.4,7,Emilia Romagna Grand Prix,R,19-05-2024
0 days 00:24:59.329000,24.5,50,1007,FALSE,43.6,133,1.6,7,Emilia Romagna Grand Prix,R,19-05-2024
0 days 00:25:59.353000,24.5,50,1007,FALSE,43.6,132,1.9,7,Emilia Romagna Grand Prix,R,19-05-2024
0 days 00:26:59.357000,24.5,50,1006.9,FALSE,43.7,142,1.6,7,Emilia Romagna Grand Prix,R,19-05-2024
0 days 00:27:59.374000,24.4,51,1007,FALSE,43.8,149,1.9,7,Emilia Romagna Grand Prix,R,19-05-2024
0 days 00:28:59.377000,24.5,51,1007,FALSE,43.8,125,1.3,7,Emilia Romagna Grand Prix,R,19-05-2024
0 days 00:29:59.375000,24.5,51,1007,FALSE,43.7,73,1.7,7,Emilia Romagna Grand Prix,R,19-05-2024
0 days 00:30:59.371000,24.6,50,1007,FALSE,43.2,134,1.4,7,Emilia Romagna Grand Prix,R,19-05-2024
0 days 00:31:59.408000,24.8,51,1007.1,FALSE,42.5,137,1.7,7,Emilia Romagna Grand Prix,R,19-05-2024
0 days 00:32:59.404000,24.7,51,1007,FALSE,41.4,172,1.3,7,Emilia Romagna Grand Prix,R,19-05-2024
0 days 00:33:59.409000,24.6,52,1006.9,FALSE,40.3,177,1.6,7,Emilia Romagna Grand Prix,R,19-05-2024
0 days 00:34:59.426000,24.6,53,1007,FALSE,40.8,161,1.8,7,Emilia Romagna Grand Prix,R,19-05-2024
0 days 00:35:59.412000,24.6,52,1007,FALSE,41.3,268,0.7,7,Emilia Romagna Grand Prix,R,19-05-2024
0 days 00:36:59.424000,24.6,50,1007,FALSE,42.7,335,1.2,7,Emilia Romagna Grand Prix,R,19-05-2024
0 days 00:37:59.422000,24.5,50,1006.9,FALSE,42.7,238,1.3,7,Emilia Romagna Grand Prix,R,19-05-2024
0 days 00:38:59.414000,24.6,51,1006.9,FALSE,42.7,228,0.9,7,Emilia Romagna Grand Prix,R,19-05-2024
0 days 00:39:59.409000,24.7,50,1007,FALSE,43.3,168,0.3,7,Emilia Romagna Grand Prix,R,19-05-2024
0 days 00:40:59.478000,24.9,49,1006.8,FALSE,43.9,75,0.5,7,Emilia Romagna Grand Prix,R,19-05-2024
0 days 00:41:59.448000,25,49,1006.9,FALSE,44.8,165,1,7,Emilia Romagna Grand Prix,R,19-05-2024
0 days 00:42:59.449000,25,49,1006.8,FALSE,44.4,158,1.8,7,Emilia Romagna Grand Prix,R,19-05-2024
0 days 00:43:59.449000,25.1,48,1006.8,FALSE,44,147,2.2,7,Emilia Romagna Grand Prix,R,19-05-2024
0 days 00:44:59.451000,25,50,1006.8,FALSE,44,137,2.1,7,Emilia Romagna Grand Prix,R,19-05-2024
0 days 00:45:59.454000,24.9,50,1006.8,FALSE,44.1,161,1.6,7,Emilia Romagna Grand Prix,R,19-05-2024
0 days 00:46:59.455000,24.8,51,1006.8,FALSE,44.4,143,1.3,7,Emilia Romagna Grand Prix,R,19-05-2024
0 days 00:47:59.466000,25,51,1006.8,FALSE,44.4,0,0.7,7,Emilia Romagna Grand Prix,R,19-05-2024
0 days 00:48:59.459000,25.2,50,1006.8,FALSE,44.7,314,0.5,7,Emilia Romagna Grand Prix,R,19-05-2024
0 days 00:49:59.467000,25.3,49,1006.8,FALSE,45.3,121,0.9,7,Emilia Romagna Grand Prix,R,19-05-2024
0 days 00:50:59.469000,25.5,48,1006.8,FALSE,45.3,144,0.7,7,Emilia Romagna Grand Prix,R,19-05-2024
0 days 00:51:59.466000,25.4,50,1006.8,FALSE,45.3,141,2.2,7,Emilia Romagna Grand Prix,R,19-05-2024
0 days 00:52:59.470000,25.5,51,1006.8,FALSE,45.3,108,2.8,7,Emilia Romagna Grand Prix,R,19-05-2024
0 days 00:53:59.466000,25.4,50,1006.8,FALSE,46,137,1.3,7,Emilia Romagna Grand Prix,R,19-05-2024
0 days 00:54:59.448000,25.2,50,1006.9,FALSE,44.5,157,1.4,7,Emilia Romagna Grand Prix,R,19-05-2024
0 days 00:55:59.475000,25.1,50,1006.9,FALSE,44.5,139,1.5,7,Emilia Romagna Grand Prix,R,19-05-2024
0 days 00:56:59.467000,25,51,1006.8,FALSE,45.3,136,3,7,Emilia Romagna Grand Prix,R,19-05-2024
0 days 00:57:59.472000,25,50,1006.8,FALSE,45.5,138,2.5,7,Emilia Romagna Grand Prix,R,19-05-2024
0 days 00:58:59.484000,25.1,50,1006.9,FALSE,45.3,121,3.4,7,Emilia Romagna Grand Prix,R,19-05-2024
0 days 00:59:59.500000,25.1,50,1006.9,FALSE,45.2,138,3.4,7,Emilia Romagna Grand Prix,R,19-05-2024
0 days 01:00:59.504000,25.1,50,1006.9,FALSE,44.9,137,3.1,7,Emilia Romagna Grand Prix,R,19-05-2024
0 days 01:01:59.517000,25.3,51,1006.8,FALSE,43.6,141,4.2,7,Emilia Romagna Grand Prix,R,19-05-2024
0 days 01:02:59.523000,25.4,50,1006.8,FALSE,42.7,129,3.3,7,Emilia Romagna Grand Prix,R,19-05-2024
0 days 01:03:59.524000,25.3,51,1006.8,FALSE,41.7,135,3.4,7,Emilia Romagna Grand Prix,R,19-05-2024
0 days 01:04:59.518000,25.1,52,1006.9,FALSE,40.7,116,2.9,7,Emilia Romagna Grand Prix,R,19-05-2024
0 days 01:05:59.523000,25,51,1006.8,FALSE,40.5,137,1.9,7,Emilia Romagna Grand Prix,R,19-05-2024
0 days 01:06:59.515000,25.1,51,1006.8,FALSE,40.4,145,2.4,7,Emilia Romagna Grand Prix,R,19-05-2024
0 days 01:07:59.522000,24.9,51,1006.8,FALSE,40.1,117,2.5,7,Emilia Romagna Grand Prix,R,19-05-2024
0 days 01:08:59.533000,24.9,51,1006.8,FALSE,40.1,131,1.5,7,Emilia Romagna Grand Prix,R,19-05-2024
0 days 01:09:59.513000,24.8,50,1006.8,FALSE,39.6,123,3.4,7,Emilia Romagna Grand Prix,R,19-05-2024
0 days 01:10:59.529000,24.7,50,1006.8,FALSE,39.4,133,1.3,7,Emilia Romagna Grand Prix,R,19-05-2024
0 days 01:11:59.542000,24.8,49,1006.8,FALSE,39.4,144,3.4,7,Emilia Romagna Grand Prix,R,19-05-2024
0 days 01:12:59.537000,25,49,1006.8,FALSE,39.8,99,2.3,7,Emilia Romagna Grand Prix,R,19-05-2024
0 days 01:13:59.557000,25,50,1006.6,FALSE,40.1,143,1.3,7,Emilia Romagna Grand Prix,R,19-05-2024
0 days 01:14:59.598000,25.1,49,1006.7,FALSE,41,164,2.4,7,Emilia Romagna Grand Prix,R,19-05-2024
0 days 01:15:59.595000,25.2,49,1006.6,FALSE,41.3,119,2.6,7,Emilia Romagna Grand Prix,R,19-05-2024
0 days 01:16:59.579000,25.1,49,1006.7,FALSE,41.3,138,1.8,7,Emilia Romagna Grand Prix,R,19-05-2024
0 days 01:17:59.577000,25.1,49,1006.6,FALSE,42,101,2.8,7,Emilia Romagna Grand Prix,R,19-05-2024
0 days 01:18:59.576000,25.1,47,1006.7,FALSE,42,134,2.6,7,Emilia Romagna Grand Prix,R,19-05-2024
0 days 01:19:59.613000,25.3,48,1006.5,FALSE,41.9,133,4.1,7,Emilia Romagna Grand Prix,R,19-05-2024
0 days 01:20:59.647000,25.3,48,1006.6,FALSE,42.2,137,3.7,7,Emilia Romagna Grand Prix,R,19-05-2024
0 days 01:21:59.631000,25.4,48,1006.7,FALSE,42.3,118,4.2,7,Emilia Romagna Grand Prix,R,19-05-2024
0 days 01:22:59.663000,25.5,47,1006.7,FALSE,42.2,136,2.4,7,Emilia Romagna Grand Prix,R,19-05-2024
0 days 01:23:59.665000,25.5,47,1006.5,FALSE,42,123,1.7,7,Emilia Romagna Grand Prix,R,19-05-2024
0 days 01:24:59.663000,25.5,48,1006.5,FALSE,41.8,151,2.5,7,Emilia Romagna Grand Prix,R,19-05-2024
0 days 01:25:59.692000,25.5,48,1006.4,FALSE,42.2,111,3,7,Emilia Romagna Grand Prix,R,19-05-2024
0 days 01:26:59.713000,25.5,47,1006.5,FALSE,42.4,124,2.6,7,Emilia Romagna Grand Prix,R,19-05-2024
0 days 01:27:59.723000,25.5,46,1006.6,FALSE,42.3,101,2.7,7,Emilia Romagna Grand Prix,R,19-05-2024
0 days 01:28:59.721000,25.5,46,1006.5,FALSE,42.1,123,2.8,7,Emilia Romagna Grand Prix,R,19-05-2024
0 days 01:29:59.739000,25.4,47,1006.5,FALSE,42.2,110,2,7,Emilia Romagna Grand Prix,R,19-05-2024
0 days 01:30:59.764000,25.3,45,1006.4,FALSE,42.6,136,2.7,7,Emilia Romagna Grand Prix,R,19-05-2024
0 days 01:31:59.779000,25.3,45,1006.5,FALSE,43,140,3,7,Emilia Romagna Grand Prix,R,19-05-2024
0 days 01:32:59.781000,25.3,46,1006.4,FALSE,42,138,5,7,Emilia Romagna Grand Prix,R,19-05-2024
0 days 01:33:59.782000,25.4,46,1006.4,FALSE,41.9,128,2.5,7,Emilia Romagna Grand Prix,R,19-05-2024
0 days 01:34:59.803000,25.4,46,1006.4,FALSE,42.6,124,2.4,7,Emilia Romagna Grand Prix,R,19-05-2024
0 days 01:35:59.810000,25.5,46,1006.5,FALSE,42.5,104,2,7,Emilia Romagna Grand Prix,R,19-05-2024
0 days 01:36:59.830000,25.5,46,1006.3,FALSE,42.4,137,2.1,7,Emilia Romagna Grand Prix,R,19-05-2024
0 days 01:37:59.819000,25.6,47,1006.5,FALSE,42.4,136,2.1,7,Emilia Romagna Grand Prix,R,19-05-2024
0 days 01:38:59.848000,25.6,46,1006.4,FALSE,42.3,143,2.5,7,Emilia Romagna Grand Prix,R,19-05-2024
0 days 01:39:59.833000,25.7,46,1006.3,FALSE,42.5,183,2.4,7,Emilia Romagna Grand Prix,R,19-05-2024
0 days 01:40:59.854000,25.7,45,1006.3,FALSE,42.6,141,1,7,Emilia Romagna Grand Prix,R,19-05-2024
0 days 01:41:59.837000,25.6,45,1006.2,FALSE,42.9,138,1.8,7,Emilia Romagna Grand Prix,R,19-05-2024
0 days 01:42:59.866000,25.6,44,1006.2,FALSE,42.6,139,4.2,7,Emilia Romagna Grand Prix,R,19-05-2024
0 days 01:43:59.853000,25.7,45,1006.2,FALSE,42.6,119,3.9,7,Emilia Romagna Grand Prix,R,19-05-2024
0 days 01:44:59.862000,25.7,45,1006.2,FALSE,42.1,135,2.5,7,Emilia Romagna Grand Prix,R,19-05-2024
0 days 01:45:59.861000,25.8,45,1006.2,FALSE,42.3,121,2.1,7,Emilia Romagna Grand Prix,R,19-05-2024
0 days 01:46:59.867000,25.7,46,1006.2,FALSE,42.4,131,2.9,7,Emilia Romagna Grand Prix,R,19-05-2024
0 days 01:47:59.876000,25.6,45,1006.1,FALSE,42.6,131,4.3,7,Emilia Romagna Grand Prix,R,19-05-2024
0 days 01:48:59.889000,25.7,44,1006.1,FALSE,42.5,148,2.5,7,Emilia Romagna Grand Prix,R,19-05-2024
0 days 01:49:59.919000,25.8,44,1006.3,FALSE,42,136,2.1,7,Emilia Romagna Grand Prix,R,19-05-2024
0 days 01:50:59.931000,25.8,45,1006.1,FALSE,42,123,2.2,7,Emilia Romagna Grand Prix,R,19-05-2024
0 days 01:51:59.919000,25.6,45,1006.2,FALSE,42,134,3.3,7,Emilia Romagna Grand Prix,R,19-05-2024
0 days 01:52:59.943000,25.7,44,1006.2,FALSE,41.8,143,3.7,7,Emilia Romagna Grand Prix,R,19-05-2024
0 days 01:53:59.922000,25.7,44,1006.1,FALSE,41.6,111,3,7,Emilia Romagna Grand Prix,R,19-05-2024
0 days 01:54:59.926000,25.7,44,1006.1,FALSE,41.6,104,2.4,7,Emilia Romagna Grand Prix,R,19-05-2024
0 days 01:55:59.920000,25.8,44,1006.2,FALSE,42.1,138,2.7,7,Emilia Romagna Grand Prix,R,19-05-2024
0 days 01:56:59.946000,25.8,44,1006.2,FALSE,42.1,115,2.2,7,Emilia Romagna Grand Prix,R,19-05-2024
0 days 01:57:59.927000,25.8,44,1006.2,FALSE,42,119,1.5,7,Emilia Romagna Grand Prix,R,19-05-2024
0 days 01:58:59.948000,25.8,44,1006.2,FALSE,41.5,124,2.6,7,Emilia Romagna Grand Prix,R,19-05-2024
0 days 01:59:59.968000,25.9,45,1006.2,FALSE,40.5,139,1.9,7,Emilia Romagna Grand Prix,R,19-05-2024
0 days 02:00:59.971000,25.8,45,1006.1,FALSE,40.1,110,3.3,7,Emilia Romagna Grand Prix,R,19-05-2024
0 days 02:01:59.988000,25.6,45,1006.1,FALSE,39.7,110,2.4,7,Emilia Romagna Grand Prix,R,19-05-2024
0 days 02:02:59.982000,25.6,45,1006.1,FALSE,39.5,125,1.6,7,Emilia Romagna Grand Prix,R,19-05-2024
0 days 02:04:00.016000,25.6,45,1006.1,FALSE,39.3,120,3.1,7,Emilia Romagna Grand Prix,R,19-05-2024
0 days 02:05:00.010000,25.6,44,1006.1,FALSE,39.1,137,3.2,7,Emilia Romagna Grand Prix,R,19-05-2024
0 days 02:06:00.040000,25.6,44,1006.1,FALSE,39.1,137,3.2,7,Emilia Romagna Grand Prix,R,19-05-2024
0 days 02:07:00.058000,25.5,44,1006.2,FALSE,39.1,131,1.9,7,Emilia Romagna Grand Prix,R,19-05-2024
0 days 02:08:00.060000,25.5,45,1006.1,FALSE,39,142,2.4,7,Emilia Romagna Grand Prix,R,19-05-2024
0 days 02:09:00.054000,25.5,45,1006.2,FALSE,39.4,122,3.1,7,Emilia Romagna Grand Prix,R,19-05-2024
0 days 02:10:00.065000,25.5,45,1006.1,FALSE,39.1,112,1.9,7,Emilia Romagna Grand Prix,R,19-05-2024
0 days 02:11:00.057000,25.4,45,1006.2,FALSE,38.6,120,1.6,7,Emilia Romagna Grand Prix,R,19-05-2024
0 days 02:12:00.078000,25.3,45,1006.1,FALSE,38.9,143,1.9,7,Emilia Romagna Grand Prix,R,19-05-2024
0 days 02:13:00.079000,25.4,45,1006.1,FALSE,38.9,123,1.7,7,Emilia Romagna Grand Prix,R,19-05-2024
0 days 02:14:00.112000,25.4,44,1006.1,FALSE,38.9,116,2.2,7,Emilia Romagna Grand Prix,R,19-05-2024
0 days 02:15:00.121000,25.5,44,1006.1,FALSE,38.9,119,2,7,Emilia Romagna Grand Prix,R,19-05-2024
0 days 02:16:00.126000,25.4,44,1006.1,FALSE,38.8,119,2.3,7,Emilia Romagna Grand Prix,R,19-05-2024
0 days 02:17:00.155000,25.4,44,1006.1,FALSE,38.7,150,1.5,7,Emilia Romagna Grand Prix,R,19-05-2024
0 days 02:18:00.125000,25.5,45,1006.1,FALSE,39.1,135,1.2,7,Emilia Romagna Grand Prix,R,19-05-2024
0 days 02:19:00.164000,25.6,44,1006,FALSE,40.2,124,2.2,7,Emilia Romagna Grand Prix,R,19-05-2024
0 days 02:20:00.141000,25.8,43,1006.1,FALSE,40.6,129,1.8,7,Emilia Romagna Grand Prix,R,19-05-2024
0 days 02:21:00.147000,25.9,43,1006.1,FALSE,40.6,141,1.3,7,Emilia Romagna Grand Prix,R,19-05-2024
0 days 02:22:00.147000,26,42,1006.1,FALSE,41.1,85,1.5,7,Emilia Romagna Grand Prix,R,19-05-2024
0 days 02:23:00.163000,26.1,42,1006.1,FALSE,41.3,119,0.8,7,Emilia Romagna Grand Prix,R,19-05-2024
0 days 00:00:55.605000,20.3,68,1018.4,FALSE,37.3,18,1.5,8,Monaco Grand Prix,FP1,26-05-2024
0 days 00:01:55.627000,20.2,68,1018.5,FALSE,37.3,208,0.9,8,Monaco Grand Prix,FP1,26-05-2024
0 days 00:02:55.622000,20.1,70,1018.5,FALSE,38.1,86,0.9,8,Monaco Grand Prix,FP1,26-05-2024
0 days 00:03:55.639000,20,70,1018.5,FALSE,38.6,215,0.4,8,Monaco Grand Prix,FP1,26-05-2024
0 days 00:04:55.655000,20,70,1018.5,FALSE,38.6,188,0.3,8,Monaco Grand Prix,FP1,26-05-2024
0 days 00:05:55.670000,20,70,1018.5,FALSE,38.1,166,0.8,8,Monaco Grand Prix,FP1,26-05-2024
0 days 00:06:55.689000,19.9,72,1018.5,FALSE,37.7,62,0.5,8,Monaco Grand Prix,FP1,26-05-2024
0 days 00:07:55.680000,20,71,1018.5,FALSE,37.3,357,0.6,8,Monaco Grand Prix,FP1,26-05-2024
0 days 00:08:55.678000,20.1,71,1018.5,FALSE,37.4,13,0.4,8,Monaco Grand Prix,FP1,26-05-2024
0 days 00:09:55.690000,20,69,1018.5,FALSE,37.6,311,0.6,8,Monaco Grand Prix,FP1,26-05-2024
0 days 00:10:55.690000,20,68,1018.6,FALSE,37.3,159,0.9,8,Monaco Grand Prix,FP1,26-05-2024
0 days 00:11:55.682000,20,69,1018.5,FALSE,36.5,172,1,8,Monaco Grand Prix,FP1,26-05-2024
0 days 00:12:55.707000,19.9,70,1018.5,FALSE,36.5,156,0.9,8,Monaco Grand Prix,FP1,26-05-2024
0 days 00:13:55.708000,20,70,1018.5,FALSE,36.5,0,0.5,8,Monaco Grand Prix,FP1,26-05-2024
0 days 00:14:55.714000,20,69,1018.4,FALSE,36.5,0,0.9,8,Monaco Grand Prix,FP1,26-05-2024
0 days 00:15:55.725000,20,70,1018.5,FALSE,36.7,200,0.4,8,Monaco Grand Prix,FP1,26-05-2024
0 days 00:16:55.741000,20,70,1018.6,FALSE,36.1,217,1,8,Monaco Grand Prix,FP1,26-05-2024
0 days 00:17:55.760000,20,70,1018.5,FALSE,36.7,0,0.5,8,Monaco Grand Prix,FP1,26-05-2024
0 days 00:18:55.825000,20.1,69,1018.5,FALSE,37.1,222,1.1,8,Monaco Grand Prix,FP1,26-05-2024
0 days 00:19:55.822000,20.3,67,1018.5,FALSE,37.8,34,0.8,8,Monaco Grand Prix,FP1,26-05-2024
0 days 00:20:55.821000,20.5,67,1018.7,FALSE,36.8,207,0.5,8,Monaco Grand Prix,FP1,26-05-2024
0 days 00:21:55.823000,20.6,67,1018.6,TRUE,36.6,0,0.8,8,Monaco Grand Prix,FP1,26-05-2024
0 days 00:22:55.838000,20.6,68,1018.6,TRUE,36.5,0,0.5,8,Monaco Grand Prix,FP1,26-05-2024
0 days 00:23:55.839000,20.6,68,1018.5,TRUE,36.8,204,0.7,8,Monaco Grand Prix,FP1,26-05-2024
0 days 00:24:55.841000,20.7,67,1018.5,TRUE,37.2,174,0.7,8,Monaco Grand Prix,FP1,26-05-2024
0 days 00:25:55.846000,20.8,65,1018.5,TRUE,37.2,269,0.9,8,Monaco Grand Prix,FP1,26-05-2024
0 days 00:26:55.845000,20.8,66,1018.6,TRUE,36.6,217,1,8,Monaco Grand Prix,FP1,26-05-2024
0 days 00:27:55.844000,20.8,65,1018.6,FALSE,36.2,0,0.8,8,Monaco Grand Prix,FP1,26-05-2024
0 days 00:28:55.845000,20.9,65,1018.5,FALSE,36,199,0.3,8,Monaco Grand Prix,FP1,26-05-2024
0 days 00:29:55.855000,20.9,66,1018.5,FALSE,35.1,192,0.6,8,Monaco Grand Prix,FP1,26-05-2024
0 days 00:30:55.864000,20.8,66,1018.4,FALSE,35.2,188,0.4,8,Monaco Grand Prix,FP1,26-05-2024
0 days 00:31:55.862000,20.8,65,1018.6,FALSE,35.2,216,0.8,8,Monaco Grand Prix,FP1,26-05-2024
0 days 00:32:55.861000,20.8,64,1018.3,FALSE,35,205,0.4,8,Monaco Grand Prix,FP1,26-05-2024
0 days 00:33:55.856000,20.9,64,1018.4,FALSE,35,359,0.8,8,Monaco Grand Prix,FP1,26-05-2024
0 days 00:34:55.862000,20.8,64,1018.4,FALSE,34.7,273,0.9,8,Monaco Grand Prix,FP1,26-05-2024
0 days 00:35:55.877000,20.8,64,1018.4,FALSE,34.7,170,0.3,8,Monaco Grand Prix,FP1,26-05-2024
0 days 00:36:55.894000,20.9,64,1018.3,FALSE,34.9,192,0.7,8,Monaco Grand Prix,FP1,26-05-2024
0 days 00:37:55.900000,20.9,63,1018.4,FALSE,34.9,197,1.2,8,Monaco Grand Prix,FP1,26-05-2024
0 days 00:38:55.900000,21,63,1018.3,FALSE,34.2,215,0.9,8,Monaco Grand Prix,FP1,26-05-2024
0 days 00:39:55.912000,20.9,65,1018.3,FALSE,33.9,149,1.3,8,Monaco Grand Prix,FP1,26-05-2024
0 days 00:40:55.922000,20.9,64,1018.3,FALSE,34.3,268,0.8,8,Monaco Grand Prix,FP1,26-05-2024
0 days 00:41:55.930000,20.9,64,1018.4,FALSE,34.6,0,0.4,8,Monaco Grand Prix,FP1,26-05-2024
0 days 00:42:56.113000,20.9,63,1018.3,FALSE,34.5,173,0.3,8,Monaco Grand Prix,FP1,26-05-2024
0 days 00:43:56.103000,21,62,1018.3,FALSE,34.3,349,0.8,8,Monaco Grand Prix,FP1,26-05-2024
0 days 00:44:56.102000,21,63,1018.3,FALSE,33.5,12,1.4,8,Monaco Grand Prix,FP1,26-05-2024
0 days 00:45:56.105000,20.9,64,1018.3,FALSE,32.9,161,1.1,8,Monaco Grand Prix,FP1,26-05-2024
0 days 00:46:56.103000,20.9,63,1018.3,FALSE,32.8,31,0.8,8,Monaco Grand Prix,FP1,26-05-2024
0 days 00:47:56.105000,20.7,65,1018.3,FALSE,32.5,79,1.1,8,Monaco Grand Prix,FP1,26-05-2024
0 days 00:48:56.109000,20.7,67,1018.1,FALSE,32.5,73,0.6,8,Monaco Grand Prix,FP1,26-05-2024
0 days 00:49:56.110000,20.6,67,1018.2,FALSE,32.9,118,0.8,8,Monaco Grand Prix,FP1,26-05-2024
0 days 00:50:56.108000,20.7,67,1018.1,FALSE,32.9,108,0.6,8,Monaco Grand Prix,FP1,26-05-2024
0 days 00:51:56.111000,20.8,68,1018.1,FALSE,32.9,57,1.3,8,Monaco Grand Prix,FP1,26-05-2024
0 days 00:52:56.110000,20.8,68,1018.2,FALSE,33.3,236,1.2,8,Monaco Grand Prix,FP1,26-05-2024
0 days 00:53:56.112000,20.9,68,1018.2,FALSE,33.6,170,0.8,8,Monaco Grand Prix,FP1,26-05-2024
0 days 00:54:56.112000,21,69,1018.2,FALSE,33.7,74,0.5,8,Monaco Grand Prix,FP1,26-05-2024
0 days 00:55:56.113000,21,69,1018.2,FALSE,34.5,23,0.6,8,Monaco Grand Prix,FP1,26-05-2024
0 days 00:56:56.130000,21.1,68,1018.2,FALSE,34.5,77,0.6,8,Monaco Grand Prix,FP1,26-05-2024
0 days 00:57:56.114000,21.2,68,1018.2,FALSE,34.2,93,0.8,8,Monaco Grand Prix,FP1,26-05-2024
0 days 00:58:56.116000,21.2,69,1018.1,FALSE,33.8,178,0.8,8,Monaco Grand Prix,FP1,26-05-2024
0 days 00:59:56.105000,21.1,70,1018,FALSE,33.8,10,0.6,8,Monaco Grand Prix,FP1,26-05-2024
0 days 01:00:56.114000,21.1,68,1018,FALSE,34.4,6,1.5,8,Monaco Grand Prix,FP1,26-05-2024
0 days 01:01:56.117000,21.1,68,1018,FALSE,34.7,35,0.4,8,Monaco Grand Prix,FP1,26-05-2024
0 days 01:02:56.116000,21,69,1018.1,FALSE,35.2,33,0,8,Monaco Grand Prix,FP1,26-05-2024
0 days 01:03:56.165000,21,68,1018,TRUE,35.3,351,0.6,8,Monaco Grand Prix,FP1,26-05-2024
0 days 01:04:56.117000,20.9,68,1017.9,FALSE,36.3,24,0.8,8,Monaco Grand Prix,FP1,26-05-2024
0 days 01:05:56.116000,20.8,67,1017.9,FALSE,37.2,339,0.7,8,Monaco Grand Prix,FP1,26-05-2024
0 days 01:06:56.121000,20.9,67,1017.9,FALSE,37.2,184,1,8,Monaco Grand Prix,FP1,26-05-2024
0 days 01:07:56.119000,21,67,1017.8,FALSE,36.8,340,0.5,8,Monaco Grand Prix,FP1,26-05-2024
0 days 01:08:56.121000,21.1,66,1017.8,FALSE,36.2,0,0.4,8,Monaco Grand Prix,FP1,26-05-2024
0 days 01:09:56.124000,21.2,67,1017.9,FALSE,35.5,192,0.5,8,Monaco Grand Prix,FP1,26-05-2024
0 days 01:10:56.123000,21.3,65,1017.8,FALSE,35.5,209,0.5,8,Monaco Grand Prix,FP1,26-05-2024
0 days 01:11:56.130000,21.5,64,1017.8,FALSE,35.4,223,1.3,8,Monaco Grand Prix,FP1,26-05-2024
0 days 01:12:56.125000,21.4,64,1017.8,FALSE,35.4,218,0.9,8,Monaco Grand Prix,FP1,26-05-2024
0 days 01:13:56.131000,21.4,63,1017.8,FALSE,36,197,0.7,8,Monaco Grand Prix,FP1,26-05-2024
0 days 01:14:56.126000,21.5,61,1017.7,FALSE,35.7,311,0.8,8,Monaco Grand Prix,FP1,26-05-2024
0 days 01:15:56.160000,21.5,61,1017.7,FALSE,35.7,311,0.8,8,Monaco Grand Prix,FP1,26-05-2024
0 days 01:16:56.126000,21.5,62,1017.7,FALSE,35.3,352,0.8,8,Monaco Grand Prix,FP1,26-05-2024
0 days 00:00:38.843000,20.4,67,1017.5,FALSE,31.8,0,1,8,Monaco Grand Prix,FP2,26-05-2024
0 days 00:01:38.848000,20.3,67,1017.4,FALSE,31.7,4,0.6,8,Monaco Grand Prix,FP2,26-05-2024
0 days 00:02:38.861000,20.3,67,1017.4,FALSE,31.7,58,1.1,8,Monaco Grand Prix,FP2,26-05-2024
0 days 00:03:38.876000,20.3,66,1017.5,FALSE,31.7,24,0.7,8,Monaco Grand Prix,FP2,26-05-2024
0 days 00:04:38.880000,20.4,67,1017.5,FALSE,31.6,17,0.9,8,Monaco Grand Prix,FP2,26-05-2024
0 days 00:05:38.877000,20.4,67,1017.5,FALSE,31.6,348,0.7,8,Monaco Grand Prix,FP2,26-05-2024
0 days 00:06:38.871000,20.3,68,1017.4,FALSE,31.9,105,0.6,8,Monaco Grand Prix,FP2,26-05-2024
0 days 00:07:38.897000,20.3,69,1017.4,FALSE,32,24,1.2,8,Monaco Grand Prix,FP2,26-05-2024
0 days 00:08:38.937000,20.3,68,1017.4,FALSE,32.1,59,1.2,8,Monaco Grand Prix,FP2,26-05-2024
0 days 00:09:38.928000,20.4,69,1017.2,FALSE,32.2,46,0.8,8,Monaco Grand Prix,FP2,26-05-2024
0 days 00:10:38.927000,20.4,68,1017.4,FALSE,32.2,0,0.9,8,Monaco Grand Prix,FP2,26-05-2024
0 days 00:11:38.936000,20.4,69,1017.3,FALSE,32.2,0,0.3,8,Monaco Grand Prix,FP2,26-05-2024
0 days 00:12:38.962000,20.3,69,1017.3,FALSE,31.7,193,0.5,8,Monaco Grand Prix,FP2,26-05-2024
0 days 00:13:38.969000,20.3,70,1017.3,FALSE,31.9,14,0.5,8,Monaco Grand Prix,FP2,26-05-2024
0 days 00:14:38.962000,20.3,69,1017.4,FALSE,31.9,178,0.5,8,Monaco Grand Prix,FP2,26-05-2024
0 days 00:15:38.986000,20.3,69,1017.3,FALSE,31.6,348,1.3,8,Monaco Grand Prix,FP2,26-05-2024
0 days 00:16:38.997000,20.2,70,1017.4,FALSE,31.5,4,0.6,8,Monaco Grand Prix,FP2,26-05-2024
0 days 00:17:39.011000,20.2,70,1017.3,FALSE,31.7,242,0.5,8,Monaco Grand Prix,FP2,26-05-2024
0 days 00:18:39.018000,20.3,69,1017.3,FALSE,32.1,42,0.8,8,Monaco Grand Prix,FP2,26-05-2024
0 days 00:19:39.030000,20.4,68,1017.2,FALSE,32.1,191,0.9,8,Monaco Grand Prix,FP2,26-05-2024
0 days 00:20:39.032000,20.5,66,1017.3,FALSE,32.1,0,1,8,Monaco Grand Prix,FP2,26-05-2024
0 days 00:21:39.029000,20.6,67,1017.4,FALSE,32,180,0.3,8,Monaco Grand Prix,FP2,26-05-2024
0 days 00:22:39.046000,20.7,67,1017.4,FALSE,31.3,173,1,8,Monaco Grand Prix,FP2,26-05-2024
0 days 00:23:39.115000,20.7,67,1017.4,FALSE,31.2,63,0.7,8,Monaco Grand Prix,FP2,26-05-2024
0 days 00:24:39.072000,20.7,67,1017.3,FALSE,31.2,76,0.6,8,Monaco Grand Prix,FP2,26-05-2024
0 days 00:25:39.072000,20.7,68,1017.3,FALSE,30.7,58,0.8,8,Monaco Grand Prix,FP2,26-05-2024
0 days 00:26:39.084000,20.7,68,1017.3,FALSE,30.6,90,0.6,8,Monaco Grand Prix,FP2,26-05-2024
0 days 00:27:39.097000,20.8,68,1017.3,FALSE,30.5,165,1.1,8,Monaco Grand Prix,FP2,26-05-2024
0 days 00:28:39.115000,20.8,68,1017.3,FALSE,30.5,166,0.6,8,Monaco Grand Prix,FP2,26-05-2024
0 days 00:29:39.114000,20.9,68,1017.3,FALSE,30.3,124,0.9,8,Monaco Grand Prix,FP2,26-05-2024
0 days 00:30:39.122000,20.9,69,1017.2,FALSE,30.5,137,0.8,8,Monaco Grand Prix,FP2,26-05-2024
0 days 00:31:39.134000,20.9,69,1017.3,FALSE,30.5,203,0.8,8,Monaco Grand Prix,FP2,26-05-2024
0 days 00:32:39.149000,21,68,1017.1,FALSE,30.9,61,0.8,8,Monaco Grand Prix,FP2,26-05-2024
0 days 00:33:39.151000,21.1,67,1017.1,FALSE,31.3,33,0.8,8,Monaco Grand Prix,FP2,26-05-2024
0 days 00:34:39.150000,21.1,66,1017.1,FALSE,31.2,17,0.7,8,Monaco Grand Prix,FP2,26-05-2024
0 days 00:35:39.163000,21.1,67,1017.1,FALSE,31.2,89,0.6,8,Monaco Grand Prix,FP2,26-05-2024
0 days 00:36:39.166000,21.2,67,1017.1,FALSE,31.4,215,0.6,8,Monaco Grand Prix,FP2,26-05-2024
0 days 00:37:39.183000,21.2,67,1017.1,FALSE,31.5,0,0.5,8,Monaco Grand Prix,FP2,26-05-2024
0 days 00:38:39.201000,21.2,67,1017.1,FALSE,31.3,0,0.5,8,Monaco Grand Prix,FP2,26-05-2024
0 days 00:39:39.198000,21.3,66,1017.1,FALSE,32.1,342,0.9,8,Monaco Grand Prix,FP2,26-05-2024
0 days 00:40:39.215000,21.3,65,1017,FALSE,31.6,337,0.9,8,Monaco Grand Prix,FP2,26-05-2024
0 days 00:41:39.220000,21.3,65,1017.1,FALSE,31.8,262,0.7,8,Monaco Grand Prix,FP2,26-05-2024
0 days 00:42:39.228000,21.2,66,1017,FALSE,31.8,209,0.5,8,Monaco Grand Prix,FP2,26-05-2024
0 days 00:43:39.220000,21.1,66,1017,FALSE,32.3,0,0.3,8,Monaco Grand Prix,FP2,26-05-2024
0 days 00:44:39.218000,21,65,1017.1,FALSE,32.5,190,0,8,Monaco Grand Prix,FP2,26-05-2024
0 days 00:45:39.227000,21.1,65,1017.1,FALSE,32.5,247,0.6,8,Monaco Grand Prix,FP2,26-05-2024
0 days 00:46:39.235000,21.1,65,1017.1,FALSE,32.4,214,0.9,8,Monaco Grand Prix,FP2,26-05-2024
0 days 00:47:39.252000,21.1,65,1017.2,FALSE,32.4,0,1.2,8,Monaco Grand Prix,FP2,26-05-2024
0 days 00:48:39.256000,21.1,66,1017,FALSE,31.4,90,0.3,8,Monaco Grand Prix,FP2,26-05-2024
0 days 00:49:39.269000,21,66,1016.9,FALSE,31.4,216,0.6,8,Monaco Grand Prix,FP2,26-05-2024
0 days 00:50:39.285000,21,66,1017,FALSE,31.5,214,1.1,8,Monaco Grand Prix,FP2,26-05-2024
0 days 00:51:39.303000,20.9,65,1017,FALSE,31.4,228,1,8,Monaco Grand Prix,FP2,26-05-2024
0 days 00:52:39.285000,20.9,66,1017,FALSE,31.4,90,1,8,Monaco Grand Prix,FP2,26-05-2024
0 days 00:53:39.288000,20.9,64,1017,FALSE,31.3,260,0.7,8,Monaco Grand Prix,FP2,26-05-2024
0 days 00:54:39.277000,21,63,1017,FALSE,31.2,0,0.9,8,Monaco Grand Prix,FP2,26-05-2024
0 days 00:55:39.290000,21,64,1016.9,FALSE,31,201,0.4,8,Monaco Grand Prix,FP2,26-05-2024
0 days 00:56:39.287000,20.9,64,1017,FALSE,31.1,220,1.1,8,Monaco Grand Prix,FP2,26-05-2024
0 days 00:57:39.291000,20.9,64,1017,FALSE,31.4,264,1,8,Monaco Grand Prix,FP2,26-05-2024
0 days 00:58:39.290000,20.9,63,1016.9,FALSE,31.4,254,0.6,8,Monaco Grand Prix,FP2,26-05-2024
0 days 00:59:39.299000,21.1,64,1016.9,FALSE,31,344,0.5,8,Monaco Grand Prix,FP2,26-05-2024
0 days 01:00:39.327000,21.1,64,1016.9,FALSE,30.9,7,1.1,8,Monaco Grand Prix,FP2,26-05-2024
0 days 01:01:39.329000,21,64,1016.9,FALSE,30.8,227,0.7,8,Monaco Grand Prix,FP2,26-05-2024
0 days 01:02:39.334000,21,65,1017,FALSE,30.4,334,1.2,8,Monaco Grand Prix,FP2,26-05-2024
0 days 01:03:39.339000,20.9,65,1016.9,FALSE,30.6,10,0.8,8,Monaco Grand Prix,FP2,26-05-2024
0 days 01:04:39.351000,20.8,66,1016.9,FALSE,30.6,254,0.7,8,Monaco Grand Prix,FP2,26-05-2024
0 days 01:05:39.350000,20.6,66,1016.8,FALSE,30.5,341,1.1,8,Monaco Grand Prix,FP2,26-05-2024
0 days 01:06:39.360000,20.6,66,1017,FALSE,30,278,0.6,8,Monaco Grand Prix,FP2,26-05-2024
0 days 01:07:39.377000,20.6,66,1017,FALSE,30,248,0.7,8,Monaco Grand Prix,FP2,26-05-2024
0 days 01:08:39.391000,20.6,66,1017,FALSE,30.3,215,0.7,8,Monaco Grand Prix,FP2,26-05-2024
0 days 01:09:39.405000,20.7,66,1017,FALSE,30.5,194,1.4,8,Monaco Grand Prix,FP2,26-05-2024
0 days 01:10:39.423000,20.7,65,1016.9,FALSE,30.5,215,1.1,8,Monaco Grand Prix,FP2,26-05-2024
0 days 01:11:39.425000,20.8,66,1017,FALSE,30.8,225,1.5,8,Monaco Grand Prix,FP2,26-05-2024
0 days 01:12:39.425000,20.7,66,1017,FALSE,30.8,197,0.5,8,Monaco Grand Prix,FP2,26-05-2024
0 days 01:13:39.427000,20.8,66,1017,FALSE,30.9,203,1.7,8,Monaco Grand Prix,FP2,26-05-2024
0 days 01:14:39.427000,20.7,66,1017,FALSE,31.1,224,1.4,8,Monaco Grand Prix,FP2,26-05-2024
0 days 01:15:39.585000,20.7,66,1017.1,FALSE,31,233,1.5,8,Monaco Grand Prix,FP2,26-05-2024
0 days 01:16:39.591000,20.7,65,1017,FALSE,31.1,188,1.2,8,Monaco Grand Prix,FP2,26-05-2024
0 days 01:17:39.614000,20.8,65,1017,FALSE,31,134,0.8,8,Monaco Grand Prix,FP2,26-05-2024
0 days 01:18:39.601000,20.9,64,1017,FALSE,31,0,0,8,Monaco Grand Prix,FP2,26-05-2024
0 days 01:19:39.600000,20.8,64,1017,FALSE,30.5,7,0,8,Monaco Grand Prix,FP2,26-05-2024
0 days 01:20:39.602000,20.8,65,1017,FALSE,29.9,9,0.8,8,Monaco Grand Prix,FP2,26-05-2024
0 days 00:00:08.048000,21.6,56,1017.6,FALSE,45,92,0,8,Monaco Grand Prix,FP3,26-05-2024
0 days 00:01:08.043000,21.7,56,1017.5,FALSE,45,0,0.3,8,Monaco Grand Prix,FP3,26-05-2024
0 days 00:02:08.039000,21.6,55,1017.6,FALSE,45.2,326,0,8,Monaco Grand Prix,FP3,26-05-2024
0 days 00:03:08.044000,21.7,55,1017.6,FALSE,45.7,317,0,8,Monaco Grand Prix,FP3,26-05-2024
0 days 00:04:08.053000,21.8,57,1017.5,FALSE,45.8,276,0.7,8,Monaco Grand Prix,FP3,26-05-2024
0 days 00:05:08.053000,21.8,57,1017.6,FALSE,45.8,5,0.6,8,Monaco Grand Prix,FP3,26-05-2024
0 days 00:06:08.042000,21.9,57,1017.6,FALSE,45.4,3,1.1,8,Monaco Grand Prix,FP3,26-05-2024
0 days 00:07:08.049000,21.7,58,1017.5,FALSE,45.2,344,1.6,8,Monaco Grand Prix,FP3,26-05-2024
0 days 00:08:08.042000,21.7,59,1017.5,FALSE,45.4,334,1.1,8,Monaco Grand Prix,FP3,26-05-2024
0 days 00:09:08.055000,21.7,59,1017.6,FALSE,46,2,1.1,8,Monaco Grand Prix,FP3,26-05-2024
0 days 00:10:08.083000,21.6,59,1017.5,FALSE,46.3,0,0.8,8,Monaco Grand Prix,FP3,26-05-2024
0 days 00:11:08.044000,21.5,58,1017.6,FALSE,46.3,345,0.7,8,Monaco Grand Prix,FP3,26-05-2024
0 days 00:12:08.048000,21.5,57,1017.5,FALSE,46.2,0,0.8,8,Monaco Grand Prix,FP3,26-05-2024
0 days 00:13:08.049000,21.5,58,1017.4,FALSE,46.6,0,0,8,Monaco Grand Prix,FP3,26-05-2024
0 days 00:14:08.060000,21.5,58,1017.4,FALSE,46.7,56,0.8,8,Monaco Grand Prix,FP3,26-05-2024
0 days 00:15:08.053000,21.5,58,1017.4,FALSE,46.6,16,0.6,8,Monaco Grand Prix,FP3,26-05-2024
0 days 00:16:08.060000,21.5,58,1017.4,FALSE,46.6,16,0.6,8,Monaco Grand Prix,FP3,26-05-2024
0 days 00:17:08.083000,21.5,57,1017.4,FALSE,46.7,277,1.3,8,Monaco Grand Prix,FP3,26-05-2024
0 days 00:18:08.103000,21.4,58,1017.5,FALSE,46.3,8,0.4,8,Monaco Grand Prix,FP3,26-05-2024
0 days 00:19:08.113000,21.5,57,1017.4,FALSE,46.9,3,1,8,Monaco Grand Prix,FP3,26-05-2024
0 days 00:20:08.141000,21.6,57,1017.4,FALSE,46.9,348,1,8,Monaco Grand Prix,FP3,26-05-2024
0 days 00:21:08.138000,21.6,57,1017.4,FALSE,46.9,20,0.9,8,Monaco Grand Prix,FP3,26-05-2024
0 days 00:22:08.151000,21.7,57,1017.5,FALSE,46.8,327,1.5,8,Monaco Grand Prix,FP3,26-05-2024
0 days 00:23:08.153000,21.8,56,1017.4,FALSE,47.1,359,0.8,8,Monaco Grand Prix,FP3,26-05-2024
0 days 00:24:08.151000,21.8,57,1017.4,FALSE,47.1,0,0,8,Monaco Grand Prix,FP3,26-05-2024
0 days 00:25:08.176000,21.8,57,1017.5,FALSE,47.2,0,0.5,8,Monaco Grand Prix,FP3,26-05-2024
0 days 00:26:08.168000,21.8,56,1017.5,FALSE,47.2,13,0.4,8,Monaco Grand Prix,FP3,26-05-2024
0 days 00:27:08.201000,21.8,57,1017.5,FALSE,47.7,345,0.3,8,Monaco Grand Prix,FP3,26-05-2024
0 days 00:28:08.220000,21.9,56,1017.6,FALSE,47.6,142,0.7,8,Monaco Grand Prix,FP3,26-05-2024
0 days 00:29:08.234000,21.9,56,1017.5,FALSE,47.1,337,0.5,8,Monaco Grand Prix,FP3,26-05-2024
0 days 00:30:08.225000,21.9,57,1017.5,FALSE,47.1,0,0.7,8,Monaco Grand Prix,FP3,26-05-2024
0 days 00:31:08.242000,21.8,57,1017.5,FALSE,47.8,0,0.6,8,Monaco Grand Prix,FP3,26-05-2024
0 days 00:32:08.253000,21.8,57,1017.6,FALSE,48.1,186,0,8,Monaco Grand Prix,FP3,26-05-2024
0 days 00:33:08.246000,21.9,56,1017.5,FALSE,48.1,207,0.4,8,Monaco Grand Prix,FP3,26-05-2024
0 days 00:34:08.275000,21.9,56,1017.6,FALSE,47.5,288,0.9,8,Monaco Grand Prix,FP3,26-05-2024
0 days 00:35:08.287000,22,56,1017.6,FALSE,47.5,288,0.9,8,Monaco Grand Prix,FP3,26-05-2024
0 days 00:36:08.306000,22,57,1017.6,FALSE,47,99,1.5,8,Monaco Grand Prix,FP3,26-05-2024
0 days 00:37:08.290000,21.9,57,1017.6,FALSE,46.7,216,0.9,8,Monaco Grand Prix,FP3,26-05-2024
0 days 00:38:08.286000,21.9,57,1017.7,FALSE,46.4,219,0.7,8,Monaco Grand Prix,FP3,26-05-2024
0 days 00:39:08.309000,21.8,56,1017.6,FALSE,46.4,223,1.4,8,Monaco Grand Prix,FP3,26-05-2024
0 days 00:40:08.312000,21.8,57,1017.6,FALSE,46.3,209,1.1,8,Monaco Grand Prix,FP3,26-05-2024
0 days 00:41:08.322000,21.7,56,1017.6,FALSE,46.2,0,1.1,8,Monaco Grand Prix,FP3,26-05-2024
0 days 00:42:08.330000,21.7,57,1017.6,FALSE,45.9,274,1.1,8,Monaco Grand Prix,FP3,26-05-2024
0 days 00:43:08.317000,21.5,58,1017.6,FALSE,45.8,232,0.9,8,Monaco Grand Prix,FP3,26-05-2024
0 days 00:44:08.310000,21.5,60,1017.6,FALSE,45.8,212,1.5,8,Monaco Grand Prix,FP3,26-05-2024
0 days 00:45:08.332000,21.4,59,1017.6,FALSE,46,281,1.6,8,Monaco Grand Prix,FP3,26-05-2024
0 days 00:46:08.352000,21.6,59,1017.7,FALSE,47,216,0.8,8,Monaco Grand Prix,FP3,26-05-2024
0 days 00:47:08.366000,21.7,58,1017.6,FALSE,47,208,0.8,8,Monaco Grand Prix,FP3,26-05-2024
0 days 00:48:08.378000,21.7,57,1017.7,FALSE,47.1,348,1.3,8,Monaco Grand Prix,FP3,26-05-2024
0 days 00:49:08.383000,21.7,56,1017.6,FALSE,47,210,0.8,8,Monaco Grand Prix,FP3,26-05-2024
0 days 00:50:08.407000,21.8,57,1017.7,FALSE,46.9,195,0.9,8,Monaco Grand Prix,FP3,26-05-2024
0 days 00:51:08.420000,21.8,57,1017.6,FALSE,46.6,330,0.7,8,Monaco Grand Prix,FP3,26-05-2024
0 days 00:52:08.440000,21.7,57,1017.5,FALSE,46.9,316,0.9,8,Monaco Grand Prix,FP3,26-05-2024
0 days 00:53:08.433000,21.6,59,1017.6,FALSE,46.9,313,0.6,8,Monaco Grand Prix,FP3,26-05-2024
0 days 00:54:08.451000,21.5,60,1017.6,FALSE,47,289,1.1,8,Monaco Grand Prix,FP3,26-05-2024
0 days 00:55:08.471000,21.4,61,1017.6,FALSE,47.3,341,1.1,8,Monaco Grand Prix,FP3,26-05-2024
0 days 00:56:08.447000,21.3,61,1017.5,FALSE,48.3,204,1.1,8,Monaco Grand Prix,FP3,26-05-2024
0 days 00:57:08.460000,21.4,60,1017.6,FALSE,48.5,204,0.8,8,Monaco Grand Prix,FP3,26-05-2024
0 days 00:58:08.461000,21.4,58,1017.4,FALSE,48.5,234,1.1,8,Monaco Grand Prix,FP3,26-05-2024
0 days 00:59:08.457000,21.5,58,1017.6,FALSE,48.2,264,0.8,8,Monaco Grand Prix,FP3,26-05-2024
0 days 01:00:08.461000,21.5,57,1017.6,FALSE,47.2,0,0.7,8,Monaco Grand Prix,FP3,26-05-2024
0 days 01:01:08.486000,21.6,56,1017.5,FALSE,47.1,44,0.8,8,Monaco Grand Prix,FP3,26-05-2024
0 days 01:02:08.472000,21.6,56,1017.6,FALSE,47,242,1,8,Monaco Grand Prix,FP3,26-05-2024
0 days 01:03:08.497000,21.6,57,1017.6,FALSE,47,209,1.5,8,Monaco Grand Prix,FP3,26-05-2024
0 days 01:04:08.512000,21.7,57,1017.5,FALSE,47.2,225,0.9,8,Monaco Grand Prix,FP3,26-05-2024
0 days 01:05:08.505000,21.7,58,1017.5,FALSE,47.4,0,0.9,8,Monaco Grand Prix,FP3,26-05-2024
0 days 01:06:08.514000,21.6,58,1017.6,FALSE,47.2,311,0.7,8,Monaco Grand Prix,FP3,26-05-2024
0 days 01:07:08.534000,21.6,58,1017.6,FALSE,47.3,268,1,8,Monaco Grand Prix,FP3,26-05-2024
0 days 01:08:08.549000,21.7,58,1017.5,FALSE,47.1,249,1,8,Monaco Grand Prix,FP3,26-05-2024
0 days 01:09:08.543000,21.8,58,1017.5,FALSE,47.4,215,1.3,8,Monaco Grand Prix,FP3,26-05-2024
0 days 01:10:08.564000,21.9,56,1017.5,FALSE,48,217,0.8,8,Monaco Grand Prix,FP3,26-05-2024
0 days 01:11:08.564000,21.9,56,1017.5,FALSE,47.7,244,1.4,8,Monaco Grand Prix,FP3,26-05-2024
0 days 01:12:08.564000,21.9,56,1017.5,FALSE,47.5,224,0.6,8,Monaco Grand Prix,FP3,26-05-2024
0 days 01:13:08.551000,21.8,57,1017.5,FALSE,47.6,251,0.6,8,Monaco Grand Prix,FP3,26-05-2024
0 days 01:14:08.567000,21.6,56,1017.5,FALSE,47.5,278,0.4,8,Monaco Grand Prix,FP3,26-05-2024
0 days 01:15:08.569000,21.6,58,1017.5,FALSE,47.1,225,0.9,8,Monaco Grand Prix,FP3,26-05-2024
0 days 01:16:08.557000,21.6,59,1017.5,FALSE,47.2,350,0.9,8,Monaco Grand Prix,FP3,26-05-2024
0 days 01:17:08.574000,21.6,60,1017.5,FALSE,47,218,0.7,8,Monaco Grand Prix,FP3,26-05-2024
0 days 01:18:08.573000,21.5,60,1017.5,FALSE,47.5,347,0.8,8,Monaco Grand Prix,FP3,26-05-2024
0 days 00:00:50.419000,21.4,58,1017.1,FALSE,49,339,1.8,8,Monaco Grand Prix,Q,26-05-2024
0 days 00:01:50.416000,21.5,58,1017,FALSE,49,354,1.6,8,Monaco Grand Prix,Q,26-05-2024
0 days 00:02:50.423000,21.5,58,1016.9,FALSE,48.9,17,1.4,8,Monaco Grand Prix,Q,26-05-2024
0 days 00:03:50.411000,21.5,58,1016.9,FALSE,48.4,351,1.5,8,Monaco Grand Prix,Q,26-05-2024
0 days 00:04:50.421000,21.6,59,1017,FALSE,48.1,5,1.2,8,Monaco Grand Prix,Q,26-05-2024
0 days 00:05:50.418000,21.6,59,1016.9,FALSE,48.7,7,1.2,8,Monaco Grand Prix,Q,26-05-2024
0 days 00:06:50.418000,21.6,59,1016.8,FALSE,48.7,11,1.6,8,Monaco Grand Prix,Q,26-05-2024
0 days 00:07:50.413000,21.5,59,1016.9,FALSE,47.9,348,2,8,Monaco Grand Prix,Q,26-05-2024
0 days 00:08:50.419000,21.4,61,1016.9,FALSE,47.7,2,2.1,8,Monaco Grand Prix,Q,26-05-2024
0 days 00:09:50.418000,21.4,60,1017,FALSE,48.3,352,1.6,8,Monaco Grand Prix,Q,26-05-2024
0 days 00:10:50.432000,21.6,60,1017,FALSE,48.2,347,1.4,8,Monaco Grand Prix,Q,26-05-2024
0 days 00:11:50.440000,21.5,61,1016.9,FALSE,47.8,313,1.4,8,Monaco Grand Prix,Q,26-05-2024
0 days 00:12:50.430000,21.4,62,1016.9,FALSE,47.8,328,1.4,8,Monaco Grand Prix,Q,26-05-2024
0 days 00:13:50.411000,21.3,64,1016.9,FALSE,47.9,312,1.4,8,Monaco Grand Prix,Q,26-05-2024
0 days 00:14:50.429000,21.3,65,1016.9,FALSE,47.9,19,1,8,Monaco Grand Prix,Q,26-05-2024
0 days 00:15:50.421000,21.3,64,1017,FALSE,47.2,236,0.9,8,Monaco Grand Prix,Q,26-05-2024
0 days 00:16:50.422000,21.4,61,1017,FALSE,46.7,301,0.5,8,Monaco Grand Prix,Q,26-05-2024
0 days 00:17:50.435000,21.4,60,1017,FALSE,46.7,285,0.7,8,Monaco Grand Prix,Q,26-05-2024
0 days 00:18:50.436000,21.5,61,1017,FALSE,45.6,192,1.1,8,Monaco Grand Prix,Q,26-05-2024
0 days 00:19:50.422000,21.5,59,1016.9,FALSE,45.5,317,1,8,Monaco Grand Prix,Q,26-05-2024
0 days 00:20:50.428000,21.5,60,1017,FALSE,45.5,246,1.2,8,Monaco Grand Prix,Q,26-05-2024
0 days 00:21:50.442000,21.5,60,1017,FALSE,45.3,215,0.9,8,Monaco Grand Prix,Q,26-05-2024
0 days 00:22:50.451000,21.5,59,1016.9,FALSE,44.9,0,1.1,8,Monaco Grand Prix,Q,26-05-2024
0 days 00:23:50.460000,21.5,58,1016.9,FALSE,44.9,275,0.4,8,Monaco Grand Prix,Q,26-05-2024
0 days 00:24:50.468000,21.5,58,1016.9,FALSE,44.8,0,0.9,8,Monaco Grand Prix,Q,26-05-2024
0 days 00:25:50.483000,21.5,59,1016.9,FALSE,44.8,320,0.9,8,Monaco Grand Prix,Q,26-05-2024
0 days 00:26:50.498000,21.4,60,1016.8,FALSE,44.8,29,0.9,8,Monaco Grand Prix,Q,26-05-2024
0 days 00:27:50.494000,21.4,58,1016.9,FALSE,45.3,208,1.6,8,Monaco Grand Prix,Q,26-05-2024
0 days 00:28:50.506000,21.4,59,1016.8,FALSE,45,218,1.5,8,Monaco Grand Prix,Q,26-05-2024
0 days 00:29:50.524000,21.3,59,1016.9,FALSE,44.8,233,1.4,8,Monaco Grand Prix,Q,26-05-2024
0 days 00:30:50.544000,21.4,58,1016.8,FALSE,44.7,332,0.9,8,Monaco Grand Prix,Q,26-05-2024
0 days 00:31:50.560000,21.5,57,1016.8,FALSE,44,301,0.9,8,Monaco Grand Prix,Q,26-05-2024
0 days 00:32:50.567000,21.5,58,1016.8,FALSE,43.6,215,0.9,8,Monaco Grand Prix,Q,26-05-2024
0 days 00:33:50.560000,21.5,59,1016.7,FALSE,43.6,345,1.1,8,Monaco Grand Prix,Q,26-05-2024
0 days 00:34:50.558000,21.5,60,1016.8,FALSE,43.9,9,1,8,Monaco Grand Prix,Q,26-05-2024
0 days 00:35:50.558000,21.4,60,1016.7,FALSE,43.8,359,1.7,8,Monaco Grand Prix,Q,26-05-2024
0 days 00:36:50.562000,21.3,60,1016.8,FALSE,43.9,1,2,8,Monaco Grand Prix,Q,26-05-2024
0 days 00:37:50.566000,21.2,61,1016.8,FALSE,44,0,1.6,8,Monaco Grand Prix,Q,26-05-2024
0 days 00:38:50.566000,21.3,61,1016.8,FALSE,44,304,1.2,8,Monaco Grand Prix,Q,26-05-2024
0 days 00:39:50.563000,21.3,63,1016.8,FALSE,44,359,1,8,Monaco Grand Prix,Q,26-05-2024
0 days 00:40:50.566000,21.3,63,1016.9,FALSE,43.8,238,0.6,8,Monaco Grand Prix,Q,26-05-2024
0 days 00:41:50.564000,21.3,61,1016.9,FALSE,43,261,0.6,8,Monaco Grand Prix,Q,26-05-2024
0 days 00:42:50.590000,21.3,60,1016.9,FALSE,42.3,337,0.8,8,Monaco Grand Prix,Q,26-05-2024
0 days 00:43:50.568000,21.1,62,1016.9,FALSE,42.2,240,1,8,Monaco Grand Prix,Q,26-05-2024
0 days 00:44:50.572000,21,63,1016.9,FALSE,42.1,202,0.9,8,Monaco Grand Prix,Q,26-05-2024
0 days 00:45:50.563000,20.8,63,1016.7,FALSE,42.3,205,1.2,8,Monaco Grand Prix,Q,26-05-2024
0 days 00:46:50.570000,20.7,62,1016.8,FALSE,42.2,270,0.9,8,Monaco Grand Prix,Q,26-05-2024
0 days 00:47:50.573000,20.7,63,1016.7,FALSE,42.1,206,0.5,8,Monaco Grand Prix,Q,26-05-2024
0 days 00:48:50.566000,20.8,61,1016.7,FALSE,42.2,347,0.7,8,Monaco Grand Prix,Q,26-05-2024
0 days 00:49:50.577000,20.9,62,1016.8,FALSE,42.4,0,0.6,8,Monaco Grand Prix,Q,26-05-2024
0 days 00:50:50.578000,20.9,61,1016.8,FALSE,43.3,281,0.6,8,Monaco Grand Prix,Q,26-05-2024
0 days 00:51:50.567000,21,61,1016.7,FALSE,43.1,313,0.8,8,Monaco Grand Prix,Q,26-05-2024
0 days 00:52:50.571000,21,62,1016.8,FALSE,43.1,294,1,8,Monaco Grand Prix,Q,26-05-2024
0 days 00:53:50.570000,21,62,1016.8,FALSE,43.1,355,1,8,Monaco Grand Prix,Q,26-05-2024
0 days 00:54:50.581000,21.1,62,1016.9,FALSE,43.1,349,1.3,8,Monaco Grand Prix,Q,26-05-2024
0 days 00:55:50.571000,21.1,63,1016.9,FALSE,43.1,353,1.1,8,Monaco Grand Prix,Q,26-05-2024
0 days 00:56:50.566000,21,63,1016.9,FALSE,43.3,326,1.5,8,Monaco Grand Prix,Q,26-05-2024
0 days 00:57:50.579000,21,63,1016.9,FALSE,43.6,355,1.2,8,Monaco Grand Prix,Q,26-05-2024
0 days 00:58:50.579000,21,62,1016.8,FALSE,43.7,3,1.6,8,Monaco Grand Prix,Q,26-05-2024
0 days 00:59:50.575000,20.9,62,1016.8,FALSE,44.2,352,1.1,8,Monaco Grand Prix,Q,26-05-2024
0 days 01:00:50.577000,21,61,1016.8,FALSE,44.1,350,1.1,8,Monaco Grand Prix,Q,26-05-2024
0 days 01:01:50.570000,21.1,61,1016.8,FALSE,44.2,351,1.1,8,Monaco Grand Prix,Q,26-05-2024
0 days 01:02:50.582000,21.2,61,1016.9,FALSE,44.2,342,1.4,8,Monaco Grand Prix,Q,26-05-2024
0 days 01:03:50.578000,21.1,62,1016.8,FALSE,44,278,1,8,Monaco Grand Prix,Q,26-05-2024
0 days 01:04:50.593000,21.1,62,1016.9,FALSE,43.9,229,0.7,8,Monaco Grand Prix,Q,26-05-2024
0 days 01:05:50.583000,21.2,61,1016.8,FALSE,43.3,244,0.9,8,Monaco Grand Prix,Q,26-05-2024
0 days 01:06:50.578000,21.2,62,1016.9,FALSE,43.1,329,1,8,Monaco Grand Prix,Q,26-05-2024
0 days 01:07:50.587000,21.1,62,1016.8,FALSE,43.1,235,0.8,8,Monaco Grand Prix,Q,26-05-2024
0 days 01:08:50.581000,21,62,1016.8,FALSE,43.4,315,1.1,8,Monaco Grand Prix,Q,26-05-2024
0 days 01:09:50.582000,20.8,63,1016.8,FALSE,43.8,339,0.9,8,Monaco Grand Prix,Q,26-05-2024
0 days 01:10:50.578000,20.9,62,1016.8,FALSE,43.8,288,1,8,Monaco Grand Prix,Q,26-05-2024
0 days 01:11:50.591000,21,62,1016.9,FALSE,43.8,241,1.1,8,Monaco Grand Prix,Q,26-05-2024
0 days 01:12:50.594000,21.1,61,1016.9,FALSE,43.6,230,1.8,8,Monaco Grand Prix,Q,26-05-2024
0 days 01:13:50.593000,21.1,62,1016.9,FALSE,42.5,249,1.9,8,Monaco Grand Prix,Q,26-05-2024
0 days 01:14:50.592000,21,63,1016.9,FALSE,42.3,242,1.2,8,Monaco Grand Prix,Q,26-05-2024
0 days 01:15:50.589000,21,64,1016.9,FALSE,42.3,230,0.9,8,Monaco Grand Prix,Q,26-05-2024
0 days 00:00:54.094000,21.1,69,1019.1,FALSE,49.4,27,1.1,8,Monaco Grand Prix,R,26-05-2024
0 days 00:01:54.088000,21.1,68,1019.1,FALSE,49.5,2,0.8,8,Monaco Grand Prix,R,26-05-2024
0 days 00:02:54.095000,21,68,1019.2,FALSE,50,3,0.9,8,Monaco Grand Prix,R,26-05-2024
0 days 00:03:54.083000,21,68,1019.1,FALSE,48.3,8,0.7,8,Monaco Grand Prix,R,26-05-2024
0 days 00:04:54.095000,20.9,66,1019.1,FALSE,48.4,107,1.2,8,Monaco Grand Prix,R,26-05-2024
0 days 00:05:54.092000,21,66,1019.1,FALSE,48.4,1,0.4,8,Monaco Grand Prix,R,26-05-2024
0 days 00:06:54.098000,21.1,67,1019.1,FALSE,48,329,1.3,8,Monaco Grand Prix,R,26-05-2024
0 days 00:07:54.090000,21,67,1019.1,FALSE,47.8,38,1.4,8,Monaco Grand Prix,R,26-05-2024
0 days 00:08:54.117000,21,66,1019,FALSE,48,9,1,8,Monaco Grand Prix,R,26-05-2024
0 days 00:09:54.110000,21.2,66,1019.1,FALSE,48,22,1.1,8,Monaco Grand Prix,R,26-05-2024
0 days 00:10:54.129000,21.1,66,1019,FALSE,48,353,1.3,8,Monaco Grand Prix,R,26-05-2024
0 days 00:11:54.124000,21.1,68,1018.9,FALSE,48.4,352,1.1,8,Monaco Grand Prix,R,26-05-2024
0 days 00:12:54.123000,21.1,67,1019,FALSE,48,348,1,8,Monaco Grand Prix,R,26-05-2024
0 days 00:13:54.175000,21.1,67,1019.1,FALSE,48.3,6,0.8,8,Monaco Grand Prix,R,26-05-2024
0 days 00:14:54.163000,21.1,68,1019,FALSE,48.1,27,1.1,8,Monaco Grand Prix,R,26-05-2024
0 days 00:15:54.181000,21.1,68,1019.1,FALSE,48.3,329,1.1,8,Monaco Grand Prix,R,26-05-2024
0 days 00:16:54.191000,21.1,67,1019,FALSE,48.3,22,1,8,Monaco Grand Prix,R,26-05-2024
0 days 00:17:54.203000,21.2,67,1019,FALSE,48.1,357,1.4,8,Monaco Grand Prix,R,26-05-2024
0 days 00:18:54.199000,21.1,67,1019,FALSE,48.1,210,1.1,8,Monaco Grand Prix,R,26-05-2024
0 days 00:19:54.200000,21.2,66,1018.9,FALSE,48.7,215,2.2,8,Monaco Grand Prix,R,26-05-2024
0 days 00:20:54.224000,21.3,66,1019,FALSE,48.7,0,1.4,8,Monaco Grand Prix,R,26-05-2024
0 days 00:21:54.231000,21.3,66,1019,FALSE,48.5,333,0.7,8,Monaco Grand Prix,R,26-05-2024
0 days 00:22:54.229000,21.3,67,1019,FALSE,48.5,210,0.6,8,Monaco Grand Prix,R,26-05-2024
0 days 00:23:54.221000,21.2,67,1019,FALSE,45.8,228,1.1,8,Monaco Grand Prix,R,26-05-2024
0 days 00:24:54.224000,21.2,68,1019.1,FALSE,45.8,19,0.7,8,Monaco Grand Prix,R,26-05-2024
0 days 00:25:54.231000,21.3,68,1019,FALSE,45.8,233,0.7,8,Monaco Grand Prix,R,26-05-2024
0 days 00:26:54.229000,21.3,69,1019,FALSE,46.4,237,0.8,8,Monaco Grand Prix,R,26-05-2024
0 days 00:27:54.238000,21.3,69,1019.1,FALSE,46.6,213,1.5,8,Monaco Grand Prix,R,26-05-2024
0 days 00:28:54.230000,21.2,69,1019,FALSE,46.6,0,2.3,8,Monaco Grand Prix,R,26-05-2024
0 days 00:29:54.230000,21.2,69,1019,FALSE,47.3,0,0.6,8,Monaco Grand Prix,R,26-05-2024
0 days 00:30:54.232000,21.2,68,1019,FALSE,47.9,225,0,8,Monaco Grand Prix,R,26-05-2024
0 days 00:31:54.231000,21.2,68,1018.9,FALSE,47.3,9,0.4,8,Monaco Grand Prix,R,26-05-2024
0 days 00:32:54.228000,21.4,67,1018.9,FALSE,47.4,7,1.9,8,Monaco Grand Prix,R,26-05-2024
0 days 00:33:54.237000,21.3,67,1019,FALSE,47.4,358,1.1,8,Monaco Grand Prix,R,26-05-2024
0 days 00:34:54.239000,21.3,67,1019,FALSE,47.7,355,0.7,8,Monaco Grand Prix,R,26-05-2024
0 days 00:35:54.235000,21.3,67,1019,FALSE,48.6,213,0.9,8,Monaco Grand Prix,R,26-05-2024
0 days 00:36:54.240000,21.2,67,1018.9,FALSE,49.2,337,0.9,8,Monaco Grand Prix,R,26-05-2024
0 days 00:37:54.234000,21.3,67,1019,FALSE,48.9,204,0.7,8,Monaco Grand Prix,R,26-05-2024
0 days 00:38:54.242000,21.3,68,1019,FALSE,48.5,229,0.9,8,Monaco Grand Prix,R,26-05-2024
0 days 00:39:54.241000,21.4,68,1018.9,FALSE,48.7,211,0.8,8,Monaco Grand Prix,R,26-05-2024
0 days 00:40:54.231000,21.5,67,1018.9,FALSE,48.7,343,0.6,8,Monaco Grand Prix,R,26-05-2024
0 days 00:41:54.246000,21.6,67,1018.9,FALSE,48.8,0,0.5,8,Monaco Grand Prix,R,26-05-2024
0 days 00:42:54.245000,21.4,66,1018.9,FALSE,48.4,21,0.4,8,Monaco Grand Prix,R,26-05-2024
0 days 00:43:54.245000,21.5,66,1018.8,FALSE,48.3,56,1.1,8,Monaco Grand Prix,R,26-05-2024
0 days 00:44:54.248000,21.5,66,1018.8,FALSE,48,56,1,8,Monaco Grand Prix,R,26-05-2024
0 days 00:45:54.241000,21.4,66,1018.8,FALSE,48,20,1.2,8,Monaco Grand Prix,R,26-05-2024
0 days 00:46:54.254000,21.4,67,1018.9,FALSE,47.4,209,1.1,8,Monaco Grand Prix,R,26-05-2024
0 days 00:47:54.271000,21.4,66,1018.9,FALSE,47,324,0.8,8,Monaco Grand Prix,R,26-05-2024
0 days 00:48:54.261000,21.4,67,1019,FALSE,47.6,333,0.7,8,Monaco Grand Prix,R,26-05-2024
0 days 00:49:54.257000,21.3,67,1019.1,FALSE,47,202,0.4,8,Monaco Grand Prix,R,26-05-2024
0 days 00:50:54.286000,21.2,68,1018.9,FALSE,46.9,238,0.9,8,Monaco Grand Prix,R,26-05-2024
0 days 00:51:54.300000,21.2,68,1019,FALSE,47,0,0.8,8,Monaco Grand Prix,R,26-05-2024
0 days 00:52:54.299000,21.3,67,1018.9,FALSE,47.3,11,0.5,8,Monaco Grand Prix,R,26-05-2024
0 days 00:53:54.300000,21.5,67,1018.8,FALSE,48.1,9,1.5,8,Monaco Grand Prix,R,26-05-2024
0 days 00:54:54.301000,21.6,66,1018.9,FALSE,48.4,0,0.9,8,Monaco Grand Prix,R,26-05-2024
0 days 00:55:54.299000,21.6,66,1018.9,FALSE,48.4,255,0.6,8,Monaco Grand Prix,R,26-05-2024
0 days 00:56:54.341000,21.6,64,1018.9,FALSE,48,328,0.4,8,Monaco Grand Prix,R,26-05-2024
0 days 00:57:54.329000,21.7,65,1018.9,FALSE,48.3,7,1.3,8,Monaco Grand Prix,R,26-05-2024
0 days 00:58:54.353000,21.6,65,1018.8,FALSE,48.3,222,1.2,8,Monaco Grand Prix,R,26-05-2024
0 days 00:59:54.346000,21.6,65,1018.9,FALSE,48.1,207,2,8,Monaco Grand Prix,R,26-05-2024
0 days 01:00:54.358000,21.6,68,1018.9,FALSE,47.7,214,2.5,8,Monaco Grand Prix,R,26-05-2024
0 days 01:01:54.372000,21.3,69,1018.9,FALSE,47.7,212,1.2,8,Monaco Grand Prix,R,26-05-2024
0 days 01:02:54.377000,21.3,68,1018.9,FALSE,48.1,216,1.4,8,Monaco Grand Prix,R,26-05-2024
0 days 01:03:54.373000,21.4,67,1018.9,FALSE,47.9,0,0.5,8,Monaco Grand Prix,R,26-05-2024
0 days 01:04:54.424000,21.4,69,1018.9,FALSE,47.2,49,0.5,8,Monaco Grand Prix,R,26-05-2024
0 days 01:05:54.381000,21.5,69,1018.8,FALSE,47.1,125,0.9,8,Monaco Grand Prix,R,26-05-2024
0 days 01:06:54.383000,21.4,68,1018.8,FALSE,47.3,15,0.4,8,Monaco Grand Prix,R,26-05-2024
0 days 01:07:54.375000,21.3,68,1018.8,FALSE,47.5,6,1.2,8,Monaco Grand Prix,R,26-05-2024
0 days 01:08:54.382000,21.3,68,1018.9,FALSE,47.7,203,1.3,8,Monaco Grand Prix,R,26-05-2024
0 days 01:09:54.382000,21.2,69,1018.8,FALSE,48.2,5,1.7,8,Monaco Grand Prix,R,26-05-2024
0 days 01:10:54.386000,21.3,69,1018.9,FALSE,49.3,48,1,8,Monaco Grand Prix,R,26-05-2024
0 days 01:11:54.381000,21.3,69,1018.8,FALSE,49.5,329,0.8,8,Monaco Grand Prix,R,26-05-2024
0 days 01:12:54.386000,21.3,67,1018.9,FALSE,49.5,0,0.7,8,Monaco Grand Prix,R,26-05-2024
0 days 01:13:54.384000,21.4,67,1018.9,FALSE,49.4,34,0.3,8,Monaco Grand Prix,R,26-05-2024
0 days 01:14:54.382000,21.3,68,1018.8,FALSE,49.2,327,1.2,8,Monaco Grand Prix,R,26-05-2024
0 days 01:15:54.395000,21.3,67,1018.9,FALSE,49.4,20,0.8,8,Monaco Grand Prix,R,26-05-2024
0 days 01:16:54.395000,21.3,67,1018.8,FALSE,49.9,314,0.8,8,Monaco Grand Prix,R,26-05-2024
0 days 01:17:54.382000,21.3,68,1018.8,FALSE,49.5,189,0.8,8,Monaco Grand Prix,R,26-05-2024
0 days 01:18:54.433000,21.4,67,1018.9,FALSE,49.8,223,0.4,8,Monaco Grand Prix,R,26-05-2024
0 days 01:19:54.411000,21.5,67,1018.9,FALSE,49.6,16,1.2,8,Monaco Grand Prix,R,26-05-2024
0 days 01:20:54.404000,21.5,68,1018.8,FALSE,49.6,323,0.7,8,Monaco Grand Prix,R,26-05-2024
0 days 01:21:54.421000,21.5,67,1018.8,FALSE,49.9,350,1.5,8,Monaco Grand Prix,R,26-05-2024
0 days 01:22:54.431000,21.6,65,1018.8,FALSE,49.7,10,0.9,8,Monaco Grand Prix,R,26-05-2024
0 days 01:23:54.453000,21.6,65,1018.8,FALSE,49.1,13,1.7,8,Monaco Grand Prix,R,26-05-2024
0 days 01:24:54.436000,21.7,66,1018.8,FALSE,48.4,10,1.3,8,Monaco Grand Prix,R,26-05-2024
0 days 01:25:54.487000,21.7,65,1018.8,FALSE,48.8,16,1.4,8,Monaco Grand Prix,R,26-05-2024
0 days 01:26:54.466000,21.6,64,1018.7,FALSE,49.5,17,1.1,8,Monaco Grand Prix,R,26-05-2024
0 days 01:27:54.455000,21.6,64,1018.8,FALSE,49,26,1.2,8,Monaco Grand Prix,R,26-05-2024
0 days 01:28:54.479000,21.6,65,1018.8,FALSE,48.6,25,1.6,8,Monaco Grand Prix,R,26-05-2024
0 days 01:29:54.480000,21.5,64,1018.9,FALSE,48.5,357,1.7,8,Monaco Grand Prix,R,26-05-2024
0 days 01:30:54.496000,21.5,64,1018.9,FALSE,48.5,19,0.5,8,Monaco Grand Prix,R,26-05-2024
0 days 01:31:54.491000,21.5,62,1018.8,FALSE,49.4,330,0.8,8,Monaco Grand Prix,R,26-05-2024
0 days 01:32:54.501000,21.5,63,1018.9,FALSE,49.4,347,1.2,8,Monaco Grand Prix,R,26-05-2024
0 days 01:33:54.516000,21.5,64,1018.9,FALSE,49.4,0,1.5,8,Monaco Grand Prix,R,26-05-2024
0 days 01:34:54.525000,21.5,64,1018.9,FALSE,49.3,342,1.5,8,Monaco Grand Prix,R,26-05-2024
0 days 01:35:54.524000,21.5,64,1018.9,FALSE,49.3,348,1.5,8,Monaco Grand Prix,R,26-05-2024
0 days 01:36:54.533000,21.5,65,1018.9,FALSE,48.1,9,0.8,8,Monaco Grand Prix,R,26-05-2024
0 days 01:37:54.533000,21.5,66,1018.9,FALSE,48.1,231,0.7,8,Monaco Grand Prix,R,26-05-2024
0 days 01:38:54.534000,21.6,66,1018.7,FALSE,48.6,356,1.4,8,Monaco Grand Prix,R,26-05-2024
0 days 01:39:54.540000,21.6,65,1018.8,FALSE,49.2,0,0.6,8,Monaco Grand Prix,R,26-05-2024
0 days 01:40:54.540000,21.7,63,1018.9,FALSE,49.2,0,0.6,8,Monaco Grand Prix,R,26-05-2024
0 days 01:41:54.532000,21.7,63,1018.8,FALSE,48.8,57,0.6,8,Monaco Grand Prix,R,26-05-2024
0 days 01:42:54.539000,21.6,64,1018.9,FALSE,48.2,353,2,8,Monaco Grand Prix,R,26-05-2024
0 days 01:43:54.538000,21.6,63,1018.8,FALSE,48.2,0,1,8,Monaco Grand Prix,R,26-05-2024
0 days 01:44:54.534000,21.8,64,1018.9,FALSE,48.7,6,0.4,8,Monaco Grand Prix,R,26-05-2024
0 days 01:45:54.536000,21.8,64,1018.9,FALSE,48,104,1.4,8,Monaco Grand Prix,R,26-05-2024
0 days 01:46:54.538000,21.9,63,1018.9,FALSE,47.9,253,0.9,8,Monaco Grand Prix,R,26-05-2024
0 days 01:47:54.523000,22,64,1018.8,FALSE,47.9,340,1.1,8,Monaco Grand Prix,R,26-05-2024
0 days 01:48:54.541000,22.1,65,1018.8,FALSE,47.4,289,0.7,8,Monaco Grand Prix,R,26-05-2024
0 days 01:49:54.529000,22.1,63,1018.8,FALSE,47.9,187,0.9,8,Monaco Grand Prix,R,26-05-2024
0 days 01:50:54.531000,22.2,61,1018.9,FALSE,47.9,9,1.3,8,Monaco Grand Prix,R,26-05-2024
0 days 01:51:54.544000,22.3,63,1018.8,FALSE,47.3,2,0.6,8,Monaco Grand Prix,R,26-05-2024
0 days 01:52:54.535000,22.1,64,1018.8,FALSE,47.2,208,1.2,8,Monaco Grand Prix,R,26-05-2024
0 days 01:53:54.550000,22,62,1018.8,FALSE,47.1,0,1.2,8,Monaco Grand Prix,R,26-05-2024
0 days 01:54:54.541000,22,63,1018.7,FALSE,47.1,22,0.5,8,Monaco Grand Prix,R,26-05-2024
0 days 01:55:54.537000,22,62,1018.8,FALSE,47.1,351,1.1,8,Monaco Grand Prix,R,26-05-2024
0 days 01:56:54.541000,22,64,1018.7,FALSE,46,154,0.5,8,Monaco Grand Prix,R,26-05-2024
0 days 01:57:54.549000,21.8,64,1018.8,FALSE,46.1,8,1.3,8,Monaco Grand Prix,R,26-05-2024
0 days 01:58:54.543000,21.6,64,1018.7,FALSE,46.7,38,1.1,8,Monaco Grand Prix,R,26-05-2024
0 days 01:59:54.551000,21.7,63,1018.7,FALSE,47.2,101,0.8,8,Monaco Grand Prix,R,26-05-2024
0 days 02:00:54.548000,21.8,61,1018.6,FALSE,46.7,221,0.7,8,Monaco Grand Prix,R,26-05-2024
0 days 02:01:54.547000,21.9,61,1018.8,FALSE,46.6,36,1.3,8,Monaco Grand Prix,R,26-05-2024
0 days 02:02:54.542000,21.9,62,1018.8,FALSE,45.8,337,0.9,8,Monaco Grand Prix,R,26-05-2024
0 days 02:03:54.543000,21.9,64,1018.7,FALSE,45.8,0,1.3,8,Monaco Grand Prix,R,26-05-2024
0 days 02:04:54.544000,21.8,65,1018.8,FALSE,45.9,273,1.6,8,Monaco Grand Prix,R,26-05-2024
0 days 02:05:54.554000,21.8,65,1018.8,FALSE,45.9,198,0.5,8,Monaco Grand Prix,R,26-05-2024
0 days 02:06:54.543000,21.7,63,1018.7,FALSE,46.1,356,1.1,8,Monaco Grand Prix,R,26-05-2024
0 days 02:07:54.545000,21.8,64,1018.7,FALSE,46.3,272,1.4,8,Monaco Grand Prix,R,26-05-2024
0 days 02:08:54.553000,21.7,63,1018.7,FALSE,45.7,183,0.9,8,Monaco Grand Prix,R,26-05-2024
0 days 02:09:54.562000,21.7,62,1018.6,FALSE,45.7,325,1.3,8,Monaco Grand Prix,R,26-05-2024
0 days 02:10:54.559000,21.8,64,1018.5,FALSE,46,23,0.7,8,Monaco Grand Prix,R,26-05-2024
0 days 02:11:54.558000,21.9,63,1018.6,FALSE,46,296,0.6,8,Monaco Grand Prix,R,26-05-2024
0 days 02:12:54.548000,21.9,62,1018.6,FALSE,46,213,1,8,Monaco Grand Prix,R,26-05-2024
0 days 02:13:54.560000,22,63,1018.5,FALSE,45.6,215,1.7,8,Monaco Grand Prix,R,26-05-2024
0 days 02:14:54.551000,22,62,1018.5,FALSE,45.9,220,0.9,8,Monaco Grand Prix,R,26-05-2024
0 days 02:15:54.549000,22,61,1018.6,FALSE,46.4,265,0.6,8,Monaco Grand Prix,R,26-05-2024
0 days 02:16:54.551000,22.1,61,1018.6,FALSE,45.5,217,0.4,8,Monaco Grand Prix,R,26-05-2024
0 days 02:17:54.557000,22,61,1018.6,FALSE,45.5,237,0.9,8,Monaco Grand Prix,R,26-05-2024
0 days 02:18:54.573000,21.9,62,1018.5,FALSE,45.6,245,1,8,Monaco Grand Prix,R,26-05-2024
0 days 02:19:54.575000,21.9,62,1018.6,FALSE,45.9,269,0.9,8,Monaco Grand Prix,R,26-05-2024
0 days 02:20:54.594000,22,61,1018.5,FALSE,45.9,268,1,8,Monaco Grand Prix,R,26-05-2024
0 days 02:21:54.610000,22,62,1018.6,FALSE,45.1,0,0.9,8,Monaco Grand Prix,R,26-05-2024
0 days 02:22:54.602000,21.9,65,1018.6,FALSE,44.5,358,0.6,8,Monaco Grand Prix,R,26-05-2024
0 days 02:23:54.612000,21.8,64,1018.5,FALSE,44.4,234,1.2,8,Monaco Grand Prix,R,26-05-2024
0 days 02:24:54.613000,21.7,63,1018.5,FALSE,44.4,305,1.5,8,Monaco Grand Prix,R,26-05-2024
0 days 02:25:54.617000,21.8,63,1018.5,FALSE,44.5,271,1,8,Monaco Grand Prix,R,26-05-2024
0 days 02:26:54.635000,21.8,62,1018.6,FALSE,44.8,169,0.7,8,Monaco Grand Prix,R,26-05-2024
0 days 02:27:54.648000,21.8,62,1018.6,FALSE,44.7,0,0.5,8,Monaco Grand Prix,R,26-05-2024
0 days 02:28:54.646000,21.9,61,1018.6,FALSE,44.4,269,0.8,8,Monaco Grand Prix,R,26-05-2024
0 days 02:29:54.675000,22,60,1018.5,FALSE,44.4,111,0.8,8,Monaco Grand Prix,R,26-05-2024
0 days 02:30:54.676000,22,62,1018.4,FALSE,44.4,30,0.5,8,Monaco Grand Prix,R,26-05-2024
0 days 02:31:54.677000,21.9,61,1018.5,FALSE,44.7,0,0.5,8,Monaco Grand Prix,R,26-05-2024
0 days 02:32:54.683000,21.9,59,1018.5,FALSE,44.8,0,0.9,8,Monaco Grand Prix,R,26-05-2024
0 days 02:33:54.684000,21.9,59,1018.6,FALSE,44.8,227,1,8,Monaco Grand Prix,R,26-05-2024
0 days 02:34:54.708000,22,58,1018.5,FALSE,44.5,192,0.5,8,Monaco Grand Prix,R,26-05-2024
0 days 02:35:54.692000,22,58,1018.5,FALSE,44.2,206,0.8,8,Monaco Grand Prix,R,26-05-2024
0 days 02:36:54.696000,21.9,57,1018.3,FALSE,44.5,203,1.8,8,Monaco Grand Prix,R,26-05-2024
0 days 02:37:54.700000,22,58,1018.4,FALSE,44.5,276,1.8,8,Monaco Grand Prix,R,26-05-2024
0 days 02:38:54.736000,22,57,1018.5,FALSE,43.8,205,0.7,8,Monaco Grand Prix,R,26-05-2024
0 days 02:39:54.713000,22,58,1018.4,FALSE,43.8,218,1.1,8,Monaco Grand Prix,R,26-05-2024
0 days 02:40:54.715000,22,57,1018.4,FALSE,43.7,0,1.7,8,Monaco Grand Prix,R,26-05-2024
0 days 02:41:54.711000,21.9,58,1018.5,FALSE,43.7,354,1,8,Monaco Grand Prix,R,26-05-2024
0 days 02:42:54.715000,21.9,58,1018.5,FALSE,43.7,89,1.1,8,Monaco Grand Prix,R,26-05-2024
0 days 02:43:54.736000,21.8,58,1018.6,FALSE,43,200,0.7,8,Monaco Grand Prix,R,26-05-2024
0 days 02:44:54.744000,21.8,57,1018.5,FALSE,43.2,52,1,8,Monaco Grand Prix,R,26-05-2024
0 days 02:45:54.756000,21.9,58,1018.5,FALSE,43.2,321,0.8,8,Monaco Grand Prix,R,26-05-2024
0 days 02:46:54.745000,21.9,59,1018.6,FALSE,43,228,1.1,8,Monaco Grand Prix,R,26-05-2024
0 days 02:47:54.762000,21.9,59,1018.4,FALSE,42.8,236,1.4,8,Monaco Grand Prix,R,26-05-2024
0 days 02:48:54.750000,21.7,59,1018.4,FALSE,42.5,0,1.1,8,Monaco Grand Prix,R,26-05-2024
0 days 02:49:54.749000,21.7,60,1018.4,FALSE,42.4,59,0.9,8,Monaco Grand Prix,R,26-05-2024
0 days 02:50:54.764000,21.6,60,1018.4,FALSE,42.2,140,0.8,8,Monaco Grand Prix,R,26-05-2024
0 days 02:51:54.774000,21.7,59,1018.5,FALSE,42.4,0,0.6,8,Monaco Grand Prix,R,26-05-2024
0 days 02:52:54.793000,21.8,60,1018.5,FALSE,42.2,30,1.2,8,Monaco Grand Prix,R,26-05-2024
0 days 02:53:54.807000,21.6,61,1018.4,FALSE,41.9,9,1.1,8,Monaco Grand Prix,R,26-05-2024
0 days 02:54:54.803000,21.5,61,1018.5,FALSE,42.3,284,0.5,8,Monaco Grand Prix,R,26-05-2024
0 days 02:55:54.798000,21.6,60,1018.4,FALSE,42.3,222,0.6,8,Monaco Grand Prix,R,26-05-2024
0 days 02:56:54.806000,21.6,60,1018.4,FALSE,42,241,0.9,8,Monaco Grand Prix,R,26-05-2024
0 days 02:57:54.815000,21.8,59,1018.4,FALSE,42,264,1.2,8,Monaco Grand Prix,R,26-05-2024
0 days 02:58:54.835000,22,60,1018.5,FALSE,42,284,0.8,8,Monaco Grand Prix,R,26-05-2024
0 days 02:59:54.845000,21.9,60,1018.3,FALSE,41.2,47,0.8,8,Monaco Grand Prix,R,26-05-2024
0 days 03:00:54.842000,21.9,60,1018.4,FALSE,42,215,0.9,8,Monaco Grand Prix,R,26-05-2024
0 days 03:01:54.848000,21.9,59,1018.4,FALSE,41.7,283,1.2,8,Monaco Grand Prix,R,26-05-2024
0 days 03:02:54.840000,22,59,1018.3,FALSE,41.7,325,1.7,8,Monaco Grand Prix,R,26-05-2024
0 days 03:03:54.830000,22,60,1018.3,FALSE,41.6,58,1,8,Monaco Grand Prix,R,26-05-2024
0 days 03:04:54.832000,21.8,60,1018.4,FALSE,40.9,14,0.7,8,Monaco Grand Prix,R,26-05-2024
0 days 03:05:54.842000,21.7,61,1018.4,FALSE,41.1,229,0.8,8,Monaco Grand Prix,R,26-05-2024
0 days 03:06:54.847000,21.8,60,1018.5,FALSE,41.6,224,0.8,8,Monaco Grand Prix,R,26-05-2024
0 days 03:07:54.840000,21.8,60,1018.4,FALSE,41.6,209,1,8,Monaco Grand Prix,R,26-05-2024
0 days 03:08:54.838000,21.7,60,1018.4,FALSE,41.1,0,0.4,8,Monaco Grand Prix,R,26-05-2024
0 days 03:09:54.843000,21.6,61,1018.4,FALSE,41,58,0.7,8,Monaco Grand Prix,R,26-05-2024
0 days 03:10:54.846000,21.6,62,1018.4,FALSE,40.5,214,0.9,8,Monaco Grand Prix,R,26-05-2024
0 days 03:11:54.852000,21.6,61,1018.4,FALSE,40.5,209,0.5,8,Monaco Grand Prix,R,26-05-2024
0 days 03:12:54.846000,21.7,61,1018.4,FALSE,40.8,293,1.1,8,Monaco Grand Prix,R,26-05-2024
0 days 03:13:54.853000,21.7,61,1018.4,FALSE,40.8,214,0.7,8,Monaco Grand Prix,R,26-05-2024
0 days 03:14:54.871000,21.7,61,1018.4,FALSE,40.6,353,0.6,8,Monaco Grand Prix,R,26-05-2024
0 days 03:15:54.885000,21.7,61,1018.4,FALSE,40.6,224,0.9,8,Monaco Grand Prix,R,26-05-2024
0 days 03:16:54.899000,21.8,61,1018.4,FALSE,40.9,219,1.2,8,Monaco Grand Prix,R,26-05-2024
0 days 03:17:54.901000,21.8,61,1018.4,FALSE,40.9,284,0.8,8,Monaco Grand Prix,R,26-05-2024
0 days 03:18:54.896000,21.8,62,1018.4,FALSE,40.2,0,0.8,8,Monaco Grand Prix,R,26-05-2024
0 days 03:19:54.900000,21.7,62,1018.5,FALSE,40.3,168,0.6,8,Monaco Grand Prix,R,26-05-2024
0 days 00:00:34.879000,17.3,88,999.5,FALSE,27.5,241,0.7,9,Canadian Grand Prix,FP1,09-06-2024
0 days 00:01:34.883000,17.3,87,999.4,FALSE,27.3,245,1.5,9,Canadian Grand Prix,FP1,09-06-2024
0 days 00:02:34.879000,17.3,88,999.4,FALSE,27,256,0.6,9,Canadian Grand Prix,FP1,09-06-2024
0 days 00:03:34.881000,17.2,87,999.3,FALSE,27.1,236,0.4,9,Canadian Grand Prix,FP1,09-06-2024
0 days 00:04:34.879000,17.3,87,999.4,FALSE,27.2,264,1,9,Canadian Grand Prix,FP1,09-06-2024
0 days 00:05:34.884000,17.4,87,999.4,FALSE,27.1,238,0.7,9,Canadian Grand Prix,FP1,09-06-2024
0 days 00:06:34.880000,17.4,88,999.3,FALSE,26.8,225,0.8,9,Canadian Grand Prix,FP1,09-06-2024
0 days 00:07:34.881000,17.5,88,999.3,FALSE,26.8,242,0.7,9,Canadian Grand Prix,FP1,09-06-2024
0 days 00:08:34.904000,17.4,88,999.3,FALSE,26.7,256,0.6,9,Canadian Grand Prix,FP1,09-06-2024
0 days 00:09:34.885000,17.4,87,999.3,FALSE,27.2,0,0.6,9,Canadian Grand Prix,FP1,09-06-2024
0 days 00:10:34.884000,17.5,88,999.2,FALSE,27.6,309,0.4,9,Canadian Grand Prix,FP1,09-06-2024
0 days 00:11:34.884000,17.5,89,999.2,FALSE,28,60,0,9,Canadian Grand Prix,FP1,09-06-2024
0 days 00:12:34.888000,17.6,88,999.3,FALSE,28.6,171,0,9,Canadian Grand Prix,FP1,09-06-2024
0 days 00:13:34.887000,17.8,87,999.1,FALSE,28.6,256,0.5,9,Canadian Grand Prix,FP1,09-06-2024
0 days 00:14:34.890000,17.7,87,999.2,FALSE,28.2,0,0.6,9,Canadian Grand Prix,FP1,09-06-2024
0 days 00:15:34.887000,17.8,85,999.2,FALSE,28.1,245,0.6,9,Canadian Grand Prix,FP1,09-06-2024
0 days 00:16:34.886000,17.8,85,999.2,FALSE,27.9,238,0.8,9,Canadian Grand Prix,FP1,09-06-2024
0 days 00:17:34.888000,18,87,999.2,FALSE,27.5,226,1,9,Canadian Grand Prix,FP1,09-06-2024
0 days 00:18:34.890000,17.8,86,999.2,FALSE,27.4,224,1.2,9,Canadian Grand Prix,FP1,09-06-2024
0 days 00:19:34.889000,17.8,86,999.2,FALSE,27,226,1.4,9,Canadian Grand Prix,FP1,09-06-2024
0 days 00:20:34.895000,17.8,88,999.2,FALSE,26.9,211,0.9,9,Canadian Grand Prix,FP1,09-06-2024
0 days 00:21:34.908000,17.9,87,999,FALSE,26.9,250,0.7,9,Canadian Grand Prix,FP1,09-06-2024
0 days 00:22:34.898000,17.9,85,998.9,FALSE,26.9,272,0.8,9,Canadian Grand Prix,FP1,09-06-2024
0 days 00:23:34.898000,17.9,85,998.9,FALSE,26.9,272,0.8,9,Canadian Grand Prix,FP1,09-06-2024
0 days 00:24:34.891000,17.9,85,998.9,TRUE,26,227,1,9,Canadian Grand Prix,FP1,09-06-2024
0 days 00:25:34.908000,17.8,86,998.8,TRUE,25.7,15,0.6,9,Canadian Grand Prix,FP1,09-06-2024
0 days 00:26:34.927000,17.8,85,998.6,TRUE,25.5,348,1.1,9,Canadian Grand Prix,FP1,09-06-2024
0 days 00:27:34.940000,17.7,85,998.5,TRUE,25.5,328,1.2,9,Canadian Grand Prix,FP1,09-06-2024
0 days 00:28:34.945000,17.8,86,998.5,TRUE,25.7,342,1.5,9,Canadian Grand Prix,FP1,09-06-2024
0 days 00:29:34.960000,17.8,85,998.4,TRUE,25.7,355,1.1,9,Canadian Grand Prix,FP1,09-06-2024
0 days 00:30:34.966000,17.9,86,998.4,TRUE,25.8,336,1,9,Canadian Grand Prix,FP1,09-06-2024
0 days 00:31:34.976000,17.9,86,998.4,TRUE,26.1,353,0.9,9,Canadian Grand Prix,FP1,09-06-2024
0 days 00:32:34.990000,18,87,998.4,TRUE,26.5,337,0.8,9,Canadian Grand Prix,FP1,09-06-2024
0 days 00:33:34.990000,18,83,998.4,TRUE,26.7,280,1,9,Canadian Grand Prix,FP1,09-06-2024
0 days 00:34:35.001000,17.9,82,998.4,TRUE,26.7,299,1.2,9,Canadian Grand Prix,FP1,09-06-2024
0 days 00:35:34.986000,18,85,998.6,TRUE,27.2,228,0.8,9,Canadian Grand Prix,FP1,09-06-2024
0 days 00:36:35.011000,18.1,86,998.5,TRUE,27.5,234,0.8,9,Canadian Grand Prix,FP1,09-06-2024
0 days 00:37:35.026000,18.1,86,998.5,TRUE,27.5,234,0.8,9,Canadian Grand Prix,FP1,09-06-2024
0 days 00:38:35.033000,18.3,84,998.7,FALSE,28.1,215,1.3,9,Canadian Grand Prix,FP1,09-06-2024
0 days 00:39:35.028000,18.5,82,998.6,FALSE,28,219,1.5,9,Canadian Grand Prix,FP1,09-06-2024
0 days 00:40:35.029000,18.5,85,998.7,FALSE,28.1,219,0.9,9,Canadian Grand Prix,FP1,09-06-2024
0 days 00:41:35.028000,18.4,83,998.5,FALSE,28.4,229,1.6,9,Canadian Grand Prix,FP1,09-06-2024
0 days 00:42:35.063000,18.4,82,998.6,FALSE,28.4,221,1.7,9,Canadian Grand Prix,FP1,09-06-2024
0 days 00:43:35.030000,18.5,85,998.5,FALSE,28.6,218,0.9,9,Canadian Grand Prix,FP1,09-06-2024
0 days 00:44:35.032000,18.5,82,998.6,FALSE,28.7,222,2.1,9,Canadian Grand Prix,FP1,09-06-2024
0 days 00:45:35.034000,18.5,82,998.6,FALSE,29,213,2.7,9,Canadian Grand Prix,FP1,09-06-2024
0 days 00:46:35.036000,18.6,81,998.6,FALSE,29.2,242,2.4,9,Canadian Grand Prix,FP1,09-06-2024
0 days 00:47:35.053000,18.6,82,998.5,FALSE,29.3,229,2.5,9,Canadian Grand Prix,FP1,09-06-2024
0 days 00:48:35.066000,18.6,80,998.5,FALSE,29.8,221,2.5,9,Canadian Grand Prix,FP1,09-06-2024
0 days 00:49:35.081000,18.8,82,998.4,FALSE,30,238,2.8,9,Canadian Grand Prix,FP1,09-06-2024
0 days 00:50:35.098000,18.9,82,998.4,FALSE,30,218,2.1,9,Canadian Grand Prix,FP1,09-06-2024
0 days 00:51:35.121000,19,80,998.4,FALSE,29.9,214,2.8,9,Canadian Grand Prix,FP1,09-06-2024
0 days 00:52:35.131000,18.9,78,998.3,FALSE,29.7,219,2.8,9,Canadian Grand Prix,FP1,09-06-2024
0 days 00:53:35.132000,19,79,998.2,FALSE,30,204,2.3,9,Canadian Grand Prix,FP1,09-06-2024
0 days 00:54:35.133000,18.9,79,998.3,FALSE,30.1,223,2.2,9,Canadian Grand Prix,FP1,09-06-2024
0 days 00:55:35.139000,18.9,80,998.3,FALSE,30.3,195,2.1,9,Canadian Grand Prix,FP1,09-06-2024
0 days 00:56:35.131000,19,79,998.2,FALSE,30.3,214,1.6,9,Canadian Grand Prix,FP1,09-06-2024
0 days 00:57:35.134000,18.9,80,998.2,FALSE,30.2,243,1.8,9,Canadian Grand Prix,FP1,09-06-2024
0 days 00:58:35.151000,18.9,80,998.3,FALSE,30.5,187,1.8,9,Canadian Grand Prix,FP1,09-06-2024
0 days 00:59:35.151000,18.9,80,998.3,FALSE,30.8,221,1.9,9,Canadian Grand Prix,FP1,09-06-2024
0 days 01:00:35.153000,18.9,81,998.3,FALSE,30.9,256,1.1,9,Canadian Grand Prix,FP1,09-06-2024
0 days 01:01:35.168000,18.9,78,998.2,FALSE,30.9,223,1.7,9,Canadian Grand Prix,FP1,09-06-2024
0 days 01:02:35.176000,18.8,83,998.3,FALSE,30.8,196,0.9,9,Canadian Grand Prix,FP1,09-06-2024
0 days 01:03:35.182000,18.8,81,998.2,FALSE,31.1,175,1.4,9,Canadian Grand Prix,FP1,09-06-2024
0 days 01:04:35.192000,18.8,81,998.2,FALSE,31.1,209,1.8,9,Canadian Grand Prix,FP1,09-06-2024
0 days 01:05:35.190000,18.7,81,998.2,FALSE,30.7,197,1,9,Canadian Grand Prix,FP1,09-06-2024
0 days 01:06:35.180000,18.6,83,998.3,FALSE,31.2,206,1,9,Canadian Grand Prix,FP1,09-06-2024
0 days 01:07:35.188000,18.5,84,998.3,FALSE,31.3,207,1.2,9,Canadian Grand Prix,FP1,09-06-2024
0 days 01:08:35.206000,18.5,80,998.2,FALSE,31.4,226,0.7,9,Canadian Grand Prix,FP1,09-06-2024
0 days 01:09:35.220000,18.5,82,998.2,FALSE,31.2,181,1.4,9,Canadian Grand Prix,FP1,09-06-2024
0 days 01:10:35.225000,18.6,82,998.3,FALSE,31.2,246,1.1,9,Canadian Grand Prix,FP1,09-06-2024
0 days 01:11:35.252000,18.5,80,998.3,FALSE,31.5,194,1,9,Canadian Grand Prix,FP1,09-06-2024
0 days 01:12:35.270000,18.6,81,998.3,FALSE,31.7,181,1.3,9,Canadian Grand Prix,FP1,09-06-2024
0 days 01:13:35.289000,18.8,78,998.3,FALSE,31.7,178,1.7,9,Canadian Grand Prix,FP1,09-06-2024
0 days 01:14:35.304000,18.9,82,998.3,FALSE,31.7,197,0.8,9,Canadian Grand Prix,FP1,09-06-2024
0 days 01:15:35.302000,19,79,998.3,FALSE,32.2,231,0.8,9,Canadian Grand Prix,FP1,09-06-2024
0 days 01:16:35.303000,19.3,77,998.3,FALSE,32.2,228,1.6,9,Canadian Grand Prix,FP1,09-06-2024
0 days 01:17:35.304000,19.3,78,998.3,FALSE,31.7,244,1.4,9,Canadian Grand Prix,FP1,09-06-2024
0 days 00:00:59.943000,19.6,67,998.9,TRUE,26.9,221,2.7,9,Canadian Grand Prix,FP2,09-06-2024
0 days 00:02:00.174000,19.6,67,998.9,TRUE,26.9,239,2.2,9,Canadian Grand Prix,FP2,09-06-2024
0 days 00:02:59.948000,19.6,68,998.8,TRUE,26.9,223,1.9,9,Canadian Grand Prix,FP2,09-06-2024
0 days 00:03:59.943000,19.6,68,998.8,TRUE,26.9,223,1.9,9,Canadian Grand Prix,FP2,09-06-2024
0 days 00:04:59.945000,19.6,67,998.8,FALSE,26.7,234,1.9,9,Canadian Grand Prix,FP2,09-06-2024
0 days 00:05:59.961000,19.6,67,998.8,FALSE,26.7,222,1.9,9,Canadian Grand Prix,FP2,09-06-2024
0 days 00:06:59.978000,19.6,68,998.9,FALSE,26.6,220,2.5,9,Canadian Grand Prix,FP2,09-06-2024
0 days 00:07:59.993000,19.6,66,998.9,FALSE,26.6,226,2.4,9,Canadian Grand Prix,FP2,09-06-2024
0 days 00:08:59.992000,19.6,66,998.8,FALSE,26.6,228,2.8,9,Canadian Grand Prix,FP2,09-06-2024
0 days 00:10:00.010000,19.6,67,998.9,FALSE,26.6,224,2.7,9,Canadian Grand Prix,FP2,09-06-2024
0 days 00:11:00.010000,19.6,66,998.8,FALSE,26.9,221,2.9,9,Canadian Grand Prix,FP2,09-06-2024
0 days 00:12:00.026000,19.6,66,998.9,FALSE,26.9,245,2.6,9,Canadian Grand Prix,FP2,09-06-2024
0 days 00:13:00.042000,19.6,66,998.9,FALSE,26.9,245,2.6,9,Canadian Grand Prix,FP2,09-06-2024
0 days 00:14:00.044000,19.6,66,998.9,TRUE,27,219,2.1,9,Canadian Grand Prix,FP2,09-06-2024
0 days 00:15:00.043000,19.5,66,998.9,TRUE,27,219,2.1,9,Canadian Grand Prix,FP2,09-06-2024
0 days 00:16:00.044000,19.5,67,999,TRUE,27.1,215,1.9,9,Canadian Grand Prix,FP2,09-06-2024
0 days 00:17:00.060000,19.5,69,998.9,TRUE,27.1,214,1.4,9,Canadian Grand Prix,FP2,09-06-2024
0 days 00:18:00.061000,19.5,70,999.1,TRUE,26.9,226,1.4,9,Canadian Grand Prix,FP2,09-06-2024
0 days 00:19:00.078000,19.5,70,999.1,TRUE,26.7,234,1.5,9,Canadian Grand Prix,FP2,09-06-2024
0 days 00:20:00.067000,19.5,70,999.1,TRUE,26.6,232,1.4,9,Canadian Grand Prix,FP2,09-06-2024
0 days 00:21:00.084000,19.5,70,999.1,TRUE,26.6,190,0.9,9,Canadian Grand Prix,FP2,09-06-2024
0 days 00:22:00.078000,19.4,72,999.1,TRUE,26.9,191,0.9,9,Canadian Grand Prix,FP2,09-06-2024
0 days 00:23:00.080000,19.4,72,999,TRUE,26.8,211,1.2,9,Canadian Grand Prix,FP2,09-06-2024
0 days 00:24:00.081000,19.4,70,999.1,TRUE,26.9,221,1.8,9,Canadian Grand Prix,FP2,09-06-2024
0 days 00:25:00.082000,19.4,71,999.2,TRUE,26.7,170,1.1,9,Canadian Grand Prix,FP2,09-06-2024
0 days 00:26:00.083000,19.5,71,999.2,TRUE,26.7,220,1.2,9,Canadian Grand Prix,FP2,09-06-2024
0 days 00:27:00.084000,19.4,71,999.2,TRUE,26.7,228,1.2,9,Canadian Grand Prix,FP2,09-06-2024
0 days 00:28:00.084000,19.4,72,999.2,TRUE,26.7,225,1.1,9,Canadian Grand Prix,FP2,09-06-2024
0 days 00:29:00.089000,19.5,71,999.3,TRUE,26.7,188,1.7,9,Canadian Grand Prix,FP2,09-06-2024
0 days 00:30:00.085000,19.5,70,999.3,TRUE,26.7,159,1.3,9,Canadian Grand Prix,FP2,09-06-2024
0 days 00:31:00.087000,19.5,72,999.4,TRUE,26.5,326,1.5,9,Canadian Grand Prix,FP2,09-06-2024
0 days 00:32:00.085000,19.5,72,999.5,TRUE,26.3,209,0.9,9,Canadian Grand Prix,FP2,09-06-2024
0 days 00:33:00.087000,19.6,70,999.4,TRUE,26.2,275,0.7,9,Canadian Grand Prix,FP2,09-06-2024
0 days 00:34:00.088000,19.5,69,999.4,TRUE,25.7,120,1.9,9,Canadian Grand Prix,FP2,09-06-2024
0 days 00:35:00.088000,19.4,70,999.3,TRUE,25.2,90,1.7,9,Canadian Grand Prix,FP2,09-06-2024
0 days 00:36:00.088000,19.3,69,999.3,TRUE,25.1,190,1.1,9,Canadian Grand Prix,FP2,09-06-2024
0 days 00:37:00.088000,19.1,70,999.3,TRUE,25,126,1.1,9,Canadian Grand Prix,FP2,09-06-2024
0 days 00:38:00.089000,19,70,999.3,TRUE,25.2,27,0.9,9,Canadian Grand Prix,FP2,09-06-2024
0 days 00:39:00.089000,19,68,999.3,TRUE,25.4,0,1.2,9,Canadian Grand Prix,FP2,09-06-2024
0 days 00:40:00.089000,19,67,999.3,TRUE,25.7,64,0.7,9,Canadian Grand Prix,FP2,09-06-2024
0 days 00:41:00.094000,18.9,67,999.4,TRUE,25.8,25,1.5,9,Canadian Grand Prix,FP2,09-06-2024
0 days 00:42:00.106000,19,64,999.3,TRUE,25.9,110,1.2,9,Canadian Grand Prix,FP2,09-06-2024
0 days 00:43:00.093000,19,65,999.3,TRUE,25.7,68,1.8,9,Canadian Grand Prix,FP2,09-06-2024
0 days 00:44:00.093000,19,67,999.3,TRUE,25.7,68,1.2,9,Canadian Grand Prix,FP2,09-06-2024
0 days 00:45:00.093000,19.1,68,999.3,TRUE,25.7,40,0.6,9,Canadian Grand Prix,FP2,09-06-2024
0 days 00:46:00.110000,19.1,65,999.3,TRUE,25.8,18,0.9,9,Canadian Grand Prix,FP2,09-06-2024
0 days 00:47:00.126000,19.1,66,999.4,TRUE,25.6,40,1.2,9,Canadian Grand Prix,FP2,09-06-2024
0 days 00:48:00.143000,19,64,999.4,TRUE,25.5,79,0.5,9,Canadian Grand Prix,FP2,09-06-2024
0 days 00:49:00.158000,19,65,999.3,TRUE,25,97,1.2,9,Canadian Grand Prix,FP2,09-06-2024
0 days 00:50:00.181000,18.9,65,999.5,TRUE,24.9,312,1.3,9,Canadian Grand Prix,FP2,09-06-2024
0 days 00:51:00.194000,18.9,67,999.3,TRUE,24.8,118,1.1,9,Canadian Grand Prix,FP2,09-06-2024
0 days 00:52:00.194000,18.8,66,999.3,TRUE,24.8,215,1.2,9,Canadian Grand Prix,FP2,09-06-2024
0 days 00:53:00.194000,18.8,66,999.3,TRUE,24.6,53,1.3,9,Canadian Grand Prix,FP2,09-06-2024
0 days 00:54:00.209000,18.7,66,999.4,TRUE,24.4,290,1.1,9,Canadian Grand Prix,FP2,09-06-2024
0 days 00:55:00.227000,18.6,68,999.4,TRUE,24.3,0,0.6,9,Canadian Grand Prix,FP2,09-06-2024
0 days 00:56:00.228000,18.5,68,999.3,TRUE,24.3,84,0.6,9,Canadian Grand Prix,FP2,09-06-2024
0 days 00:57:00.226000,18.4,67,999.2,TRUE,24.3,336,1.3,9,Canadian Grand Prix,FP2,09-06-2024
0 days 00:58:00.228000,18.4,67,999.2,TRUE,24.1,305,0.9,9,Canadian Grand Prix,FP2,09-06-2024
0 days 00:59:00.227000,18.2,69,999.2,TRUE,24.1,19,1,9,Canadian Grand Prix,FP2,09-06-2024
0 days 01:00:00.230000,18.3,68,999.3,TRUE,24.2,20,0.8,9,Canadian Grand Prix,FP2,09-06-2024
0 days 01:01:00.230000,18.1,72,999.3,TRUE,24.2,54,0.5,9,Canadian Grand Prix,FP2,09-06-2024
0 days 01:02:00.231000,18.1,71,999.2,TRUE,24.3,12,0.3,9,Canadian Grand Prix,FP2,09-06-2024
0 days 01:03:00.232000,18.1,71,999.2,TRUE,24.5,45,0.5,9,Canadian Grand Prix,FP2,09-06-2024
0 days 01:04:00.233000,18.1,69,999.3,TRUE,24.4,24,0.8,9,Canadian Grand Prix,FP2,09-06-2024
0 days 01:05:00.236000,18.1,70,999.4,TRUE,24.4,18,0.8,9,Canadian Grand Prix,FP2,09-06-2024
0 days 01:06:00.234000,18.1,69,999.3,TRUE,24.2,22,1,9,Canadian Grand Prix,FP2,09-06-2024
0 days 01:07:00.236000,18.1,70,999.3,TRUE,24.2,8,1,9,Canadian Grand Prix,FP2,09-06-2024
0 days 01:08:00.238000,18.2,69,999.3,TRUE,24.2,8,0.8,9,Canadian Grand Prix,FP2,09-06-2024
0 days 01:09:00.237000,18.3,69,999.4,TRUE,24.2,0,0.8,9,Canadian Grand Prix,FP2,09-06-2024
0 days 01:10:00.240000,18.2,70,999.5,TRUE,24.2,0,0.8,9,Canadian Grand Prix,FP2,09-06-2024
0 days 01:11:00.241000,18.3,70,999.6,TRUE,24.3,5,0.4,9,Canadian Grand Prix,FP2,09-06-2024
0 days 01:12:00.238000,18.4,71,999.5,TRUE,24.4,247,0.5,9,Canadian Grand Prix,FP2,09-06-2024
0 days 01:13:00.242000,18.4,69,999.5,TRUE,24.3,0,0.4,9,Canadian Grand Prix,FP2,09-06-2024
0 days 01:14:00.239000,18.4,68,999.5,TRUE,24.3,175,0.3,9,Canadian Grand Prix,FP2,09-06-2024
0 days 01:15:00.239000,18.4,69,999.6,TRUE,24.2,337,1.5,9,Canadian Grand Prix,FP2,09-06-2024
0 days 01:16:00.242000,18.4,70,999.7,TRUE,24.1,167,0.7,9,Canadian Grand Prix,FP2,09-06-2024
0 days 01:17:00.241000,18.4,69,999.6,TRUE,24.1,130,0.7,9,Canadian Grand Prix,FP2,09-06-2024
0 days 01:18:00.256000,18.4,70,999.6,TRUE,23.9,185,1.3,9,Canadian Grand Prix,FP2,09-06-2024
0 days 01:19:00.329000,18.4,71,999.6,TRUE,23.8,221,1,9,Canadian Grand Prix,FP2,09-06-2024
0 days 01:20:00.335000,18.4,71,999.6,TRUE,23.8,241,1.1,9,Canadian Grand Prix,FP2,09-06-2024
0 days 00:00:05.455000,20,63,1000.8,FALSE,32.2,262,1.4,9,Canadian Grand Prix,FP3,09-06-2024
0 days 00:01:05.464000,20,63,1000.7,FALSE,32.2,96,1.2,9,Canadian Grand Prix,FP3,09-06-2024
0 days 00:02:05.465000,19.9,64,1000.8,FALSE,32.7,103,1.4,9,Canadian Grand Prix,FP3,09-06-2024
0 days 00:03:05.468000,20,63,1000.7,FALSE,32.9,79,1.7,9,Canadian Grand Prix,FP3,09-06-2024
0 days 00:04:05.468000,20,63,1000.6,FALSE,33.2,67,2,9,Canadian Grand Prix,FP3,09-06-2024
0 days 00:05:05.481000,20.1,63,1000.6,FALSE,33.5,104,1.2,9,Canadian Grand Prix,FP3,09-06-2024
0 days 00:06:05.466000,20.2,62,1000.7,FALSE,34.4,226,1.6,9,Canadian Grand Prix,FP3,09-06-2024
0 days 00:07:05.463000,20.3,62,1000.6,FALSE,34.6,87,1.8,9,Canadian Grand Prix,FP3,09-06-2024
0 days 00:08:05.469000,20.4,63,1000.7,FALSE,34.5,106,1.3,9,Canadian Grand Prix,FP3,09-06-2024
0 days 00:09:05.469000,20.5,62,1000.6,FALSE,34.6,201,2.3,9,Canadian Grand Prix,FP3,09-06-2024
0 days 00:10:05.471000,20.5,62,1000.7,FALSE,34.9,257,2.7,9,Canadian Grand Prix,FP3,09-06-2024
0 days 00:11:05.460000,20.5,62,1000.6,FALSE,35.1,131,0.9,9,Canadian Grand Prix,FP3,09-06-2024
0 days 00:12:05.465000,20.5,61,1000.6,FALSE,35.3,71,1.8,9,Canadian Grand Prix,FP3,09-06-2024
0 days 00:13:05.472000,20.4,62,1000.6,FALSE,35.4,145,2.8,9,Canadian Grand Prix,FP3,09-06-2024
0 days 00:14:05.497000,20.4,62,1000.6,FALSE,35.3,166,1.3,9,Canadian Grand Prix,FP3,09-06-2024
0 days 00:15:05.490000,20.5,62,1000.5,FALSE,35.3,127,1.7,9,Canadian Grand Prix,FP3,09-06-2024
0 days 00:16:05.512000,20.5,63,1000.6,FALSE,35.3,119,1.1,9,Canadian Grand Prix,FP3,09-06-2024
0 days 00:17:05.521000,20.5,62,1000.6,FALSE,35.6,21,2.9,9,Canadian Grand Prix,FP3,09-06-2024
0 days 00:18:05.526000,20.5,62,1000.6,FALSE,35.8,264,2,9,Canadian Grand Prix,FP3,09-06-2024
0 days 00:19:05.541000,20.5,62,1000.5,FALSE,35.9,189,1.1,9,Canadian Grand Prix,FP3,09-06-2024
0 days 00:20:05.548000,20.5,63,1000.5,FALSE,35.8,97,1.1,9,Canadian Grand Prix,FP3,09-06-2024
0 days 00:21:05.572000,20.5,63,1000.6,FALSE,36.2,51,2.6,9,Canadian Grand Prix,FP3,09-06-2024
0 days 00:22:05.587000,20.6,63,1000.7,FALSE,37,194,1.4,9,Canadian Grand Prix,FP3,09-06-2024
0 days 00:23:05.606000,20.6,61,1000.5,FALSE,37,269,1.7,9,Canadian Grand Prix,FP3,09-06-2024
0 days 00:24:05.608000,20.7,60,1000.7,FALSE,36.3,89,1.7,9,Canadian Grand Prix,FP3,09-06-2024
0 days 00:25:05.607000,20.7,60,1000.5,FALSE,35.1,281,2.8,9,Canadian Grand Prix,FP3,09-06-2024
0 days 00:26:05.608000,20.6,63,1000.7,FALSE,35.1,303,0.8,9,Canadian Grand Prix,FP3,09-06-2024
0 days 00:27:05.606000,20.5,63,1000.6,FALSE,35.9,106,1.3,9,Canadian Grand Prix,FP3,09-06-2024
0 days 00:28:05.613000,20.6,62,1000.6,FALSE,35.9,86,1.3,9,Canadian Grand Prix,FP3,09-06-2024
0 days 00:29:05.612000,20.6,62,1000.7,FALSE,35.9,96,1.1,9,Canadian Grand Prix,FP3,09-06-2024
0 days 00:30:05.607000,20.7,62,1000.6,FALSE,35.6,77,2,9,Canadian Grand Prix,FP3,09-06-2024
0 days 00:31:05.612000,20.7,62,1000.6,FALSE,35.6,67,1.7,9,Canadian Grand Prix,FP3,09-06-2024
0 days 00:32:05.612000,20.8,62,1000.6,FALSE,35.9,184,1.6,9,Canadian Grand Prix,FP3,09-06-2024
0 days 00:33:05.616000,20.8,62,1000.6,FALSE,36.3,123,1.6,9,Canadian Grand Prix,FP3,09-06-2024
0 days 00:34:05.603000,20.9,62,1000.6,FALSE,36.3,133,1,9,Canadian Grand Prix,FP3,09-06-2024
0 days 00:35:05.614000,20.9,63,1000.5,FALSE,37.1,90,1.4,9,Canadian Grand Prix,FP3,09-06-2024
0 days 00:36:05.613000,20.9,62,1000.5,FALSE,38,79,1.6,9,Canadian Grand Prix,FP3,09-06-2024
0 days 00:37:05.604000,21,62,1000.6,FALSE,38.4,239,1.2,9,Canadian Grand Prix,FP3,09-06-2024
0 days 00:38:05.605000,21,61,1000.6,FALSE,37.8,140,1.4,9,Canadian Grand Prix,FP3,09-06-2024
0 days 00:39:05.616000,21.1,61,1000.6,FALSE,37.2,222,0.9,9,Canadian Grand Prix,FP3,09-06-2024
0 days 00:40:05.616000,21.1,61,1000.5,FALSE,36.2,180,1.8,9,Canadian Grand Prix,FP3,09-06-2024
0 days 00:41:05.620000,21.1,62,1000.5,FALSE,36.1,204,2.1,9,Canadian Grand Prix,FP3,09-06-2024
0 days 00:42:05.619000,21,63,1000.5,FALSE,35.5,156,1.9,9,Canadian Grand Prix,FP3,09-06-2024
0 days 00:43:05.618000,20.9,64,1000.4,FALSE,36.9,172,2.6,9,Canadian Grand Prix,FP3,09-06-2024
0 days 00:44:05.621000,20.9,64,1000.6,FALSE,36.9,307,1.9,9,Canadian Grand Prix,FP3,09-06-2024
0 days 00:45:05.620000,20.9,64,1000.5,FALSE,35.7,205,2,9,Canadian Grand Prix,FP3,09-06-2024
0 days 00:46:05.621000,20.8,64,1000.5,FALSE,35.7,222,2.3,9,Canadian Grand Prix,FP3,09-06-2024
0 days 00:47:05.625000,20.8,64,1000.5,FALSE,36.8,200,2.1,9,Canadian Grand Prix,FP3,09-06-2024
0 days 00:48:05.620000,20.7,64,1000.5,FALSE,37.5,220,2.1,9,Canadian Grand Prix,FP3,09-06-2024
0 days 00:49:05.621000,20.7,64,1000.5,FALSE,37.5,212,2.6,9,Canadian Grand Prix,FP3,09-06-2024
0 days 00:50:05.623000,20.8,63,1000.5,FALSE,38.4,2,1.6,9,Canadian Grand Prix,FP3,09-06-2024
0 days 00:51:05.622000,20.8,62,1000.3,FALSE,38.7,137,1.4,9,Canadian Grand Prix,FP3,09-06-2024
0 days 00:52:05.630000,21,61,1000.5,FALSE,38.7,235,1.9,9,Canadian Grand Prix,FP3,09-06-2024
0 days 00:53:05.627000,21,62,1000.4,FALSE,38,247,1,9,Canadian Grand Prix,FP3,09-06-2024
0 days 00:54:05.625000,21,62,1000.4,FALSE,38,183,1.5,9,Canadian Grand Prix,FP3,09-06-2024
0 days 00:55:05.624000,21.2,60,1000.4,FALSE,39,166,2.1,9,Canadian Grand Prix,FP3,09-06-2024
0 days 00:56:05.626000,21.3,61,1000.4,FALSE,39.1,103,2.5,9,Canadian Grand Prix,FP3,09-06-2024
0 days 00:57:05.633000,21.4,61,1000.4,FALSE,39.1,141,0.9,9,Canadian Grand Prix,FP3,09-06-2024
0 days 00:58:05.629000,21.5,61,1000.3,FALSE,39.1,0,1.8,9,Canadian Grand Prix,FP3,09-06-2024
0 days 00:59:05.628000,21.6,62,1000.4,FALSE,38.4,187,1.3,9,Canadian Grand Prix,FP3,09-06-2024
0 days 01:00:05.628000,21.5,62,1000.3,FALSE,37.3,87,1.9,9,Canadian Grand Prix,FP3,09-06-2024
0 days 01:01:05.632000,21.4,62,1000.3,FALSE,36.2,141,1.4,9,Canadian Grand Prix,FP3,09-06-2024
0 days 01:02:05.629000,21.3,62,1000.4,FALSE,35.9,181,1.8,9,Canadian Grand Prix,FP3,09-06-2024
0 days 01:03:05.645000,21.2,64,1000.4,FALSE,35.6,110,1,9,Canadian Grand Prix,FP3,09-06-2024
0 days 01:04:05.631000,21.1,64,1000.4,FALSE,35.6,208,1.4,9,Canadian Grand Prix,FP3,09-06-2024
0 days 01:05:05.632000,21,63,1000.4,FALSE,36.9,148,1.8,9,Canadian Grand Prix,FP3,09-06-2024
0 days 01:06:05.636000,21,63,1000.4,FALSE,37.2,149,1.8,9,Canadian Grand Prix,FP3,09-06-2024
0 days 01:07:05.633000,21.1,62,1000.3,FALSE,36.7,301,1.7,9,Canadian Grand Prix,FP3,09-06-2024
0 days 01:08:05.634000,21.1,62,1000.5,FALSE,36.7,135,1,9,Canadian Grand Prix,FP3,09-06-2024
0 days 01:09:05.634000,21.2,60,1000.2,FALSE,37.4,192,2.3,9,Canadian Grand Prix,FP3,09-06-2024
0 days 01:10:05.644000,21.3,61,1000.3,FALSE,38.2,348,1.4,9,Canadian Grand Prix,FP3,09-06-2024
0 days 01:11:05.650000,21.4,59,1000.5,FALSE,38.7,103,1,9,Canadian Grand Prix,FP3,09-06-2024
0 days 01:12:05.651000,21.4,60,1000.4,FALSE,38.3,99,1.4,9,Canadian Grand Prix,FP3,09-06-2024
0 days 01:13:05.653000,21.5,60,1000.4,FALSE,38.1,90,2.6,9,Canadian Grand Prix,FP3,09-06-2024
0 days 01:14:05.656000,21.5,59,1000.4,FALSE,38.7,128,1,9,Canadian Grand Prix,FP3,09-06-2024
0 days 01:15:05.655000,21.5,60,1000.5,FALSE,38.9,180,1.9,9,Canadian Grand Prix,FP3,09-06-2024
0 days 01:16:05.645000,21.6,59,1000.4,FALSE,38.6,190,1.5,9,Canadian Grand Prix,FP3,09-06-2024
0 days 01:17:05.669000,21.5,59,1000.6,FALSE,37.1,191,1.9,9,Canadian Grand Prix,FP3,09-06-2024
0 days 01:18:05.674000,21.5,59,1000.3,FALSE,36.3,152,2,9,Canadian Grand Prix,FP3,09-06-2024
0 days 01:19:05.689000,21.4,60,1000.5,FALSE,36,180,1.3,9,Canadian Grand Prix,FP3,09-06-2024
0 days 01:20:05.689000,21.3,60,1000.5,FALSE,35.6,192,2.1,9,Canadian Grand Prix,FP3,09-06-2024
0 days 00:00:57.874000,20.4,69,1000.6,FALSE,33.7,215,1.7,9,Canadian Grand Prix,Q,09-06-2024
0 days 00:01:57.901000,20.3,69,1000.7,FALSE,33.6,181,1.4,9,Canadian Grand Prix,Q,09-06-2024
0 days 00:02:57.894000,20.3,69,1000.5,FALSE,33.5,109,2,9,Canadian Grand Prix,Q,09-06-2024
0 days 00:03:57.904000,20.2,70,1000.7,FALSE,33.4,183,2.3,9,Canadian Grand Prix,Q,09-06-2024
0 days 00:04:57.908000,20.2,69,1000.6,FALSE,33.2,173,2.7,9,Canadian Grand Prix,Q,09-06-2024
0 days 00:05:57.901000,20.2,69,1000.6,FALSE,32.9,175,2.2,9,Canadian Grand Prix,Q,09-06-2024
0 days 00:06:57.903000,20.2,70,1000.7,FALSE,32.9,216,1.3,9,Canadian Grand Prix,Q,09-06-2024
0 days 00:07:57.904000,20.2,69,1000.6,FALSE,32.9,219,1.6,9,Canadian Grand Prix,Q,09-06-2024
0 days 00:08:57.909000,20.2,69,1000.7,FALSE,32.9,222,1.3,9,Canadian Grand Prix,Q,09-06-2024
0 days 00:09:57.929000,20.2,69,1000.7,FALSE,32.6,170,1.7,9,Canadian Grand Prix,Q,09-06-2024
0 days 00:10:57.946000,20.2,70,1000.7,FALSE,32.5,200,1.9,9,Canadian Grand Prix,Q,09-06-2024
0 days 00:11:57.961000,20.1,70,1000.8,FALSE,32.4,203,1.5,9,Canadian Grand Prix,Q,09-06-2024
0 days 00:12:57.951000,20.1,71,1000.7,FALSE,32.4,193,1.8,9,Canadian Grand Prix,Q,09-06-2024
0 days 00:13:57.954000,20.1,70,1000.6,FALSE,32.2,341,2.1,9,Canadian Grand Prix,Q,09-06-2024
0 days 00:14:57.942000,20.1,71,1000.8,FALSE,32.1,222,1.5,9,Canadian Grand Prix,Q,09-06-2024
0 days 00:15:57.952000,20.1,71,1000.7,FALSE,31.6,108,1.2,9,Canadian Grand Prix,Q,09-06-2024
0 days 00:16:57.955000,20.1,71,1000.8,FALSE,31.6,261,1.6,9,Canadian Grand Prix,Q,09-06-2024
0 days 00:17:57.958000,20.1,70,1000.7,FALSE,31.4,24,1.3,9,Canadian Grand Prix,Q,09-06-2024
0 days 00:18:57.961000,20.1,71,1000.8,FALSE,31.4,197,2.4,9,Canadian Grand Prix,Q,09-06-2024
0 days 00:19:57.955000,20.1,71,1000.8,FALSE,31.3,193,1.8,9,Canadian Grand Prix,Q,09-06-2024
0 days 00:20:57.965000,20.2,71,1000.7,FALSE,31.3,200,1.4,9,Canadian Grand Prix,Q,09-06-2024
0 days 00:21:57.970000,20.3,70,1000.8,FALSE,31.1,183,2.4,9,Canadian Grand Prix,Q,09-06-2024
0 days 00:22:57.973000,20.3,70,1000.8,FALSE,31,215,2.5,9,Canadian Grand Prix,Q,09-06-2024
0 days 00:23:57.990000,20.2,70,1000.7,FALSE,30.8,194,2.4,9,Canadian Grand Prix,Q,09-06-2024
0 days 00:24:58.007000,20.2,70,1000.7,FALSE,30.5,114,2.9,9,Canadian Grand Prix,Q,09-06-2024
0 days 00:25:58.001000,20.1,71,1000.8,FALSE,30.6,167,2.4,9,Canadian Grand Prix,Q,09-06-2024
0 days 00:26:58.004000,20.2,71,1000.7,FALSE,30.7,160,2.2,9,Canadian Grand Prix,Q,09-06-2024
0 days 00:27:58.013000,20.2,71,1000.8,FALSE,30.9,217,2.1,9,Canadian Grand Prix,Q,09-06-2024
0 days 00:28:58.016000,20.2,71,1000.9,FALSE,30.9,187,0.9,9,Canadian Grand Prix,Q,09-06-2024
0 days 00:29:58.044000,20.4,70,1000.7,FALSE,31.1,118,1.7,9,Canadian Grand Prix,Q,09-06-2024
0 days 00:30:58.044000,20.5,70,1000.8,FALSE,31.3,178,1.4,9,Canadian Grand Prix,Q,09-06-2024
0 days 00:31:58.040000,20.5,69,1000.7,FALSE,31.3,208,2,9,Canadian Grand Prix,Q,09-06-2024
0 days 00:32:58.086000,20.6,69,1000.8,FALSE,31.3,263,1.6,9,Canadian Grand Prix,Q,09-06-2024
0 days 00:33:58.049000,20.6,69,1000.7,FALSE,31,0,1.5,9,Canadian Grand Prix,Q,09-06-2024
0 days 00:34:58.038000,20.7,69,1000.7,FALSE,30.7,108,1.3,9,Canadian Grand Prix,Q,09-06-2024
0 days 00:35:58.051000,20.7,68,1000.8,FALSE,30.6,234,1.3,9,Canadian Grand Prix,Q,09-06-2024
0 days 00:36:58.052000,20.7,68,1000.7,FALSE,30.5,194,1.9,9,Canadian Grand Prix,Q,09-06-2024
0 days 00:37:58.061000,20.6,69,1000.8,FALSE,30.6,157,0.9,9,Canadian Grand Prix,Q,09-06-2024
0 days 00:38:58.058000,20.6,69,1000.8,FALSE,30.7,128,0.9,9,Canadian Grand Prix,Q,09-06-2024
0 days 00:39:58.073000,20.6,68,1000.8,FALSE,30.7,108,0.8,9,Canadian Grand Prix,Q,09-06-2024
0 days 00:40:58.063000,20.7,68,1000.9,FALSE,30.7,115,1.4,9,Canadian Grand Prix,Q,09-06-2024
0 days 00:41:58.085000,20.7,67,1000.8,FALSE,30.5,116,1.4,9,Canadian Grand Prix,Q,09-06-2024
0 days 00:42:58.082000,20.7,68,1000.8,FALSE,30.7,83,1.5,9,Canadian Grand Prix,Q,09-06-2024
0 days 00:43:58.085000,20.7,66,1000.7,TRUE,30.8,115,0.9,9,Canadian Grand Prix,Q,09-06-2024
0 days 00:44:58.079000,20.7,65,1000.7,TRUE,30.7,169,1.4,9,Canadian Grand Prix,Q,09-06-2024
0 days 00:45:58.104000,20.7,65,1000.8,TRUE,30.6,320,1.1,9,Canadian Grand Prix,Q,09-06-2024
0 days 00:46:58.096000,20.7,65,1000.9,FALSE,30.9,112,0.9,9,Canadian Grand Prix,Q,09-06-2024
0 days 00:47:58.108000,20.8,63,1000.9,FALSE,30.9,103,1.9,9,Canadian Grand Prix,Q,09-06-2024
0 days 00:48:58.099000,20.8,63,1000.8,FALSE,30.2,193,2.1,9,Canadian Grand Prix,Q,09-06-2024
0 days 00:49:58.101000,20.7,63,1001,FALSE,30.2,169,2.8,9,Canadian Grand Prix,Q,09-06-2024
0 days 00:50:58.143000,20.7,63,1000.9,FALSE,30.3,140,1.8,9,Canadian Grand Prix,Q,09-06-2024
0 days 00:51:58.106000,20.8,63,1000.8,FALSE,30.7,152,2.8,9,Canadian Grand Prix,Q,09-06-2024
0 days 00:52:58.117000,20.8,63,1001,FALSE,30.7,273,1.3,9,Canadian Grand Prix,Q,09-06-2024
0 days 00:53:58.117000,20.9,63,1000.8,FALSE,30.5,92,2,9,Canadian Grand Prix,Q,09-06-2024
0 days 00:54:58.122000,20.9,64,1000.8,FALSE,30.4,99,2.3,9,Canadian Grand Prix,Q,09-06-2024
0 days 00:55:58.126000,20.9,64,1000.8,FALSE,30.4,183,1.5,9,Canadian Grand Prix,Q,09-06-2024
0 days 00:56:58.120000,20.9,64,1000.8,TRUE,30.3,201,1.5,9,Canadian Grand Prix,Q,09-06-2024
0 days 00:57:58.134000,20.9,64,1000.8,TRUE,30.1,214,1.9,9,Canadian Grand Prix,Q,09-06-2024
0 days 00:58:58.147000,20.9,64,1000.7,TRUE,29.7,46,2.5,9,Canadian Grand Prix,Q,09-06-2024
0 days 00:59:58.147000,20.8,65,1000.7,TRUE,29.7,103,2.2,9,Canadian Grand Prix,Q,09-06-2024
0 days 01:00:58.152000,20.8,65,1000.7,TRUE,29.7,95,2,9,Canadian Grand Prix,Q,09-06-2024
0 days 01:01:58.146000,20.8,65,1001,TRUE,29.7,187,1.6,9,Canadian Grand Prix,Q,09-06-2024
0 days 01:02:58.174000,20.7,65,1000.8,TRUE,29.8,84,1.9,9,Canadian Grand Prix,Q,09-06-2024
0 days 01:03:58.199000,20.8,65,1000.6,FALSE,29.9,90,2.1,9,Canadian Grand Prix,Q,09-06-2024
0 days 01:04:58.189000,20.8,65,1000.8,FALSE,30,191,2,9,Canadian Grand Prix,Q,09-06-2024
0 days 01:05:58.197000,20.8,64,1000.8,FALSE,30.2,121,2.1,9,Canadian Grand Prix,Q,09-06-2024
0 days 01:06:58.193000,20.8,63,1000.7,FALSE,30.6,94,1.7,9,Canadian Grand Prix,Q,09-06-2024
0 days 01:07:58.229000,20.9,62,1000.7,FALSE,31.4,146,3.1,9,Canadian Grand Prix,Q,09-06-2024
0 days 01:08:58.244000,20.9,62,1000.8,FALSE,31.5,198,3,9,Canadian Grand Prix,Q,09-06-2024
0 days 01:09:58.295000,20.9,62,1000.9,FALSE,31.5,140,3,9,Canadian Grand Prix,Q,09-06-2024
0 days 01:10:58.243000,21,61,1000.8,TRUE,31.4,202,2.6,9,Canadian Grand Prix,Q,09-06-2024
0 days 01:11:58.246000,20.9,61,1000.7,TRUE,31.3,23,2.6,9,Canadian Grand Prix,Q,09-06-2024
0 days 01:12:58.248000,21,62,1000.8,FALSE,31.1,134,2.6,9,Canadian Grand Prix,Q,09-06-2024
0 days 01:13:58.252000,21,62,1000.9,FALSE,30.9,113,2.1,9,Canadian Grand Prix,Q,09-06-2024
0 days 01:14:58.278000,20.9,63,1000.8,TRUE,30.7,169,1.7,9,Canadian Grand Prix,Q,09-06-2024
0 days 01:15:58.291000,20.9,63,1000.8,TRUE,30.2,111,2,9,Canadian Grand Prix,Q,09-06-2024
0 days 01:16:58.299000,20.9,63,1000.7,FALSE,30.1,94,1.5,9,Canadian Grand Prix,Q,09-06-2024
0 days 01:17:58.281000,20.8,63,1000.8,FALSE,30,191,2.2,9,Canadian Grand Prix,Q,09-06-2024
0 days 00:00:06.617000,16.3,78,996.4,TRUE,21.1,179,0.6,9,Canadian Grand Prix,R,09-06-2024
0 days 00:01:06.635000,16.3,78,996.5,TRUE,21.2,182,1,9,Canadian Grand Prix,R,09-06-2024
0 days 00:02:06.625000,16.3,76,996.4,TRUE,21,161,1.3,9,Canadian Grand Prix,R,09-06-2024
0 days 00:03:06.626000,16.3,77,996.4,TRUE,20.8,98,0.9,9,Canadian Grand Prix,R,09-06-2024
0 days 00:04:06.621000,16.3,77,996.3,TRUE,20.7,58,1.4,9,Canadian Grand Prix,R,09-06-2024
0 days 00:05:06.641000,16.3,74,996.4,TRUE,20.7,179,1.8,9,Canadian Grand Prix,R,09-06-2024
0 days 00:06:06.633000,16.3,76,996.3,TRUE,20.7,220,1.5,9,Canadian Grand Prix,R,09-06-2024
0 days 00:07:06.638000,16.3,75,996.3,TRUE,20.6,96,1.1,9,Canadian Grand Prix,R,09-06-2024
0 days 00:08:06.658000,16.2,74,996.4,TRUE,20.4,115,1.4,9,Canadian Grand Prix,R,09-06-2024
0 days 00:09:06.675000,16.2,75,996.2,TRUE,20,146,0.7,9,Canadian Grand Prix,R,09-06-2024
0 days 00:10:06.679000,16,76,996.2,TRUE,19.9,104,1.3,9,Canadian Grand Prix,R,09-06-2024
0 days 00:11:06.688000,16,78,996.3,TRUE,19.9,343,0.9,9,Canadian Grand Prix,R,09-06-2024
0 days 00:12:06.706000,15.9,78,996.2,TRUE,19.9,142,0.8,9,Canadian Grand Prix,R,09-06-2024
0 days 00:13:06.706000,16,78,996.2,TRUE,20,4,1.7,9,Canadian Grand Prix,R,09-06-2024
0 days 00:14:06.696000,16,79,996.3,TRUE,20.1,115,0.5,9,Canadian Grand Prix,R,09-06-2024
0 days 00:15:06.701000,15.9,77,996.3,TRUE,20.3,143,1.4,9,Canadian Grand Prix,R,09-06-2024
0 days 00:16:06.694000,16,80,996.3,TRUE,20.5,313,1.3,9,Canadian Grand Prix,R,09-06-2024
0 days 00:17:06.709000,16.1,78,996.2,TRUE,23,119,0.7,9,Canadian Grand Prix,R,09-06-2024
0 days 00:18:06.712000,16.5,78,996.3,TRUE,23.8,209,1.1,9,Canadian Grand Prix,R,09-06-2024
0 days 00:19:06.707000,16.5,78,996.3,FALSE,24.5,1,1.2,9,Canadian Grand Prix,R,09-06-2024
0 days 00:20:06.712000,16.8,76,996.3,FALSE,24.8,148,1.2,9,Canadian Grand Prix,R,09-06-2024
0 days 00:21:06.712000,17,79,996.3,FALSE,25.3,132,0.7,9,Canadian Grand Prix,R,09-06-2024
0 days 00:22:06.709000,17.3,78,996.4,FALSE,25.7,0,0.5,9,Canadian Grand Prix,R,09-06-2024
0 days 00:23:06.708000,17.4,74,996.3,FALSE,25.8,137,0.6,9,Canadian Grand Prix,R,09-06-2024
0 days 00:24:06.715000,17.5,72,996.3,FALSE,25.8,185,1.1,9,Canadian Grand Prix,R,09-06-2024
0 days 00:25:06.723000,17.5,74,996.2,FALSE,25.9,79,1.4,9,Canadian Grand Prix,R,09-06-2024
0 days 00:26:06.713000,17.5,72,996.3,FALSE,26.1,348,1.5,9,Canadian Grand Prix,R,09-06-2024
0 days 00:27:06.713000,17.6,73,996.3,FALSE,26.3,25,1.5,9,Canadian Grand Prix,R,09-06-2024
0 days 00:28:06.713000,17.7,72,996.2,FALSE,26.3,34,1.9,9,Canadian Grand Prix,R,09-06-2024
0 days 00:29:06.714000,17.9,73,996.2,FALSE,26.3,98,1.2,9,Canadian Grand Prix,R,09-06-2024
0 days 00:30:06.718000,17.9,72,996.2,FALSE,26.5,0,1,9,Canadian Grand Prix,R,09-06-2024
0 days 00:31:06.725000,17.9,70,996.2,FALSE,26.7,104,0.8,9,Canadian Grand Prix,R,09-06-2024
0 days 00:32:06.723000,18,71,996.2,FALSE,26.7,94,1.1,9,Canadian Grand Prix,R,09-06-2024
0 days 00:33:06.751000,18,72,996.2,FALSE,26.6,84,1.6,9,Canadian Grand Prix,R,09-06-2024
0 days 00:34:06.715000,18.1,71,996.3,FALSE,26.7,358,0.9,9,Canadian Grand Prix,R,09-06-2024
0 days 00:35:06.713000,18.2,72,996.3,FALSE,27,284,0.7,9,Canadian Grand Prix,R,09-06-2024
0 days 00:36:06.722000,18.2,71,996.2,FALSE,27,169,0.9,9,Canadian Grand Prix,R,09-06-2024
0 days 00:37:06.724000,18.2,72,996.2,FALSE,26.9,187,0.6,9,Canadian Grand Prix,R,09-06-2024
0 days 00:38:06.724000,18.3,71,996.3,FALSE,27.3,212,1.2,9,Canadian Grand Prix,R,09-06-2024
0 days 00:39:06.734000,18.3,71,996.2,FALSE,27.3,358,1.2,9,Canadian Grand Prix,R,09-06-2024
0 days 00:40:06.766000,18.4,71,996.2,FALSE,27.2,34,0.8,9,Canadian Grand Prix,R,09-06-2024
0 days 00:41:06.764000,18.4,71,996.2,FALSE,26.1,35,1.1,9,Canadian Grand Prix,R,09-06-2024
0 days 00:42:06.765000,18.5,70,996.3,FALSE,25.2,47,1,9,Canadian Grand Prix,R,09-06-2024
0 days 00:43:06.779000,18.3,71,996.3,FALSE,24.5,337,1.1,9,Canadian Grand Prix,R,09-06-2024
0 days 00:44:06.764000,18.2,71,996.3,FALSE,24.4,0,0.7,9,Canadian Grand Prix,R,09-06-2024
0 days 00:45:06.769000,18.2,71,996.2,FALSE,24.3,42,0.7,9,Canadian Grand Prix,R,09-06-2024
0 days 00:46:06.777000,18.2,72,996.3,FALSE,23.8,101,0,9,Canadian Grand Prix,R,09-06-2024
0 days 00:47:06.767000,18.1,72,996.2,FALSE,23.7,94,0.6,9,Canadian Grand Prix,R,09-06-2024
0 days 00:48:06.787000,18,71,996.3,TRUE,23.4,147,0.8,9,Canadian Grand Prix,R,09-06-2024
0 days 00:49:06.798000,18,70,996.2,TRUE,22.8,195,1.8,9,Canadian Grand Prix,R,09-06-2024
0 days 00:50:06.794000,18,74,996.2,TRUE,22.8,69,0.9,9,Canadian Grand Prix,R,09-06-2024
0 days 00:51:06.810000,18,72,996.2,FALSE,22.8,134,1.1,9,Canadian Grand Prix,R,09-06-2024
0 days 00:52:06.794000,17.9,72,996.3,TRUE,22.5,54,0.7,9,Canadian Grand Prix,R,09-06-2024
0 days 00:53:06.792000,17.7,73,996.2,TRUE,22.4,93,0.5,9,Canadian Grand Prix,R,09-06-2024
0 days 00:54:06.798000,17.7,73,996.3,TRUE,22.3,276,0.8,9,Canadian Grand Prix,R,09-06-2024
0 days 00:55:06.799000,17.6,74,996.2,TRUE,22,166,1.1,9,Canadian Grand Prix,R,09-06-2024
0 days 00:56:06.817000,17.5,75,996.2,TRUE,21.7,278,0.5,9,Canadian Grand Prix,R,09-06-2024
0 days 00:57:06.822000,17.4,76,996.1,TRUE,21.5,148,0.7,9,Canadian Grand Prix,R,09-06-2024
0 days 00:58:06.823000,17.4,76,996.2,TRUE,21.5,12,0.8,9,Canadian Grand Prix,R,09-06-2024
0 days 00:59:06.824000,17.3,77,996.2,TRUE,21.5,144,1,9,Canadian Grand Prix,R,09-06-2024
0 days 01:00:06.821000,17.2,76,996.2,TRUE,21.3,39,0.8,9,Canadian Grand Prix,R,09-06-2024
0 days 01:01:06.845000,17.1,76,996.1,FALSE,21.2,185,0.4,9,Canadian Grand Prix,R,09-06-2024
0 days 01:02:06.849000,17,75,996.2,FALSE,21.3,200,1.5,9,Canadian Grand Prix,R,09-06-2024
0 days 01:03:06.853000,17,76,996.1,FALSE,21.3,0,0.8,9,Canadian Grand Prix,R,09-06-2024
0 days 01:04:06.868000,17.1,76,996.2,FALSE,21.2,0,0.7,9,Canadian Grand Prix,R,09-06-2024
0 days 01:05:06.870000,17.1,76,996.1,FALSE,21.2,207,1.5,9,Canadian Grand Prix,R,09-06-2024
0 days 01:06:06.861000,17.1,76,996.1,FALSE,21.2,119,1.2,9,Canadian Grand Prix,R,09-06-2024
0 days 01:07:06.863000,17.2,76,996,FALSE,21.3,51,0.8,9,Canadian Grand Prix,R,09-06-2024
0 days 01:08:06.871000,17.2,77,996.1,FALSE,22.3,16,0.6,9,Canadian Grand Prix,R,09-06-2024
0 days 01:09:06.873000,17.3,75,996.1,FALSE,22.9,43,1.2,9,Canadian Grand Prix,R,09-06-2024
0 days 01:10:06.857000,17.5,77,996.1,FALSE,23.9,342,0.5,9,Canadian Grand Prix,R,09-06-2024
0 days 01:11:06.863000,17.7,77,996.1,FALSE,24.9,187,0.8,9,Canadian Grand Prix,R,09-06-2024
0 days 01:12:06.872000,17.9,75,996.1,FALSE,25.7,237,0.5,9,Canadian Grand Prix,R,09-06-2024
0 days 01:13:06.864000,18.2,76,996.1,FALSE,25.9,52,0.6,9,Canadian Grand Prix,R,09-06-2024
0 days 01:14:06.868000,18.4,74,996.2,FALSE,26.1,4,0.8,9,Canadian Grand Prix,R,09-06-2024
0 days 01:15:06.878000,18.5,77,996.2,FALSE,26.3,201,0.7,9,Canadian Grand Prix,R,09-06-2024
0 days 01:16:06.885000,18.5,75,996.1,FALSE,26.9,338,1.2,9,Canadian Grand Prix,R,09-06-2024
0 days 01:17:06.907000,18.7,73,996.1,FALSE,27,274,0.9,9,Canadian Grand Prix,R,09-06-2024
0 days 01:18:06.918000,18.7,73,996.1,FALSE,26.7,222,0.7,9,Canadian Grand Prix,R,09-06-2024
0 days 01:19:06.918000,18.9,74,996.2,FALSE,26.4,0,1.8,9,Canadian Grand Prix,R,09-06-2024
0 days 01:20:06.927000,18.9,74,996.1,FALSE,26.4,169,0.8,9,Canadian Grand Prix,R,09-06-2024
0 days 01:21:06.930000,18.8,76,996.1,FALSE,27,170,0.5,9,Canadian Grand Prix,R,09-06-2024
0 days 01:22:06.960000,18.9,74,996.1,FALSE,27,235,0.9,9,Canadian Grand Prix,R,09-06-2024
0 days 01:23:06.965000,18.9,74,996.2,FALSE,27,170,1.6,9,Canadian Grand Prix,R,09-06-2024
0 days 01:24:06.974000,19,72,996.1,FALSE,26.9,172,1.1,9,Canadian Grand Prix,R,09-06-2024
0 days 01:25:06.964000,19,72,996.1,FALSE,27.1,327,1.6,9,Canadian Grand Prix,R,09-06-2024
0 days 01:26:06.961000,18.9,72,996.1,FALSE,27,225,1.1,9,Canadian Grand Prix,R,09-06-2024
0 days 01:27:06.970000,18.9,70,996.1,FALSE,27,190,1,9,Canadian Grand Prix,R,09-06-2024
0 days 01:28:06.978000,19,69,996,FALSE,26.8,237,2,9,Canadian Grand Prix,R,09-06-2024
0 days 01:29:06.965000,18.8,71,996.1,FALSE,26.9,97,1.3,9,Canadian Grand Prix,R,09-06-2024
0 days 01:30:06.991000,18.7,73,996.1,FALSE,26.9,190,0.4,9,Canadian Grand Prix,R,09-06-2024
0 days 01:31:07.020000,18.7,71,996.1,FALSE,26.9,184,0.6,9,Canadian Grand Prix,R,09-06-2024
0 days 01:32:07.001000,18.7,69,996.1,FALSE,26.9,326,1.6,9,Canadian Grand Prix,R,09-06-2024
0 days 01:33:07.011000,18.8,70,996.1,FALSE,26.1,223,1.4,9,Canadian Grand Prix,R,09-06-2024
0 days 01:34:07.009000,18.8,71,996.1,FALSE,26,223,2.1,9,Canadian Grand Prix,R,09-06-2024
0 days 01:35:07.013000,18.8,72,996.2,FALSE,25.8,277,1.5,9,Canadian Grand Prix,R,09-06-2024
0 days 01:36:07.015000,18.8,71,996.1,FALSE,25.7,198,1.9,9,Canadian Grand Prix,R,09-06-2024
0 days 01:37:07.012000,18.8,72,996.2,FALSE,26.1,207,1.9,9,Canadian Grand Prix,R,09-06-2024
0 days 01:38:07.001000,18.9,72,996.3,FALSE,26.9,232,1.1,9,Canadian Grand Prix,R,09-06-2024
0 days 01:39:07.010000,19,72,996.2,FALSE,26.9,204,1.3,9,Canadian Grand Prix,R,09-06-2024
0 days 01:40:07.022000,19.1,70,996.2,FALSE,26.8,201,2.4,9,Canadian Grand Prix,R,09-06-2024
0 days 01:41:07.012000,19.1,70,996.2,FALSE,26.7,224,2.8,9,Canadian Grand Prix,R,09-06-2024
0 days 01:42:07.022000,19,70,996.1,FALSE,27.7,193,2.5,9,Canadian Grand Prix,R,09-06-2024
0 days 01:43:07.013000,18.9,70,996.2,FALSE,27.8,192,1.7,9,Canadian Grand Prix,R,09-06-2024
0 days 01:44:07.018000,18.7,68,996.1,FALSE,28,214,3.1,9,Canadian Grand Prix,R,09-06-2024
0 days 01:45:07.018000,18.6,68,996.2,FALSE,28,175,2.6,9,Canadian Grand Prix,R,09-06-2024
0 days 01:46:07.023000,18.6,68,996.1,FALSE,28.2,160,2.2,9,Canadian Grand Prix,R,09-06-2024
0 days 01:47:07.005000,18.5,69,996.1,FALSE,28.5,120,1.8,9,Canadian Grand Prix,R,09-06-2024
0 days 01:48:07.043000,18.5,69,996.1,FALSE,27.8,241,1.1,9,Canadian Grand Prix,R,09-06-2024
0 days 01:49:07.035000,18.4,69,996,FALSE,27,168,2.1,9,Canadian Grand Prix,R,09-06-2024
0 days 01:50:07.010000,18.3,68,996.1,FALSE,26.5,222,1.3,9,Canadian Grand Prix,R,09-06-2024
0 days 01:51:07.003000,18.2,69,996,FALSE,26.3,196,1.6,9,Canadian Grand Prix,R,09-06-2024
0 days 01:52:07.023000,18,69,996,FALSE,26.3,223,2.4,9,Canadian Grand Prix,R,09-06-2024
0 days 00:00:25.642000,27.5,37,1004.3,FALSE,46.3,93,0,10,Spanish Grand Prix,FP1,23-06-2024
0 days 00:01:25.662000,27.5,36,1004.5,FALSE,46.4,0,0,10,Spanish Grand Prix,FP1,23-06-2024
0 days 00:02:25.653000,27.5,36,1004.5,FALSE,47.3,241,2.3,10,Spanish Grand Prix,FP1,23-06-2024
0 days 00:03:25.660000,27.6,34,1004.4,FALSE,47.5,226,2,10,Spanish Grand Prix,FP1,23-06-2024
0 days 00:04:25.667000,27.7,35,1004.4,FALSE,46.4,242,2,10,Spanish Grand Prix,FP1,23-06-2024
0 days 00:05:25.669000,27.7,34,1004.5,FALSE,46.4,252,2.1,10,Spanish Grand Prix,FP1,23-06-2024
0 days 00:06:25.667000,27.6,34,1004.5,FALSE,45.8,235,1.8,10,Spanish Grand Prix,FP1,23-06-2024
0 days 00:07:25.672000,27.5,35,1004.5,FALSE,45.3,238,3.2,10,Spanish Grand Prix,FP1,23-06-2024
0 days 00:08:25.670000,27.6,35,1004.4,FALSE,45.7,230,2,10,Spanish Grand Prix,FP1,23-06-2024
0 days 00:09:25.666000,27.6,34,1004.5,FALSE,46,236,1.5,10,Spanish Grand Prix,FP1,23-06-2024
0 days 00:10:25.667000,27.6,36,1004.5,FALSE,46,249,1,10,Spanish Grand Prix,FP1,23-06-2024
0 days 00:11:25.677000,27.7,34,1004.5,FALSE,46,234,2.5,10,Spanish Grand Prix,FP1,23-06-2024
0 days 00:12:25.672000,27.8,34,1004.5,FALSE,45.8,239,2,10,Spanish Grand Prix,FP1,23-06-2024
0 days 00:13:25.678000,27.7,34,1004.4,FALSE,45.7,251,0.7,10,Spanish Grand Prix,FP1,23-06-2024
0 days 00:14:25.680000,27.6,35,1004.4,FALSE,45.9,231,1.1,10,Spanish Grand Prix,FP1,23-06-2024
0 days 00:15:25.665000,27.5,35,1004.5,FALSE,46.1,245,1.8,10,Spanish Grand Prix,FP1,23-06-2024
0 days 00:16:25.673000,27.5,35,1004.4,FALSE,46.5,234,2.2,10,Spanish Grand Prix,FP1,23-06-2024
0 days 00:17:25.674000,27.9,34,1004.4,FALSE,46.9,235,2.4,10,Spanish Grand Prix,FP1,23-06-2024
0 days 00:18:25.669000,28,34,1004.5,FALSE,47.5,228,2.8,10,Spanish Grand Prix,FP1,23-06-2024
0 days 00:19:25.681000,28,34,1004.5,FALSE,47.5,228,2.8,10,Spanish Grand Prix,FP1,23-06-2024
0 days 00:20:25.670000,28.2,34,1004.5,FALSE,47.5,228,2.8,10,Spanish Grand Prix,FP1,23-06-2024
0 days 00:21:25.685000,28.3,33,1004.5,FALSE,47.5,237,2.2,10,Spanish Grand Prix,FP1,23-06-2024
0 days 00:22:25.676000,28.4,32,1004.5,FALSE,47,228,2.2,10,Spanish Grand Prix,FP1,23-06-2024
0 days 00:23:25.681000,28.4,30,1004.5,FALSE,46.8,259,2.8,10,Spanish Grand Prix,FP1,23-06-2024
0 days 00:24:25.679000,28.4,32,1004.5,FALSE,46.9,0,1.3,10,Spanish Grand Prix,FP1,23-06-2024
0 days 00:25:25.673000,28.4,31,1004.6,FALSE,47.3,236,1.8,10,Spanish Grand Prix,FP1,23-06-2024
0 days 00:26:25.689000,28.5,30,1004.6,FALSE,47.3,245,3,10,Spanish Grand Prix,FP1,23-06-2024
0 days 00:27:25.682000,28.5,29,1004.6,FALSE,46.8,237,2.9,10,Spanish Grand Prix,FP1,23-06-2024
0 days 00:28:25.682000,28.3,30,1004.5,FALSE,46.7,235,2.4,10,Spanish Grand Prix,FP1,23-06-2024
0 days 00:29:25.690000,28.4,30,1004.6,FALSE,46.5,242,2.8,10,Spanish Grand Prix,FP1,23-06-2024
0 days 00:30:25.675000,28.5,31,1004.6,FALSE,46.9,264,1.7,10,Spanish Grand Prix,FP1,23-06-2024
0 days 00:31:25.694000,28.5,30,1004.5,FALSE,46.9,232,2.9,10,Spanish Grand Prix,FP1,23-06-2024
0 days 00:32:25.699000,28.5,31,1004.6,FALSE,47,234,3.2,10,Spanish Grand Prix,FP1,23-06-2024
0 days 00:33:25.706000,28.5,32,1004.5,FALSE,47,225,2,10,Spanish Grand Prix,FP1,23-06-2024
0 days 00:34:25.724000,28.5,31,1004.5,FALSE,46.8,215,2,10,Spanish Grand Prix,FP1,23-06-2024
0 days 00:35:25.741000,28.4,32,1004.6,FALSE,46.6,0,1.1,10,Spanish Grand Prix,FP1,23-06-2024
0 days 00:36:25.741000,28.2,33,1004.5,FALSE,47.1,276,0.7,10,Spanish Grand Prix,FP1,23-06-2024
0 days 00:37:25.750000,28.2,32,1004.5,FALSE,47.5,231,1,10,Spanish Grand Prix,FP1,23-06-2024
0 days 00:38:25.747000,28.2,32,1004.5,FALSE,47.4,257,2.4,10,Spanish Grand Prix,FP1,23-06-2024
0 days 00:39:25.770000,28,32,1004.4,FALSE,47.3,229,1.8,10,Spanish Grand Prix,FP1,23-06-2024
0 days 00:40:25.783000,28,33,1004.5,FALSE,47.6,232,3.3,10,Spanish Grand Prix,FP1,23-06-2024
0 days 00:41:25.789000,28.1,33,1004.4,FALSE,47.7,236,3.4,10,Spanish Grand Prix,FP1,23-06-2024
0 days 00:42:25.793000,28.2,32,1004.5,FALSE,47.6,249,2.8,10,Spanish Grand Prix,FP1,23-06-2024
0 days 00:43:25.788000,28.3,33,1004.5,FALSE,47.5,228,1.2,10,Spanish Grand Prix,FP1,23-06-2024
0 days 00:44:25.796000,28.3,32,1004.5,FALSE,47.2,225,2.7,10,Spanish Grand Prix,FP1,23-06-2024
0 days 00:45:25.817000,28.2,33,1004.4,FALSE,47.4,234,3.4,10,Spanish Grand Prix,FP1,23-06-2024
0 days 00:46:25.814000,28.3,32,1004.4,FALSE,47.6,241,3.5,10,Spanish Grand Prix,FP1,23-06-2024
0 days 00:47:25.821000,28.3,32,1004.4,FALSE,47.7,243,2.7,10,Spanish Grand Prix,FP1,23-06-2024
0 days 00:48:25.815000,28.3,32,1004.3,FALSE,47.4,211,3.1,10,Spanish Grand Prix,FP1,23-06-2024
0 days 00:49:25.829000,28.2,33,1004.3,FALSE,47.4,183,2,10,Spanish Grand Prix,FP1,23-06-2024
0 days 00:50:25.828000,28.1,32,1004.4,FALSE,47.4,245,2.6,10,Spanish Grand Prix,FP1,23-06-2024
0 days 00:51:25.826000,28.2,33,1004.4,FALSE,48,232,2.1,10,Spanish Grand Prix,FP1,23-06-2024
0 days 00:52:25.823000,28.3,34,1004.3,FALSE,47.8,242,2.4,10,Spanish Grand Prix,FP1,23-06-2024
0 days 00:53:25.828000,28.4,32,1004.5,FALSE,47.8,240,2.9,10,Spanish Grand Prix,FP1,23-06-2024
0 days 00:54:25.825000,28.4,34,1004.4,FALSE,47.2,244,2.3,10,Spanish Grand Prix,FP1,23-06-2024
0 days 00:55:25.822000,28.4,32,1004.3,FALSE,47.2,235,3.3,10,Spanish Grand Prix,FP1,23-06-2024
0 days 00:56:25.827000,28.4,33,1004.3,FALSE,47.5,237,2.7,10,Spanish Grand Prix,FP1,23-06-2024
0 days 00:57:25.835000,28.4,32,1004.4,FALSE,47.5,238,2.7,10,Spanish Grand Prix,FP1,23-06-2024
0 days 00:58:25.838000,28.5,33,1004.3,FALSE,46.9,231,2.7,10,Spanish Grand Prix,FP1,23-06-2024
0 days 00:59:25.832000,28.5,33,1004.2,FALSE,47.5,232,2.7,10,Spanish Grand Prix,FP1,23-06-2024
0 days 01:00:25.823000,28.5,33,1004.3,FALSE,47.6,241,2.7,10,Spanish Grand Prix,FP1,23-06-2024
0 days 01:01:25.827000,28.5,33,1004.4,FALSE,47.7,244,2.7,10,Spanish Grand Prix,FP1,23-06-2024
0 days 01:02:25.834000,28.4,32,1004.3,FALSE,47.4,238,2.5,10,Spanish Grand Prix,FP1,23-06-2024
0 days 01:03:25.837000,28.5,34,1004.3,FALSE,47.1,227,2.6,10,Spanish Grand Prix,FP1,23-06-2024
0 days 01:04:25.842000,28.4,34,1004.4,FALSE,46.9,211,1.9,10,Spanish Grand Prix,FP1,23-06-2024
0 days 01:05:25.829000,28.4,35,1004.3,FALSE,46.9,35,0.6,10,Spanish Grand Prix,FP1,23-06-2024
0 days 01:06:25.826000,28.3,34,1004.2,FALSE,47.8,150,2.2,10,Spanish Grand Prix,FP1,23-06-2024
0 days 01:07:25.831000,28.3,37,1004.2,FALSE,47.7,96,1.5,10,Spanish Grand Prix,FP1,23-06-2024
0 days 01:08:25.841000,28.1,38,1004.3,FALSE,47.8,152,1,10,Spanish Grand Prix,FP1,23-06-2024
0 days 01:09:25.836000,28,38,1004.2,FALSE,48,3,0.6,10,Spanish Grand Prix,FP1,23-06-2024
0 days 01:10:25.841000,28.1,38,1004.2,FALSE,48,231,1.3,10,Spanish Grand Prix,FP1,23-06-2024
0 days 01:11:25.840000,28.2,35,1004.2,FALSE,48,239,1.8,10,Spanish Grand Prix,FP1,23-06-2024
0 days 01:12:25.826000,28.3,36,1004.2,FALSE,47.7,266,2.8,10,Spanish Grand Prix,FP1,23-06-2024
0 days 01:13:25.833000,28.4,37,1004.2,FALSE,47.7,224,2.2,10,Spanish Grand Prix,FP1,23-06-2024
0 days 01:14:25.844000,28.3,36,1004.2,FALSE,47.7,232,2,10,Spanish Grand Prix,FP1,23-06-2024
0 days 01:15:25.839000,28.3,38,1004.1,FALSE,47.7,150,0.6,10,Spanish Grand Prix,FP1,23-06-2024
0 days 01:16:25.846000,28.3,37,1004.1,FALSE,48,107,0.7,10,Spanish Grand Prix,FP1,23-06-2024
0 days 01:17:25.835000,28.4,36,1004.2,FALSE,47.8,276,1,10,Spanish Grand Prix,FP1,23-06-2024
0 days 01:18:25.832000,28.5,36,1004.2,FALSE,46.1,230,2.1,10,Spanish Grand Prix,FP1,23-06-2024
0 days 01:19:25.839000,28.5,37,1004.2,FALSE,46.2,259,1.7,10,Spanish Grand Prix,FP1,23-06-2024
0 days 01:20:25.848000,28.5,38,1004.2,FALSE,47,200,1.5,10,Spanish Grand Prix,FP1,23-06-2024
0 days 00:00:38.496000,24.9,52,1004.5,FALSE,44.2,260,2.4,10,Spanish Grand Prix,FP2,23-06-2024
0 days 00:01:38.532000,24.9,52,1004.5,FALSE,44.2,258,2.5,10,Spanish Grand Prix,FP2,23-06-2024
0 days 00:02:38.543000,24.9,51,1004.5,FALSE,44.2,263,2.9,10,Spanish Grand Prix,FP2,23-06-2024
0 days 00:03:38.523000,24.8,51,1004.5,FALSE,44.2,250,1.8,10,Spanish Grand Prix,FP2,23-06-2024
0 days 00:04:38.524000,24.8,51,1004.5,FALSE,44.2,238,2,10,Spanish Grand Prix,FP2,23-06-2024
0 days 00:05:38.545000,24.8,50,1004.5,FALSE,44,250,2.2,10,Spanish Grand Prix,FP2,23-06-2024
0 days 00:06:38.577000,24.8,51,1004.5,FALSE,44,251,2.8,10,Spanish Grand Prix,FP2,23-06-2024
0 days 00:07:38.577000,24.7,51,1004.4,FALSE,43.8,263,2.6,10,Spanish Grand Prix,FP2,23-06-2024
0 days 00:08:38.563000,24.7,51,1004.6,FALSE,43.8,258,2.7,10,Spanish Grand Prix,FP2,23-06-2024
0 days 00:09:38.572000,24.7,52,1004.6,FALSE,43.8,275,2.8,10,Spanish Grand Prix,FP2,23-06-2024
0 days 00:10:38.575000,24.6,54,1004.5,FALSE,43.1,233,2.1,10,Spanish Grand Prix,FP2,23-06-2024
0 days 00:11:38.578000,24.7,54,1004.5,FALSE,43.5,242,2.5,10,Spanish Grand Prix,FP2,23-06-2024
0 days 00:12:38.568000,24.9,54,1004.5,FALSE,44.1,263,2.4,10,Spanish Grand Prix,FP2,23-06-2024
0 days 00:13:38.572000,24.9,54,1004.5,FALSE,43.7,249,2.7,10,Spanish Grand Prix,FP2,23-06-2024
0 days 00:14:38.586000,24.8,54,1004.5,FALSE,43.3,265,2.7,10,Spanish Grand Prix,FP2,23-06-2024
0 days 00:15:38.578000,24.9,55,1004.6,FALSE,43.1,261,2.8,10,Spanish Grand Prix,FP2,23-06-2024
0 days 00:16:38.575000,24.9,55,1004.6,FALSE,42.9,234,1.8,10,Spanish Grand Prix,FP2,23-06-2024
0 days 00:17:38.576000,24.7,55,1004.6,FALSE,42.9,284,1.9,10,Spanish Grand Prix,FP2,23-06-2024
0 days 00:18:38.578000,24.8,56,1004.5,FALSE,42.9,250,2.3,10,Spanish Grand Prix,FP2,23-06-2024
0 days 00:19:38.587000,24.6,55,1004.6,FALSE,43.6,251,2,10,Spanish Grand Prix,FP2,23-06-2024
0 days 00:20:38.586000,24.6,54,1004.6,FALSE,43.6,276,1.6,10,Spanish Grand Prix,FP2,23-06-2024
0 days 00:21:38.580000,24.6,54,1004.5,FALSE,43.9,268,1.4,10,Spanish Grand Prix,FP2,23-06-2024
0 days 00:22:38.577000,24.5,54,1004.6,FALSE,44.2,133,1.7,10,Spanish Grand Prix,FP2,23-06-2024
0 days 00:23:38.588000,24.5,53,1004.7,FALSE,44.2,237,2.2,10,Spanish Grand Prix,FP2,23-06-2024
0 days 00:24:38.589000,24.6,54,1004.6,FALSE,44.2,0,1.2,10,Spanish Grand Prix,FP2,23-06-2024
0 days 00:25:38.590000,24.6,52,1004.6,FALSE,44.2,224,1.1,10,Spanish Grand Prix,FP2,23-06-2024
0 days 00:26:38.583000,24.6,53,1004.6,FALSE,44.2,244,0.9,10,Spanish Grand Prix,FP2,23-06-2024
0 days 00:27:38.583000,24.5,51,1004.6,FALSE,44,288,1.4,10,Spanish Grand Prix,FP2,23-06-2024
0 days 00:28:38.594000,24.7,50,1004.7,FALSE,43.9,220,1.7,10,Spanish Grand Prix,FP2,23-06-2024
0 days 00:29:38.580000,24.7,50,1004.6,FALSE,43.9,246,1.5,10,Spanish Grand Prix,FP2,23-06-2024
0 days 00:30:38.588000,24.8,50,1004.7,FALSE,44,289,1.2,10,Spanish Grand Prix,FP2,23-06-2024
0 days 00:31:38.593000,24.8,50,1004.6,FALSE,44.1,259,1.8,10,Spanish Grand Prix,FP2,23-06-2024
0 days 00:32:38.592000,24.8,49,1004.6,FALSE,44.2,251,0.8,10,Spanish Grand Prix,FP2,23-06-2024
0 days 00:33:38.589000,24.7,49,1004.6,FALSE,43.8,235,1.8,10,Spanish Grand Prix,FP2,23-06-2024
0 days 00:34:38.593000,24.6,51,1004.6,FALSE,42.6,251,1.8,10,Spanish Grand Prix,FP2,23-06-2024
0 days 00:35:38.607000,24.6,51,1004.7,FALSE,42.7,257,2.2,10,Spanish Grand Prix,FP2,23-06-2024
0 days 00:36:38.607000,24.6,51,1004.6,FALSE,42.9,229,2.1,10,Spanish Grand Prix,FP2,23-06-2024
0 days 00:37:38.629000,24.7,52,1004.7,FALSE,43,268,2,10,Spanish Grand Prix,FP2,23-06-2024
0 days 00:38:38.631000,24.6,52,1004.6,FALSE,43,304,1.2,10,Spanish Grand Prix,FP2,23-06-2024
0 days 00:39:38.640000,24.7,51,1004.6,FALSE,43.3,235,1.7,10,Spanish Grand Prix,FP2,23-06-2024
0 days 00:40:38.636000,24.7,51,1004.6,FALSE,43.3,254,1.6,10,Spanish Grand Prix,FP2,23-06-2024
0 days 00:41:38.654000,24.8,51,1004.5,FALSE,43,0,1.8,10,Spanish Grand Prix,FP2,23-06-2024
0 days 00:42:38.637000,24.8,50,1004.6,FALSE,43.1,229,1.1,10,Spanish Grand Prix,FP2,23-06-2024
0 days 00:43:38.646000,24.9,49,1004.6,FALSE,43.8,265,1.5,10,Spanish Grand Prix,FP2,23-06-2024
0 days 00:44:38.643000,24.9,49,1004.5,FALSE,42.9,233,2,10,Spanish Grand Prix,FP2,23-06-2024
0 days 00:45:38.647000,24.8,49,1004.6,FALSE,42.6,316,1.7,10,Spanish Grand Prix,FP2,23-06-2024
0 days 00:46:38.637000,24.9,48,1004.5,FALSE,42.8,37,1.1,10,Spanish Grand Prix,FP2,23-06-2024
0 days 00:47:38.667000,24.9,48,1004.5,FALSE,43.4,90,1.4,10,Spanish Grand Prix,FP2,23-06-2024
0 days 00:48:38.677000,24.9,48,1004.6,FALSE,43.4,299,0.8,10,Spanish Grand Prix,FP2,23-06-2024
0 days 00:49:38.691000,24.8,49,1004.5,FALSE,42.8,276,1.4,10,Spanish Grand Prix,FP2,23-06-2024
0 days 00:50:38.702000,24.8,50,1004.5,FALSE,42.6,89,2.1,10,Spanish Grand Prix,FP2,23-06-2024
0 days 00:51:38.701000,24.7,50,1004.5,FALSE,42.3,244,1.3,10,Spanish Grand Prix,FP2,23-06-2024
0 days 00:52:38.717000,24.7,49,1004.5,FALSE,42.4,222,2.4,10,Spanish Grand Prix,FP2,23-06-2024
0 days 00:53:38.737000,24.8,50,1004.5,FALSE,42.6,139,1.6,10,Spanish Grand Prix,FP2,23-06-2024
0 days 00:54:38.735000,24.7,49,1004.5,FALSE,42.8,340,2.2,10,Spanish Grand Prix,FP2,23-06-2024
0 days 00:55:38.734000,24.8,47,1004.3,FALSE,42.7,218,2,10,Spanish Grand Prix,FP2,23-06-2024
0 days 00:56:38.723000,24.8,48,1004.4,FALSE,42.5,138,1.7,10,Spanish Grand Prix,FP2,23-06-2024
0 days 00:57:38.737000,24.9,48,1004.5,FALSE,42.5,106,1.2,10,Spanish Grand Prix,FP2,23-06-2024
0 days 00:58:38.736000,24.9,47,1004.4,FALSE,42.4,135,1,10,Spanish Grand Prix,FP2,23-06-2024
0 days 00:59:38.736000,24.9,48,1004.4,FALSE,42.6,133,2.5,10,Spanish Grand Prix,FP2,23-06-2024
0 days 01:00:38.750000,25,46,1004.4,FALSE,42.6,141,1.7,10,Spanish Grand Prix,FP2,23-06-2024
0 days 01:01:38.741000,25,46,1004.4,FALSE,42.6,126,2.5,10,Spanish Grand Prix,FP2,23-06-2024
0 days 01:02:38.743000,25,45,1004.3,FALSE,42.6,126,2.8,10,Spanish Grand Prix,FP2,23-06-2024
0 days 01:03:38.751000,25.1,45,1004.4,FALSE,42.4,121,2.3,10,Spanish Grand Prix,FP2,23-06-2024
0 days 01:04:38.737000,25.1,45,1004.3,FALSE,42.3,100,2.5,10,Spanish Grand Prix,FP2,23-06-2024
0 days 01:05:38.741000,25.1,46,1004.4,FALSE,42.4,118,2.2,10,Spanish Grand Prix,FP2,23-06-2024
0 days 01:06:38.741000,25.2,45,1004.3,FALSE,42.2,118,2.7,10,Spanish Grand Prix,FP2,23-06-2024
0 days 01:07:38.742000,25.1,45,1004.3,FALSE,42.2,53,1.8,10,Spanish Grand Prix,FP2,23-06-2024
0 days 01:08:38.747000,25,45,1004.3,FALSE,42.2,98,1.4,10,Spanish Grand Prix,FP2,23-06-2024
0 days 01:09:38.746000,25.1,45,1004.4,FALSE,41.8,137,1.9,10,Spanish Grand Prix,FP2,23-06-2024
0 days 01:10:38.747000,25.3,47,1004.4,FALSE,41.9,149,1.5,10,Spanish Grand Prix,FP2,23-06-2024
0 days 01:11:38.748000,25.3,47,1004.4,FALSE,42.1,279,0.8,10,Spanish Grand Prix,FP2,23-06-2024
0 days 01:12:38.745000,25.4,47,1004.4,FALSE,42.4,139,0.8,10,Spanish Grand Prix,FP2,23-06-2024
0 days 01:13:38.745000,25.6,47,1004.4,FALSE,42.1,269,1.6,10,Spanish Grand Prix,FP2,23-06-2024
0 days 01:14:38.747000,25.5,47,1004.3,FALSE,41.9,77,1.1,10,Spanish Grand Prix,FP2,23-06-2024
0 days 01:15:38.749000,25.5,47,1004.3,FALSE,41.5,106,1.6,10,Spanish Grand Prix,FP2,23-06-2024
0 days 01:16:38.749000,25.3,48,1004.3,FALSE,41.7,140,2.5,10,Spanish Grand Prix,FP2,23-06-2024
0 days 01:17:38.745000,25.2,48,1004.3,FALSE,41.7,145,2,10,Spanish Grand Prix,FP2,23-06-2024
0 days 01:18:38.753000,25.1,49,1004.3,FALSE,41.5,299,1.9,10,Spanish Grand Prix,FP2,23-06-2024
0 days 01:19:38.754000,25.1,48,1004.3,FALSE,41.2,59,1,10,Spanish Grand Prix,FP2,23-06-2024
0 days 01:20:38.755000,25.1,47,1004.3,FALSE,42,237,0.9,10,Spanish Grand Prix,FP2,23-06-2024
0 days 00:00:13.015000,26.4,48,1004.8,FALSE,41.2,103,2.4,10,Spanish Grand Prix,FP3,23-06-2024
0 days 00:01:13.027000,26.4,47,1004.8,FALSE,42.1,113,1.3,10,Spanish Grand Prix,FP3,23-06-2024
0 days 00:02:13.024000,26.5,48,1004.9,FALSE,42,269,1.9,10,Spanish Grand Prix,FP3,23-06-2024
0 days 00:03:13.024000,26.5,48,1004.9,FALSE,42,269,1.9,10,Spanish Grand Prix,FP3,23-06-2024
0 days 00:04:13.034000,26.5,48,1005,FALSE,41.9,278,2.5,10,Spanish Grand Prix,FP3,23-06-2024
0 days 00:05:13.022000,26.6,49,1004.9,FALSE,42,270,1.4,10,Spanish Grand Prix,FP3,23-06-2024
0 days 00:06:13.029000,26.6,51,1004.8,FALSE,42,238,2,10,Spanish Grand Prix,FP3,23-06-2024
0 days 00:07:13.028000,26.6,53,1004.9,FALSE,41.7,266,2.2,10,Spanish Grand Prix,FP3,23-06-2024
0 days 00:08:13.031000,26.7,55,1004.9,FALSE,40.7,268,0.5,10,Spanish Grand Prix,FP3,23-06-2024
0 days 00:09:13.033000,26.8,56,1004.8,FALSE,40.7,222,1.1,10,Spanish Grand Prix,FP3,23-06-2024
0 days 00:10:13.027000,26.8,57,1004.9,FALSE,40.3,239,1,10,Spanish Grand Prix,FP3,23-06-2024
0 days 00:11:13.025000,26.7,60,1005,FALSE,39.7,248,2.7,10,Spanish Grand Prix,FP3,23-06-2024
0 days 00:12:13.029000,26.5,60,1004.8,FALSE,38.9,239,1.7,10,Spanish Grand Prix,FP3,23-06-2024
0 days 00:13:13.038000,26.4,60,1004.9,FALSE,39.7,258,1.9,10,Spanish Grand Prix,FP3,23-06-2024
0 days 00:14:13.031000,26.2,60,1004.8,FALSE,40.1,252,2.1,10,Spanish Grand Prix,FP3,23-06-2024
0 days 00:15:13.036000,26.1,60,1004.8,FALSE,40.6,262,1.8,10,Spanish Grand Prix,FP3,23-06-2024
0 days 00:16:13.037000,26,60,1004.9,FALSE,40.9,246,1.6,10,Spanish Grand Prix,FP3,23-06-2024
0 days 00:17:13.028000,26,59,1004.7,FALSE,41.6,271,1.8,10,Spanish Grand Prix,FP3,23-06-2024
0 days 00:18:13.021000,26,59,1004.8,FALSE,41.3,242,1.8,10,Spanish Grand Prix,FP3,23-06-2024
0 days 00:19:13.032000,26.1,57,1004.7,FALSE,41.7,253,2.4,10,Spanish Grand Prix,FP3,23-06-2024
0 days 00:20:13.041000,26.1,56,1004.7,FALSE,41.7,0,1.9,10,Spanish Grand Prix,FP3,23-06-2024
0 days 00:21:13.032000,26,55,1004.7,FALSE,42,238,1.5,10,Spanish Grand Prix,FP3,23-06-2024
0 days 00:22:13.039000,26,55,1004.7,FALSE,42.3,223,1.2,10,Spanish Grand Prix,FP3,23-06-2024
0 days 00:23:13.036000,26,55,1004.6,FALSE,42.3,109,1.4,10,Spanish Grand Prix,FP3,23-06-2024
0 days 00:24:13.031000,26.1,53,1004.7,FALSE,42.6,23,0.4,10,Spanish Grand Prix,FP3,23-06-2024
0 days 00:25:13.037000,26.4,53,1004.7,FALSE,42.6,34,0.7,10,Spanish Grand Prix,FP3,23-06-2024
0 days 00:26:13.042000,26.5,56,1004.7,FALSE,42.1,346,1,10,Spanish Grand Prix,FP3,23-06-2024
0 days 00:27:13.034000,26.6,59,1004.7,FALSE,42.2,111,0.8,10,Spanish Grand Prix,FP3,23-06-2024
0 days 00:28:13.038000,26.6,58,1004.7,FALSE,42.6,253,1.6,10,Spanish Grand Prix,FP3,23-06-2024
0 days 00:29:13.048000,26.6,57,1004.6,FALSE,42.6,287,0.7,10,Spanish Grand Prix,FP3,23-06-2024
0 days 00:30:13.044000,26.7,58,1004.7,FALSE,43.1,206,1.2,10,Spanish Grand Prix,FP3,23-06-2024
0 days 00:31:13.041000,26.8,57,1004.5,FALSE,43.3,286,1.6,10,Spanish Grand Prix,FP3,23-06-2024
0 days 00:32:13.046000,26.9,56,1004.5,FALSE,43,258,1.2,10,Spanish Grand Prix,FP3,23-06-2024
0 days 00:33:13.034000,26.7,58,1004.6,FALSE,43.3,243,0.9,10,Spanish Grand Prix,FP3,23-06-2024
0 days 00:34:13.052000,26.5,55,1004.6,FALSE,43.7,210,1.4,10,Spanish Grand Prix,FP3,23-06-2024
0 days 00:35:13.045000,26.5,55,1004.5,FALSE,43.3,292,0.7,10,Spanish Grand Prix,FP3,23-06-2024
0 days 00:36:13.052000,26.6,55,1004.6,FALSE,43.3,91,1.1,10,Spanish Grand Prix,FP3,23-06-2024
0 days 00:37:13.052000,26.8,56,1004.6,FALSE,43.5,227,2,10,Spanish Grand Prix,FP3,23-06-2024
0 days 00:38:13.052000,26.8,57,1004.6,FALSE,42.9,274,1.6,10,Spanish Grand Prix,FP3,23-06-2024
0 days 00:39:13.058000,26.6,59,1004.5,FALSE,43.2,43,0.9,10,Spanish Grand Prix,FP3,23-06-2024
0 days 00:40:13.049000,26.5,57,1004.6,FALSE,43.2,147,0.7,10,Spanish Grand Prix,FP3,23-06-2024
0 days 00:41:13.050000,26.5,57,1004.5,FALSE,43.5,223,1.6,10,Spanish Grand Prix,FP3,23-06-2024
0 days 00:42:13.059000,26.5,58,1004.6,FALSE,43.5,276,1.7,10,Spanish Grand Prix,FP3,23-06-2024
0 days 00:43:13.050000,26.6,58,1004.5,FALSE,43.9,75,1.8,10,Spanish Grand Prix,FP3,23-06-2024
0 days 00:44:13.050000,26.6,58,1004.4,FALSE,44.1,0,1.4,10,Spanish Grand Prix,FP3,23-06-2024
0 days 00:45:13.063000,26.8,58,1004.5,FALSE,44.4,107,1.4,10,Spanish Grand Prix,FP3,23-06-2024
0 days 00:46:13.059000,26.7,58,1004.5,FALSE,44.8,110,2.5,10,Spanish Grand Prix,FP3,23-06-2024
0 days 00:47:13.059000,26.5,60,1004.4,FALSE,44.6,342,1.8,10,Spanish Grand Prix,FP3,23-06-2024
0 days 00:48:13.065000,26.5,60,1004.5,FALSE,44.1,120,1.4,10,Spanish Grand Prix,FP3,23-06-2024
0 days 00:49:13.053000,26.5,60,1004.5,FALSE,44.6,229,1.6,10,Spanish Grand Prix,FP3,23-06-2024
0 days 00:50:13.057000,26.5,59,1004.4,FALSE,45,355,0.9,10,Spanish Grand Prix,FP3,23-06-2024
0 days 00:51:13.063000,26.5,59,1004.4,FALSE,45,355,0.9,10,Spanish Grand Prix,FP3,23-06-2024
0 days 00:52:13.056000,26.8,59,1004.4,FALSE,44.6,249,1.7,10,Spanish Grand Prix,FP3,23-06-2024
0 days 00:53:13.055000,26.8,60,1004.5,FALSE,44.4,221,2.1,10,Spanish Grand Prix,FP3,23-06-2024
0 days 00:54:13.065000,26.7,61,1004.4,FALSE,44.4,282,1.6,10,Spanish Grand Prix,FP3,23-06-2024
0 days 00:55:13.057000,26.6,62,1004.5,FALSE,44.8,249,2.2,10,Spanish Grand Prix,FP3,23-06-2024
0 days 00:56:13.069000,26.4,61,1004.5,FALSE,44.3,238,2.2,10,Spanish Grand Prix,FP3,23-06-2024
0 days 00:57:13.064000,26.4,62,1004.5,FALSE,44.3,298,1.8,10,Spanish Grand Prix,FP3,23-06-2024
0 days 00:58:13.055000,26.4,62,1004.5,FALSE,44.3,298,1.8,10,Spanish Grand Prix,FP3,23-06-2024
0 days 00:59:13.073000,26.3,61,1004.5,FALSE,45.2,266,1.5,10,Spanish Grand Prix,FP3,23-06-2024
0 days 01:00:13.070000,26.2,61,1004.5,FALSE,45.1,245,1.6,10,Spanish Grand Prix,FP3,23-06-2024
0 days 01:01:13.247000,26.3,60,1004.5,FALSE,45.1,224,2,10,Spanish Grand Prix,FP3,23-06-2024
0 days 01:02:13.245000,26.3,61,1004.4,FALSE,44.7,241,2,10,Spanish Grand Prix,FP3,23-06-2024
0 days 01:03:13.251000,26.4,60,1004.4,FALSE,45.1,235,2.2,10,Spanish Grand Prix,FP3,23-06-2024
0 days 01:04:13.272000,26.5,60,1004.5,FALSE,45,289,2.5,10,Spanish Grand Prix,FP3,23-06-2024
0 days 01:05:13.284000,26.5,60,1004.5,FALSE,45,217,1.6,10,Spanish Grand Prix,FP3,23-06-2024
0 days 01:06:13.279000,26.4,60,1004.5,FALSE,44.8,231,1.5,10,Spanish Grand Prix,FP3,23-06-2024
0 days 01:07:13.284000,26.5,60,1004.5,FALSE,44.4,272,2.2,10,Spanish Grand Prix,FP3,23-06-2024
0 days 01:08:13.284000,26.3,61,1004.5,FALSE,44.4,272,2.7,10,Spanish Grand Prix,FP3,23-06-2024
0 days 01:09:13.304000,26.2,61,1004.5,FALSE,44.9,232,2.2,10,Spanish Grand Prix,FP3,23-06-2024
0 days 01:10:13.334000,26.3,61,1004.5,FALSE,45.2,242,2.2,10,Spanish Grand Prix,FP3,23-06-2024
0 days 01:11:13.328000,26.2,60,1004.4,FALSE,45.2,238,2.1,10,Spanish Grand Prix,FP3,23-06-2024
0 days 01:12:13.352000,26.1,61,1004.4,FALSE,45.1,273,2.5,10,Spanish Grand Prix,FP3,23-06-2024
0 days 01:13:13.375000,26.2,61,1004.4,FALSE,45.1,248,2.3,10,Spanish Grand Prix,FP3,23-06-2024
0 days 01:14:13.367000,26.2,61,1004.4,FALSE,45.6,248,2.1,10,Spanish Grand Prix,FP3,23-06-2024
0 days 01:15:13.367000,26.3,60,1004.4,FALSE,45.7,201,1.7,10,Spanish Grand Prix,FP3,23-06-2024
0 days 01:16:13.374000,26.3,59,1004.3,FALSE,46.3,18,1.5,10,Spanish Grand Prix,FP3,23-06-2024
0 days 01:17:13.372000,26.3,60,1004.4,FALSE,46,222,2,10,Spanish Grand Prix,FP3,23-06-2024
0 days 01:18:13.395000,26.2,61,1004.4,FALSE,45.9,243,1.7,10,Spanish Grand Prix,FP3,23-06-2024
0 days 01:19:13.411000,26.3,61,1004.3,FALSE,46.1,127,1.9,10,Spanish Grand Prix,FP3,23-06-2024
0 days 00:00:59.407000,24,67,1003.8,FALSE,37.5,5,0.8,10,Spanish Grand Prix,Q,23-06-2024
0 days 00:01:59.413000,24,68,1003.9,FALSE,37.7,162,1.8,10,Spanish Grand Prix,Q,23-06-2024
0 days 00:02:59.420000,24.1,68,1003.8,FALSE,37.9,245,1.2,10,Spanish Grand Prix,Q,23-06-2024
0 days 00:03:59.422000,24.2,68,1003.8,FALSE,37.7,279,2.5,10,Spanish Grand Prix,Q,23-06-2024
0 days 00:04:59.418000,24.2,68,1003.8,FALSE,37.6,284,1.4,10,Spanish Grand Prix,Q,23-06-2024
0 days 00:05:59.426000,24.2,69,1003.8,FALSE,37.1,0,1.4,10,Spanish Grand Prix,Q,23-06-2024
0 days 00:06:59.429000,24.1,68,1003.8,FALSE,37.6,311,1,10,Spanish Grand Prix,Q,23-06-2024
0 days 00:07:59.421000,24.1,68,1003.9,FALSE,38,290,1.3,10,Spanish Grand Prix,Q,23-06-2024
0 days 00:08:59.421000,24.2,68,1003.9,FALSE,38,223,1.6,10,Spanish Grand Prix,Q,23-06-2024
0 days 00:09:59.430000,24.4,68,1003.8,FALSE,37.6,287,1,10,Spanish Grand Prix,Q,23-06-2024
0 days 00:10:59.441000,24.4,67,1003.9,FALSE,37.6,256,1.4,10,Spanish Grand Prix,Q,23-06-2024
0 days 00:11:59.421000,24.4,68,1003.8,FALSE,37.5,226,1.7,10,Spanish Grand Prix,Q,23-06-2024
0 days 00:12:59.427000,24.3,68,1003.8,FALSE,37.4,306,1.6,10,Spanish Grand Prix,Q,23-06-2024
0 days 00:13:59.415000,24.2,68,1003.8,FALSE,37.6,305,1.7,10,Spanish Grand Prix,Q,23-06-2024
0 days 00:14:59.431000,24.2,69,1003.7,FALSE,37.6,184,1.3,10,Spanish Grand Prix,Q,23-06-2024
0 days 00:15:59.427000,24.2,68,1003.7,FALSE,37.9,33,0.7,10,Spanish Grand Prix,Q,23-06-2024
0 days 00:16:59.418000,24.2,68,1003.8,FALSE,37.5,225,1.2,10,Spanish Grand Prix,Q,23-06-2024
0 days 00:17:59.429000,24.2,68,1003.8,FALSE,37.5,264,0.9,10,Spanish Grand Prix,Q,23-06-2024
0 days 00:18:59.425000,24.2,67,1003.8,FALSE,37.5,134,1.4,10,Spanish Grand Prix,Q,23-06-2024
0 days 00:19:59.430000,24.2,68,1003.8,FALSE,37,347,0.8,10,Spanish Grand Prix,Q,23-06-2024
0 days 00:20:59.430000,24.2,68,1003.8,FALSE,37.5,332,1.4,10,Spanish Grand Prix,Q,23-06-2024
0 days 00:21:59.431000,24.2,68,1003.8,FALSE,37.5,122,0.8,10,Spanish Grand Prix,Q,23-06-2024
0 days 00:22:59.430000,24.2,67,1003.7,FALSE,37.5,137,1.3,10,Spanish Grand Prix,Q,23-06-2024
0 days 00:23:59.435000,24.2,67,1003.7,FALSE,37.3,106,1.3,10,Spanish Grand Prix,Q,23-06-2024
0 days 00:24:59.433000,24.4,67,1003.8,FALSE,37.3,104,1.4,10,Spanish Grand Prix,Q,23-06-2024
0 days 00:25:59.438000,24.3,67,1003.8,FALSE,37.5,295,1.6,10,Spanish Grand Prix,Q,23-06-2024
0 days 00:26:59.433000,24.3,67,1003.8,FALSE,37.3,35,1.4,10,Spanish Grand Prix,Q,23-06-2024
0 days 00:27:59.436000,24.1,67,1003.7,FALSE,36.9,237,1.5,10,Spanish Grand Prix,Q,23-06-2024
0 days 00:28:59.435000,24.1,68,1003.8,FALSE,36.9,268,1.7,10,Spanish Grand Prix,Q,23-06-2024
0 days 00:29:59.437000,24.1,68,1003.8,FALSE,36.7,263,1,10,Spanish Grand Prix,Q,23-06-2024
0 days 00:30:59.441000,24.1,68,1003.8,FALSE,36.7,221,2.1,10,Spanish Grand Prix,Q,23-06-2024
0 days 00:31:59.441000,24,68,1003.7,FALSE,36.5,251,1.8,10,Spanish Grand Prix,Q,23-06-2024
0 days 00:32:59.436000,24.1,69,1003.7,FALSE,36.5,150,1,10,Spanish Grand Prix,Q,23-06-2024
0 days 00:33:59.434000,24.2,68,1003.6,FALSE,36.5,313,1.2,10,Spanish Grand Prix,Q,23-06-2024
0 days 00:34:59.439000,24.3,67,1003.7,FALSE,36.5,285,1.3,10,Spanish Grand Prix,Q,23-06-2024
0 days 00:35:59.440000,24.3,68,1003.7,FALSE,36.7,268,1.8,10,Spanish Grand Prix,Q,23-06-2024
0 days 00:36:59.461000,24.1,68,1003.6,FALSE,36.2,234,1.8,10,Spanish Grand Prix,Q,23-06-2024
0 days 00:37:59.462000,24,68,1003.7,FALSE,36.2,279,1.7,10,Spanish Grand Prix,Q,23-06-2024
0 days 00:38:59.484000,24.1,68,1003.6,FALSE,36,256,1.6,10,Spanish Grand Prix,Q,23-06-2024
0 days 00:39:59.494000,24.1,68,1003.7,FALSE,35.6,253,2.2,10,Spanish Grand Prix,Q,23-06-2024
0 days 00:40:59.493000,24,69,1003.6,FALSE,35.6,273,1.7,10,Spanish Grand Prix,Q,23-06-2024
0 days 00:41:59.496000,24,69,1003.6,FALSE,35.6,277,1.7,10,Spanish Grand Prix,Q,23-06-2024
0 days 00:42:59.489000,24,69,1003.6,FALSE,36.1,276,1.4,10,Spanish Grand Prix,Q,23-06-2024
0 days 00:43:59.492000,24,69,1003.6,FALSE,36.1,58,1.1,10,Spanish Grand Prix,Q,23-06-2024
0 days 00:44:59.499000,23.9,69,1003.7,FALSE,36.3,12,1.2,10,Spanish Grand Prix,Q,23-06-2024
0 days 00:45:59.519000,24,68,1003.7,FALSE,36.2,69,1.2,10,Spanish Grand Prix,Q,23-06-2024
0 days 00:46:59.527000,24,68,1003.8,FALSE,36.2,119,0.5,10,Spanish Grand Prix,Q,23-06-2024
0 days 00:47:59.527000,24,67,1003.7,FALSE,36,99,1.7,10,Spanish Grand Prix,Q,23-06-2024
0 days 00:48:59.540000,24.1,68,1003.7,FALSE,35.8,127,1.4,10,Spanish Grand Prix,Q,23-06-2024
0 days 00:49:59.550000,24,68,1003.6,FALSE,36.2,249,1,10,Spanish Grand Prix,Q,23-06-2024
0 days 00:50:59.543000,24,67,1003.7,FALSE,35.8,271,1.8,10,Spanish Grand Prix,Q,23-06-2024
0 days 00:51:59.563000,24,68,1003.7,FALSE,35.8,269,1.8,10,Spanish Grand Prix,Q,23-06-2024
0 days 00:52:59.580000,23.9,69,1003.7,FALSE,35.6,255,1.7,10,Spanish Grand Prix,Q,23-06-2024
0 days 00:53:59.571000,23.9,69,1003.7,FALSE,34.8,234,1.6,10,Spanish Grand Prix,Q,23-06-2024
0 days 00:54:59.585000,23.9,69,1003.6,FALSE,35.2,137,1.7,10,Spanish Grand Prix,Q,23-06-2024
0 days 00:55:59.574000,23.9,69,1003.7,FALSE,35.5,88,1.6,10,Spanish Grand Prix,Q,23-06-2024
0 days 00:56:59.579000,23.9,69,1003.7,FALSE,35.8,219,1.4,10,Spanish Grand Prix,Q,23-06-2024
0 days 00:57:59.579000,24,70,1003.7,FALSE,35.5,129,0.8,10,Spanish Grand Prix,Q,23-06-2024
0 days 00:58:59.584000,24,69,1003.7,FALSE,35.3,245,1,10,Spanish Grand Prix,Q,23-06-2024
0 days 00:59:59.588000,24,69,1003.7,FALSE,35.6,273,0.5,10,Spanish Grand Prix,Q,23-06-2024
0 days 01:00:59.583000,23.9,69,1003.8,FALSE,35.6,265,1.2,10,Spanish Grand Prix,Q,23-06-2024
0 days 01:01:59.583000,24,70,1003.6,FALSE,35.7,283,1.3,10,Spanish Grand Prix,Q,23-06-2024
0 days 01:02:59.591000,23.9,70,1003.6,FALSE,35.5,151,1,10,Spanish Grand Prix,Q,23-06-2024
0 days 01:03:59.577000,23.9,70,1003.6,FALSE,35.6,278,1.9,10,Spanish Grand Prix,Q,23-06-2024
0 days 01:04:59.577000,23.9,70,1003.6,FALSE,35.6,96,1.5,10,Spanish Grand Prix,Q,23-06-2024
0 days 01:05:59.586000,23.9,70,1003.6,FALSE,36,29,1.9,10,Spanish Grand Prix,Q,23-06-2024
0 days 01:06:59.589000,24,70,1003.7,FALSE,36.3,271,0.8,10,Spanish Grand Prix,Q,23-06-2024
0 days 01:07:59.583000,24,70,1003.6,FALSE,36.2,67,0.9,10,Spanish Grand Prix,Q,23-06-2024
0 days 01:08:59.585000,24.1,68,1003.6,FALSE,36.1,119,1,10,Spanish Grand Prix,Q,23-06-2024
0 days 01:09:59.595000,24,69,1003.6,FALSE,35.7,95,1.5,10,Spanish Grand Prix,Q,23-06-2024
0 days 01:10:59.640000,24,69,1003.6,FALSE,35.9,118,0.7,10,Spanish Grand Prix,Q,23-06-2024
0 days 01:11:59.583000,24,69,1003.6,FALSE,36,117,1.4,10,Spanish Grand Prix,Q,23-06-2024
0 days 01:12:59.603000,24,69,1003.5,FALSE,36,0,1.2,10,Spanish Grand Prix,Q,23-06-2024
0 days 01:13:59.589000,24,69,1003.5,FALSE,35.9,120,0.9,10,Spanish Grand Prix,Q,23-06-2024
0 days 01:14:59.588000,24.1,69,1003.5,FALSE,36,137,1.2,10,Spanish Grand Prix,Q,23-06-2024
0 days 01:15:59.596000,24.2,69,1003.5,FALSE,36,210,1.7,10,Spanish Grand Prix,Q,23-06-2024
0 days 00:00:20.654000,23.9,63,1001.8,FALSE,39.1,244,2.7,10,Spanish Grand Prix,R,23-06-2024
0 days 00:01:20.653000,23.9,62,1001.7,FALSE,39.1,246,2.4,10,Spanish Grand Prix,R,23-06-2024
0 days 00:02:20.657000,23.9,63,1001.8,FALSE,39.9,237,2.7,10,Spanish Grand Prix,R,23-06-2024
0 days 00:03:20.675000,24.3,63,1001.7,FALSE,40.1,238,3.6,10,Spanish Grand Prix,R,23-06-2024
0 days 00:04:20.663000,24.3,63,1001.8,FALSE,40.1,240,3.1,10,Spanish Grand Prix,R,23-06-2024
0 days 00:05:20.658000,24.2,62,1001.7,FALSE,40.1,235,4.3,10,Spanish Grand Prix,R,23-06-2024
0 days 00:06:20.668000,24.4,63,1001.7,FALSE,40.1,230,3.3,10,Spanish Grand Prix,R,23-06-2024
0 days 00:07:20.679000,24.4,64,1001.7,FALSE,40.1,263,2.8,10,Spanish Grand Prix,R,23-06-2024
0 days 00:08:20.678000,24.3,63,1001.7,FALSE,40.2,271,2.9,10,Spanish Grand Prix,R,23-06-2024
0 days 00:09:20.696000,24.1,63,1001.7,FALSE,40.2,234,2.7,10,Spanish Grand Prix,R,23-06-2024
0 days 00:10:20.687000,24.1,64,1001.7,FALSE,40.4,244,3,10,Spanish Grand Prix,R,23-06-2024
0 days 00:11:20.704000,24.2,63,1001.7,FALSE,40.8,257,2.4,10,Spanish Grand Prix,R,23-06-2024
0 days 00:12:20.687000,24.3,64,1001.7,FALSE,40.8,250,2.7,10,Spanish Grand Prix,R,23-06-2024
0 days 00:13:20.710000,24.2,64,1001.7,FALSE,40.8,234,3.4,10,Spanish Grand Prix,R,23-06-2024
0 days 00:14:20.732000,24.2,64,1001.7,FALSE,41.7,242,3.7,10,Spanish Grand Prix,R,23-06-2024
0 days 00:15:20.729000,24.1,64,1001.6,FALSE,41.2,249,2.8,10,Spanish Grand Prix,R,23-06-2024
0 days 00:16:20.744000,24.2,65,1001.5,FALSE,40.9,234,3.5,10,Spanish Grand Prix,R,23-06-2024
0 days 00:17:20.749000,24.2,65,1001.5,FALSE,40.7,235,3.6,10,Spanish Grand Prix,R,23-06-2024
0 days 00:18:20.746000,24.2,65,1001.5,FALSE,40.7,233,3.6,10,Spanish Grand Prix,R,23-06-2024
0 days 00:19:20.748000,24.3,66,1001.6,FALSE,41,251,3,10,Spanish Grand Prix,R,23-06-2024
0 days 00:20:20.767000,24.3,64,1001.6,FALSE,41,256,3.6,10,Spanish Grand Prix,R,23-06-2024
0 days 00:21:20.763000,24.2,66,1001.6,FALSE,40.6,255,2.9,10,Spanish Grand Prix,R,23-06-2024
0 days 00:22:20.749000,24.3,65,1001.6,FALSE,40.6,244,3.7,10,Spanish Grand Prix,R,23-06-2024
0 days 00:23:20.766000,24.2,65,1001.6,FALSE,40.4,238,3.7,10,Spanish Grand Prix,R,23-06-2024
0 days 00:24:20.769000,24.1,64,1001.6,FALSE,40.4,257,3.1,10,Spanish Grand Prix,R,23-06-2024
0 days 00:25:20.789000,24,63,1001.7,FALSE,40.3,250,3.1,10,Spanish Grand Prix,R,23-06-2024
0 days 00:26:20.809000,24,64,1001.6,FALSE,40.5,219,3.1,10,Spanish Grand Prix,R,23-06-2024
0 days 00:27:20.801000,24.2,66,1001.6,FALSE,40.9,217,2.2,10,Spanish Grand Prix,R,23-06-2024
0 days 00:28:20.800000,24.3,65,1001.6,FALSE,40.9,248,3.8,10,Spanish Grand Prix,R,23-06-2024
0 days 00:29:20.797000,24.2,64,1001.6,FALSE,40.4,245,3.6,10,Spanish Grand Prix,R,23-06-2024
0 days 00:30:20.808000,24,66,1001.6,FALSE,40.3,236,3.7,10,Spanish Grand Prix,R,23-06-2024
0 days 00:31:20.824000,24,66,1001.6,FALSE,41.3,243,2.2,10,Spanish Grand Prix,R,23-06-2024
0 days 00:32:20.825000,24,65,1001.6,FALSE,41.3,259,4.5,10,Spanish Grand Prix,R,23-06-2024
0 days 00:33:20.838000,24,65,1001.6,FALSE,40.5,232,3.9,10,Spanish Grand Prix,R,23-06-2024
0 days 00:34:20.844000,24,65,1001.5,FALSE,40.5,234,3.5,10,Spanish Grand Prix,R,23-06-2024
0 days 00:35:20.834000,23.9,65,1001.5,FALSE,41.5,247,3,10,Spanish Grand Prix,R,23-06-2024
0 days 00:36:20.843000,24,64,1001.5,FALSE,41.6,233,3.5,10,Spanish Grand Prix,R,23-06-2024
0 days 00:37:20.837000,24,64,1001.5,FALSE,41.3,242,3.7,10,Spanish Grand Prix,R,23-06-2024
0 days 00:38:20.844000,24,65,1001.5,FALSE,41.3,244,2.7,10,Spanish Grand Prix,R,23-06-2024
0 days 00:39:20.838000,24.1,65,1001.5,FALSE,41.4,231,2.6,10,Spanish Grand Prix,R,23-06-2024
0 days 00:40:20.850000,24,65,1001.5,FALSE,41.5,230,2.2,10,Spanish Grand Prix,R,23-06-2024
0 days 00:41:20.844000,24,65,1001.5,FALSE,41.8,218,2.4,10,Spanish Grand Prix,R,23-06-2024
0 days 00:42:20.838000,24,64,1001.4,FALSE,41.8,227,2.2,10,Spanish Grand Prix,R,23-06-2024
0 days 00:43:20.845000,23.9,65,1001.4,FALSE,41.8,245,2.8,10,Spanish Grand Prix,R,23-06-2024
0 days 00:44:20.848000,23.8,64,1001.4,FALSE,42,213,3.3,10,Spanish Grand Prix,R,23-06-2024
0 days 00:45:20.842000,24.1,64,1001.4,FALSE,41.8,232,3,10,Spanish Grand Prix,R,23-06-2024
0 days 00:46:20.840000,24.1,65,1001.4,FALSE,42.1,237,3.3,10,Spanish Grand Prix,R,23-06-2024
0 days 00:47:20.852000,24.1,66,1001.3,FALSE,42,247,2.2,10,Spanish Grand Prix,R,23-06-2024
0 days 00:48:20.851000,24.2,65,1001.3,FALSE,41.8,232,2.6,10,Spanish Grand Prix,R,23-06-2024
0 days 00:49:20.852000,24.3,66,1001.5,FALSE,41.8,239,2.4,10,Spanish Grand Prix,R,23-06-2024
0 days 00:50:20.850000,24.4,63,1001.4,FALSE,41.8,206,2.2,10,Spanish Grand Prix,R,23-06-2024
0 days 00:51:20.842000,24.4,64,1001.4,FALSE,42.2,268,1.6,10,Spanish Grand Prix,R,23-06-2024
0 days 00:52:20.849000,24.4,64,1001.4,FALSE,42.4,253,3,10,Spanish Grand Prix,R,23-06-2024
0 days 00:53:20.844000,24.4,64,1001.3,FALSE,42.4,241,3.1,10,Spanish Grand Prix,R,23-06-2024
0 days 00:54:20.854000,24.4,65,1001.3,FALSE,42.1,239,3,10,Spanish Grand Prix,R,23-06-2024
0 days 00:55:20.843000,24.3,66,1001.3,FALSE,40.6,247,3.3,10,Spanish Grand Prix,R,23-06-2024
0 days 00:56:20.845000,24.3,66,1001.4,FALSE,40.6,244,3.2,10,Spanish Grand Prix,R,23-06-2024
0 days 00:57:20.846000,24.3,66,1001.3,FALSE,40.9,238,3.8,10,Spanish Grand Prix,R,23-06-2024
0 days 00:58:20.874000,24.2,67,1001.3,FALSE,40.2,242,2.9,10,Spanish Grand Prix,R,23-06-2024
0 days 00:59:20.868000,24.2,67,1001.3,FALSE,39.8,222,2.6,10,Spanish Grand Prix,R,23-06-2024
0 days 01:00:20.889000,24.1,67,1001.4,TRUE,38.7,150,3.2,10,Spanish Grand Prix,R,23-06-2024
0 days 01:01:20.906000,24.1,67,1001.3,FALSE,38.3,246,2.3,10,Spanish Grand Prix,R,23-06-2024
0 days 01:02:20.912000,24.1,68,1001.4,FALSE,39.5,215,1.7,10,Spanish Grand Prix,R,23-06-2024
0 days 01:03:20.911000,23.9,67,1001.3,FALSE,40.6,234,3.4,10,Spanish Grand Prix,R,23-06-2024
0 days 01:04:20.936000,23.9,67,1001.3,FALSE,41.4,218,2.2,10,Spanish Grand Prix,R,23-06-2024
0 days 01:05:20.932000,24,67,1001.3,FALSE,41.4,244,2.3,10,Spanish Grand Prix,R,23-06-2024
0 days 01:06:20.942000,24.1,68,1001.2,FALSE,41.4,224,1.5,10,Spanish Grand Prix,R,23-06-2024
0 days 01:07:20.957000,24.3,66,1001.4,FALSE,42.4,214,1.4,10,Spanish Grand Prix,R,23-06-2024
0 days 01:08:20.961000,24.3,65,1001.3,FALSE,42.5,230,2,10,Spanish Grand Prix,R,23-06-2024
0 days 01:09:20.952000,24.2,65,1001.3,FALSE,42.5,247,1.7,10,Spanish Grand Prix,R,23-06-2024
0 days 01:10:20.958000,24.1,64,1001.3,FALSE,42.4,99,2.3,10,Spanish Grand Prix,R,23-06-2024
0 days 01:11:20.962000,24.1,64,1001.2,FALSE,42.3,254,1.8,10,Spanish Grand Prix,R,23-06-2024
0 days 01:12:20.978000,24.2,64,1001.3,FALSE,41.8,233,1.9,10,Spanish Grand Prix,R,23-06-2024
0 days 01:13:20.972000,24.3,65,1001.3,FALSE,41.6,256,1.9,10,Spanish Grand Prix,R,23-06-2024
0 days 01:14:20.992000,24.4,64,1001.3,FALSE,41.6,70,1.8,10,Spanish Grand Prix,R,23-06-2024
0 days 01:15:20.982000,24.4,64,1001.3,FALSE,42.3,211,1.3,10,Spanish Grand Prix,R,23-06-2024
0 days 01:16:20.993000,24.3,64,1001.2,FALSE,42.4,232,1.3,10,Spanish Grand Prix,R,23-06-2024
0 days 01:17:20.984000,24.3,63,1001.2,FALSE,42.3,264,1.7,10,Spanish Grand Prix,R,23-06-2024
0 days 01:18:21.009000,24.4,63,1001.3,FALSE,41.7,256,1.3,10,Spanish Grand Prix,R,23-06-2024
0 days 01:19:21.011000,24.6,62,1001.3,FALSE,41,284,1.9,10,Spanish Grand Prix,R,23-06-2024
0 days 01:20:21.005000,24.7,62,1001.3,FALSE,40.6,233,1.4,10,Spanish Grand Prix,R,23-06-2024
0 days 01:21:21.019000,24.7,62,1001.3,FALSE,39.9,277,2.2,10,Spanish Grand Prix,R,23-06-2024
0 days 01:22:21.047000,24.3,62,1001.2,FALSE,39.2,196,1.9,10,Spanish Grand Prix,R,23-06-2024
0 days 01:23:21.047000,24.1,65,1001.2,FALSE,39.2,99,1.2,10,Spanish Grand Prix,R,23-06-2024
0 days 01:24:21.062000,24,64,1001.3,FALSE,39.3,217,1.6,10,Spanish Grand Prix,R,23-06-2024
0 days 01:25:21.081000,23.9,63,1001.4,FALSE,39.7,232,1.2,10,Spanish Grand Prix,R,23-06-2024
0 days 01:26:21.083000,23.9,63,1001.3,FALSE,40.5,236,1.2,10,Spanish Grand Prix,R,23-06-2024
0 days 01:27:21.113000,23.7,64,1001.2,FALSE,41.3,40,1.5,10,Spanish Grand Prix,R,23-06-2024
0 days 01:28:21.124000,23.8,62,1001.3,FALSE,42.7,107,0.7,10,Spanish Grand Prix,R,23-06-2024
0 days 01:29:21.130000,24,62,1001.3,FALSE,42.3,137,2.5,10,Spanish Grand Prix,R,23-06-2024
0 days 01:30:21.129000,24,62,1001.2,FALSE,41.5,106,1.1,10,Spanish Grand Prix,R,23-06-2024
0 days 01:31:21.130000,24,62,1001.3,FALSE,41.5,0,1.5,10,Spanish Grand Prix,R,23-06-2024
0 days 01:32:21.133000,24,62,1001.3,FALSE,42,114,1.4,10,Spanish Grand Prix,R,23-06-2024
0 days 01:33:21.130000,24.1,61,1001.3,FALSE,41.5,246,1.4,10,Spanish Grand Prix,R,23-06-2024
0 days 01:34:21.147000,24.2,62,1001.3,FALSE,42,197,0.7,10,Spanish Grand Prix,R,23-06-2024
0 days 01:35:21.144000,24.2,62,1001.3,FALSE,42.6,123,0.7,10,Spanish Grand Prix,R,23-06-2024
0 days 01:36:21.170000,24.2,61,1001.3,FALSE,43,255,2.5,10,Spanish Grand Prix,R,23-06-2024
0 days 01:37:21.180000,24.3,62,1001.4,FALSE,42.7,182,1.6,10,Spanish Grand Prix,R,23-06-2024
0 days 01:38:21.182000,24.3,61,1001.1,FALSE,42.7,226,1.5,10,Spanish Grand Prix,R,23-06-2024
0 days 01:39:21.184000,24.1,61,1001.2,FALSE,41.8,70,1.4,10,Spanish Grand Prix,R,23-06-2024
0 days 01:40:21.195000,24.3,61,1001.3,FALSE,41.4,123,1.4,10,Spanish Grand Prix,R,23-06-2024
0 days 01:41:21.196000,24.4,61,1001.3,FALSE,40.6,0,1.1,10,Spanish Grand Prix,R,23-06-2024
0 days 01:42:21.200000,24.4,62,1001.4,FALSE,40.6,198,0.7,10,Spanish Grand Prix,R,23-06-2024
0 days 01:43:21.201000,24.3,62,1001.4,FALSE,40.1,0,0.5,10,Spanish Grand Prix,R,23-06-2024
0 days 01:44:21.204000,24.3,62,1001.4,FALSE,40.1,0,0.5,10,Spanish Grand Prix,R,23-06-2024
0 days 01:45:21.219000,24.1,62,1001.4,FALSE,40.2,0,1.3,10,Spanish Grand Prix,R,23-06-2024
0 days 01:46:21.223000,24,63,1001.5,FALSE,40.9,264,1.4,10,Spanish Grand Prix,R,23-06-2024
0 days 01:47:21.223000,24.1,62,1001.3,FALSE,41.5,177,1.6,10,Spanish Grand Prix,R,23-06-2024
0 days 01:48:21.235000,24.1,62,1001.4,FALSE,41.5,43,1.1,10,Spanish Grand Prix,R,23-06-2024
0 days 01:49:21.245000,24.1,61,1001.2,FALSE,41.2,134,0.8,10,Spanish Grand Prix,R,23-06-2024
0 days 01:50:21.243000,24.1,62,1001.3,FALSE,39.8,90,1.2,10,Spanish Grand Prix,R,23-06-2024
0 days 01:51:21.250000,24,62,1001.3,FALSE,39.5,173,1.4,10,Spanish Grand Prix,R,23-06-2024
0 days 01:52:21.400000,24,64,1001.2,FALSE,39.7,265,1.5,10,Spanish Grand Prix,R,23-06-2024
0 days 01:53:21.392000,23.9,64,1001.2,FALSE,39.7,259,1.5,10,Spanish Grand Prix,R,23-06-2024
0 days 01:54:21.397000,23.9,63,1001.2,FALSE,39.5,238,0.7,10,Spanish Grand Prix,R,23-06-2024
0 days 01:55:21.396000,23.9,63,1001.3,FALSE,39.5,250,1,10,Spanish Grand Prix,R,23-06-2024
0 days 01:56:21.400000,23.9,64,1001.2,FALSE,40,165,1.6,10,Spanish Grand Prix,R,23-06-2024
0 days 01:57:21.399000,23.8,64,1001.2,FALSE,41,224,1.1,10,Spanish Grand Prix,R,23-06-2024
0 days 01:58:21.399000,23.9,64,1001.2,FALSE,41.1,291,1.3,10,Spanish Grand Prix,R,23-06-2024
0 days 01:59:21.401000,24.1,62,1001.2,FALSE,42.5,238,0.8,10,Spanish Grand Prix,R,23-06-2024
0 days 02:00:21.399000,24.1,61,1001.1,FALSE,42.7,169,2.1,10,Spanish Grand Prix,R,23-06-2024
0 days 02:01:21.403000,24.1,61,1001.2,FALSE,42.7,279,1.2,10,Spanish Grand Prix,R,23-06-2024
0 days 02:02:21.398000,24.3,61,1001.2,FALSE,41.9,241,2.4,10,Spanish Grand Prix,R,23-06-2024
0 days 02:03:21.398000,24.2,61,1001.2,FALSE,41.9,225,2.5,10,Spanish Grand Prix,R,23-06-2024
0 days 02:04:21.396000,24.1,62,1001.2,FALSE,41.9,251,2.6,10,Spanish Grand Prix,R,23-06-2024
0 days 02:05:21.404000,24.1,62,1001.3,FALSE,42.2,195,1.9,10,Spanish Grand Prix,R,23-06-2024
0 days 02:06:21.402000,24.1,63,1001.3,FALSE,42.6,228,2,10,Spanish Grand Prix,R,23-06-2024
0 days 02:07:21.407000,24.2,62,1001.2,FALSE,42.5,280,1.7,10,Spanish Grand Prix,R,23-06-2024
0 days 02:08:21.393000,24.2,61,1001.3,FALSE,42.5,203,0.9,10,Spanish Grand Prix,R,23-06-2024
0 days 02:09:21.406000,24.3,62,1001.2,FALSE,42.4,233,1.5,10,Spanish Grand Prix,R,23-06-2024
0 days 02:10:21.398000,24.5,62,1001.3,FALSE,42.4,223,1.3,10,Spanish Grand Prix,R,23-06-2024
0 days 02:11:21.409000,24.5,61,1001.2,FALSE,43.6,250,1.2,10,Spanish Grand Prix,R,23-06-2024
0 days 02:12:21.406000,24.4,61,1001.2,FALSE,41.3,96,1.4,10,Spanish Grand Prix,R,23-06-2024
0 days 02:13:21.400000,24.3,62,1001.2,FALSE,41.1,192,1.4,10,Spanish Grand Prix,R,23-06-2024
0 days 02:14:21.402000,24.3,63,1001.2,FALSE,41.1,239,1.4,10,Spanish Grand Prix,R,23-06-2024
0 days 02:15:21.413000,24.3,62,1001.2,FALSE,40.7,245,1.5,10,Spanish Grand Prix,R,23-06-2024
0 days 02:16:21.408000,24.1,62,1001.2,FALSE,40.3,280,1.8,10,Spanish Grand Prix,R,23-06-2024
0 days 02:17:21.407000,24.1,63,1001.1,FALSE,40.3,200,1.1,10,Spanish Grand Prix,R,23-06-2024
0 days 02:18:21.408000,24,62,1001.1,FALSE,39.9,97,1,10,Spanish Grand Prix,R,23-06-2024
0 days 02:19:21.411000,24,62,1001.1,FALSE,39.5,120,1.3,10,Spanish Grand Prix,R,23-06-2024
0 days 02:20:21.407000,23.8,63,1001.1,FALSE,39.6,115,1.2,10,Spanish Grand Prix,R,23-06-2024
0 days 02:21:21.415000,23.9,63,1001.1,FALSE,39.8,101,1.2,10,Spanish Grand Prix,R,23-06-2024
0 days 02:22:21.418000,23.9,62,1001.1,FALSE,39.1,95,1,10,Spanish Grand Prix,R,23-06-2024
0 days 02:23:21.404000,23.6,63,1001.1,FALSE,40.4,337,1.3,10,Spanish Grand Prix,R,23-06-2024
0 days 02:24:21.407000,23.7,63,1001,FALSE,41.6,49,0.9,10,Spanish Grand Prix,R,23-06-2024
0 days 02:25:21.402000,23.8,62,1001.2,FALSE,42.2,104,0.9,10,Spanish Grand Prix,R,23-06-2024
0 days 02:26:21.409000,24,61,1001,FALSE,41.9,81,1.3,10,Spanish Grand Prix,R,23-06-2024
0 days 02:27:21.418000,24.2,61,1001,FALSE,42.4,67,1.5,10,Spanish Grand Prix,R,23-06-2024
0 days 02:28:21.423000,24.3,60,1001.1,FALSE,42.8,282,1.2,10,Spanish Grand Prix,R,23-06-2024
0 days 02:29:21.406000,24.1,60,1001.1,FALSE,42.8,240,2.6,10,Spanish Grand Prix,R,23-06-2024
0 days 02:30:21.417000,24,61,1001,FALSE,41.4,244,1.4,10,Spanish Grand Prix,R,23-06-2024
0 days 02:31:21.413000,24,61,1001,FALSE,40.2,245,2.3,10,Spanish Grand Prix,R,23-06-2024
0 days 02:32:21.418000,23.7,62,1001.1,FALSE,40.3,259,2.1,10,Spanish Grand Prix,R,23-06-2024
0 days 02:33:21.418000,23.7,63,1001.2,FALSE,39.9,247,1.9,10,Spanish Grand Prix,R,23-06-2024
0 days 00:00:32.583000,23.4,62,940.7,FALSE,30.7,104,2,11,Austrian Grand Prix,FP1,30-06-2024
0 days 00:01:32.588000,23.2,63,940.7,FALSE,30.7,103,1.7,11,Austrian Grand Prix,FP1,30-06-2024
0 days 00:02:32.581000,23,63,940.8,FALSE,31.3,97,1.9,11,Austrian Grand Prix,FP1,30-06-2024
0 days 00:03:32.586000,22.9,63,940.8,FALSE,31.3,93,2.2,11,Austrian Grand Prix,FP1,30-06-2024
0 days 00:04:32.589000,22.9,63,940.8,FALSE,31.3,116,2.1,11,Austrian Grand Prix,FP1,30-06-2024
0 days 00:05:32.591000,22.9,63,940.9,FALSE,30.8,102,2.3,11,Austrian Grand Prix,FP1,30-06-2024
0 days 00:06:32.598000,22.8,64,940.8,FALSE,30.8,108,2.6,11,Austrian Grand Prix,FP1,30-06-2024
0 days 00:07:32.585000,22.8,64,940.8,FALSE,31.3,108,2.4,11,Austrian Grand Prix,FP1,30-06-2024
0 days 00:08:32.601000,22.8,64,940.7,FALSE,31.3,124,2.4,11,Austrian Grand Prix,FP1,30-06-2024
0 days 00:09:32.591000,22.7,63,940.8,FALSE,31.5,96,2.5,11,Austrian Grand Prix,FP1,30-06-2024
0 days 00:10:32.593000,22.6,62,940.9,FALSE,31.3,91,2.2,11,Austrian Grand Prix,FP1,30-06-2024
0 days 00:11:32.594000,22.4,63,940.9,FALSE,31.5,90,2,11,Austrian Grand Prix,FP1,30-06-2024
0 days 00:12:32.591000,22.3,61,940.8,FALSE,31.7,97,2.7,11,Austrian Grand Prix,FP1,30-06-2024
0 days 00:13:32.598000,22.1,62,940.8,FALSE,31.5,101,2.4,11,Austrian Grand Prix,FP1,30-06-2024
0 days 00:14:32.592000,22.1,62,940.8,FALSE,31.7,112,2.5,11,Austrian Grand Prix,FP1,30-06-2024
0 days 00:15:32.614000,22,62,940.8,FALSE,31.7,110,3.2,11,Austrian Grand Prix,FP1,30-06-2024
0 days 00:16:32.590000,21.9,62,940.8,FALSE,31.7,86,3,11,Austrian Grand Prix,FP1,30-06-2024
0 days 00:17:32.595000,22,62,940.8,FALSE,31.7,119,2.1,11,Austrian Grand Prix,FP1,30-06-2024
0 days 00:18:32.593000,21.9,62,940.8,FALSE,32.1,113,2.7,11,Austrian Grand Prix,FP1,30-06-2024
0 days 00:19:32.589000,21.9,62,940.8,FALSE,32.1,104,2.4,11,Austrian Grand Prix,FP1,30-06-2024
0 days 00:20:32.595000,22,61,940.7,FALSE,32.1,107,2.8,11,Austrian Grand Prix,FP1,30-06-2024
0 days 00:21:32.616000,22.1,62,940.7,FALSE,31.9,90,2.4,11,Austrian Grand Prix,FP1,30-06-2024
0 days 00:22:32.619000,22.2,62,940.8,FALSE,32.2,107,2.5,11,Austrian Grand Prix,FP1,30-06-2024
0 days 00:23:32.635000,22.4,61,940.8,FALSE,33,104,2.4,11,Austrian Grand Prix,FP1,30-06-2024
0 days 00:24:32.643000,22.4,60,940.7,FALSE,33.5,95,2.7,11,Austrian Grand Prix,FP1,30-06-2024
0 days 00:25:32.647000,22.5,59,940.7,FALSE,33.7,111,2.6,11,Austrian Grand Prix,FP1,30-06-2024
0 days 00:26:32.652000,22.5,59,940.7,FALSE,33.9,117,2.3,11,Austrian Grand Prix,FP1,30-06-2024
0 days 00:27:32.652000,22.6,58,940.7,FALSE,34.2,108,2.4,11,Austrian Grand Prix,FP1,30-06-2024
0 days 00:28:32.647000,22.7,58,940.8,FALSE,34.3,94,2.6,11,Austrian Grand Prix,FP1,30-06-2024
0 days 00:29:32.647000,22.9,58,940.7,FALSE,34.3,104,3.3,11,Austrian Grand Prix,FP1,30-06-2024
0 days 00:30:32.650000,22.9,58,940.8,FALSE,35.7,85,2.3,11,Austrian Grand Prix,FP1,30-06-2024
0 days 00:31:32.675000,23,58,940.8,FALSE,36.3,105,2.7,11,Austrian Grand Prix,FP1,30-06-2024
0 days 00:32:32.678000,23.1,58,940.7,FALSE,36.5,85,2.5,11,Austrian Grand Prix,FP1,30-06-2024
0 days 00:33:32.685000,23.3,58,940.8,FALSE,36.6,104,1.9,11,Austrian Grand Prix,FP1,30-06-2024
0 days 00:34:32.690000,23.4,58,940.7,FALSE,37.7,90,1.7,11,Austrian Grand Prix,FP1,30-06-2024
0 days 00:35:32.699000,23.5,59,940.8,FALSE,37.9,0,1.5,11,Austrian Grand Prix,FP1,30-06-2024
0 days 00:36:32.697000,23.7,59,940.8,FALSE,38.6,142,0.7,11,Austrian Grand Prix,FP1,30-06-2024
0 days 00:37:32.699000,23.7,58,940.8,FALSE,38.7,113,1.2,11,Austrian Grand Prix,FP1,30-06-2024
0 days 00:38:32.708000,23.7,57,940.8,FALSE,38.7,108,2.4,11,Austrian Grand Prix,FP1,30-06-2024
0 days 00:39:32.710000,23.7,56,940.8,FALSE,38.7,104,2.7,11,Austrian Grand Prix,FP1,30-06-2024
0 days 00:40:32.710000,23.6,56,940.8,FALSE,38.8,102,2.8,11,Austrian Grand Prix,FP1,30-06-2024
0 days 00:41:32.731000,23.5,58,940.8,FALSE,38.9,104,4,11,Austrian Grand Prix,FP1,30-06-2024
0 days 00:42:32.743000,23.4,58,940.8,FALSE,38.3,110,3.1,11,Austrian Grand Prix,FP1,30-06-2024
0 days 00:43:32.741000,23.3,60,940.8,FALSE,38.3,108,2.2,11,Austrian Grand Prix,FP1,30-06-2024
0 days 00:44:32.743000,23.2,60,940.9,FALSE,39.1,109,2.5,11,Austrian Grand Prix,FP1,30-06-2024
0 days 00:45:32.746000,23.2,60,940.9,FALSE,39.4,102,2.7,11,Austrian Grand Prix,FP1,30-06-2024
0 days 00:46:32.744000,23.4,59,940.8,FALSE,39.8,99,2.9,11,Austrian Grand Prix,FP1,30-06-2024
0 days 00:47:32.755000,23.4,60,940.8,FALSE,40.1,107,3.1,11,Austrian Grand Prix,FP1,30-06-2024
0 days 00:48:32.747000,23.4,59,940.8,FALSE,40.5,93,3.1,11,Austrian Grand Prix,FP1,30-06-2024
0 days 00:49:32.746000,23.5,59,940.8,FALSE,39.1,110,3.1,11,Austrian Grand Prix,FP1,30-06-2024
0 days 00:50:32.747000,23.4,58,940.8,FALSE,39.1,101,3.6,11,Austrian Grand Prix,FP1,30-06-2024
0 days 00:51:32.739000,23.4,58,940.8,FALSE,39.4,104,2.4,11,Austrian Grand Prix,FP1,30-06-2024
0 days 00:52:32.745000,23.4,58,940.8,FALSE,39.6,121,1.9,11,Austrian Grand Prix,FP1,30-06-2024
0 days 00:53:32.751000,23.5,59,940.8,FALSE,39.7,105,3.3,11,Austrian Grand Prix,FP1,30-06-2024
0 days 00:54:32.751000,23.6,58,940.9,FALSE,40.2,106,2.9,11,Austrian Grand Prix,FP1,30-06-2024
0 days 00:55:32.742000,23.6,59,940.8,FALSE,40.2,120,3.3,11,Austrian Grand Prix,FP1,30-06-2024
0 days 00:56:32.755000,23.6,59,940.8,FALSE,40.1,105,3.7,11,Austrian Grand Prix,FP1,30-06-2024
0 days 00:57:32.751000,23.6,59,940.8,FALSE,40,114,3.7,11,Austrian Grand Prix,FP1,30-06-2024
0 days 00:58:32.758000,23.6,58,940.8,FALSE,39.9,98,3.9,11,Austrian Grand Prix,FP1,30-06-2024
0 days 00:59:32.745000,23.7,59,940.7,FALSE,40,98,3.5,11,Austrian Grand Prix,FP1,30-06-2024
0 days 01:00:32.753000,23.7,58,940.8,FALSE,40.4,121,2.7,11,Austrian Grand Prix,FP1,30-06-2024
0 days 01:01:32.797000,23.8,59,940.7,FALSE,41,116,2.6,11,Austrian Grand Prix,FP1,30-06-2024
0 days 01:02:32.755000,23.8,59,940.8,FALSE,40.6,119,2.7,11,Austrian Grand Prix,FP1,30-06-2024
0 days 01:03:32.756000,23.7,60,940.7,FALSE,40.6,107,2.3,11,Austrian Grand Prix,FP1,30-06-2024
0 days 01:04:32.759000,23.8,59,940.8,FALSE,41,130,2.6,11,Austrian Grand Prix,FP1,30-06-2024
0 days 01:05:32.755000,23.8,59,940.6,FALSE,41,107,2.3,11,Austrian Grand Prix,FP1,30-06-2024
0 days 01:06:32.753000,23.9,58,940.6,FALSE,41.4,101,2.8,11,Austrian Grand Prix,FP1,30-06-2024
0 days 01:07:32.751000,24,58,940.6,FALSE,41.8,89,3.1,11,Austrian Grand Prix,FP1,30-06-2024
0 days 01:08:32.754000,24.1,58,940.6,FALSE,41.7,124,2.9,11,Austrian Grand Prix,FP1,30-06-2024
0 days 01:09:32.762000,24.1,56,940.6,FALSE,41.7,112,2.8,11,Austrian Grand Prix,FP1,30-06-2024
0 days 01:10:32.764000,24.1,56,940.7,FALSE,41.5,109,3.4,11,Austrian Grand Prix,FP1,30-06-2024
0 days 01:11:32.761000,24.2,56,940.7,FALSE,41.1,113,3.2,11,Austrian Grand Prix,FP1,30-06-2024
0 days 01:12:32.771000,24.3,58,940.6,FALSE,41.4,123,2.6,11,Austrian Grand Prix,FP1,30-06-2024
0 days 01:13:32.766000,24.4,58,940.6,FALSE,41.4,130,3.3,11,Austrian Grand Prix,FP1,30-06-2024
0 days 01:14:32.767000,24.4,58,940.5,FALSE,41.7,103,2.3,11,Austrian Grand Prix,FP1,30-06-2024
0 days 01:15:32.766000,24.5,57,940.5,FALSE,41.7,73,3.2,11,Austrian Grand Prix,FP1,30-06-2024
0 days 01:16:32.760000,24.5,58,940.6,FALSE,42,108,2,11,Austrian Grand Prix,FP1,30-06-2024
0 days 01:17:32.774000,24.5,58,940.6,FALSE,42.5,90,1.4,11,Austrian Grand Prix,FP1,30-06-2024
0 days 01:18:32.848000,24.5,58,940.5,FALSE,42.3,107,2.6,11,Austrian Grand Prix,FP1,30-06-2024
0 days 00:00:43.505000,31.5,37,938.8,FALSE,47.5,306,1.4,11,Austrian Grand Prix,Q,30-06-2024
0 days 00:01:43.514000,31.4,38,938.7,FALSE,47.2,1,2.4,11,Austrian Grand Prix,Q,30-06-2024
0 days 00:02:43.518000,31.3,38,938.8,FALSE,47.3,333,1.9,11,Austrian Grand Prix,Q,30-06-2024
0 days 00:03:43.511000,31.3,38,938.8,FALSE,47.5,283,1.4,11,Austrian Grand Prix,Q,30-06-2024
0 days 00:04:43.517000,31.3,38,938.7,FALSE,47.1,282,1.1,11,Austrian Grand Prix,Q,30-06-2024
0 days 00:05:43.508000,31.4,38,938.8,FALSE,47,288,0.9,11,Austrian Grand Prix,Q,30-06-2024
0 days 00:06:43.512000,31.4,39,938.7,FALSE,47.5,299,2.4,11,Austrian Grand Prix,Q,30-06-2024
0 days 00:07:43.518000,31.5,38,938.7,FALSE,47.5,308,1.3,11,Austrian Grand Prix,Q,30-06-2024
0 days 00:08:43.513000,31.6,38,938.8,FALSE,47.2,311,1.3,11,Austrian Grand Prix,Q,30-06-2024
0 days 00:09:43.536000,31.6,38,938.7,FALSE,46.8,340,1.7,11,Austrian Grand Prix,Q,30-06-2024
0 days 00:10:43.535000,31.5,38,938.6,FALSE,47.2,0,1.9,11,Austrian Grand Prix,Q,30-06-2024
0 days 00:11:43.530000,31.6,38,938.7,FALSE,47.2,333,1.6,11,Austrian Grand Prix,Q,30-06-2024
0 days 00:12:43.539000,31.5,38,938.7,FALSE,47.2,318,1.2,11,Austrian Grand Prix,Q,30-06-2024
0 days 00:13:43.536000,31.4,38,938.8,FALSE,47.4,71,1.2,11,Austrian Grand Prix,Q,30-06-2024
0 days 00:14:43.552000,31.4,38,938.7,FALSE,47.4,339,0.7,11,Austrian Grand Prix,Q,30-06-2024
0 days 00:15:43.569000,31.4,38,938.7,FALSE,47.1,350,0.9,11,Austrian Grand Prix,Q,30-06-2024
0 days 00:16:43.579000,31.4,38,938.7,FALSE,47.2,4,1.2,11,Austrian Grand Prix,Q,30-06-2024
0 days 00:17:43.573000,31.4,38,938.6,FALSE,47.9,273,1.2,11,Austrian Grand Prix,Q,30-06-2024
0 days 00:18:43.572000,31.5,38,938.6,FALSE,47.8,265,1.4,11,Austrian Grand Prix,Q,30-06-2024
0 days 00:19:43.581000,31.5,37,938.6,FALSE,47.6,326,1.5,11,Austrian Grand Prix,Q,30-06-2024
0 days 00:20:43.592000,31.5,36,938.6,FALSE,47.4,273,1.3,11,Austrian Grand Prix,Q,30-06-2024
0 days 00:21:43.607000,31.5,37,938.8,FALSE,46.2,308,1.3,11,Austrian Grand Prix,Q,30-06-2024
0 days 00:22:43.617000,31.5,38,938.7,FALSE,45.7,251,1.3,11,Austrian Grand Prix,Q,30-06-2024
0 days 00:23:43.630000,31.3,37,938.7,FALSE,45.8,323,1.5,11,Austrian Grand Prix,Q,30-06-2024
0 days 00:24:43.617000,31.3,38,938.7,FALSE,45.9,329,2.1,11,Austrian Grand Prix,Q,30-06-2024
0 days 00:25:43.636000,31.3,38,938.6,FALSE,46.3,341,1,11,Austrian Grand Prix,Q,30-06-2024
0 days 00:26:43.638000,31.2,38,938.6,FALSE,46.4,13,1.2,11,Austrian Grand Prix,Q,30-06-2024
0 days 00:27:43.659000,31.3,37,938.6,FALSE,46.2,234,1.1,11,Austrian Grand Prix,Q,30-06-2024
0 days 00:28:43.657000,31.4,38,938.6,FALSE,45.8,263,0.9,11,Austrian Grand Prix,Q,30-06-2024
0 days 00:29:43.646000,31.4,39,938.5,FALSE,46.2,317,1.6,11,Austrian Grand Prix,Q,30-06-2024
0 days 00:30:43.649000,31.4,39,938.6,FALSE,46.8,165,1.6,11,Austrian Grand Prix,Q,30-06-2024
0 days 00:31:43.725000,31.4,39,938.5,FALSE,46.8,335,0.7,11,Austrian Grand Prix,Q,30-06-2024
0 days 00:32:43.707000,31.3,38,938.6,FALSE,46.9,8,0.9,11,Austrian Grand Prix,Q,30-06-2024
0 days 00:33:43.667000,31.4,37,938.6,FALSE,46.1,281,1.2,11,Austrian Grand Prix,Q,30-06-2024
0 days 00:34:43.648000,31.5,38,938.5,FALSE,45.9,283,1,11,Austrian Grand Prix,Q,30-06-2024
0 days 00:35:43.678000,31.4,37,938.5,FALSE,46.5,329,1,11,Austrian Grand Prix,Q,30-06-2024
0 days 00:36:43.662000,31.5,37,938.5,FALSE,45.7,346,1.6,11,Austrian Grand Prix,Q,30-06-2024
0 days 00:37:43.663000,31.5,38,938.5,FALSE,46,315,2.1,11,Austrian Grand Prix,Q,30-06-2024
0 days 00:38:43.670000,31.4,37,938.4,FALSE,46.1,283,1.8,11,Austrian Grand Prix,Q,30-06-2024
0 days 00:39:43.690000,31.3,38,938.5,FALSE,46,311,1.1,11,Austrian Grand Prix,Q,30-06-2024
0 days 00:40:43.680000,31.3,37,938.6,FALSE,46,312,2.3,11,Austrian Grand Prix,Q,30-06-2024
0 days 00:41:43.685000,31.3,37,938.5,FALSE,46,307,1.3,11,Austrian Grand Prix,Q,30-06-2024
0 days 00:42:43.685000,31.3,37,938.4,FALSE,45.7,304,1.1,11,Austrian Grand Prix,Q,30-06-2024
0 days 00:43:43.691000,31.3,37,938.5,FALSE,46.4,31,1.9,11,Austrian Grand Prix,Q,30-06-2024
0 days 00:44:43.681000,31.3,37,938.5,FALSE,46.4,308,1.5,11,Austrian Grand Prix,Q,30-06-2024
0 days 00:45:43.682000,31.3,38,938.4,FALSE,46.6,303,1.6,11,Austrian Grand Prix,Q,30-06-2024
0 days 00:46:43.695000,31.3,37,938.4,FALSE,46.6,3,1.5,11,Austrian Grand Prix,Q,30-06-2024
0 days 00:47:43.704000,31.3,37,938.4,FALSE,46.7,349,1.1,11,Austrian Grand Prix,Q,30-06-2024
0 days 00:48:43.717000,31.4,38,938.5,FALSE,46.7,337,1.1,11,Austrian Grand Prix,Q,30-06-2024
0 days 00:49:43.731000,31.4,38,938.4,FALSE,46.1,346,0.9,11,Austrian Grand Prix,Q,30-06-2024
0 days 00:50:43.750000,31.4,38,938.4,FALSE,45.4,283,0.9,11,Austrian Grand Prix,Q,30-06-2024
0 days 00:51:43.757000,31.4,38,938.4,FALSE,45.7,0,0.8,11,Austrian Grand Prix,Q,30-06-2024
0 days 00:52:43.765000,31.3,37,938.4,FALSE,45.7,15,1.3,11,Austrian Grand Prix,Q,30-06-2024
0 days 00:53:43.763000,31.3,37,938.4,FALSE,45.8,321,0.9,11,Austrian Grand Prix,Q,30-06-2024
0 days 00:54:43.783000,31.3,37,938.3,FALSE,45.9,176,1,11,Austrian Grand Prix,Q,30-06-2024
0 days 00:55:43.789000,31.4,38,938.4,FALSE,45.6,345,1.4,11,Austrian Grand Prix,Q,30-06-2024
0 days 00:56:43.791000,31.3,37,938.4,FALSE,45.2,354,1.1,11,Austrian Grand Prix,Q,30-06-2024
0 days 00:57:43.804000,31.3,37,938.4,FALSE,45.2,332,1.3,11,Austrian Grand Prix,Q,30-06-2024
0 days 00:58:43.805000,31.2,37,938.3,FALSE,45.3,285,1.3,11,Austrian Grand Prix,Q,30-06-2024
0 days 00:59:43.812000,31.2,38,938.4,FALSE,45.3,332,1.1,11,Austrian Grand Prix,Q,30-06-2024
0 days 01:00:43.814000,31.1,38,938.4,FALSE,45.4,271,0.8,11,Austrian Grand Prix,Q,30-06-2024
0 days 01:01:43.821000,31.2,38,938.3,FALSE,45.8,349,0.8,11,Austrian Grand Prix,Q,30-06-2024
0 days 01:02:43.836000,31.3,38,938.3,FALSE,45.4,7,1.6,11,Austrian Grand Prix,Q,30-06-2024
0 days 01:03:43.849000,31.2,37,938.3,FALSE,45.2,286,1,11,Austrian Grand Prix,Q,30-06-2024
0 days 01:04:43.870000,31.2,37,938.3,FALSE,45.2,324,1.1,11,Austrian Grand Prix,Q,30-06-2024
0 days 01:05:43.889000,31.2,37,938.2,FALSE,45.1,350,0.8,11,Austrian Grand Prix,Q,30-06-2024
0 days 01:06:43.903000,31.2,37,938.3,FALSE,44.7,327,1.1,11,Austrian Grand Prix,Q,30-06-2024
0 days 01:07:43.905000,31.3,37,938.2,FALSE,43.9,327,1.8,11,Austrian Grand Prix,Q,30-06-2024
0 days 01:08:43.903000,31.2,37,938.2,FALSE,43.7,318,1.6,11,Austrian Grand Prix,Q,30-06-2024
0 days 01:09:43.916000,31.1,38,938.2,FALSE,43.5,318,2,11,Austrian Grand Prix,Q,30-06-2024
0 days 01:10:43.914000,31,39,938.3,FALSE,43.8,288,2,11,Austrian Grand Prix,Q,30-06-2024
0 days 01:11:43.911000,31,39,938.1,FALSE,44.2,292,1.8,11,Austrian Grand Prix,Q,30-06-2024
0 days 01:12:43.911000,31,39,938.2,FALSE,44.5,7,1.2,11,Austrian Grand Prix,Q,30-06-2024
0 days 01:13:43.928000,31,38,938.2,FALSE,44.6,26,1.4,11,Austrian Grand Prix,Q,30-06-2024
0 days 01:14:43.927000,31,38,938.2,FALSE,44.8,325,0.9,11,Austrian Grand Prix,Q,30-06-2024
0 days 01:15:43.941000,31,38,938.2,FALSE,44.8,325,1.3,11,Austrian Grand Prix,Q,30-06-2024
0 days 00:00:59.837000,29.1,36,932.9,FALSE,46.2,272,1.8,11,Austrian Grand Prix,R,30-06-2024
0 days 00:01:59.841000,29,35,932.8,FALSE,45.9,346,2.3,11,Austrian Grand Prix,R,30-06-2024
0 days 00:02:59.844000,29,36,932.9,FALSE,45.5,235,1.7,11,Austrian Grand Prix,R,30-06-2024
0 days 00:03:59.846000,28.9,36,932.9,FALSE,45.3,6,1.4,11,Austrian Grand Prix,R,30-06-2024
0 days 00:04:59.847000,28.9,36,933,FALSE,45.2,318,2.2,11,Austrian Grand Prix,R,30-06-2024
0 days 00:05:59.843000,28.8,36,933,FALSE,45.5,302,2.5,11,Austrian Grand Prix,R,30-06-2024
0 days 00:06:59.842000,28.8,36,932.9,FALSE,45.8,313,1.8,11,Austrian Grand Prix,R,30-06-2024
0 days 00:07:59.847000,28.9,36,933,FALSE,46.1,330,1.9,11,Austrian Grand Prix,R,30-06-2024
0 days 00:08:59.843000,28.8,35,932.9,FALSE,46.1,295,2,11,Austrian Grand Prix,R,30-06-2024
0 days 00:09:59.844000,28.9,36,932.8,FALSE,46.1,335,2.5,11,Austrian Grand Prix,R,30-06-2024
0 days 00:10:59.852000,28.9,36,932.9,FALSE,46.5,38,2.4,11,Austrian Grand Prix,R,30-06-2024
0 days 00:11:59.845000,28.9,36,932.9,FALSE,46.6,296,1.3,11,Austrian Grand Prix,R,30-06-2024
0 days 00:12:59.847000,29,36,932.8,FALSE,46.5,329,1.9,11,Austrian Grand Prix,R,30-06-2024
0 days 00:13:59.849000,29,36,932.8,FALSE,46.8,335,2,11,Austrian Grand Prix,R,30-06-2024
0 days 00:14:59.856000,29.1,36,932.9,FALSE,46.8,350,2.4,11,Austrian Grand Prix,R,30-06-2024
0 days 00:15:59.864000,29.1,36,932.8,FALSE,46.8,297,1.9,11,Austrian Grand Prix,R,30-06-2024
0 days 00:16:59.867000,29.1,36,932.7,FALSE,47,272,2.3,11,Austrian Grand Prix,R,30-06-2024
0 days 00:17:59.890000,29.2,36,932.8,FALSE,46.5,327,1.8,11,Austrian Grand Prix,R,30-06-2024
0 days 00:18:59.905000,29.2,35,932.8,FALSE,46.5,321,2,11,Austrian Grand Prix,R,30-06-2024
0 days 00:19:59.903000,29.1,36,932.9,FALSE,46.7,335,2,11,Austrian Grand Prix,R,30-06-2024
0 days 00:20:59.901000,29.2,36,932.8,FALSE,46.5,320,1.8,11,Austrian Grand Prix,R,30-06-2024
0 days 00:21:59.899000,29.2,36,932.8,FALSE,46.5,323,1.4,11,Austrian Grand Prix,R,30-06-2024
0 days 00:22:59.904000,29.1,36,932.9,FALSE,46.5,317,1.8,11,Austrian Grand Prix,R,30-06-2024
0 days 00:23:59.907000,29,36,932.9,FALSE,46.7,12,2,11,Austrian Grand Prix,R,30-06-2024
0 days 00:24:59.908000,29,36,932.9,FALSE,46.7,5,1.7,11,Austrian Grand Prix,R,30-06-2024
0 days 00:25:59.910000,29,36,932.9,FALSE,46.9,269,1.8,11,Austrian Grand Prix,R,30-06-2024
0 days 00:26:59.919000,29,35,932.8,FALSE,46.9,312,1.8,11,Austrian Grand Prix,R,30-06-2024
0 days 00:27:59.940000,29,36,932.9,FALSE,46.7,351,2,11,Austrian Grand Prix,R,30-06-2024
0 days 00:28:59.954000,29,36,932.8,FALSE,46.5,335,2.6,11,Austrian Grand Prix,R,30-06-2024
0 days 00:29:59.990000,29,36,932.8,FALSE,46.2,317,1.9,11,Austrian Grand Prix,R,30-06-2024
0 days 00:30:59.951000,29.1,37,932.8,FALSE,46.2,322,2.3,11,Austrian Grand Prix,R,30-06-2024
0 days 00:31:59.956000,29.1,36,932.6,FALSE,47.3,281,1.7,11,Austrian Grand Prix,R,30-06-2024
0 days 00:32:59.975000,29.1,36,932.7,FALSE,47.3,10,2.1,11,Austrian Grand Prix,R,30-06-2024
0 days 00:33:59.984000,29.1,36,932.8,FALSE,46.9,268,2.3,11,Austrian Grand Prix,R,30-06-2024
0 days 00:34:59.994000,29,36,932.8,FALSE,46.8,331,1.3,11,Austrian Grand Prix,R,30-06-2024
0 days 00:35:59.994000,29,36,932.9,FALSE,46.8,315,1,11,Austrian Grand Prix,R,30-06-2024
0 days 00:36:59.997000,28.9,36,932.9,FALSE,46.6,329,2.6,11,Austrian Grand Prix,R,30-06-2024
0 days 00:37:59.990000,28.9,37,932.8,FALSE,45.9,322,2.6,11,Austrian Grand Prix,R,30-06-2024
0 days 00:38:59.990000,28.7,37,933,FALSE,46.2,334,1.9,11,Austrian Grand Prix,R,30-06-2024
0 days 00:39:59.997000,28.7,37,932.8,FALSE,46.2,348,2.1,11,Austrian Grand Prix,R,30-06-2024
0 days 00:40:59.994000,28.6,37,932.8,TRUE,46.2,6,2.2,11,Austrian Grand Prix,R,30-06-2024
0 days 00:41:59.994000,28.7,37,932.9,FALSE,46,290,2.2,11,Austrian Grand Prix,R,30-06-2024
0 days 00:42:59.990000,28.7,37,932.8,FALSE,46,346,1.8,11,Austrian Grand Prix,R,30-06-2024
0 days 00:43:59.991000,28.7,37,933,FALSE,46.6,295,1.6,11,Austrian Grand Prix,R,30-06-2024
0 days 00:45:00,28.8,36,932.9,FALSE,47.2,317,2.3,11,Austrian Grand Prix,R,30-06-2024
0 days 00:45:59.990000,28.9,36,932.8,FALSE,47.4,40,2.4,11,Austrian Grand Prix,R,30-06-2024
0 days 00:46:59.988000,28.8,36,932.9,FALSE,47.7,59,2.1,11,Austrian Grand Prix,R,30-06-2024
0 days 00:47:59.998000,28.8,36,932.8,FALSE,47.6,318,2.3,11,Austrian Grand Prix,R,30-06-2024
0 days 00:48:59.995000,28.8,37,932.9,FALSE,47.6,336,2.4,11,Austrian Grand Prix,R,30-06-2024
0 days 00:49:59.998000,28.9,37,932.9,FALSE,47.7,307,2.3,11,Austrian Grand Prix,R,30-06-2024
0 days 00:51:00.015000,28.9,36,933,FALSE,47.7,307,1.4,11,Austrian Grand Prix,R,30-06-2024
0 days 00:52:00.004000,29,36,933,FALSE,47.5,350,1.4,11,Austrian Grand Prix,R,30-06-2024
0 days 00:53:00.006000,29.1,36,933,FALSE,47,285,2.6,11,Austrian Grand Prix,R,30-06-2024
0 days 00:54:00.003000,29,36,932.9,FALSE,46.5,313,1.9,11,Austrian Grand Prix,R,30-06-2024
0 days 00:55:00.004000,28.9,36,933,FALSE,46.5,14,1.9,11,Austrian Grand Prix,R,30-06-2024
0 days 00:55:59.997000,28.9,36,933,FALSE,47.2,3,2.1,11,Austrian Grand Prix,R,30-06-2024
0 days 00:57:00.001000,28.9,36,933,FALSE,47.3,268,1.7,11,Austrian Grand Prix,R,30-06-2024
0 days 00:58:00.006000,29,36,932.8,FALSE,47.4,29,1.8,11,Austrian Grand Prix,R,30-06-2024
0 days 00:59:00.019000,29.2,35,933,FALSE,48.1,359,1.6,11,Austrian Grand Prix,R,30-06-2024
0 days 01:00:00.043000,29.3,35,932.9,FALSE,48.1,120,0.7,11,Austrian Grand Prix,R,30-06-2024
0 days 01:01:00.046000,29.4,35,933,FALSE,48.2,110,1.3,11,Austrian Grand Prix,R,30-06-2024
0 days 01:02:00.057000,29.5,35,932.9,FALSE,48.2,31,2,11,Austrian Grand Prix,R,30-06-2024
0 days 01:03:00.074000,29.5,34,932.9,FALSE,48.4,283,1.2,11,Austrian Grand Prix,R,30-06-2024
0 days 01:04:00.068000,29.4,35,933,FALSE,48.6,286,1.3,11,Austrian Grand Prix,R,30-06-2024
0 days 01:05:00.079000,29.5,35,932.9,FALSE,48.7,292,1.5,11,Austrian Grand Prix,R,30-06-2024
0 days 01:06:00.072000,29.5,35,932.9,FALSE,48.7,115,1.7,11,Austrian Grand Prix,R,30-06-2024
0 days 01:07:00.066000,29.6,35,932.9,FALSE,48.7,113,1.1,11,Austrian Grand Prix,R,30-06-2024
0 days 01:08:00.101000,29.6,34,932.8,FALSE,49,288,0.9,11,Austrian Grand Prix,R,30-06-2024
0 days 01:09:00.097000,29.7,34,932.8,FALSE,48.7,43,2.4,11,Austrian Grand Prix,R,30-06-2024
0 days 01:10:00.125000,29.6,34,932.9,FALSE,48.2,308,1.1,11,Austrian Grand Prix,R,30-06-2024
0 days 01:11:00.135000,29.5,34,932.9,FALSE,48,10,1.1,11,Austrian Grand Prix,R,30-06-2024
0 days 01:12:00.145000,29.6,34,932.9,FALSE,48.1,119,1.6,11,Austrian Grand Prix,R,30-06-2024
0 days 01:13:00.140000,29.6,34,932.9,FALSE,48.6,100,1.5,11,Austrian Grand Prix,R,30-06-2024
0 days 01:14:00.143000,29.6,33,932.8,FALSE,48.2,1,1.5,11,Austrian Grand Prix,R,30-06-2024
0 days 01:15:00.141000,29.7,34,932.8,FALSE,48.1,14,1.6,11,Austrian Grand Prix,R,30-06-2024
0 days 01:16:00.142000,29.8,33,932.7,FALSE,48,321,1.3,11,Austrian Grand Prix,R,30-06-2024
0 days 01:17:00.136000,29.8,34,932.9,FALSE,47.8,353,1.8,11,Austrian Grand Prix,R,30-06-2024
0 days 01:18:00.167000,29.8,34,932.9,FALSE,47.6,194,1.4,11,Austrian Grand Prix,R,30-06-2024
0 days 01:19:00.147000,29.7,35,932.9,FALSE,47.8,41,1.2,11,Austrian Grand Prix,R,30-06-2024
0 days 01:20:00.151000,29.7,35,933,FALSE,48.3,0,0.9,11,Austrian Grand Prix,R,30-06-2024
0 days 01:21:00.153000,29.6,35,933,FALSE,48.3,318,0.9,11,Austrian Grand Prix,R,30-06-2024
0 days 01:22:00.145000,29.6,35,932.9,FALSE,48.2,271,2,11,Austrian Grand Prix,R,30-06-2024
0 days 01:23:00.153000,29.7,34,932.9,FALSE,47.3,208,1.4,11,Austrian Grand Prix,R,30-06-2024
0 days 01:24:00.168000,29.8,35,932.9,FALSE,47.3,58,0.9,11,Austrian Grand Prix,R,30-06-2024
0 days 01:25:00.151000,29.9,35,932.8,FALSE,47.3,73,0.9,11,Austrian Grand Prix,R,30-06-2024
0 days 01:26:00.148000,30,35,932.8,FALSE,46.9,326,1.1,11,Austrian Grand Prix,R,30-06-2024
0 days 01:27:00.145000,30,35,932.9,FALSE,47.1,323,1.3,11,Austrian Grand Prix,R,30-06-2024
0 days 01:28:00.147000,30,35,932.9,FALSE,46.5,324,1.8,11,Austrian Grand Prix,R,30-06-2024
0 days 01:29:00.160000,30,35,933,FALSE,46.5,280,1.8,11,Austrian Grand Prix,R,30-06-2024
0 days 01:30:00.154000,29.9,35,932.9,FALSE,45.7,354,0.7,11,Austrian Grand Prix,R,30-06-2024
0 days 01:31:00.158000,29.8,35,932.9,FALSE,45,283,1.3,11,Austrian Grand Prix,R,30-06-2024
0 days 01:32:00.161000,29.7,34,933,FALSE,44.8,355,2.4,11,Austrian Grand Prix,R,30-06-2024
0 days 01:33:00.162000,29.6,36,933,FALSE,44.8,319,1.5,11,Austrian Grand Prix,R,30-06-2024
0 days 01:34:00.149000,29.5,36,932.8,FALSE,44.3,343,1.5,11,Austrian Grand Prix,R,30-06-2024
0 days 01:35:00.160000,29.6,37,932.8,FALSE,44.2,81,1.1,11,Austrian Grand Prix,R,30-06-2024
0 days 01:36:00.162000,29.6,36,932.9,FALSE,44.3,91,1,11,Austrian Grand Prix,R,30-06-2024
0 days 01:37:00.167000,29.6,35,932.9,FALSE,44.7,119,0.9,11,Austrian Grand Prix,R,30-06-2024
0 days 01:38:00.200000,29.6,35,932.9,FALSE,45,274,1.4,11,Austrian Grand Prix,R,30-06-2024
0 days 01:39:00.194000,29.8,34,932.8,FALSE,46,331,1.2,11,Austrian Grand Prix,R,30-06-2024
0 days 01:40:00.182000,29.9,35,932.8,FALSE,46.3,339,1.7,11,Austrian Grand Prix,R,30-06-2024
0 days 01:41:00.192000,30,35,932.8,FALSE,47.3,284,1.6,11,Austrian Grand Prix,R,30-06-2024
0 days 01:42:00.215000,30.1,35,932.9,FALSE,48,319,1.1,11,Austrian Grand Prix,R,30-06-2024
0 days 01:43:00.266000,30.2,35,933,FALSE,48,46,0.8,11,Austrian Grand Prix,R,30-06-2024
0 days 01:44:00.234000,30.3,33,932.9,FALSE,47.7,303,0.8,11,Austrian Grand Prix,R,30-06-2024
0 days 01:45:00.230000,30.4,33,932.8,FALSE,47.8,321,2.2,11,Austrian Grand Prix,R,30-06-2024
0 days 01:46:00.222000,30.5,32,932.8,FALSE,48,306,1.4,11,Austrian Grand Prix,R,30-06-2024
0 days 01:47:00.225000,30.6,33,932.9,FALSE,47.6,307,2.8,11,Austrian Grand Prix,R,30-06-2024
0 days 01:48:00.231000,30.4,33,932.8,FALSE,46.2,244,1.9,11,Austrian Grand Prix,R,30-06-2024
0 days 01:49:00.221000,30.4,32,932.9,FALSE,45.8,8,0.9,11,Austrian Grand Prix,R,30-06-2024
0 days 01:50:00.231000,30.1,33,932.9,FALSE,44.9,281,0.9,11,Austrian Grand Prix,R,30-06-2024
0 days 01:51:00.242000,30,33,932.9,FALSE,44.6,199,2.3,11,Austrian Grand Prix,R,30-06-2024
0 days 01:52:00.235000,29.8,33,932.9,FALSE,44.1,155,2.5,11,Austrian Grand Prix,R,30-06-2024
0 days 01:53:00.250000,29.5,33,932.9,FALSE,44.9,60,1.2,11,Austrian Grand Prix,R,30-06-2024
0 days 01:54:00.264000,29.5,33,932.9,FALSE,45.2,316,1.2,11,Austrian Grand Prix,R,30-06-2024
0 days 01:55:00.268000,29.5,33,932.8,FALSE,45.5,82,0.9,11,Austrian Grand Prix,R,30-06-2024
0 days 01:56:00.271000,29.6,33,932.9,FALSE,45.5,227,1,11,Austrian Grand Prix,R,30-06-2024
0 days 01:57:00.269000,29.6,33,932.8,FALSE,44.7,336,1,11,Austrian Grand Prix,R,30-06-2024
0 days 01:58:00.269000,29.6,33,932.9,FALSE,44.5,177,1.4,11,Austrian Grand Prix,R,30-06-2024
0 days 01:59:00.287000,29.6,33,932.9,FALSE,44,310,1.1,11,Austrian Grand Prix,R,30-06-2024
0 days 02:00:00.301000,29.5,33,932.9,FALSE,43.9,282,0.9,11,Austrian Grand Prix,R,30-06-2024
0 days 02:01:00.297000,29.5,34,932.8,FALSE,43.8,284,1.7,11,Austrian Grand Prix,R,30-06-2024
0 days 02:02:00.298000,29.4,34,932.9,FALSE,43.7,252,1.2,11,Austrian Grand Prix,R,30-06-2024
0 days 02:03:00.307000,29.4,35,932.8,FALSE,43.7,168,0.5,11,Austrian Grand Prix,R,30-06-2024
0 days 02:04:00.303000,29.4,35,932.7,FALSE,43.8,159,0.9,11,Austrian Grand Prix,R,30-06-2024
0 days 02:05:00.309000,29.6,35,932.7,FALSE,45,139,1.1,11,Austrian Grand Prix,R,30-06-2024
0 days 02:06:00.303000,29.8,34,932.6,FALSE,45.9,128,1.1,11,Austrian Grand Prix,R,30-06-2024
0 days 02:07:00.310000,29.8,35,932.8,FALSE,45.9,312,1.2,11,Austrian Grand Prix,R,30-06-2024
0 days 02:08:00.311000,30,34,932.8,FALSE,45.5,306,2,11,Austrian Grand Prix,R,30-06-2024
0 days 02:09:00.305000,30,35,932.8,FALSE,45.6,146,1.3,11,Austrian Grand Prix,R,30-06-2024
0 days 02:10:00.307000,30,33,932.9,FALSE,46.2,99,0.9,11,Austrian Grand Prix,R,30-06-2024
0 days 02:11:00.305000,30.1,34,932.8,FALSE,46.2,336,1.4,11,Austrian Grand Prix,R,30-06-2024
0 days 02:12:00.316000,30,35,932.9,FALSE,46.5,321,1.2,11,Austrian Grand Prix,R,30-06-2024
0 days 02:13:00.306000,30,34,932.8,FALSE,46.2,214,1.7,11,Austrian Grand Prix,R,30-06-2024
0 days 02:14:00.305000,29.9,34,932.8,FALSE,46.5,274,2.9,11,Austrian Grand Prix,R,30-06-2024
0 days 02:15:00.311000,29.9,34,932.8,FALSE,46,257,3.3,11,Austrian Grand Prix,R,30-06-2024
0 days 02:16:00.314000,29.9,34,932.8,FALSE,45.7,292,2.7,11,Austrian Grand Prix,R,30-06-2024
0 days 02:17:00.308000,29.8,34,932.9,FALSE,45.1,274,3.6,11,Austrian Grand Prix,R,30-06-2024
0 days 02:18:00.317000,29.8,35,932.7,FALSE,44.3,149,2.1,11,Austrian Grand Prix,R,30-06-2024
0 days 02:19:00.317000,29.6,35,932.7,FALSE,43.8,284,1.1,11,Austrian Grand Prix,R,30-06-2024
0 days 02:20:00.314000,29.6,34,932.8,FALSE,43.8,248,1.2,11,Austrian Grand Prix,R,30-06-2024
0 days 02:21:00.312000,29.6,34,932.8,FALSE,43.5,329,1,11,Austrian Grand Prix,R,30-06-2024
0 days 02:22:00.320000,29.4,34,932.7,FALSE,43.5,322,2.3,11,Austrian Grand Prix,R,30-06-2024
0 days 02:23:00.320000,29.2,35,932.8,FALSE,43.4,295,1.5,11,Austrian Grand Prix,R,30-06-2024
0 days 00:00:07.510000,15.7,79,989.5,FALSE,21.4,236,1.1,12,British Grand Prix,FP1,07-07-2024
0 days 00:01:07.490000,15.7,78,989.6,FALSE,21.4,229,1.1,12,British Grand Prix,FP1,07-07-2024
0 days 00:02:07.522000,15.6,78,989.6,FALSE,21.4,229,1.1,12,British Grand Prix,FP1,07-07-2024
0 days 00:03:07.539000,15.6,79,989.6,FALSE,21.3,224,1.6,12,British Grand Prix,FP1,07-07-2024
0 days 00:04:07.531000,15.6,79,989.6,FALSE,21.3,231,1.4,12,British Grand Prix,FP1,07-07-2024
0 days 00:05:07.539000,15.6,79,989.6,FALSE,21.2,230,1.4,12,British Grand Prix,FP1,07-07-2024
0 days 00:06:07.530000,15.6,79,989.5,FALSE,21.3,179,1,12,British Grand Prix,FP1,07-07-2024
0 days 00:07:07.537000,15.6,79,989.6,FALSE,21.4,202,0.8,12,British Grand Prix,FP1,07-07-2024
0 days 00:08:07.563000,15.6,79,989.5,FALSE,21.7,214,0.8,12,British Grand Prix,FP1,07-07-2024
0 days 00:09:07.541000,15.6,79,989.4,FALSE,21.9,148,0.6,12,British Grand Prix,FP1,07-07-2024
0 days 00:10:07.556000,15.6,81,989.5,FALSE,22,170,0.3,12,British Grand Prix,FP1,07-07-2024
0 days 00:11:07.579000,15.6,79,989.5,FALSE,22,353,0.5,12,British Grand Prix,FP1,07-07-2024
0 days 00:12:07.561000,15.7,78,989.5,FALSE,21.8,10,0.7,12,British Grand Prix,FP1,07-07-2024
0 days 00:13:07.568000,15.6,78,989.5,FALSE,21.9,146,0.4,12,British Grand Prix,FP1,07-07-2024
0 days 00:14:07.577000,15.7,79,989.5,FALSE,21.9,226,0.4,12,British Grand Prix,FP1,07-07-2024
0 days 00:15:07.583000,15.7,79,989.5,FALSE,22.1,193,0.6,12,British Grand Prix,FP1,07-07-2024
0 days 00:16:07.581000,15.8,78,989.5,FALSE,22.2,181,0.9,12,British Grand Prix,FP1,07-07-2024
0 days 00:17:07.601000,15.8,79,989.5,FALSE,22.3,219,1.1,12,British Grand Prix,FP1,07-07-2024
0 days 00:18:07.617000,15.9,79,989.5,FALSE,22.3,272,1.3,12,British Grand Prix,FP1,07-07-2024
0 days 00:19:07.618000,15.9,77,989.5,FALSE,22.2,168,0.9,12,British Grand Prix,FP1,07-07-2024
0 days 00:20:07.622000,15.9,78,989.5,FALSE,22.5,0,0.8,12,British Grand Prix,FP1,07-07-2024
0 days 00:21:07.628000,16,78,989.5,FALSE,22.6,210,0.7,12,British Grand Prix,FP1,07-07-2024
0 days 00:22:07.633000,16.1,77,989.5,FALSE,22.4,230,1.4,12,British Grand Prix,FP1,07-07-2024
0 days 00:23:07.648000,16,77,989.5,FALSE,22.3,199,1.4,12,British Grand Prix,FP1,07-07-2024
0 days 00:24:07.669000,16,77,989.5,FALSE,22.5,203,1.3,12,British Grand Prix,FP1,07-07-2024
0 days 00:25:07.659000,16,77,989.4,FALSE,22.6,219,1.5,12,British Grand Prix,FP1,07-07-2024
0 days 00:26:07.685000,16,77,989.5,FALSE,22.8,204,1.2,12,British Grand Prix,FP1,07-07-2024
0 days 00:27:07.691000,16.1,77,989.4,FALSE,22.9,202,1.9,12,British Grand Prix,FP1,07-07-2024
0 days 00:28:07.704000,16.1,77,989.5,FALSE,23,273,1.3,12,British Grand Prix,FP1,07-07-2024
0 days 00:29:07.716000,16.1,77,989.4,FALSE,23.1,327,0.9,12,British Grand Prix,FP1,07-07-2024
0 days 00:30:07.697000,16.2,76,989.4,FALSE,23.3,209,0.6,12,British Grand Prix,FP1,07-07-2024
0 days 00:31:07.705000,16.2,76,989.4,FALSE,23.6,199,1.2,12,British Grand Prix,FP1,07-07-2024
0 days 00:32:07.699000,16.2,77,989.4,FALSE,24,224,0.9,12,British Grand Prix,FP1,07-07-2024
0 days 00:33:07.708000,16.3,77,989.4,FALSE,24.3,236,1.2,12,British Grand Prix,FP1,07-07-2024
0 days 00:34:07.696000,16.2,75,989.5,FALSE,24.3,206,1.7,12,British Grand Prix,FP1,07-07-2024
0 days 00:35:07.709000,16.4,74,989.4,FALSE,24.3,266,1.1,12,British Grand Prix,FP1,07-07-2024
0 days 00:36:07.708000,16.4,75,989.4,FALSE,24.2,202,1.6,12,British Grand Prix,FP1,07-07-2024
0 days 00:37:07.720000,16.4,76,989.4,FALSE,24.5,233,0.7,12,British Grand Prix,FP1,07-07-2024
0 days 00:38:07.709000,16.4,76,989.5,FALSE,24.6,238,1.2,12,British Grand Prix,FP1,07-07-2024
0 days 00:39:07.710000,16.4,75,989.4,FALSE,24.6,220,1.6,12,British Grand Prix,FP1,07-07-2024
0 days 00:40:07.722000,16.5,74,989.5,FALSE,24.8,238,2,12,British Grand Prix,FP1,07-07-2024
0 days 00:41:07.696000,16.5,73,989.5,FALSE,24.8,258,0.9,12,British Grand Prix,FP1,07-07-2024
0 days 00:42:07.711000,16.6,73,989.4,FALSE,24.9,230,1.3,12,British Grand Prix,FP1,07-07-2024
0 days 00:43:07.722000,16.6,74,989.4,FALSE,25.3,250,0.7,12,British Grand Prix,FP1,07-07-2024
0 days 00:44:07.721000,16.7,74,989.5,FALSE,25.3,226,1,12,British Grand Prix,FP1,07-07-2024
0 days 00:45:07.720000,16.7,72,989.4,FALSE,25.3,247,1.3,12,British Grand Prix,FP1,07-07-2024
0 days 00:46:07.728000,16.8,72,989.4,FALSE,25.3,89,0.7,12,British Grand Prix,FP1,07-07-2024
0 days 00:47:07.734000,16.8,73,989.5,FALSE,25.7,249,0.7,12,British Grand Prix,FP1,07-07-2024
0 days 00:48:07.760000,16.7,72,989.4,FALSE,25.8,212,1.1,12,British Grand Prix,FP1,07-07-2024
0 days 00:49:07.778000,16.9,73,989.4,FALSE,25.8,201,1.1,12,British Grand Prix,FP1,07-07-2024
0 days 00:50:07.775000,16.8,73,989.4,FALSE,25.8,202,2.2,12,British Grand Prix,FP1,07-07-2024
0 days 00:51:07.792000,16.9,73,989.4,FALSE,26.1,242,2.4,12,British Grand Prix,FP1,07-07-2024
0 days 00:52:07.815000,16.9,73,989.4,FALSE,26.2,237,1.6,12,British Grand Prix,FP1,07-07-2024
0 days 00:53:07.814000,16.9,74,989.4,FALSE,25.7,241,2.4,12,British Grand Prix,FP1,07-07-2024
0 days 00:54:07.821000,16.7,74,989.5,FALSE,25.7,217,0.8,12,British Grand Prix,FP1,07-07-2024
0 days 00:55:07.835000,16.6,75,989.5,FALSE,26,221,1.1,12,British Grand Prix,FP1,07-07-2024
0 days 00:56:07.815000,16.6,75,989.4,FALSE,26.2,238,1.5,12,British Grand Prix,FP1,07-07-2024
0 days 00:57:07.833000,16.7,75,989.4,FALSE,26.2,210,2.5,12,British Grand Prix,FP1,07-07-2024
0 days 00:58:07.853000,16.6,75,989.4,FALSE,26.2,219,2.1,12,British Grand Prix,FP1,07-07-2024
0 days 00:59:07.862000,16.7,75,989.4,FALSE,26.1,212,2.1,12,British Grand Prix,FP1,07-07-2024
0 days 01:00:07.846000,16.8,74,989.4,FALSE,26,208,2.2,12,British Grand Prix,FP1,07-07-2024
0 days 01:01:07.852000,16.8,74,989.4,FALSE,26.1,235,1.5,12,British Grand Prix,FP1,07-07-2024
0 days 01:02:07.852000,16.8,74,989.4,FALSE,26.2,231,1.8,12,British Grand Prix,FP1,07-07-2024
0 days 01:03:07.866000,16.9,72,989.4,FALSE,26.5,220,1.6,12,British Grand Prix,FP1,07-07-2024
0 days 01:04:07.844000,16.9,74,989.3,FALSE,27,188,1.8,12,British Grand Prix,FP1,07-07-2024
0 days 01:05:07.851000,16.9,74,989.3,FALSE,27.4,193,2.4,12,British Grand Prix,FP1,07-07-2024
0 days 01:06:07.877000,16.9,75,989.4,FALSE,27.8,225,1.8,12,British Grand Prix,FP1,07-07-2024
0 days 01:07:07.899000,17,74,989.4,FALSE,28,230,1.8,12,British Grand Prix,FP1,07-07-2024
0 days 01:08:07.915000,17,75,989.3,FALSE,28,254,1.3,12,British Grand Prix,FP1,07-07-2024
0 days 01:09:07.923000,17.1,75,989.3,FALSE,28.1,209,1.4,12,British Grand Prix,FP1,07-07-2024
0 days 01:10:07.920000,17.1,73,989.2,FALSE,27.7,208,1.6,12,British Grand Prix,FP1,07-07-2024
0 days 01:11:07.954000,17.1,72,989.2,FALSE,27.3,226,1.2,12,British Grand Prix,FP1,07-07-2024
0 days 01:12:07.956000,17.1,73,989.2,FALSE,27.2,170,1,12,British Grand Prix,FP1,07-07-2024
0 days 01:13:07.965000,17.2,74,989.3,FALSE,27.3,213,1.7,12,British Grand Prix,FP1,07-07-2024
0 days 01:14:07.963000,17.1,73,989.2,FALSE,27.4,196,2.7,12,British Grand Prix,FP1,07-07-2024
0 days 01:15:07.956000,17.1,73,989.3,FALSE,27.2,205,3.2,12,British Grand Prix,FP1,07-07-2024
0 days 01:16:07.982000,16.9,74,989.3,FALSE,27.2,203,2.7,12,British Grand Prix,FP1,07-07-2024
0 days 01:17:07.996000,17,73,989.3,FALSE,27.2,194,2.7,12,British Grand Prix,FP1,07-07-2024
0 days 01:18:08.014000,16.9,74,989.2,FALSE,27.3,200,1.6,12,British Grand Prix,FP1,07-07-2024
0 days 01:19:08.026000,16.8,75,989.2,FALSE,27.7,241,1.3,12,British Grand Prix,FP1,07-07-2024
0 days 01:20:08.046000,16.8,74,989.2,FALSE,27.7,241,1.9,12,British Grand Prix,FP1,07-07-2024
0 days 00:00:18.104000,17.5,70,988.4,FALSE,27.1,234,1,12,British Grand Prix,FP2,07-07-2024
0 days 00:01:18.115000,17.5,71,988.5,FALSE,27.2,212,1.2,12,British Grand Prix,FP2,07-07-2024
0 days 00:02:18.116000,17.5,71,988.5,FALSE,27.5,191,1.9,12,British Grand Prix,FP2,07-07-2024
0 days 00:03:18.101000,17.5,71,988.4,FALSE,27.6,209,2.1,12,British Grand Prix,FP2,07-07-2024
0 days 00:04:18.117000,17.5,72,988.5,FALSE,27.8,209,2.1,12,British Grand Prix,FP2,07-07-2024
0 days 00:05:18.133000,17.5,71,988.4,FALSE,27.9,204,1.7,12,British Grand Prix,FP2,07-07-2024
0 days 00:06:18.122000,17.5,71,988.4,FALSE,28.1,257,1.6,12,British Grand Prix,FP2,07-07-2024
0 days 00:07:18.150000,17.5,70,988.4,FALSE,27.8,269,1.5,12,British Grand Prix,FP2,07-07-2024
0 days 00:08:18.167000,17.6,72,988.3,FALSE,28.3,221,1.1,12,British Grand Prix,FP2,07-07-2024
0 days 00:09:18.166000,17.8,70,988.4,FALSE,28.7,222,1.3,12,British Grand Prix,FP2,07-07-2024
0 days 00:10:18.169000,17.8,71,988.3,FALSE,28.6,214,1.3,12,British Grand Prix,FP2,07-07-2024
0 days 00:11:18.169000,17.9,71,988.4,FALSE,29,226,1.7,12,British Grand Prix,FP2,07-07-2024
0 days 00:12:18.152000,17.9,70,988.4,FALSE,29.2,275,1.9,12,British Grand Prix,FP2,07-07-2024
0 days 00:13:18.172000,18,70,988.3,FALSE,29.2,213,1.8,12,British Grand Prix,FP2,07-07-2024
0 days 00:14:18.173000,18,70,988.3,FALSE,29.1,232,1.4,12,British Grand Prix,FP2,07-07-2024
0 days 00:15:18.174000,18,70,988.2,FALSE,29.1,270,2,12,British Grand Prix,FP2,07-07-2024
0 days 00:16:18.171000,18.1,71,988.1,FALSE,29.8,230,1.9,12,British Grand Prix,FP2,07-07-2024
0 days 00:17:18.172000,18,70,988.1,FALSE,29.8,228,1.8,12,British Grand Prix,FP2,07-07-2024
0 days 00:18:18.188000,18,70,988.1,FALSE,29.8,217,1.8,12,British Grand Prix,FP2,07-07-2024
0 days 00:19:18.192000,18.2,70,988.1,FALSE,29.8,233,2,12,British Grand Prix,FP2,07-07-2024
0 days 00:20:18.206000,18.3,70,987.9,FALSE,29.8,183,1.3,12,British Grand Prix,FP2,07-07-2024
0 days 00:21:18.203000,18.3,70,987.9,FALSE,30.4,185,1.1,12,British Grand Prix,FP2,07-07-2024
0 days 00:22:18.225000,18.3,70,987.9,FALSE,30.6,225,1.6,12,British Grand Prix,FP2,07-07-2024
0 days 00:23:18.222000,18.3,69,987.8,FALSE,30.5,241,1.6,12,British Grand Prix,FP2,07-07-2024
0 days 00:24:18.227000,18.3,68,987.9,FALSE,30.1,213,0.6,12,British Grand Prix,FP2,07-07-2024
0 days 00:25:18.231000,18.2,68,987.9,FALSE,29.8,227,1.4,12,British Grand Prix,FP2,07-07-2024
0 days 00:26:18.226000,18.2,69,987.9,FALSE,29.3,167,0.6,12,British Grand Prix,FP2,07-07-2024
0 days 00:27:18.241000,18.2,69,987.9,FALSE,29.3,225,0.6,12,British Grand Prix,FP2,07-07-2024
0 days 00:28:18.228000,18.3,69,987.9,FALSE,30.1,250,0.7,12,British Grand Prix,FP2,07-07-2024
0 days 00:29:18.272000,18.5,69,987.8,FALSE,30.7,217,0.5,12,British Grand Prix,FP2,07-07-2024
0 days 00:30:18.276000,18.6,68,987.8,FALSE,31.2,214,0.7,12,British Grand Prix,FP2,07-07-2024
0 days 00:31:18.293000,18.7,68,987.8,FALSE,30.6,284,1.3,12,British Grand Prix,FP2,07-07-2024
0 days 00:32:18.291000,18.6,66,987.8,FALSE,30.1,0,1.3,12,British Grand Prix,FP2,07-07-2024
0 days 00:33:18.308000,18.5,67,987.8,FALSE,30.1,219,1.4,12,British Grand Prix,FP2,07-07-2024
0 days 00:34:18.329000,18.5,66,987.7,FALSE,30.2,251,2.1,12,British Grand Prix,FP2,07-07-2024
0 days 00:35:18.357000,18.5,65,987.7,FALSE,30.2,259,2.3,12,British Grand Prix,FP2,07-07-2024
0 days 00:36:18.388000,18.5,65,987.7,FALSE,30.4,197,1.2,12,British Grand Prix,FP2,07-07-2024
0 days 00:37:18.379000,18.5,65,987.7,FALSE,30.7,227,1.8,12,British Grand Prix,FP2,07-07-2024
0 days 00:38:18.390000,18.5,66,987.8,FALSE,30.6,193,1.6,12,British Grand Prix,FP2,07-07-2024
0 days 00:39:18.390000,18.5,66,987.7,FALSE,30.6,204,0.8,12,British Grand Prix,FP2,07-07-2024
0 days 00:40:18.392000,18.5,67,987.8,FALSE,31.2,205,1.6,12,British Grand Prix,FP2,07-07-2024
0 days 00:41:18.392000,18.5,68,987.7,FALSE,31.6,233,1.6,12,British Grand Prix,FP2,07-07-2024
0 days 00:42:18.407000,18.6,67,987.8,FALSE,32.1,238,2.1,12,British Grand Prix,FP2,07-07-2024
0 days 00:43:18.397000,18.8,68,987.7,FALSE,32.2,225,2.2,12,British Grand Prix,FP2,07-07-2024
0 days 00:44:18.394000,18.9,67,987.7,FALSE,32.4,218,2.4,12,British Grand Prix,FP2,07-07-2024
0 days 00:45:18.413000,18.8,66,987.8,FALSE,32.4,200,2.2,12,British Grand Prix,FP2,07-07-2024
0 days 00:46:18.402000,18.8,65,987.9,FALSE,32.7,227,2.9,12,British Grand Prix,FP2,07-07-2024
0 days 00:47:18.397000,18.8,65,987.8,FALSE,31.3,229,2.6,12,British Grand Prix,FP2,07-07-2024
0 days 00:48:18.413000,18.8,65,987.7,FALSE,31.2,232,2.2,12,British Grand Prix,FP2,07-07-2024
0 days 00:49:18.428000,18.8,66,987.7,FALSE,31.7,274,2.2,12,British Grand Prix,FP2,07-07-2024
0 days 00:50:18.445000,18.8,65,987.8,FALSE,31.7,235,2,12,British Grand Prix,FP2,07-07-2024
0 days 00:51:18.447000,18.8,65,987.8,FALSE,31.2,236,1.7,12,British Grand Prix,FP2,07-07-2024
0 days 00:52:18.454000,18.8,67,987.8,FALSE,31,190,2,12,British Grand Prix,FP2,07-07-2024
0 days 00:53:18.468000,18.8,67,987.8,FALSE,31,231,1.7,12,British Grand Prix,FP2,07-07-2024
0 days 00:54:18.484000,18.8,65,987.8,FALSE,30.9,206,1.1,12,British Grand Prix,FP2,07-07-2024
0 days 00:55:18.511000,18.8,62,987.9,FALSE,30.5,228,1.8,12,British Grand Prix,FP2,07-07-2024
0 days 00:56:18.526000,18.6,61,987.7,FALSE,30,216,2,12,British Grand Prix,FP2,07-07-2024
0 days 00:57:18.526000,18.6,62,987.7,FALSE,29.9,230,2.3,12,British Grand Prix,FP2,07-07-2024
0 days 00:58:18.536000,18.6,62,987.8,FALSE,29.6,190,2.3,12,British Grand Prix,FP2,07-07-2024
0 days 00:59:18.560000,18.5,63,987.7,FALSE,29.6,196,2.5,12,British Grand Prix,FP2,07-07-2024
0 days 01:00:18.578000,18.6,64,987.7,FALSE,29.6,226,2.4,12,British Grand Prix,FP2,07-07-2024
0 days 01:01:18.565000,18.6,65,987.7,FALSE,29.4,227,2.8,12,British Grand Prix,FP2,07-07-2024
0 days 01:02:18.577000,18.6,64,987.7,FALSE,29.3,214,2,12,British Grand Prix,FP2,07-07-2024
0 days 01:03:18.587000,18.8,63,987.7,FALSE,29.2,217,2.6,12,British Grand Prix,FP2,07-07-2024
0 days 01:04:18.595000,18.6,64,987.7,FALSE,28.8,217,2.5,12,British Grand Prix,FP2,07-07-2024
0 days 01:05:18.594000,18.6,64,987.7,FALSE,28.8,228,2,12,British Grand Prix,FP2,07-07-2024
0 days 01:06:18.598000,18.6,64,987.7,FALSE,28.6,239,2.8,12,British Grand Prix,FP2,07-07-2024
0 days 01:07:18.600000,18.5,65,987.6,TRUE,28.4,240,2.3,12,British Grand Prix,FP2,07-07-2024
0 days 01:08:18.614000,18.6,65,987.7,TRUE,28.3,243,2.3,12,British Grand Prix,FP2,07-07-2024
0 days 01:09:18.618000,18.5,66,987.6,TRUE,27.8,261,2.2,12,British Grand Prix,FP2,07-07-2024
0 days 01:10:18.630000,18.5,66,987.6,TRUE,27.5,220,1.2,12,British Grand Prix,FP2,07-07-2024
0 days 01:11:18.632000,18.6,66,987.6,TRUE,26.8,224,2,12,British Grand Prix,FP2,07-07-2024
0 days 01:12:18.662000,18.5,68,987.6,TRUE,26.4,243,1.8,12,British Grand Prix,FP2,07-07-2024
0 days 01:13:18.663000,18.3,67,987.5,TRUE,26,234,2.2,12,British Grand Prix,FP2,07-07-2024
0 days 01:14:18.665000,18.2,68,987.6,TRUE,25.8,250,1.4,12,British Grand Prix,FP2,07-07-2024
0 days 01:15:18.648000,18.1,69,987.5,TRUE,25.7,249,1.4,12,British Grand Prix,FP2,07-07-2024
0 days 01:16:18.666000,18,69,987.5,TRUE,25.4,196,1.7,12,British Grand Prix,FP2,07-07-2024
0 days 01:17:18.665000,18,70,987.4,TRUE,25.2,239,1.7,12,British Grand Prix,FP2,07-07-2024
0 days 01:18:18.666000,17.9,71,987.5,TRUE,25.1,252,0.9,12,British Grand Prix,FP2,07-07-2024
0 days 01:19:18.668000,17.9,74,987.5,TRUE,25,235,1.3,12,British Grand Prix,FP2,07-07-2024
0 days 01:20:18.667000,17.9,73,987.5,TRUE,25,289,0.7,12,British Grand Prix,FP2,07-07-2024
0 days 00:00:48.798000,10.7,92,983.7,FALSE,15.8,229,1.3,12,British Grand Prix,FP3,07-07-2024
0 days 00:01:48.829000,10.7,92,983.8,FALSE,15.9,213,1.9,12,British Grand Prix,FP3,07-07-2024
0 days 00:02:48.846000,10.7,92,983.8,FALSE,15.9,254,2,12,British Grand Prix,FP3,07-07-2024
0 days 00:03:48.846000,10.7,92,983.8,FALSE,16,240,1.5,12,British Grand Prix,FP3,07-07-2024
0 days 00:04:48.861000,10.7,92,983.8,FALSE,16,239,1.9,12,British Grand Prix,FP3,07-07-2024
0 days 00:05:48.848000,10.7,92,983.8,FALSE,16,250,1.4,12,British Grand Prix,FP3,07-07-2024
0 days 00:06:48.848000,10.7,92,983.9,FALSE,16.1,271,1.1,12,British Grand Prix,FP3,07-07-2024
0 days 00:07:48.864000,10.8,92,983.9,FALSE,16.2,221,1.6,12,British Grand Prix,FP3,07-07-2024
0 days 00:08:48.866000,10.8,91,984,FALSE,16.2,230,2.7,12,British Grand Prix,FP3,07-07-2024
0 days 00:09:48.872000,10.8,91,983.9,FALSE,16.1,134,2.3,12,British Grand Prix,FP3,07-07-2024
0 days 00:10:48.868000,10.9,91,984,FALSE,16,227,1,12,British Grand Prix,FP3,07-07-2024
0 days 00:11:48.888000,10.8,92,983.9,FALSE,16,225,2.4,12,British Grand Prix,FP3,07-07-2024
0 days 00:12:48.883000,10.9,91,983.9,FALSE,15.9,245,2.7,12,British Grand Prix,FP3,07-07-2024
0 days 00:13:48.900000,10.9,91,984,FALSE,16,235,2.4,12,British Grand Prix,FP3,07-07-2024
0 days 00:14:48.889000,10.9,91,984,FALSE,16.1,240,2.5,12,British Grand Prix,FP3,07-07-2024
0 days 00:15:48.924000,10.9,91,984,FALSE,16.2,248,2.6,12,British Grand Prix,FP3,07-07-2024
0 days 00:16:48.917000,10.9,92,984,FALSE,16.4,268,1.1,12,British Grand Prix,FP3,07-07-2024
0 days 00:17:48.933000,10.9,92,984,FALSE,16.4,252,1.8,12,British Grand Prix,FP3,07-07-2024
0 days 00:18:48.918000,11,90,984.1,FALSE,16.4,208,2.6,12,British Grand Prix,FP3,07-07-2024
0 days 00:19:48.921000,10.9,91,984.1,FALSE,16.3,242,1.8,12,British Grand Prix,FP3,07-07-2024
0 days 00:20:48.922000,11,91,984,FALSE,16.3,229,3.1,12,British Grand Prix,FP3,07-07-2024
0 days 00:21:48.934000,11,90,984.1,FALSE,16.1,275,2.6,12,British Grand Prix,FP3,07-07-2024
0 days 00:22:48.923000,11,90,984.1,FALSE,16.1,225,2,12,British Grand Prix,FP3,07-07-2024
0 days 00:23:48.923000,11,90,984.1,FALSE,16,203,2.8,12,British Grand Prix,FP3,07-07-2024
0 days 00:24:48.936000,11.1,90,984.2,FALSE,16,239,2.6,12,British Grand Prix,FP3,07-07-2024
0 days 00:25:48.938000,11,90,984.1,FALSE,15.9,210,1.3,12,British Grand Prix,FP3,07-07-2024
0 days 00:26:48.926000,11.1,90,984.2,FALSE,15.9,252,1.7,12,British Grand Prix,FP3,07-07-2024
0 days 00:27:48.926000,11.1,90,984.3,FALSE,16,226,2.2,12,British Grand Prix,FP3,07-07-2024
0 days 00:28:48.941000,11.1,89,984.2,TRUE,15.9,193,3.5,12,British Grand Prix,FP3,07-07-2024
0 days 00:29:48.942000,11,89,984.3,TRUE,15.8,220,3.5,12,British Grand Prix,FP3,07-07-2024
0 days 00:30:48.925000,11,89,984.3,TRUE,15.8,235,2.1,12,British Grand Prix,FP3,07-07-2024
0 days 00:31:48.944000,11,89,984.3,TRUE,15.9,244,4.2,12,British Grand Prix,FP3,07-07-2024
0 days 00:32:48.975000,11.1,89,984.3,TRUE,15.9,273,2.1,12,British Grand Prix,FP3,07-07-2024
0 days 00:33:48.974000,11.1,89,984.4,TRUE,16.1,239,2.7,12,British Grand Prix,FP3,07-07-2024
0 days 00:34:48.992000,11.1,89,984.4,TRUE,16.1,233,1.7,12,British Grand Prix,FP3,07-07-2024
0 days 00:35:48.983000,11.2,89,984.4,TRUE,16.1,233,2.1,12,British Grand Prix,FP3,07-07-2024
0 days 00:36:48.994000,11.2,89,984.4,TRUE,16.1,238,3.3,12,British Grand Prix,FP3,07-07-2024
0 days 00:37:48.993000,11.1,89,984.4,TRUE,16.1,253,2.8,12,British Grand Prix,FP3,07-07-2024
0 days 00:38:48.995000,11.1,88,984.5,TRUE,16.1,229,3.5,12,British Grand Prix,FP3,07-07-2024
0 days 00:39:48.995000,11.1,89,984.4,TRUE,15.8,257,2.8,12,British Grand Prix,FP3,07-07-2024
0 days 00:40:48.996000,11.1,88,984.6,TRUE,16,229,1.8,12,British Grand Prix,FP3,07-07-2024
0 days 00:41:48.981000,11.2,89,984.6,TRUE,16,238,1.9,12,British Grand Prix,FP3,07-07-2024
0 days 00:42:48.995000,11.2,88,984.5,TRUE,16.1,241,3.1,12,British Grand Prix,FP3,07-07-2024
0 days 00:43:48.996000,11.3,88,984.5,TRUE,16.1,222,2.1,12,British Grand Prix,FP3,07-07-2024
0 days 00:44:48.999000,11.3,89,984.5,TRUE,16.2,231,2.5,12,British Grand Prix,FP3,07-07-2024
0 days 00:45:48.984000,11.3,88,984.5,TRUE,16.2,227,3.2,12,British Grand Prix,FP3,07-07-2024
0 days 00:46:48.983000,11.3,89,984.6,TRUE,16.2,225,2.4,12,British Grand Prix,FP3,07-07-2024
0 days 00:47:49,11.3,88,984.5,TRUE,16.4,257,1.7,12,British Grand Prix,FP3,07-07-2024
0 days 00:48:49.017000,11.4,88,984.6,TRUE,16.4,220,1.7,12,British Grand Prix,FP3,07-07-2024
0 days 00:49:49.048000,11.4,89,984.6,TRUE,16.4,229,1.7,12,British Grand Prix,FP3,07-07-2024
0 days 00:50:49.070000,11.4,88,984.7,TRUE,16.3,243,2.8,12,British Grand Prix,FP3,07-07-2024
0 days 00:51:49.080000,11.4,89,984.7,TRUE,16.1,199,1.9,12,British Grand Prix,FP3,07-07-2024
0 days 00:52:49.064000,11.4,89,984.6,TRUE,15.9,249,2.4,12,British Grand Prix,FP3,07-07-2024
0 days 00:53:49.082000,11.4,89,984.7,TRUE,15.9,223,1.4,12,British Grand Prix,FP3,07-07-2024
0 days 00:54:49.086000,11.4,89,984.6,TRUE,15.8,237,2.3,12,British Grand Prix,FP3,07-07-2024
0 days 00:55:49.083000,11.4,89,984.6,TRUE,15.8,242,3.1,12,British Grand Prix,FP3,07-07-2024
0 days 00:56:49.099000,11.4,89,984.7,TRUE,15.7,207,3.2,12,British Grand Prix,FP3,07-07-2024
0 days 00:57:49.100000,11.4,89,984.7,TRUE,15.7,252,2.3,12,British Grand Prix,FP3,07-07-2024
0 days 00:58:49.117000,11.4,89,984.8,TRUE,15.7,261,3.2,12,British Grand Prix,FP3,07-07-2024
0 days 00:59:49.132000,11.3,89,984.7,TRUE,15.8,256,2.4,12,British Grand Prix,FP3,07-07-2024
0 days 01:00:49.149000,11.2,89,984.8,TRUE,15.8,228,2.7,12,British Grand Prix,FP3,07-07-2024
0 days 01:01:49.164000,11.2,89,984.7,TRUE,16.4,229,2.4,12,British Grand Prix,FP3,07-07-2024
0 days 01:02:49.181000,11.3,89,984.9,TRUE,16.6,240,3.2,12,British Grand Prix,FP3,07-07-2024
0 days 01:03:49.181000,11.3,88,984.8,TRUE,16.7,241,2.6,12,British Grand Prix,FP3,07-07-2024
0 days 01:04:49.201000,11.3,89,984.8,TRUE,16.7,264,3.1,12,British Grand Prix,FP3,07-07-2024
0 days 01:05:49.200000,11.3,89,984.9,TRUE,16.9,277,2.9,12,British Grand Prix,FP3,07-07-2024
0 days 01:06:49.215000,11.3,88,984.8,TRUE,17,252,2.2,12,British Grand Prix,FP3,07-07-2024
0 days 01:07:49.216000,11.4,89,984.9,TRUE,17.2,232,2.3,12,British Grand Prix,FP3,07-07-2024
0 days 01:08:49.217000,11.4,89,984.9,TRUE,17.5,229,1.5,12,British Grand Prix,FP3,07-07-2024
0 days 01:09:49.217000,11.5,89,984.9,TRUE,17.5,229,1.5,12,British Grand Prix,FP3,07-07-2024
0 days 01:10:49.219000,11.6,88,984.8,TRUE,17.6,269,1.6,12,British Grand Prix,FP3,07-07-2024
0 days 01:11:49.244000,11.6,89,984.9,TRUE,17.7,215,1.5,12,British Grand Prix,FP3,07-07-2024
0 days 01:12:49.265000,11.6,88,984.9,TRUE,17.7,240,2.4,12,British Grand Prix,FP3,07-07-2024
0 days 01:13:49.265000,11.4,87,984.9,TRUE,17.5,238,2.5,12,British Grand Prix,FP3,07-07-2024
0 days 01:14:49.268000,11.5,87,984.9,TRUE,17.4,244,2.2,12,British Grand Prix,FP3,07-07-2024
0 days 01:15:49.269000,11.6,88,985,TRUE,17.2,238,1.6,12,British Grand Prix,FP3,07-07-2024
0 days 01:16:49.253000,11.6,88,985,TRUE,17.2,216,2.2,12,British Grand Prix,FP3,07-07-2024
0 days 01:17:49.269000,11.6,88,985,TRUE,17,272,1.8,12,British Grand Prix,FP3,07-07-2024
0 days 01:18:49.302000,11.6,87,985,TRUE,16.9,255,2.5,12,British Grand Prix,FP3,07-07-2024
0 days 01:19:49.286000,11.5,87,985,TRUE,16.5,258,3,12,British Grand Prix,FP3,07-07-2024
0 days 01:20:49.318000,11.5,88,985,TRUE,16.3,242,2.9,12,British Grand Prix,FP3,07-07-2024
0 days 01:21:49.309000,11.5,89,985.1,TRUE,16,0,1.4,12,British Grand Prix,FP3,07-07-2024
0 days 00:00:40.728000,12.4,83,986.6,FALSE,19.4,216,1.2,12,British Grand Prix,Q,07-07-2024
0 days 00:01:40.760000,12.4,85,986.7,FALSE,19.6,261,1.6,12,British Grand Prix,Q,07-07-2024
0 days 00:02:40.759000,12.4,84,986.7,FALSE,20.5,246,1.7,12,British Grand Prix,Q,07-07-2024
0 days 00:03:40.760000,12.6,83,986.6,FALSE,20.8,201,1.6,12,British Grand Prix,Q,07-07-2024
0 days 00:04:40.745000,12.6,83,986.7,FALSE,21.3,86,1.5,12,British Grand Prix,Q,07-07-2024
0 days 00:05:40.766000,12.8,82,986.8,FALSE,21.1,0,0.7,12,British Grand Prix,Q,07-07-2024
0 days 00:06:40.748000,12.9,81,986.8,FALSE,21.4,75,0.9,12,British Grand Prix,Q,07-07-2024
0 days 00:07:40.748000,12.9,81,986.8,FALSE,21.4,116,0.9,12,British Grand Prix,Q,07-07-2024
0 days 00:08:40.748000,12.9,79,986.8,FALSE,21.2,222,1.7,12,British Grand Prix,Q,07-07-2024
0 days 00:09:40.764000,13,81,986.8,FALSE,21.2,155,1.1,12,British Grand Prix,Q,07-07-2024
0 days 00:10:40.774000,13.1,81,986.8,FALSE,21.9,264,1.2,12,British Grand Prix,Q,07-07-2024
0 days 00:11:40.768000,13.1,83,986.8,FALSE,23.2,304,1,12,British Grand Prix,Q,07-07-2024
0 days 00:12:40.797000,13.3,83,986.8,FALSE,23.7,251,1.3,12,British Grand Prix,Q,07-07-2024
0 days 00:13:40.798000,13.4,80,986.8,FALSE,23.9,237,3.2,12,British Grand Prix,Q,07-07-2024
0 days 00:14:40.814000,13.4,78,986.9,FALSE,23.6,204,3.1,12,British Grand Prix,Q,07-07-2024
0 days 00:15:40.800000,13.5,78,986.9,FALSE,23.1,0,1.7,12,British Grand Prix,Q,07-07-2024
0 days 00:16:40.816000,13.5,78,987,FALSE,23,54,1.7,12,British Grand Prix,Q,07-07-2024
0 days 00:17:40.832000,13.6,77,987.1,FALSE,23.4,245,2.4,12,British Grand Prix,Q,07-07-2024
0 days 00:18:40.839000,13.7,75,987,FALSE,23.4,199,3.1,12,British Grand Prix,Q,07-07-2024
0 days 00:19:40.837000,13.9,74,987,FALSE,23,321,2.5,12,British Grand Prix,Q,07-07-2024
0 days 00:20:40.849000,13.8,76,987.1,FALSE,22.9,218,1.8,12,British Grand Prix,Q,07-07-2024
0 days 00:21:40.851000,13.9,73,987,FALSE,23,200,2,12,British Grand Prix,Q,07-07-2024
0 days 00:22:40.840000,13.9,73,987,FALSE,23.5,152,1.3,12,British Grand Prix,Q,07-07-2024
0 days 00:23:40.854000,14.1,73,986.9,FALSE,23.7,117,1,12,British Grand Prix,Q,07-07-2024
0 days 00:24:40.854000,14.2,74,987,FALSE,23.9,246,1.3,12,British Grand Prix,Q,07-07-2024
0 days 00:25:40.871000,14.2,75,987.1,FALSE,24,258,1.5,12,British Grand Prix,Q,07-07-2024
0 days 00:26:41.063000,14.3,71,987.1,FALSE,24,244,1.6,12,British Grand Prix,Q,07-07-2024
0 days 00:27:41.074000,14.3,72,987.1,FALSE,23.3,238,2.7,12,British Grand Prix,Q,07-07-2024
0 days 00:28:41.089000,14.3,72,987,FALSE,22.5,276,3.3,12,British Grand Prix,Q,07-07-2024
0 days 00:29:41.091000,14.2,72,987.2,FALSE,22.1,266,2.2,12,British Grand Prix,Q,07-07-2024
0 days 00:30:41.108000,14.3,72,987.2,FALSE,21.8,217,2.2,12,British Grand Prix,Q,07-07-2024
0 days 00:31:41.109000,14.3,70,987.2,FALSE,21.7,238,2.4,12,British Grand Prix,Q,07-07-2024
0 days 00:32:41.138000,14.1,72,987.2,FALSE,21.2,237,1.2,12,British Grand Prix,Q,07-07-2024
0 days 00:33:41.160000,13.9,70,987.4,FALSE,21.2,15,4.4,12,British Grand Prix,Q,07-07-2024
0 days 00:34:41.160000,13.8,72,987.3,FALSE,20.5,234,1.4,12,British Grand Prix,Q,07-07-2024
0 days 00:35:41.155000,13.6,74,987.3,FALSE,20.3,341,2.4,12,British Grand Prix,Q,07-07-2024
0 days 00:36:41.143000,13.7,71,987.3,FALSE,20.1,342,1.2,12,British Grand Prix,Q,07-07-2024
0 days 00:37:41.158000,13.6,71,987.4,FALSE,19.8,235,1.5,12,British Grand Prix,Q,07-07-2024
0 days 00:38:41.144000,13.6,71,987.3,FALSE,19.2,186,1.6,12,British Grand Prix,Q,07-07-2024
0 days 00:39:41.174000,13.5,72,987.4,TRUE,19,214,2.2,12,British Grand Prix,Q,07-07-2024
0 days 00:40:41.160000,13.4,72,987.4,FALSE,18.9,266,1.9,12,British Grand Prix,Q,07-07-2024
0 days 00:41:41.182000,13.3,74,987.4,TRUE,18.7,188,1.3,12,British Grand Prix,Q,07-07-2024
0 days 00:42:41.209000,13.2,73,987.4,TRUE,18.6,254,1.5,12,British Grand Prix,Q,07-07-2024
0 days 00:43:41.195000,13.2,74,987.5,TRUE,18.4,188,2,12,British Grand Prix,Q,07-07-2024
0 days 00:44:41.210000,13.1,74,987.5,TRUE,18.3,280,1.6,12,British Grand Prix,Q,07-07-2024
0 days 00:45:41.194000,13,75,987.5,TRUE,18.4,0,1.6,12,British Grand Prix,Q,07-07-2024
0 days 00:46:41.195000,13,75,987.4,FALSE,18.4,240,0.5,12,British Grand Prix,Q,07-07-2024
0 days 00:47:41.197000,12.9,74,987.5,FALSE,18.6,238,2.5,12,British Grand Prix,Q,07-07-2024
0 days 00:48:41.213000,13,75,987.5,FALSE,18.7,202,2.5,12,British Grand Prix,Q,07-07-2024
0 days 00:49:41.231000,13.1,74,987.5,FALSE,18.8,232,2.8,12,British Grand Prix,Q,07-07-2024
0 days 00:50:41.244000,13.1,75,987.6,FALSE,19.1,249,2.1,12,British Grand Prix,Q,07-07-2024
0 days 00:51:41.233000,13.2,75,987.6,FALSE,19.4,197,1.3,12,British Grand Prix,Q,07-07-2024
0 days 00:52:41.246000,13.4,75,987.6,FALSE,19.4,209,1.8,12,British Grand Prix,Q,07-07-2024
0 days 00:53:41.234000,13.4,75,987.5,FALSE,19.5,242,1.6,12,British Grand Prix,Q,07-07-2024
0 days 00:54:41.265000,13.4,76,987.6,FALSE,20.1,298,2.4,12,British Grand Prix,Q,07-07-2024
0 days 00:55:41.264000,13.5,76,987.6,FALSE,20.1,235,1.5,12,British Grand Prix,Q,07-07-2024
0 days 00:56:41.265000,13.6,74,987.7,FALSE,20,297,1.6,12,British Grand Prix,Q,07-07-2024
0 days 00:57:41.280000,13.7,74,987.8,FALSE,19.8,153,1.7,12,British Grand Prix,Q,07-07-2024
0 days 00:58:41.278000,13.8,74,987.7,FALSE,19.8,235,1.1,12,British Grand Prix,Q,07-07-2024
0 days 00:59:41.298000,13.8,74,987.7,FALSE,20.8,240,1.5,12,British Grand Prix,Q,07-07-2024
0 days 01:00:41.314000,13.8,74,987.6,FALSE,21.2,233,2,12,British Grand Prix,Q,07-07-2024
0 days 01:01:41.320000,13.8,74,987.7,FALSE,21.2,244,2.3,12,British Grand Prix,Q,07-07-2024
0 days 01:02:41.331000,13.9,73,987.7,FALSE,21.5,100,1.7,12,British Grand Prix,Q,07-07-2024
0 days 01:03:41.366000,14,74,987.7,FALSE,22.1,0,0.9,12,British Grand Prix,Q,07-07-2024
0 days 01:04:41.363000,14.1,72,987.9,FALSE,22.1,199,1.1,12,British Grand Prix,Q,07-07-2024
0 days 01:05:41.378000,14.1,71,987.7,FALSE,21.9,166,1.7,12,British Grand Prix,Q,07-07-2024
0 days 01:06:41.411000,14.2,72,987.7,FALSE,21.7,244,2.7,12,British Grand Prix,Q,07-07-2024
0 days 01:07:41.427000,14.3,72,987.7,FALSE,21.8,256,1.5,12,British Grand Prix,Q,07-07-2024
0 days 01:08:41.414000,14.4,70,987.7,FALSE,21.7,232,1.6,12,British Grand Prix,Q,07-07-2024
0 days 01:09:41.430000,14.3,72,987.7,FALSE,21.1,190,1.5,12,British Grand Prix,Q,07-07-2024
0 days 01:10:41.430000,14.3,71,987.7,FALSE,21.7,338,1.3,12,British Grand Prix,Q,07-07-2024
0 days 01:11:41.431000,14.4,72,987.7,FALSE,21.7,234,1.4,12,British Grand Prix,Q,07-07-2024
0 days 01:12:41.433000,14.3,70,987.8,FALSE,21.3,250,1,12,British Grand Prix,Q,07-07-2024
0 days 01:13:41.435000,14.3,72,987.7,FALSE,21,205,1.6,12,British Grand Prix,Q,07-07-2024
0 days 01:14:41.462000,14.4,72,987.7,FALSE,21.1,257,1.7,12,British Grand Prix,Q,07-07-2024
0 days 01:15:41.480000,14.4,72,987.8,FALSE,21.6,230,1.1,12,British Grand Prix,Q,07-07-2024
0 days 01:16:41.486000,14.4,72,987.8,FALSE,21.6,245,1.6,12,British Grand Prix,Q,07-07-2024
0 days 01:17:41.511000,14.4,71,987.8,FALSE,21.7,164,0.9,12,British Grand Prix,Q,07-07-2024
0 days 01:18:41.497000,14.4,71,987.8,FALSE,21.8,200,1.3,12,British Grand Prix,Q,07-07-2024
0 days 01:19:41.496000,14.5,69,987.8,FALSE,21.6,230,2.8,12,British Grand Prix,Q,07-07-2024
0 days 01:20:41.515000,14.5,69,987.7,FALSE,20.6,0,2.1,12,British Grand Prix,Q,07-07-2024
0 days 01:21:41.547000,14.4,70,987.8,FALSE,21.7,284,1.5,12,British Grand Prix,Q,07-07-2024
0 days 01:22:41.546000,14.4,71,987.8,FALSE,22.5,206,1.2,12,British Grand Prix,Q,07-07-2024
0 days 01:23:41.564000,14.6,69,987.8,FALSE,22.8,226,2.3,12,British Grand Prix,Q,07-07-2024
0 days 01:24:41.564000,14.6,65,988,FALSE,22.7,228,3.5,12,British Grand Prix,Q,07-07-2024
0 days 00:00:05.091000,15.9,67,991.8,FALSE,28.1,226,2.2,12,British Grand Prix,R,07-07-2024
0 days 00:01:05.070000,15.9,66,991.7,FALSE,27.6,268,1.5,12,British Grand Prix,R,07-07-2024
0 days 00:02:05.094000,15.9,65,991.7,FALSE,27,291,1.4,12,British Grand Prix,R,07-07-2024
0 days 00:03:05.099000,15.9,66,991.8,FALSE,27,195,1.1,12,British Grand Prix,R,07-07-2024
0 days 00:04:05.097000,15.9,64,991.8,FALSE,31,225,1.9,12,British Grand Prix,R,07-07-2024
0 days 00:05:05.092000,15.9,64,991.9,TRUE,31.3,206,2,12,British Grand Prix,R,07-07-2024
0 days 00:06:05.074000,15.8,64,991.9,TRUE,31.3,206,2,12,British Grand Prix,R,07-07-2024
0 days 00:07:05.068000,15.8,67,991.8,TRUE,31,242,1.1,12,British Grand Prix,R,07-07-2024
0 days 00:08:05.083000,15.8,68,991.8,TRUE,26.5,254,1,12,British Grand Prix,R,07-07-2024
0 days 00:09:05.097000,15.8,70,991.8,TRUE,26.5,0,0.6,12,British Grand Prix,R,07-07-2024
0 days 00:10:05.117000,15.7,70,991.9,TRUE,26.6,0,0.7,12,British Grand Prix,R,07-07-2024
0 days 00:11:05.125000,15.6,70,991.9,TRUE,26.5,327,0.7,12,British Grand Prix,R,07-07-2024
0 days 00:12:05.118000,15.5,71,991.9,TRUE,26.5,224,0.7,12,British Grand Prix,R,07-07-2024
0 days 00:13:05.132000,15.4,75,991.9,TRUE,27.6,157,1,12,British Grand Prix,R,07-07-2024
0 days 00:14:05.117000,15.4,73,992,TRUE,29.4,238,0.6,12,British Grand Prix,R,07-07-2024
0 days 00:15:05.135000,15.4,73,992,TRUE,29.8,243,1,12,British Grand Prix,R,07-07-2024
0 days 00:16:05.148000,15.3,73,991.9,TRUE,32.2,97,0.9,12,British Grand Prix,R,07-07-2024
0 days 00:17:05.145000,15.3,72,991.9,FALSE,32.9,236,1,12,British Grand Prix,R,07-07-2024
0 days 00:18:05.143000,15.3,74,991.8,FALSE,34.7,101,0.5,12,British Grand Prix,R,07-07-2024
0 days 00:19:05.140000,15.4,72,991.9,FALSE,35.2,5,0.7,12,British Grand Prix,R,07-07-2024
0 days 00:20:05.160000,15.6,72,991.9,FALSE,35.2,255,0.7,12,British Grand Prix,R,07-07-2024
0 days 00:21:05.161000,15.8,71,991.9,TRUE,34.5,286,0.8,12,British Grand Prix,R,07-07-2024
0 days 00:22:05.201000,15.9,73,991.9,TRUE,36.4,261,0.7,12,British Grand Prix,R,07-07-2024
0 days 00:23:05.202000,16,71,991.8,FALSE,36.9,225,1,12,British Grand Prix,R,07-07-2024
0 days 00:24:05.192000,16.1,66,991.8,FALSE,36.4,218,1.4,12,British Grand Prix,R,07-07-2024
0 days 00:25:05.174000,16.2,67,991.8,FALSE,37.1,301,2,12,British Grand Prix,R,07-07-2024
0 days 00:26:05.190000,16.3,65,991.8,FALSE,33.1,132,1.2,12,British Grand Prix,R,07-07-2024
0 days 00:27:05.228000,16.2,67,991.8,FALSE,31.5,229,1.2,12,British Grand Prix,R,07-07-2024
0 days 00:28:05.224000,16.3,65,991.9,FALSE,31.5,7,0.9,12,British Grand Prix,R,07-07-2024
0 days 00:29:05.258000,16.3,67,991.8,FALSE,36.9,219,0.6,12,British Grand Prix,R,07-07-2024
0 days 00:30:05.263000,16.4,65,991.9,FALSE,36.9,263,2.2,12,British Grand Prix,R,07-07-2024
0 days 00:31:05.283000,16.3,62,992,FALSE,36.9,221,1.1,12,British Grand Prix,R,07-07-2024
0 days 00:32:05.283000,16.4,61,992,FALSE,35.4,222,1.8,12,British Grand Prix,R,07-07-2024
0 days 00:33:05.279000,16.1,64,991.9,FALSE,35.2,319,1.4,12,British Grand Prix,R,07-07-2024
0 days 00:34:05.300000,16.1,63,991.9,FALSE,35.2,222,1,12,British Grand Prix,R,07-07-2024
0 days 00:35:05.290000,16.2,62,992,FALSE,35.2,213,1.2,12,British Grand Prix,R,07-07-2024
0 days 00:36:05.303000,16.2,65,992,FALSE,35.2,3,0.8,12,British Grand Prix,R,07-07-2024
0 days 00:37:05.300000,16.3,64,991.9,FALSE,36.4,270,0.7,12,British Grand Prix,R,07-07-2024
0 days 00:38:05.319000,16.3,65,992,FALSE,37.2,194,1.2,12,British Grand Prix,R,07-07-2024
0 days 00:39:05.360000,16.2,64,991.9,FALSE,36.8,234,1.2,12,British Grand Prix,R,07-07-2024
0 days 00:40:05.340000,16.1,66,991.9,FALSE,36.5,245,1,12,British Grand Prix,R,07-07-2024
0 days 00:41:05.317000,16,67,992,FALSE,36.5,258,0.9,12,British Grand Prix,R,07-07-2024
0 days 00:42:05.323000,16.1,64,992,FALSE,36.8,260,1.1,12,British Grand Prix,R,07-07-2024
0 days 00:43:05.324000,16,65,991.9,FALSE,36.8,42,1,12,British Grand Prix,R,07-07-2024
0 days 00:44:05.330000,16,64,991.9,FALSE,37.3,0,1.6,12,British Grand Prix,R,07-07-2024
0 days 00:45:05.330000,16.1,63,992,FALSE,37.6,227,0.9,12,British Grand Prix,R,07-07-2024
0 days 00:46:05.348000,16.2,64,992,FALSE,37.9,238,0.8,12,British Grand Prix,R,07-07-2024
0 days 00:47:05.343000,16.3,64,991.9,FALSE,37,189,0.6,12,British Grand Prix,R,07-07-2024
0 days 00:48:05.372000,16.3,64,991.9,FALSE,33.2,270,0.4,12,British Grand Prix,R,07-07-2024
0 days 00:49:05.392000,16.3,63,992,FALSE,33,278,0.7,12,British Grand Prix,R,07-07-2024
0 days 00:50:05.392000,16.3,63,991.9,FALSE,33,209,0.8,12,British Grand Prix,R,07-07-2024
0 days 00:51:05.399000,16.3,62,992.1,FALSE,33.2,285,1.4,12,British Grand Prix,R,07-07-2024
0 days 00:52:05.396000,16.2,64,992,FALSE,33,215,0.9,12,British Grand Prix,R,07-07-2024
0 days 00:53:05.420000,16.2,63,992,FALSE,33,259,1.2,12,British Grand Prix,R,07-07-2024
0 days 00:54:05.424000,16.1,64,992,FALSE,33,243,1.7,12,British Grand Prix,R,07-07-2024
0 days 00:55:05.418000,16.1,63,992,FALSE,33,238,1.8,12,British Grand Prix,R,07-07-2024
0 days 00:56:05.444000,16.1,64,992,FALSE,33,233,2,12,British Grand Prix,R,07-07-2024
0 days 00:57:05.450000,16.1,63,992,FALSE,33,254,1.9,12,British Grand Prix,R,07-07-2024
0 days 00:58:05.468000,16.1,64,992,FALSE,33,275,1.6,12,British Grand Prix,R,07-07-2024
0 days 00:59:05.476000,16.2,63,992,FALSE,33,215,1.6,12,British Grand Prix,R,07-07-2024
0 days 01:00:05.467000,16.2,61,991.9,FALSE,33,249,1.8,12,British Grand Prix,R,07-07-2024
0 days 01:01:05.476000,16.3,62,991.9,FALSE,33,235,2,12,British Grand Prix,R,07-07-2024
0 days 01:02:05.493000,16.3,61,992,FALSE,24.3,237,1.9,12,British Grand Prix,R,07-07-2024
0 days 01:03:05.556000,16.3,61,991.9,FALSE,24.1,216,2.5,12,British Grand Prix,R,07-07-2024
0 days 01:04:05.509000,16.2,60,992,FALSE,24,243,2.2,12,British Grand Prix,R,07-07-2024
0 days 01:05:05.511000,16.3,60,991.9,FALSE,24.2,209,2.4,12,British Grand Prix,R,07-07-2024
0 days 01:06:05.525000,16.2,61,992,FALSE,24.3,248,2.1,12,British Grand Prix,R,07-07-2024
0 days 01:07:05.531000,16.3,61,992,FALSE,25.4,251,2.1,12,British Grand Prix,R,07-07-2024
0 days 01:08:05.539000,16.4,60,992,FALSE,25.8,241,2.4,12,British Grand Prix,R,07-07-2024
0 days 01:09:05.541000,16.4,60,992,FALSE,26,256,1.6,12,British Grand Prix,R,07-07-2024
0 days 01:10:05.552000,16.5,61,992,FALSE,26.1,320,2,12,British Grand Prix,R,07-07-2024
0 days 01:11:05.539000,16.6,62,992,FALSE,26,240,0.9,12,British Grand Prix,R,07-07-2024
0 days 01:12:05.535000,16.8,61,992,FALSE,25.7,208,1.5,12,British Grand Prix,R,07-07-2024
0 days 01:13:05.545000,16.8,62,991.9,FALSE,25.6,231,1.7,12,British Grand Prix,R,07-07-2024
0 days 01:14:05.565000,16.8,60,991.9,FALSE,25.4,243,2,12,British Grand Prix,R,07-07-2024
0 days 01:15:05.547000,16.7,59,991.9,FALSE,25.3,234,2.1,12,British Grand Prix,R,07-07-2024
0 days 01:16:05.557000,16.7,61,991.8,FALSE,25.2,205,2.1,12,British Grand Prix,R,07-07-2024
0 days 01:17:05.584000,16.7,60,992,FALSE,24.9,240,1.8,12,British Grand Prix,R,07-07-2024
0 days 01:18:05.594000,16.6,59,991.9,FALSE,24.8,211,2.1,12,British Grand Prix,R,07-07-2024
0 days 01:19:05.599000,16.5,60,991.9,FALSE,24.6,243,1.2,12,British Grand Prix,R,07-07-2024
0 days 01:20:05.646000,16.5,59,992,FALSE,24.6,187,1.9,12,British Grand Prix,R,07-07-2024
0 days 01:21:05.627000,16.5,59,991.9,FALSE,24.4,242,1.4,12,British Grand Prix,R,07-07-2024
0 days 01:22:05.627000,16.5,60,991.9,FALSE,24.3,266,1.4,12,British Grand Prix,R,07-07-2024
0 days 01:23:05.646000,16.4,62,992.1,FALSE,24.3,242,1.6,12,British Grand Prix,R,07-07-2024
0 days 01:24:05.641000,16.5,61,992.1,FALSE,24.3,276,1.5,12,British Grand Prix,R,07-07-2024
0 days 01:25:05.652000,16.6,60,992.1,TRUE,23.9,59,1.6,12,British Grand Prix,R,07-07-2024
0 days 01:26:05.639000,16.4,63,992,TRUE,23.2,103,1.5,12,British Grand Prix,R,07-07-2024
0 days 01:27:05.660000,16.2,64,992.1,TRUE,22.9,335,1.5,12,British Grand Prix,R,07-07-2024
0 days 01:28:05.648000,16.1,67,992.2,TRUE,22.5,230,0.7,12,British Grand Prix,R,07-07-2024
0 days 01:29:05.647000,15.9,67,992.1,TRUE,22.3,299,1.6,12,British Grand Prix,R,07-07-2024
0 days 01:30:05.664000,15.6,69,992.2,TRUE,22.1,229,1.6,12,British Grand Prix,R,07-07-2024
0 days 01:31:05.676000,15.4,68,992.2,TRUE,22.1,210,0.9,12,British Grand Prix,R,07-07-2024
0 days 01:32:05.714000,15.2,68,992.1,TRUE,22,266,0.7,12,British Grand Prix,R,07-07-2024
0 days 01:33:05.679000,15.2,69,992.2,TRUE,22,222,1.2,12,British Grand Prix,R,07-07-2024
0 days 01:34:05.691000,15.1,68,992.2,TRUE,21.9,169,0.8,12,British Grand Prix,R,07-07-2024
0 days 01:35:05.725000,15.1,68,992.2,TRUE,22,251,0.8,12,British Grand Prix,R,07-07-2024
0 days 01:36:05.700000,15.1,69,992.2,TRUE,22,267,0.8,12,British Grand Prix,R,07-07-2024
0 days 01:37:05.735000,15.1,67,992.3,TRUE,22,225,1,12,British Grand Prix,R,07-07-2024
0 days 01:38:05.749000,15.1,68,992.2,TRUE,21.5,116,0.9,12,British Grand Prix,R,07-07-2024
0 days 01:39:05.756000,15.1,68,992.2,TRUE,21.4,272,0.7,12,British Grand Prix,R,07-07-2024
0 days 01:40:05.753000,15.1,68,992.3,TRUE,21.2,267,0.6,12,British Grand Prix,R,07-07-2024
0 days 01:41:05.769000,15,70,992.3,TRUE,21.1,141,1,12,British Grand Prix,R,07-07-2024
0 days 01:42:05.769000,15,69,992.4,TRUE,21,236,0.9,12,British Grand Prix,R,07-07-2024
0 days 01:43:05.794000,14.9,71,992.5,TRUE,20.9,176,1.1,12,British Grand Prix,R,07-07-2024
0 days 01:44:05.797000,14.9,70,992.5,TRUE,20.7,240,0.9,12,British Grand Prix,R,07-07-2024
0 days 01:45:05.789000,14.9,72,992.4,TRUE,20.7,224,1,12,British Grand Prix,R,07-07-2024
0 days 01:46:05.801000,14.8,73,992.4,TRUE,20.7,207,1.7,12,British Grand Prix,R,07-07-2024
0 days 01:47:05.794000,14.7,73,992.5,TRUE,20.7,240,1.4,12,British Grand Prix,R,07-07-2024
0 days 01:48:05.796000,14.6,73,992.5,TRUE,20.7,230,1.7,12,British Grand Prix,R,07-07-2024
0 days 01:49:05.813000,14.5,73,992.5,TRUE,20.7,235,1.6,12,British Grand Prix,R,07-07-2024
0 days 01:50:05.843000,14.5,74,992.5,TRUE,20.7,224,1.4,12,British Grand Prix,R,07-07-2024
0 days 01:51:05.852000,14.6,75,992.6,TRUE,21,247,0.5,12,British Grand Prix,R,07-07-2024
0 days 01:52:05.865000,14.6,76,992.6,TRUE,21.2,221,1.6,12,British Grand Prix,R,07-07-2024
0 days 01:53:05.879000,14.6,76,992.5,TRUE,21.3,218,1.5,12,British Grand Prix,R,07-07-2024
0 days 01:54:05.886000,14.5,75,992.6,TRUE,21.2,253,1.4,12,British Grand Prix,R,07-07-2024
0 days 01:55:05.885000,14.6,75,992.5,TRUE,21.2,240,1.7,12,British Grand Prix,R,07-07-2024
0 days 01:56:05.895000,14.5,76,992.5,TRUE,21.4,232,1.2,12,British Grand Prix,R,07-07-2024
0 days 01:57:05.895000,14.6,78,992.5,TRUE,22.5,201,1.3,12,British Grand Prix,R,07-07-2024
0 days 01:58:05.907000,14.6,77,992.5,TRUE,23.8,242,1.8,12,British Grand Prix,R,07-07-2024
0 days 01:59:05.921000,14.6,76,992.6,TRUE,24.2,237,1.9,12,British Grand Prix,R,07-07-2024
0 days 02:00:05.915000,14.6,78,992.5,FALSE,24.6,245,1.4,12,British Grand Prix,R,07-07-2024
0 days 02:01:05.920000,14.8,75,992.4,FALSE,24.6,265,1.2,12,British Grand Prix,R,07-07-2024
0 days 02:02:05.931000,15.1,74,992.6,FALSE,24.4,196,0.8,12,British Grand Prix,R,07-07-2024
0 days 02:03:05.959000,15.2,73,992.5,FALSE,24.2,260,2.2,12,British Grand Prix,R,07-07-2024
0 days 02:04:05.950000,15.3,76,992.5,FALSE,24.2,216,1.1,12,British Grand Prix,R,07-07-2024
0 days 02:05:05.955000,15.3,75,992.4,FALSE,24.7,233,0.8,12,British Grand Prix,R,07-07-2024
0 days 02:06:05.968000,15.2,75,992.5,FALSE,25,289,1.4,12,British Grand Prix,R,07-07-2024
0 days 02:07:06.012000,15.3,75,992.5,FALSE,24.9,240,1.6,12,British Grand Prix,R,07-07-2024
0 days 02:08:06,15.4,72,992.5,TRUE,24.5,215,2,12,British Grand Prix,R,07-07-2024
0 days 02:09:06.012000,15.4,73,992.5,TRUE,24.5,241,2,12,British Grand Prix,R,07-07-2024
0 days 02:10:06.020000,15.5,73,992.5,FALSE,25,243,2,12,British Grand Prix,R,07-07-2024
0 days 02:11:06.021000,15.5,71,992.6,FALSE,25,246,2,12,British Grand Prix,R,07-07-2024
0 days 02:12:06.001000,15.6,69,992.5,FALSE,24.9,103,0.9,12,British Grand Prix,R,07-07-2024
0 days 02:13:06.026000,15.6,71,992.5,FALSE,24.9,238,1.1,12,British Grand Prix,R,07-07-2024
0 days 02:14:06.052000,15.7,71,992.5,FALSE,25.2,232,1.2,12,British Grand Prix,R,07-07-2024
0 days 02:15:06.055000,15.7,72,992.6,FALSE,25.2,225,1.5,12,British Grand Prix,R,07-07-2024
0 days 02:16:06.076000,15.8,69,992.4,FALSE,25.2,222,1.8,12,British Grand Prix,R,07-07-2024
0 days 02:17:06.085000,15.8,69,992.5,FALSE,25.4,219,1.7,12,British Grand Prix,R,07-07-2024
0 days 02:18:06.090000,15.9,69,992.5,FALSE,25.5,230,1.4,12,British Grand Prix,R,07-07-2024
0 days 02:19:06.105000,15.9,68,992.4,FALSE,25.3,258,1.2,12,British Grand Prix,R,07-07-2024
0 days 02:20:06.092000,15.8,69,992.5,FALSE,25.2,241,0.7,12,British Grand Prix,R,07-07-2024
0 days 02:21:06.135000,15.8,68,992.5,FALSE,24.9,230,1.9,12,British Grand Prix,R,07-07-2024
0 days 02:22:06.127000,15.8,69,992.4,FALSE,24.8,224,2.1,12,British Grand Prix,R,07-07-2024
0 days 02:23:06.147000,15.9,70,992.4,FALSE,25,261,1.7,12,British Grand Prix,R,07-07-2024
0 days 02:24:06.167000,15.9,71,992.4,FALSE,26.1,222,1,12,British Grand Prix,R,07-07-2024
0 days 02:25:06.170000,16,69,992.5,FALSE,26.4,230,1.6,12,British Grand Prix,R,07-07-2024
0 days 02:26:06.176000,16,68,992.4,FALSE,26.2,291,1.6,12,British Grand Prix,R,07-07-2024
0 days 00:00:39.501000,30.4,39,990.9,FALSE,58.4,146,0.8,13,Hungarian Grand Prix,FP1,21-07-2024
0 days 00:01:39.506000,30.4,38,990.9,FALSE,58.4,179,1.5,13,Hungarian Grand Prix,FP1,21-07-2024
0 days 00:02:39.523000,30.6,39,990.9,FALSE,57.2,170,1.6,13,Hungarian Grand Prix,FP1,21-07-2024
0 days 00:03:39.535000,30.6,40,991,FALSE,57.2,217,1.1,13,Hungarian Grand Prix,FP1,21-07-2024
0 days 00:04:39.536000,30.6,40,990.9,FALSE,58.2,288,1,13,Hungarian Grand Prix,FP1,21-07-2024
0 days 00:05:39.552000,30.6,40,991,FALSE,59.5,146,1.2,13,Hungarian Grand Prix,FP1,21-07-2024
0 days 00:06:39.554000,30.9,38,990.9,FALSE,59.5,166,1.9,13,Hungarian Grand Prix,FP1,21-07-2024
0 days 00:07:39.554000,30.8,38,990.9,FALSE,58.6,217,1.4,13,Hungarian Grand Prix,FP1,21-07-2024
0 days 00:08:39.554000,30.7,39,990.8,FALSE,58,206,1.6,13,Hungarian Grand Prix,FP1,21-07-2024
0 days 00:09:39.553000,30.6,39,990.9,FALSE,58.4,238,0.9,13,Hungarian Grand Prix,FP1,21-07-2024
0 days 00:10:39.555000,30.6,38,990.9,FALSE,58.1,191,1.3,13,Hungarian Grand Prix,FP1,21-07-2024
0 days 00:11:39.549000,30.7,39,990.9,FALSE,58.1,210,1.2,13,Hungarian Grand Prix,FP1,21-07-2024
0 days 00:12:39.557000,30.6,39,990.8,FALSE,58.1,186,0.9,13,Hungarian Grand Prix,FP1,21-07-2024
0 days 00:13:39.557000,30.5,40,990.9,FALSE,57.7,142,1,13,Hungarian Grand Prix,FP1,21-07-2024
0 days 00:14:39.560000,30.4,40,990.8,FALSE,58.1,262,1.6,13,Hungarian Grand Prix,FP1,21-07-2024
0 days 00:15:39.578000,30.4,40,990.8,FALSE,59.5,191,1.2,13,Hungarian Grand Prix,FP1,21-07-2024
0 days 00:16:39.608000,30.5,40,990.8,FALSE,59.5,191,1.2,13,Hungarian Grand Prix,FP1,21-07-2024
0 days 00:17:39.625000,30.4,38,990.9,FALSE,59.5,266,1.8,13,Hungarian Grand Prix,FP1,21-07-2024
0 days 00:18:39.623000,30.5,38,990.8,FALSE,59.5,154,0.9,13,Hungarian Grand Prix,FP1,21-07-2024
0 days 00:19:39.632000,30.6,37,990.8,FALSE,59.4,151,1,13,Hungarian Grand Prix,FP1,21-07-2024
0 days 00:20:39.643000,30.8,37,990.8,FALSE,58.4,138,1.1,13,Hungarian Grand Prix,FP1,21-07-2024
0 days 00:21:39.644000,30.8,37,990.8,FALSE,58.4,271,0.6,13,Hungarian Grand Prix,FP1,21-07-2024
0 days 00:22:39.644000,31,38,990.8,FALSE,58.9,322,1.2,13,Hungarian Grand Prix,FP1,21-07-2024
0 days 00:23:39.641000,31,38,990.7,FALSE,58.3,295,1.7,13,Hungarian Grand Prix,FP1,21-07-2024
0 days 00:24:39.644000,31,39,990.8,FALSE,56.9,303,1.9,13,Hungarian Grand Prix,FP1,21-07-2024
0 days 00:25:39.646000,31,39,990.8,FALSE,56.9,269,1.2,13,Hungarian Grand Prix,FP1,21-07-2024
0 days 00:26:39.649000,31.2,40,990.7,FALSE,57.7,294,1,13,Hungarian Grand Prix,FP1,21-07-2024
0 days 00:27:39.649000,31.3,40,990.7,FALSE,58.1,310,0.8,13,Hungarian Grand Prix,FP1,21-07-2024
0 days 00:28:39.647000,31,39,990.7,FALSE,58.1,314,0.8,13,Hungarian Grand Prix,FP1,21-07-2024
0 days 00:29:39.649000,30.9,39,990.7,FALSE,58.7,286,1.2,13,Hungarian Grand Prix,FP1,21-07-2024
0 days 00:30:39.651000,30.9,38,990.7,FALSE,59.2,315,1.6,13,Hungarian Grand Prix,FP1,21-07-2024
0 days 00:31:39.648000,31,38,990.7,FALSE,57.5,304,1.9,13,Hungarian Grand Prix,FP1,21-07-2024
0 days 00:32:39.647000,31,39,990.7,FALSE,57.5,0,1.3,13,Hungarian Grand Prix,FP1,21-07-2024
0 days 00:33:39.649000,31,38,990.6,FALSE,58.6,186,1,13,Hungarian Grand Prix,FP1,21-07-2024
0 days 00:34:39.650000,31.1,39,990.7,FALSE,58.6,316,1.2,13,Hungarian Grand Prix,FP1,21-07-2024
0 days 00:35:39.651000,31,38,990.6,FALSE,58.5,309,0.9,13,Hungarian Grand Prix,FP1,21-07-2024
0 days 00:36:39.712000,30.9,39,990.6,FALSE,58.2,345,1.2,13,Hungarian Grand Prix,FP1,21-07-2024
0 days 00:37:39.659000,31,38,990.6,FALSE,58.8,311,0.7,13,Hungarian Grand Prix,FP1,21-07-2024
0 days 00:38:39.651000,31,38,990.5,FALSE,58.3,307,2.8,13,Hungarian Grand Prix,FP1,21-07-2024
0 days 00:39:39.652000,31,38,990.5,FALSE,58.3,292,3.8,13,Hungarian Grand Prix,FP1,21-07-2024
0 days 00:40:39.660000,30.9,39,990.6,FALSE,59.3,295,2.4,13,Hungarian Grand Prix,FP1,21-07-2024
0 days 00:41:39.654000,31,38,990.6,FALSE,59.4,192,1.2,13,Hungarian Grand Prix,FP1,21-07-2024
0 days 00:42:39.654000,31.1,37,990.6,FALSE,58.2,139,1.9,13,Hungarian Grand Prix,FP1,21-07-2024
0 days 00:43:39.656000,30.9,39,990.5,FALSE,57.9,241,1.2,13,Hungarian Grand Prix,FP1,21-07-2024
0 days 00:44:39.647000,30.8,39,990.6,FALSE,58,292,1.1,13,Hungarian Grand Prix,FP1,21-07-2024
0 days 00:45:39.658000,30.9,38,990.6,FALSE,59.2,306,1.7,13,Hungarian Grand Prix,FP1,21-07-2024
0 days 00:46:39.671000,30.9,38,990.6,FALSE,58.2,295,2,13,Hungarian Grand Prix,FP1,21-07-2024
0 days 00:47:39.660000,30.9,38,990.6,FALSE,58.1,145,0.9,13,Hungarian Grand Prix,FP1,21-07-2024
0 days 00:48:39.661000,30.8,39,990.5,FALSE,58.1,150,0.4,13,Hungarian Grand Prix,FP1,21-07-2024
0 days 00:49:39.665000,30.7,39,990.4,FALSE,58.1,154,0.8,13,Hungarian Grand Prix,FP1,21-07-2024
0 days 00:50:39.660000,30.9,39,990.5,FALSE,58.7,183,1,13,Hungarian Grand Prix,FP1,21-07-2024
0 days 00:51:39.663000,31,39,990.6,FALSE,58.8,151,1,13,Hungarian Grand Prix,FP1,21-07-2024
0 days 00:52:39.668000,31.1,38,990.4,FALSE,58.9,121,0.6,13,Hungarian Grand Prix,FP1,21-07-2024
0 days 00:53:39.666000,31.3,38,990.5,FALSE,59.4,167,1.2,13,Hungarian Grand Prix,FP1,21-07-2024
0 days 00:54:39.666000,31.4,38,990.4,FALSE,59.5,146,1.1,13,Hungarian Grand Prix,FP1,21-07-2024
0 days 00:55:39.659000,31.3,37,990.4,FALSE,59.5,150,0.9,13,Hungarian Grand Prix,FP1,21-07-2024
0 days 00:56:39.667000,31.1,37,990.4,FALSE,60.3,145,1.2,13,Hungarian Grand Prix,FP1,21-07-2024
0 days 00:57:39.667000,31.2,37,990.5,FALSE,59.7,0,0.9,13,Hungarian Grand Prix,FP1,21-07-2024
0 days 00:58:39.670000,31.2,37,990.4,FALSE,57.8,150,0.3,13,Hungarian Grand Prix,FP1,21-07-2024
0 days 00:59:39.671000,31.2,38,990.4,FALSE,57.8,177,1.8,13,Hungarian Grand Prix,FP1,21-07-2024
0 days 01:00:39.675000,31.2,37,990.4,FALSE,58.8,154,1.6,13,Hungarian Grand Prix,FP1,21-07-2024
0 days 01:01:39.677000,31.1,37,990.4,FALSE,57.9,177,1,13,Hungarian Grand Prix,FP1,21-07-2024
0 days 01:02:39.736000,30.9,38,990.4,FALSE,58,204,2.2,13,Hungarian Grand Prix,FP1,21-07-2024
0 days 01:03:39.689000,30.8,38,990.3,FALSE,58.9,176,1.2,13,Hungarian Grand Prix,FP1,21-07-2024
0 days 01:04:39.705000,30.9,37,990.4,FALSE,59,183,1,13,Hungarian Grand Prix,FP1,21-07-2024
0 days 01:05:39.879000,31.1,37,990.4,FALSE,60.6,285,0.5,13,Hungarian Grand Prix,FP1,21-07-2024
0 days 01:06:39.877000,31.2,37,990.3,FALSE,60,0,0.5,13,Hungarian Grand Prix,FP1,21-07-2024
0 days 01:07:39.894000,31.3,36,990.3,FALSE,60.5,187,0.6,13,Hungarian Grand Prix,FP1,21-07-2024
0 days 01:08:39.895000,31.6,34,990.3,FALSE,60,199,0.7,13,Hungarian Grand Prix,FP1,21-07-2024
0 days 01:09:39.903000,31.6,35,990.3,FALSE,58.5,316,1.7,13,Hungarian Grand Prix,FP1,21-07-2024
0 days 01:10:39.919000,31.8,36,990.3,FALSE,57.4,313,2.9,13,Hungarian Grand Prix,FP1,21-07-2024
0 days 01:11:39.928000,31.7,37,990.2,FALSE,57.5,302,2.6,13,Hungarian Grand Prix,FP1,21-07-2024
0 days 01:12:39.930000,31.6,37,990.2,FALSE,57.6,298,2.2,13,Hungarian Grand Prix,FP1,21-07-2024
0 days 01:13:39.933000,31.5,38,990.2,FALSE,58.1,35,1.5,13,Hungarian Grand Prix,FP1,21-07-2024
0 days 01:14:39.931000,31.3,37,990.2,FALSE,58.9,158,0.7,13,Hungarian Grand Prix,FP1,21-07-2024
0 days 01:15:39.931000,31.4,36,990.2,FALSE,59.3,200,0.5,13,Hungarian Grand Prix,FP1,21-07-2024
0 days 01:16:39.932000,31.6,36,990.2,FALSE,58.9,9,1.6,13,Hungarian Grand Prix,FP1,21-07-2024
0 days 01:17:39.930000,31.6,36,990.2,FALSE,58.1,222,0.6,13,Hungarian Grand Prix,FP1,21-07-2024
0 days 01:18:39.931000,31.6,36,990.1,FALSE,57,0,0.9,13,Hungarian Grand Prix,FP1,21-07-2024
0 days 01:19:39.932000,31.6,37,990.1,FALSE,57,156,0.5,13,Hungarian Grand Prix,FP1,21-07-2024
0 days 01:20:39.937000,31.6,37,990.2,FALSE,57.1,207,0.9,13,Hungarian Grand Prix,FP1,21-07-2024
0 days 01:21:39.935000,31.5,37,990.1,FALSE,58.1,254,1,13,Hungarian Grand Prix,FP1,21-07-2024
0 days 00:00:03.238000,31.5,36,988.5,FALSE,49.2,201,0.7,13,Hungarian Grand Prix,FP2,21-07-2024
0 days 00:01:03.252000,31.5,36,988.5,FALSE,49.3,209,0.4,13,Hungarian Grand Prix,FP2,21-07-2024
0 days 00:02:03.242000,31.5,35,988.5,FALSE,48.9,181,1.5,13,Hungarian Grand Prix,FP2,21-07-2024
0 days 00:03:03.252000,31.4,36,988.5,FALSE,48.9,238,0.8,13,Hungarian Grand Prix,FP2,21-07-2024
0 days 00:04:03.270000,31.4,36,988.5,FALSE,47.7,262,0,13,Hungarian Grand Prix,FP2,21-07-2024
0 days 00:05:03.276000,31.5,36,988.6,FALSE,48.1,135,0.8,13,Hungarian Grand Prix,FP2,21-07-2024
0 days 00:06:03.291000,31.5,35,988.5,FALSE,48.2,138,1.6,13,Hungarian Grand Prix,FP2,21-07-2024
0 days 00:07:03.290000,31.4,36,988.5,FALSE,48.2,139,2,13,Hungarian Grand Prix,FP2,21-07-2024
0 days 00:08:03.295000,31.4,37,988.5,FALSE,48.3,125,1.5,13,Hungarian Grand Prix,FP2,21-07-2024
0 days 00:09:03.293000,31.3,36,988.5,FALSE,48.8,155,2.5,13,Hungarian Grand Prix,FP2,21-07-2024
0 days 00:10:03.296000,31.3,36,988.4,FALSE,48.6,136,2,13,Hungarian Grand Prix,FP2,21-07-2024
0 days 00:11:03.304000,31.2,37,988.5,FALSE,48.8,149,2.3,13,Hungarian Grand Prix,FP2,21-07-2024
0 days 00:12:03.319000,31.2,36,988.4,FALSE,48.8,186,1.7,13,Hungarian Grand Prix,FP2,21-07-2024
0 days 00:13:03.307000,31.3,37,988.5,FALSE,48.6,0,0.9,13,Hungarian Grand Prix,FP2,21-07-2024
0 days 00:14:03.305000,31.3,37,988.5,FALSE,48.3,151,0.4,13,Hungarian Grand Prix,FP2,21-07-2024
0 days 00:15:03.318000,31.3,37,988.5,FALSE,48.3,164,0.8,13,Hungarian Grand Prix,FP2,21-07-2024
0 days 00:16:03.326000,31.5,37,988.4,FALSE,49.7,0,0.4,13,Hungarian Grand Prix,FP2,21-07-2024
0 days 00:17:03.344000,31.8,36,988.3,FALSE,49.8,277,0.7,13,Hungarian Grand Prix,FP2,21-07-2024
0 days 00:18:03.356000,31.9,35,988.4,FALSE,49.1,265,1.4,13,Hungarian Grand Prix,FP2,21-07-2024
0 days 00:19:03.380000,31.7,36,988.3,FALSE,48,180,0.7,13,Hungarian Grand Prix,FP2,21-07-2024
0 days 00:20:03.382000,31.8,36,988.3,FALSE,47.8,167,1.1,13,Hungarian Grand Prix,FP2,21-07-2024
0 days 00:21:03.376000,31.8,35,988.4,FALSE,48,207,1.2,13,Hungarian Grand Prix,FP2,21-07-2024
0 days 00:22:03.383000,31.8,36,988.2,FALSE,47.6,113,1.8,13,Hungarian Grand Prix,FP2,21-07-2024
0 days 00:23:03.368000,31.6,37,988.3,FALSE,47.6,0,0.7,13,Hungarian Grand Prix,FP2,21-07-2024
0 days 00:24:03.380000,31.6,37,988.3,FALSE,48,119,0,13,Hungarian Grand Prix,FP2,21-07-2024
0 days 00:25:03.383000,31.6,36,988.3,FALSE,48,174,0.9,13,Hungarian Grand Prix,FP2,21-07-2024
0 days 00:26:03.383000,31.6,37,988.3,FALSE,48,180,1.5,13,Hungarian Grand Prix,FP2,21-07-2024
0 days 00:27:03.380000,31.5,37,988.2,FALSE,47.9,123,1.5,13,Hungarian Grand Prix,FP2,21-07-2024
0 days 00:28:03.387000,31.4,36,988.3,FALSE,47.6,160,0.6,13,Hungarian Grand Prix,FP2,21-07-2024
0 days 00:29:03.389000,31.3,36,988.2,FALSE,47.5,213,1,13,Hungarian Grand Prix,FP2,21-07-2024
0 days 00:30:03.384000,31.2,36,988.2,FALSE,47.3,135,1.3,13,Hungarian Grand Prix,FP2,21-07-2024
0 days 00:31:03.384000,31.1,36,988.2,FALSE,47.3,169,1.2,13,Hungarian Grand Prix,FP2,21-07-2024
0 days 00:32:03.378000,31.2,37,988.1,FALSE,47.3,145,1.3,13,Hungarian Grand Prix,FP2,21-07-2024
0 days 00:33:03.388000,31.2,37,988.1,FALSE,47.4,170,1.2,13,Hungarian Grand Prix,FP2,21-07-2024
0 days 00:34:03.386000,31.1,37,988.1,FALSE,46.4,135,0.8,13,Hungarian Grand Prix,FP2,21-07-2024
0 days 00:35:03.387000,31,37,988,FALSE,46.3,220,0.7,13,Hungarian Grand Prix,FP2,21-07-2024
0 days 00:36:03.424000,30.9,37,988,FALSE,46.8,203,1.1,13,Hungarian Grand Prix,FP2,21-07-2024
0 days 00:37:03.398000,31,37,988,FALSE,46.6,210,1.3,13,Hungarian Grand Prix,FP2,21-07-2024
0 days 00:38:03.379000,30.9,37,988,FALSE,45.8,146,0.9,13,Hungarian Grand Prix,FP2,21-07-2024
0 days 00:39:03.379000,30.8,37,988,FALSE,45.6,170,0.7,13,Hungarian Grand Prix,FP2,21-07-2024
0 days 00:40:03.389000,30.8,37,988.1,FALSE,45.3,171,0.7,13,Hungarian Grand Prix,FP2,21-07-2024
0 days 00:41:03.392000,30.7,37,988,FALSE,44.6,114,0.8,13,Hungarian Grand Prix,FP2,21-07-2024
0 days 00:42:03.396000,30.7,37,988,FALSE,44.1,134,0.6,13,Hungarian Grand Prix,FP2,21-07-2024
0 days 00:43:03.389000,30.8,37,988.1,FALSE,43.9,275,0.4,13,Hungarian Grand Prix,FP2,21-07-2024
0 days 00:44:03.391000,30.8,38,988.1,FALSE,43.6,212,0.6,13,Hungarian Grand Prix,FP2,21-07-2024
0 days 00:45:03.400000,30.8,38,987.9,FALSE,43.6,0,0.7,13,Hungarian Grand Prix,FP2,21-07-2024
0 days 00:46:03.397000,30.9,38,988,FALSE,44.1,239,0,13,Hungarian Grand Prix,FP2,21-07-2024
0 days 00:47:03.387000,31,38,988,FALSE,44.2,41,0.4,13,Hungarian Grand Prix,FP2,21-07-2024
0 days 00:48:03.398000,30.9,38,988,FALSE,43.8,0,0.3,13,Hungarian Grand Prix,FP2,21-07-2024
0 days 00:49:03.395000,30.8,38,988,FALSE,43.4,40,0,13,Hungarian Grand Prix,FP2,21-07-2024
0 days 00:50:03.393000,30.8,38,987.9,FALSE,43.1,284,0.5,13,Hungarian Grand Prix,FP2,21-07-2024
0 days 00:51:03.389000,30.9,39,988,FALSE,42.9,0,0.5,13,Hungarian Grand Prix,FP2,21-07-2024
0 days 00:52:03.398000,31,39,987.9,FALSE,42.9,194,0.5,13,Hungarian Grand Prix,FP2,21-07-2024
0 days 00:53:03.403000,31,38,987.9,FALSE,43.6,172,1.3,13,Hungarian Grand Prix,FP2,21-07-2024
0 days 00:54:03.408000,31,38,987.9,FALSE,43.8,197,1.3,13,Hungarian Grand Prix,FP2,21-07-2024
0 days 00:55:03.408000,31.1,38,987.8,FALSE,44.1,213,0.8,13,Hungarian Grand Prix,FP2,21-07-2024
0 days 00:56:03.413000,31.1,39,987.9,FALSE,44.2,190,1.2,13,Hungarian Grand Prix,FP2,21-07-2024
0 days 00:57:03.401000,31.2,39,987.9,FALSE,44.7,155,0.9,13,Hungarian Grand Prix,FP2,21-07-2024
0 days 00:58:03.396000,31.2,38,987.9,FALSE,44.9,118,0.9,13,Hungarian Grand Prix,FP2,21-07-2024
0 days 00:59:03.409000,31.1,38,987.9,FALSE,44.8,216,1.2,13,Hungarian Grand Prix,FP2,21-07-2024
0 days 01:00:03.402000,31.1,38,987.9,FALSE,44.6,209,1.4,13,Hungarian Grand Prix,FP2,21-07-2024
0 days 01:01:03.409000,31.2,37,987.9,FALSE,44.7,190,1.7,13,Hungarian Grand Prix,FP2,21-07-2024
0 days 01:02:03.407000,31.2,37,987.9,FALSE,44.7,171,1.4,13,Hungarian Grand Prix,FP2,21-07-2024
0 days 01:03:03.407000,31.2,38,987.8,FALSE,44.6,179,1.6,13,Hungarian Grand Prix,FP2,21-07-2024
0 days 01:04:03.401000,31.2,39,987.8,FALSE,44.6,189,1.3,13,Hungarian Grand Prix,FP2,21-07-2024
0 days 01:05:03.402000,31.3,38,987.8,FALSE,44.6,193,1.5,13,Hungarian Grand Prix,FP2,21-07-2024
0 days 01:06:03.408000,31.4,38,987.9,FALSE,44.5,141,0.8,13,Hungarian Grand Prix,FP2,21-07-2024
0 days 01:07:03.414000,31.4,38,987.8,FALSE,44.6,144,0.7,13,Hungarian Grand Prix,FP2,21-07-2024
0 days 01:08:03.410000,31.4,37,987.8,FALSE,44.7,171,0.8,13,Hungarian Grand Prix,FP2,21-07-2024
0 days 01:09:03.406000,31.5,36,987.8,FALSE,44.2,174,1.2,13,Hungarian Grand Prix,FP2,21-07-2024
0 days 01:10:03.418000,31.4,37,987.8,FALSE,44.2,173,1.1,13,Hungarian Grand Prix,FP2,21-07-2024
0 days 01:11:03.407000,31.3,37,987.8,FALSE,44,193,0.9,13,Hungarian Grand Prix,FP2,21-07-2024
0 days 01:12:03.417000,31.1,37,987.8,FALSE,43.2,156,1,13,Hungarian Grand Prix,FP2,21-07-2024
0 days 01:13:03.412000,31,38,987.9,FALSE,42.7,188,1,13,Hungarian Grand Prix,FP2,21-07-2024
0 days 01:14:03.418000,31,38,987.7,FALSE,42.6,155,1.1,13,Hungarian Grand Prix,FP2,21-07-2024
0 days 01:15:03.417000,30.9,38,987.8,FALSE,42.3,217,1.1,13,Hungarian Grand Prix,FP2,21-07-2024
0 days 01:16:03.421000,30.8,38,987.8,FALSE,42.2,183,1.1,13,Hungarian Grand Prix,FP2,21-07-2024
0 days 01:17:03.420000,30.8,39,987.8,FALSE,41.7,185,1,13,Hungarian Grand Prix,FP2,21-07-2024
0 days 01:18:03.416000,30.7,40,987.8,FALSE,41.6,176,0.9,13,Hungarian Grand Prix,FP2,21-07-2024
0 days 01:19:03.420000,30.6,39,987.8,FALSE,41.6,201,1.2,13,Hungarian Grand Prix,FP2,21-07-2024
0 days 01:20:03.417000,30.5,40,987.8,FALSE,41.5,154,1.4,13,Hungarian Grand Prix,FP2,21-07-2024
0 days 00:00:27.750000,26.6,43,985.1,FALSE,40,297,0.7,13,Hungarian Grand Prix,FP3,21-07-2024
0 days 00:01:27.744000,26.7,43,985.2,FALSE,40.1,319,1.4,13,Hungarian Grand Prix,FP3,21-07-2024
0 days 00:02:27.755000,26.7,44,985.1,FALSE,40.1,301,1.6,13,Hungarian Grand Prix,FP3,21-07-2024
0 days 00:03:27.752000,26.6,44,985.1,FALSE,40,285,1.4,13,Hungarian Grand Prix,FP3,21-07-2024
0 days 00:04:27.759000,26.6,44,985.1,FALSE,40.1,308,1.1,13,Hungarian Grand Prix,FP3,21-07-2024
0 days 00:05:27.772000,26.7,44,985.1,FALSE,39.9,314,1.4,13,Hungarian Grand Prix,FP3,21-07-2024
0 days 00:06:27.771000,26.8,43,985.1,FALSE,39.8,306,1.5,13,Hungarian Grand Prix,FP3,21-07-2024
0 days 00:07:27.768000,26.7,44,985.1,FALSE,39.9,319,0.8,13,Hungarian Grand Prix,FP3,21-07-2024
0 days 00:08:27.775000,26.7,44,985.1,FALSE,39.8,314,1.4,13,Hungarian Grand Prix,FP3,21-07-2024
0 days 00:09:27.792000,26.7,43,985,FALSE,39.7,305,1.5,13,Hungarian Grand Prix,FP3,21-07-2024
0 days 00:10:27.791000,26.6,44,985.1,FALSE,39.9,311,0.7,13,Hungarian Grand Prix,FP3,21-07-2024
0 days 00:11:27.799000,26.6,43,985,FALSE,40,314,1.6,13,Hungarian Grand Prix,FP3,21-07-2024
0 days 00:12:27.822000,26.6,43,985.1,FALSE,40,307,1.5,13,Hungarian Grand Prix,FP3,21-07-2024
0 days 00:13:27.816000,26.6,44,985.1,FALSE,40,170,0.6,13,Hungarian Grand Prix,FP3,21-07-2024
0 days 00:14:27.828000,26.6,44,985.1,FALSE,40,289,0.4,13,Hungarian Grand Prix,FP3,21-07-2024
0 days 00:15:27.822000,26.7,44,985,FALSE,39.9,283,0.4,13,Hungarian Grand Prix,FP3,21-07-2024
0 days 00:16:27.825000,26.8,44,985.1,FALSE,39.9,303,0.9,13,Hungarian Grand Prix,FP3,21-07-2024
0 days 00:17:27.826000,26.9,43,985,FALSE,40.1,0,0.9,13,Hungarian Grand Prix,FP3,21-07-2024
0 days 00:18:27.824000,26.9,43,985,FALSE,39.9,0,0.5,13,Hungarian Grand Prix,FP3,21-07-2024
0 days 00:19:27.840000,27,44,985,FALSE,40.3,217,0.9,13,Hungarian Grand Prix,FP3,21-07-2024
0 days 00:20:27.863000,27,43,985,FALSE,40.6,307,1,13,Hungarian Grand Prix,FP3,21-07-2024
0 days 00:21:27.859000,27,42,985,FALSE,41,288,1,13,Hungarian Grand Prix,FP3,21-07-2024
0 days 00:22:27.862000,27.1,42,985,FALSE,41.3,187,1.2,13,Hungarian Grand Prix,FP3,21-07-2024
0 days 00:23:27.856000,27,42,985,FALSE,40,215,0.9,13,Hungarian Grand Prix,FP3,21-07-2024
0 days 00:24:27.874000,27,43,985,FALSE,40,216,0.6,13,Hungarian Grand Prix,FP3,21-07-2024
0 days 00:25:27.894000,27,43,985,FALSE,40.3,255,0.7,13,Hungarian Grand Prix,FP3,21-07-2024
0 days 00:26:27.891000,27,43,984.9,FALSE,40.4,305,0.7,13,Hungarian Grand Prix,FP3,21-07-2024
0 days 00:27:27.892000,27.1,43,984.9,FALSE,40.4,42,1.4,13,Hungarian Grand Prix,FP3,21-07-2024
0 days 00:28:27.935000,27.1,42,984.9,FALSE,40.3,300,1,13,Hungarian Grand Prix,FP3,21-07-2024
0 days 00:29:27.900000,27.1,43,984.9,FALSE,40.3,315,1.2,13,Hungarian Grand Prix,FP3,21-07-2024
0 days 00:30:27.906000,27,42,984.9,FALSE,39.6,296,1.8,13,Hungarian Grand Prix,FP3,21-07-2024
0 days 00:31:27.891000,26.9,43,984.9,FALSE,39.6,158,1,13,Hungarian Grand Prix,FP3,21-07-2024
0 days 00:32:27.900000,26.8,44,984.9,FALSE,39.6,128,0.6,13,Hungarian Grand Prix,FP3,21-07-2024
0 days 00:33:27.890000,26.7,44,984.9,FALSE,39.5,111,0.9,13,Hungarian Grand Prix,FP3,21-07-2024
0 days 00:34:27.896000,26.8,44,984.8,FALSE,39.7,164,0.7,13,Hungarian Grand Prix,FP3,21-07-2024
0 days 00:35:27.901000,26.8,44,984.9,FALSE,39.9,213,0.8,13,Hungarian Grand Prix,FP3,21-07-2024
0 days 00:36:27.906000,26.9,43,984.9,FALSE,39.9,189,1.2,13,Hungarian Grand Prix,FP3,21-07-2024
0 days 00:37:27.894000,26.8,43,984.9,FALSE,39.7,236,0.6,13,Hungarian Grand Prix,FP3,21-07-2024
0 days 00:38:27.910000,26.9,42,984.9,FALSE,39.4,210,0.9,13,Hungarian Grand Prix,FP3,21-07-2024
0 days 00:39:27.905000,26.9,43,984.9,FALSE,39.7,199,1.5,13,Hungarian Grand Prix,FP3,21-07-2024
0 days 00:40:27.909000,26.9,43,984.8,FALSE,40.1,254,0.5,13,Hungarian Grand Prix,FP3,21-07-2024
0 days 00:41:27.903000,26.9,43,984.9,FALSE,40.1,26,0.5,13,Hungarian Grand Prix,FP3,21-07-2024
0 days 00:42:27.904000,27,43,984.8,FALSE,39.7,311,0.9,13,Hungarian Grand Prix,FP3,21-07-2024
0 days 00:43:27.911000,27,42,984.9,FALSE,39.8,291,1.7,13,Hungarian Grand Prix,FP3,21-07-2024
0 days 00:44:27.904000,26.9,42,984.8,FALSE,39.7,192,1.2,13,Hungarian Grand Prix,FP3,21-07-2024
0 days 00:45:27.908000,27,42,984.8,FALSE,39.7,267,1.4,13,Hungarian Grand Prix,FP3,21-07-2024
0 days 00:46:27.905000,27.1,42,984.8,FALSE,39.3,186,1.1,13,Hungarian Grand Prix,FP3,21-07-2024
0 days 00:47:27.895000,27.1,42,984.8,FALSE,39.2,189,1,13,Hungarian Grand Prix,FP3,21-07-2024
0 days 00:48:27.911000,27.1,42,984.9,FALSE,39.2,289,0.5,13,Hungarian Grand Prix,FP3,21-07-2024
0 days 00:49:27.910000,27,42,984.8,FALSE,39.1,305,1,13,Hungarian Grand Prix,FP3,21-07-2024
0 days 00:50:27.913000,27,42,984.9,FALSE,38.5,311,1.9,13,Hungarian Grand Prix,FP3,21-07-2024
0 days 00:51:27.904000,27,42,984.8,FALSE,38.3,292,1.7,13,Hungarian Grand Prix,FP3,21-07-2024
0 days 00:52:27.916000,26.9,43,984.8,FALSE,38.3,147,1.5,13,Hungarian Grand Prix,FP3,21-07-2024
0 days 00:53:27.916000,26.9,43,984.8,FALSE,38.1,194,0.6,13,Hungarian Grand Prix,FP3,21-07-2024
0 days 00:54:27.911000,26.9,43,984.8,FALSE,37.8,95,0.9,13,Hungarian Grand Prix,FP3,21-07-2024
0 days 00:55:27.910000,26.9,43,984.8,FALSE,38.4,147,0.5,13,Hungarian Grand Prix,FP3,21-07-2024
0 days 00:56:27.916000,26.9,43,984.7,FALSE,38.4,195,0.9,13,Hungarian Grand Prix,FP3,21-07-2024
0 days 00:57:27.906000,26.9,42,984.8,FALSE,37.7,116,0.4,13,Hungarian Grand Prix,FP3,21-07-2024
0 days 00:58:27.917000,26.9,43,984.8,FALSE,37.4,207,0.6,13,Hungarian Grand Prix,FP3,21-07-2024
0 days 00:59:27.923000,26.8,43,984.7,FALSE,37.4,191,1,13,Hungarian Grand Prix,FP3,21-07-2024
0 days 01:00:27.913000,26.8,43,984.8,FALSE,37.6,150,1,13,Hungarian Grand Prix,FP3,21-07-2024
0 days 01:01:27.921000,26.7,43,984.8,FALSE,37.4,301,0.6,13,Hungarian Grand Prix,FP3,21-07-2024
0 days 01:02:27.921000,26.7,43,984.7,FALSE,37.4,0,0.6,13,Hungarian Grand Prix,FP3,21-07-2024
0 days 01:03:27.914000,26.7,43,984.7,FALSE,37,195,0,13,Hungarian Grand Prix,FP3,21-07-2024
0 days 01:04:27.914000,26.7,43,984.8,FALSE,37.1,154,0.8,13,Hungarian Grand Prix,FP3,21-07-2024
0 days 01:05:27.916000,26.7,43,984.7,FALSE,37.1,164,0.7,13,Hungarian Grand Prix,FP3,21-07-2024
0 days 01:06:27.918000,26.6,43,984.7,FALSE,36.9,289,0.5,13,Hungarian Grand Prix,FP3,21-07-2024
0 days 01:07:27.933000,26.6,43,984.8,FALSE,37.4,148,0.6,13,Hungarian Grand Prix,FP3,21-07-2024
0 days 01:08:27.951000,26.7,43,984.7,FALSE,37.6,0,0.6,13,Hungarian Grand Prix,FP3,21-07-2024
0 days 01:09:27.957000,26.8,43,984.6,FALSE,37.5,167,0.5,13,Hungarian Grand Prix,FP3,21-07-2024
0 days 01:10:27.978000,26.8,43,984.6,FALSE,37.5,167,0.5,13,Hungarian Grand Prix,FP3,21-07-2024
0 days 01:11:27.964000,26.8,42,984.7,FALSE,37.5,156,0.3,13,Hungarian Grand Prix,FP3,21-07-2024
0 days 01:12:27.977000,26.8,42,984.7,FALSE,37.5,183,0.5,13,Hungarian Grand Prix,FP3,21-07-2024
0 days 01:13:27.981000,26.8,42,984.7,FALSE,37.6,81,0.6,13,Hungarian Grand Prix,FP3,21-07-2024
0 days 01:14:27.967000,26.8,43,984.6,FALSE,37.4,186,0.6,13,Hungarian Grand Prix,FP3,21-07-2024
0 days 01:15:27.997000,26.7,43,984.6,FALSE,37.3,85,0.6,13,Hungarian Grand Prix,FP3,21-07-2024
0 days 01:16:28.008000,26.8,43,984.7,FALSE,37.8,243,1.2,13,Hungarian Grand Prix,FP3,21-07-2024
0 days 01:17:28.022000,26.8,43,984.6,FALSE,37.8,304,1.4,13,Hungarian Grand Prix,FP3,21-07-2024
0 days 01:18:28.020000,26.9,42,984.8,FALSE,37.2,338,1,13,Hungarian Grand Prix,FP3,21-07-2024
0 days 01:19:28.027000,26.9,42,984.8,FALSE,37.2,338,1,13,Hungarian Grand Prix,FP3,21-07-2024
0 days 00:00:25.030000,24.5,61,984.4,TRUE,29.8,274,1.1,13,Hungarian Grand Prix,Q,21-07-2024
0 days 00:01:25.021000,24.5,60,984.4,TRUE,29.3,20,0.4,13,Hungarian Grand Prix,Q,21-07-2024
0 days 00:02:25.030000,24.4,62,984.4,TRUE,29.2,0,0.5,13,Hungarian Grand Prix,Q,21-07-2024
0 days 00:03:25.040000,24.4,62,984.4,TRUE,29.3,224,0.5,13,Hungarian Grand Prix,Q,21-07-2024
0 days 00:04:25.030000,24.4,62,984.3,TRUE,29.3,307,0.6,13,Hungarian Grand Prix,Q,21-07-2024
0 days 00:05:25.033000,24.3,64,984.3,TRUE,29.3,291,0.5,13,Hungarian Grand Prix,Q,21-07-2024
0 days 00:06:25.036000,24.3,64,984.3,TRUE,29.2,233,0.6,13,Hungarian Grand Prix,Q,21-07-2024
0 days 00:07:25.032000,24.3,65,984.3,TRUE,29.2,268,0.8,13,Hungarian Grand Prix,Q,21-07-2024
0 days 00:08:25.040000,24.3,63,984.3,TRUE,29.2,226,0.5,13,Hungarian Grand Prix,Q,21-07-2024
0 days 00:09:25.034000,24.2,65,984.3,TRUE,29.3,12,0.5,13,Hungarian Grand Prix,Q,21-07-2024
0 days 00:10:25.039000,24.2,63,984.2,TRUE,29.5,338,1.1,13,Hungarian Grand Prix,Q,21-07-2024
0 days 00:11:25.035000,24.3,63,984.3,TRUE,29.5,336,1,13,Hungarian Grand Prix,Q,21-07-2024
0 days 00:12:25.036000,24.3,62,984.2,TRUE,29.4,293,0.6,13,Hungarian Grand Prix,Q,21-07-2024
0 days 00:13:25.042000,24.3,63,984.3,TRUE,29.4,290,0.8,13,Hungarian Grand Prix,Q,21-07-2024
0 days 00:14:25.040000,24.3,63,984.3,TRUE,29.5,307,1,13,Hungarian Grand Prix,Q,21-07-2024
0 days 00:15:25.037000,24.3,66,984.3,TRUE,29.6,215,0.9,13,Hungarian Grand Prix,Q,21-07-2024
0 days 00:16:25.040000,24.3,64,984.3,TRUE,29.7,176,1.1,13,Hungarian Grand Prix,Q,21-07-2024
0 days 00:17:25.042000,24.2,67,984.3,TRUE,29.7,360,0.9,13,Hungarian Grand Prix,Q,21-07-2024
0 days 00:18:25.040000,24.3,67,984.3,TRUE,29.7,41,0.4,13,Hungarian Grand Prix,Q,21-07-2024
0 days 00:19:25.029000,24.3,68,984.2,TRUE,30.4,174,0.8,13,Hungarian Grand Prix,Q,21-07-2024
0 days 00:20:25.043000,24.3,68,984.2,TRUE,30.5,162,1.8,13,Hungarian Grand Prix,Q,21-07-2024
0 days 00:21:25.040000,24.4,67,984.1,TRUE,30.1,177,1.3,13,Hungarian Grand Prix,Q,21-07-2024
0 days 00:22:25.046000,24.5,67,984.2,TRUE,29.8,160,1.2,13,Hungarian Grand Prix,Q,21-07-2024
0 days 00:23:25.044000,24.5,69,984.3,TRUE,29.7,169,1.5,13,Hungarian Grand Prix,Q,21-07-2024
0 days 00:24:25.044000,24.6,69,984.2,TRUE,29.8,156,1.1,13,Hungarian Grand Prix,Q,21-07-2024
0 days 00:25:25.044000,24.6,69,984.2,TRUE,29.7,289,0.7,13,Hungarian Grand Prix,Q,21-07-2024
0 days 00:26:25.055000,24.6,69,984.2,TRUE,29.8,314,0.7,13,Hungarian Grand Prix,Q,21-07-2024
0 days 00:27:25.047000,24.5,67,984.3,TRUE,29.5,0,1,13,Hungarian Grand Prix,Q,21-07-2024
0 days 00:28:25.049000,24.4,66,984.1,TRUE,29.5,356,0.7,13,Hungarian Grand Prix,Q,21-07-2024
0 days 00:29:25.047000,24.3,66,984.1,TRUE,28.8,20,0.6,13,Hungarian Grand Prix,Q,21-07-2024
0 days 00:30:25.049000,24.2,67,984.2,TRUE,29,350,0.9,13,Hungarian Grand Prix,Q,21-07-2024
0 days 00:31:25.039000,24.1,69,984.2,TRUE,29,312,1.1,13,Hungarian Grand Prix,Q,21-07-2024
0 days 00:32:25.050000,24.1,66,984.2,TRUE,29.1,159,1,13,Hungarian Grand Prix,Q,21-07-2024
0 days 00:33:25.050000,24.1,66,984.1,TRUE,29.1,233,0.6,13,Hungarian Grand Prix,Q,21-07-2024
0 days 00:34:25.050000,24,65,984.1,TRUE,29.1,323,0.8,13,Hungarian Grand Prix,Q,21-07-2024
0 days 00:35:25.051000,24,67,984.1,TRUE,29.2,212,0.6,13,Hungarian Grand Prix,Q,21-07-2024
0 days 00:36:25.052000,24,68,984.1,TRUE,29.3,250,0.5,13,Hungarian Grand Prix,Q,21-07-2024
0 days 00:37:25.042000,24,65,984.1,TRUE,29.3,5,1,13,Hungarian Grand Prix,Q,21-07-2024
0 days 00:38:25.054000,24,66,984.1,TRUE,29.1,234,0.4,13,Hungarian Grand Prix,Q,21-07-2024
0 days 00:39:25.055000,24,65,984.2,TRUE,29.1,352,0.5,13,Hungarian Grand Prix,Q,21-07-2024
0 days 00:40:25.056000,24,66,984.1,TRUE,29.2,10,0.6,13,Hungarian Grand Prix,Q,21-07-2024
0 days 00:41:25.062000,24,65,984.1,FALSE,29.2,18,1,13,Hungarian Grand Prix,Q,21-07-2024
0 days 00:42:25.061000,24,68,984.2,TRUE,29.4,192,0.6,13,Hungarian Grand Prix,Q,21-07-2024
0 days 00:43:25.061000,24,65,984.1,TRUE,29.5,331,0.7,13,Hungarian Grand Prix,Q,21-07-2024
0 days 00:44:25.131000,24.1,63,984.2,TRUE,29.3,190,0.4,13,Hungarian Grand Prix,Q,21-07-2024
0 days 00:45:25.060000,24.1,64,984.1,TRUE,29.4,201,1.4,13,Hungarian Grand Prix,Q,21-07-2024
0 days 00:46:25.055000,24.2,63,984.1,TRUE,29.5,24,1.3,13,Hungarian Grand Prix,Q,21-07-2024
0 days 00:47:25.061000,24.2,61,984,TRUE,29.5,239,0.8,13,Hungarian Grand Prix,Q,21-07-2024
0 days 00:48:25.065000,24.3,60,983.9,TRUE,29.4,331,0.8,13,Hungarian Grand Prix,Q,21-07-2024
0 days 00:49:25.063000,24.3,61,984,TRUE,29.6,2,1.1,13,Hungarian Grand Prix,Q,21-07-2024
0 days 00:50:25.066000,24.2,60,984,TRUE,29.7,308,1.5,13,Hungarian Grand Prix,Q,21-07-2024
0 days 00:51:25.064000,24.2,62,983.9,FALSE,29.9,0,0.9,13,Hungarian Grand Prix,Q,21-07-2024
0 days 00:52:25.068000,24.1,61,984,FALSE,30,310,1.4,13,Hungarian Grand Prix,Q,21-07-2024
0 days 00:53:25.069000,24.1,60,983.9,FALSE,30.1,333,1.5,13,Hungarian Grand Prix,Q,21-07-2024
0 days 00:54:25.065000,24.1,60,983.9,FALSE,30.1,5,0.9,13,Hungarian Grand Prix,Q,21-07-2024
0 days 00:55:25.113000,24.1,62,983.9,TRUE,30.3,359,0.7,13,Hungarian Grand Prix,Q,21-07-2024
0 days 00:56:25.066000,24.1,61,983.9,TRUE,30.8,341,1,13,Hungarian Grand Prix,Q,21-07-2024
0 days 00:57:25.068000,24.2,59,983.8,TRUE,30.9,309,0.9,13,Hungarian Grand Prix,Q,21-07-2024
0 days 00:58:25.069000,24.4,60,983.9,FALSE,30.7,322,0.9,13,Hungarian Grand Prix,Q,21-07-2024
0 days 00:59:25.072000,24.4,59,983.9,FALSE,30.7,3,0.5,13,Hungarian Grand Prix,Q,21-07-2024
0 days 01:00:25.069000,24.5,58,983.8,FALSE,30.7,294,0.7,13,Hungarian Grand Prix,Q,21-07-2024
0 days 01:01:25.069000,24.5,58,983.8,FALSE,30.7,356,0.7,13,Hungarian Grand Prix,Q,21-07-2024
0 days 01:02:25.072000,24.5,58,983.8,FALSE,30.7,304,0.8,13,Hungarian Grand Prix,Q,21-07-2024
0 days 01:03:25.078000,24.5,58,983.8,FALSE,30.8,355,1,13,Hungarian Grand Prix,Q,21-07-2024
0 days 01:04:25.087000,24.5,58,983.8,FALSE,30.9,347,0.7,13,Hungarian Grand Prix,Q,21-07-2024
0 days 01:05:25.089000,24.5,59,983.8,TRUE,31.1,230,0.7,13,Hungarian Grand Prix,Q,21-07-2024
0 days 01:06:25.108000,24.5,59,983.8,TRUE,31.2,175,0.9,13,Hungarian Grand Prix,Q,21-07-2024
0 days 01:07:25.125000,24.6,58,983.8,FALSE,31.6,314,1.2,13,Hungarian Grand Prix,Q,21-07-2024
0 days 01:08:25.126000,24.7,58,983.8,FALSE,31.3,213,0.7,13,Hungarian Grand Prix,Q,21-07-2024
0 days 01:09:25.126000,24.7,59,983.8,FALSE,31.7,33,0.5,13,Hungarian Grand Prix,Q,21-07-2024
0 days 01:10:25.196000,24.7,58,983.9,FALSE,31.2,273,1.1,13,Hungarian Grand Prix,Q,21-07-2024
0 days 01:11:25.155000,24.8,59,983.8,TRUE,31.1,5,0.8,13,Hungarian Grand Prix,Q,21-07-2024
0 days 01:12:25.156000,24.7,60,983.9,TRUE,31.1,191,0.7,13,Hungarian Grand Prix,Q,21-07-2024
0 days 01:13:25.183000,24.6,59,983.8,TRUE,31.2,323,0.5,13,Hungarian Grand Prix,Q,21-07-2024
0 days 01:14:25.172000,24.5,59,983.9,FALSE,31.2,310,1,13,Hungarian Grand Prix,Q,21-07-2024
0 days 01:15:25.193000,24.6,59,983.9,FALSE,31.1,32,0.7,13,Hungarian Grand Prix,Q,21-07-2024
0 days 01:16:25.207000,24.6,58,983.8,FALSE,31.3,211,0.3,13,Hungarian Grand Prix,Q,21-07-2024
0 days 01:17:25.212000,24.6,59,983.9,FALSE,31.6,183,0.4,13,Hungarian Grand Prix,Q,21-07-2024
0 days 01:18:25.207000,24.6,59,983.9,TRUE,31.6,192,0.6,13,Hungarian Grand Prix,Q,21-07-2024
0 days 01:19:25.210000,24.7,58,983.9,TRUE,32,332,0.9,13,Hungarian Grand Prix,Q,21-07-2024
0 days 01:20:25.209000,24.8,58,983.9,TRUE,31.7,301,0.7,13,Hungarian Grand Prix,Q,21-07-2024
0 days 01:21:25.209000,24.8,58,983.8,TRUE,31.3,0,0,13,Hungarian Grand Prix,Q,21-07-2024
0 days 01:22:25.209000,24.8,59,983.8,TRUE,31.3,324,0.4,13,Hungarian Grand Prix,Q,21-07-2024
0 days 01:23:25.221000,24.8,57,983.8,TRUE,31.6,313,1.1,13,Hungarian Grand Prix,Q,21-07-2024
0 days 01:24:25.258000,24.9,56,983.9,TRUE,31.7,310,1.1,13,Hungarian Grand Prix,Q,21-07-2024
0 days 01:25:25.216000,24.8,56,983.9,TRUE,31.6,328,1.3,13,Hungarian Grand Prix,Q,21-07-2024
0 days 01:26:25.213000,24.8,56,983.8,TRUE,31.4,274,1.9,13,Hungarian Grand Prix,Q,21-07-2024
0 days 01:27:25.215000,24.8,58,983.8,TRUE,31.3,295,1.5,13,Hungarian Grand Prix,Q,21-07-2024
0 days 01:28:25.215000,24.6,57,983.9,TRUE,31.5,301,1.2,13,Hungarian Grand Prix,Q,21-07-2024
0 days 01:29:25.220000,24.5,57,983.7,TRUE,31.7,314,1.4,13,Hungarian Grand Prix,Q,21-07-2024
0 days 01:30:25.216000,24.5,57,983.9,TRUE,31.7,349,1.2,13,Hungarian Grand Prix,Q,21-07-2024
0 days 01:31:25.216000,24.5,58,983.7,TRUE,31.3,334,2,13,Hungarian Grand Prix,Q,21-07-2024
0 days 01:32:25.218000,24.4,58,983.8,TRUE,31.3,307,2.4,13,Hungarian Grand Prix,Q,21-07-2024
0 days 01:33:25.218000,24.4,59,983.8,TRUE,31.3,338,1.6,13,Hungarian Grand Prix,Q,21-07-2024
0 days 01:34:25.220000,24.3,59,983.9,TRUE,31.4,333,1.5,13,Hungarian Grand Prix,Q,21-07-2024
0 days 01:35:25.223000,24.4,60,983.8,TRUE,31.4,318,1.2,13,Hungarian Grand Prix,Q,21-07-2024
0 days 01:36:25.221000,24.3,60,983.8,TRUE,31,287,1.4,13,Hungarian Grand Prix,Q,21-07-2024
0 days 01:37:25.224000,24.3,60,983.8,TRUE,31,315,1.7,13,Hungarian Grand Prix,Q,21-07-2024
0 days 01:38:25.228000,24.3,60,983.8,TRUE,31,316,1.7,13,Hungarian Grand Prix,Q,21-07-2024
0 days 01:39:25.223000,24.2,60,983.9,TRUE,31,310,1.1,13,Hungarian Grand Prix,Q,21-07-2024
0 days 01:40:25.223000,24.3,61,983.8,FALSE,31.1,356,1.1,13,Hungarian Grand Prix,Q,21-07-2024
0 days 01:41:25.224000,24.3,60,983.8,FALSE,31.4,324,1.2,13,Hungarian Grand Prix,Q,21-07-2024
0 days 01:42:25.231000,24.4,60,983.7,FALSE,31.2,342,1.2,13,Hungarian Grand Prix,Q,21-07-2024
0 days 01:43:25.230000,24.3,60,983.7,FALSE,31.2,321,1.4,13,Hungarian Grand Prix,Q,21-07-2024
0 days 01:44:25.227000,24.3,60,983.8,FALSE,31.2,332,1.2,13,Hungarian Grand Prix,Q,21-07-2024
0 days 00:00:57.711000,27.4,51,982,FALSE,43.7,333,1,13,Hungarian Grand Prix,R,21-07-2024
0 days 00:01:57.722000,27.4,52,982,FALSE,45.1,318,1.4,13,Hungarian Grand Prix,R,21-07-2024
0 days 00:02:57.743000,27.5,51,982,FALSE,46,306,1.6,13,Hungarian Grand Prix,R,21-07-2024
0 days 00:03:57.742000,27.5,51,982.1,FALSE,46,308,1.3,13,Hungarian Grand Prix,R,21-07-2024
0 days 00:04:57.765000,27.4,51,982,FALSE,45.4,325,1.9,13,Hungarian Grand Prix,R,21-07-2024
0 days 00:05:57.744000,27.5,51,982,FALSE,45.8,32,1.5,13,Hungarian Grand Prix,R,21-07-2024
0 days 00:06:57.744000,27.5,52,982,FALSE,45.8,313,1.3,13,Hungarian Grand Prix,R,21-07-2024
0 days 00:07:57.745000,27.5,51,982,FALSE,46.1,316,1,13,Hungarian Grand Prix,R,21-07-2024
0 days 00:08:57.762000,27.6,52,982,FALSE,46,268,1.6,13,Hungarian Grand Prix,R,21-07-2024
0 days 00:09:57.795000,27.6,52,982,FALSE,47.7,331,1.2,13,Hungarian Grand Prix,R,21-07-2024
0 days 00:10:57.801000,27.7,51,982,FALSE,46.9,336,0.8,13,Hungarian Grand Prix,R,21-07-2024
0 days 00:11:57.809000,27.6,51,982,FALSE,47.6,358,1.3,13,Hungarian Grand Prix,R,21-07-2024
0 days 00:12:57.811000,27.7,50,981.9,FALSE,47.4,330,1.6,13,Hungarian Grand Prix,R,21-07-2024
0 days 00:13:57.827000,27.6,50,981.9,FALSE,45.3,10,1.9,13,Hungarian Grand Prix,R,21-07-2024
0 days 00:14:57.837000,27.6,50,981.9,FALSE,44,357,2.4,13,Hungarian Grand Prix,R,21-07-2024
0 days 00:15:57.841000,27.6,51,982,FALSE,44.3,191,1.5,13,Hungarian Grand Prix,R,21-07-2024
0 days 00:16:57.832000,27.7,51,982,FALSE,45.6,250,1.1,13,Hungarian Grand Prix,R,21-07-2024
0 days 00:17:57.833000,27.6,51,982,FALSE,45.6,205,0.9,13,Hungarian Grand Prix,R,21-07-2024
0 days 00:18:57.831000,27.8,51,982,FALSE,47.3,236,0.5,13,Hungarian Grand Prix,R,21-07-2024
0 days 00:19:57.821000,28,49,982,FALSE,47.3,235,0.8,13,Hungarian Grand Prix,R,21-07-2024
0 days 00:20:57.835000,28.1,50,981.9,FALSE,47.2,268,1.4,13,Hungarian Grand Prix,R,21-07-2024
0 days 00:21:57.832000,28.2,49,981.9,FALSE,47.2,297,1.4,13,Hungarian Grand Prix,R,21-07-2024
0 days 00:22:57.833000,28.3,49,981.9,FALSE,47.7,268,0.7,13,Hungarian Grand Prix,R,21-07-2024
0 days 00:23:57.844000,28.4,51,981.9,FALSE,49,340,1.6,13,Hungarian Grand Prix,R,21-07-2024
0 days 00:24:57.838000,28.3,51,981.8,FALSE,49.7,355,1.3,13,Hungarian Grand Prix,R,21-07-2024
0 days 00:25:57.835000,28.2,50,981.9,FALSE,49,308,1.1,13,Hungarian Grand Prix,R,21-07-2024
0 days 00:26:57.836000,28.2,49,981.9,FALSE,47,328,1.6,13,Hungarian Grand Prix,R,21-07-2024
0 days 00:27:57.841000,28.1,48,981.9,FALSE,43.3,319,1.3,13,Hungarian Grand Prix,R,21-07-2024
0 days 00:28:57.837000,28.1,48,981.8,FALSE,40.7,5,1.3,13,Hungarian Grand Prix,R,21-07-2024
0 days 00:29:57.839000,28.1,49,981.9,FALSE,42.7,310,1.3,13,Hungarian Grand Prix,R,21-07-2024
0 days 00:30:57.839000,28,49,981.9,FALSE,42.7,311,1.5,13,Hungarian Grand Prix,R,21-07-2024
0 days 00:31:57.832000,28,49,981.8,FALSE,41.4,315,1.5,13,Hungarian Grand Prix,R,21-07-2024
0 days 00:32:57.840000,28,48,981.8,FALSE,40.8,304,1.4,13,Hungarian Grand Prix,R,21-07-2024
0 days 00:33:57.841000,28,48,981.9,FALSE,40.9,323,1,13,Hungarian Grand Prix,R,21-07-2024
0 days 00:34:57.845000,28,48,981.7,FALSE,43.7,298,1.3,13,Hungarian Grand Prix,R,21-07-2024
0 days 00:35:57.845000,28,48,981.8,FALSE,43.7,300,1.4,13,Hungarian Grand Prix,R,21-07-2024
0 days 00:36:57.845000,28.1,48,981.8,FALSE,43.5,355,1,13,Hungarian Grand Prix,R,21-07-2024
0 days 00:37:57.846000,28.3,47,981.8,FALSE,44.1,349,1.4,13,Hungarian Grand Prix,R,21-07-2024
0 days 00:38:57.844000,28.4,47,981.8,FALSE,44.5,9,1,13,Hungarian Grand Prix,R,21-07-2024
0 days 00:39:57.846000,28.3,47,981.8,FALSE,44.5,5,0.6,13,Hungarian Grand Prix,R,21-07-2024
0 days 00:40:57.857000,28.3,46,981.8,FALSE,44.8,198,1.8,13,Hungarian Grand Prix,R,21-07-2024
0 days 00:41:57.847000,28.2,50,981.8,FALSE,45,357,1.9,13,Hungarian Grand Prix,R,21-07-2024
0 days 00:42:57.848000,28.1,47,981.7,FALSE,40.7,3,1.9,13,Hungarian Grand Prix,R,21-07-2024
0 days 00:43:57.849000,28.1,47,981.8,FALSE,40.7,278,1.7,13,Hungarian Grand Prix,R,21-07-2024
0 days 00:44:57.851000,28.1,48,981.8,FALSE,42.1,347,1.4,13,Hungarian Grand Prix,R,21-07-2024
0 days 00:45:57.854000,28.1,48,981.8,FALSE,43.3,316,1.9,13,Hungarian Grand Prix,R,21-07-2024
0 days 00:46:57.854000,28.2,48,981.8,FALSE,43.6,309,1.2,13,Hungarian Grand Prix,R,21-07-2024
0 days 00:47:57.854000,28.4,46,981.9,FALSE,43.5,309,1.8,13,Hungarian Grand Prix,R,21-07-2024
0 days 00:48:57.852000,28.5,46,981.8,FALSE,43.6,316,1.5,13,Hungarian Grand Prix,R,21-07-2024
0 days 00:49:57.853000,28.5,47,981.8,FALSE,43.6,309,1.3,13,Hungarian Grand Prix,R,21-07-2024
0 days 00:50:57.854000,28.5,46,981.8,FALSE,42.9,265,1,13,Hungarian Grand Prix,R,21-07-2024
0 days 00:51:57.860000,28.5,47,981.8,FALSE,43.2,213,0.9,13,Hungarian Grand Prix,R,21-07-2024
0 days 00:52:57.843000,28.5,48,981.8,FALSE,43.3,251,0.7,13,Hungarian Grand Prix,R,21-07-2024
0 days 00:53:57.857000,28.6,45,981.7,FALSE,45.2,102,0.6,13,Hungarian Grand Prix,R,21-07-2024
0 days 00:54:57.861000,28.9,45,981.7,FALSE,45.5,5,0.4,13,Hungarian Grand Prix,R,21-07-2024
0 days 00:55:57.857000,28.9,45,981.7,FALSE,45.5,7,1,13,Hungarian Grand Prix,R,21-07-2024
0 days 00:56:57.847000,29,45,981.7,FALSE,44.6,191,1.9,13,Hungarian Grand Prix,R,21-07-2024
0 days 00:57:57.856000,28.9,45,981.7,FALSE,44.6,174,0.8,13,Hungarian Grand Prix,R,21-07-2024
0 days 00:58:57.860000,29,46,981.7,FALSE,45.2,316,1.1,13,Hungarian Grand Prix,R,21-07-2024
0 days 00:59:57.863000,28.8,48,981.7,FALSE,46.8,321,1.7,13,Hungarian Grand Prix,R,21-07-2024
0 days 01:00:57.863000,28.8,45,981.6,FALSE,46.8,36,1.5,13,Hungarian Grand Prix,R,21-07-2024
0 days 01:01:57.866000,29,46,981.7,FALSE,46.6,182,0.7,13,Hungarian Grand Prix,R,21-07-2024
0 days 01:02:57.862000,28.9,46,981.6,FALSE,46.7,313,1.3,13,Hungarian Grand Prix,R,21-07-2024
0 days 01:03:57.865000,28.9,46,981.6,FALSE,47.4,240,1.4,13,Hungarian Grand Prix,R,21-07-2024
0 days 01:04:57.874000,28.9,46,981.6,FALSE,47.5,195,1.6,13,Hungarian Grand Prix,R,21-07-2024
0 days 01:05:57.864000,28.9,47,981.7,FALSE,47.3,164,1.6,13,Hungarian Grand Prix,R,21-07-2024
0 days 01:06:57.865000,28.8,46,981.6,FALSE,46.8,187,1.9,13,Hungarian Grand Prix,R,21-07-2024
0 days 01:07:57.866000,28.8,47,981.6,FALSE,46.5,161,2.3,13,Hungarian Grand Prix,R,21-07-2024
0 days 01:08:57.873000,28.9,48,981.5,FALSE,46.2,232,1.5,13,Hungarian Grand Prix,R,21-07-2024
0 days 01:09:57.871000,28.9,47,981.5,FALSE,45,21,1.3,13,Hungarian Grand Prix,R,21-07-2024
0 days 01:10:57.875000,29,47,981.5,FALSE,43.9,192,0.6,13,Hungarian Grand Prix,R,21-07-2024
0 days 01:11:57.920000,29,47,981.6,FALSE,43.4,48,1.4,13,Hungarian Grand Prix,R,21-07-2024
0 days 01:12:57.869000,28.9,48,981.5,FALSE,42.9,291,0.7,13,Hungarian Grand Prix,R,21-07-2024
0 days 01:13:57.912000,28.9,47,981.5,FALSE,44.1,189,1.3,13,Hungarian Grand Prix,R,21-07-2024
0 days 01:14:57.879000,28.8,48,981.6,FALSE,44.1,303,1.8,13,Hungarian Grand Prix,R,21-07-2024
0 days 01:15:57.874000,28.9,48,981.5,FALSE,43,330,1.4,13,Hungarian Grand Prix,R,21-07-2024
0 days 01:16:57.874000,28.9,48,981.5,FALSE,42.7,0,1.2,13,Hungarian Grand Prix,R,21-07-2024
0 days 01:17:57.874000,28.9,48,981.6,FALSE,44.4,185,0.7,13,Hungarian Grand Prix,R,21-07-2024
0 days 01:18:57.881000,28.9,48,981.6,FALSE,44.4,185,0.7,13,Hungarian Grand Prix,R,21-07-2024
0 days 01:19:57.889000,28.9,47,981.5,FALSE,45.2,171,0.3,13,Hungarian Grand Prix,R,21-07-2024
0 days 01:20:57.875000,29,47,981.4,FALSE,45.1,180,1.1,13,Hungarian Grand Prix,R,21-07-2024
0 days 01:21:57.877000,29.3,47,981.5,FALSE,44.5,222,1.2,13,Hungarian Grand Prix,R,21-07-2024
0 days 01:22:57.883000,29.3,47,981.4,FALSE,44.5,318,1.4,13,Hungarian Grand Prix,R,21-07-2024
0 days 01:23:57.900000,29.3,46,981.5,FALSE,44.1,352,1.1,13,Hungarian Grand Prix,R,21-07-2024
0 days 01:24:57.925000,29.2,46,981.5,FALSE,43.6,43,1.1,13,Hungarian Grand Prix,R,21-07-2024
0 days 01:25:57.951000,29.2,46,981.5,FALSE,43.4,206,0.6,13,Hungarian Grand Prix,R,21-07-2024
0 days 01:26:57.949000,29.2,46,981.5,FALSE,42.3,247,0.6,13,Hungarian Grand Prix,R,21-07-2024
0 days 01:27:57.962000,29.1,46,981.6,FALSE,42.1,173,0.7,13,Hungarian Grand Prix,R,21-07-2024
0 days 01:28:57.979000,29.1,47,981.5,FALSE,41,226,0.9,13,Hungarian Grand Prix,R,21-07-2024
0 days 01:29:57.996000,29,47,981.5,FALSE,40.9,198,0.8,13,Hungarian Grand Prix,R,21-07-2024
0 days 01:30:58.011000,28.9,47,981.5,FALSE,40.8,231,0.6,13,Hungarian Grand Prix,R,21-07-2024
0 days 01:31:58.026000,28.8,48,981.6,FALSE,40.9,183,1.3,13,Hungarian Grand Prix,R,21-07-2024
0 days 01:32:58.044000,28.7,48,981.6,FALSE,40.5,225,1.6,13,Hungarian Grand Prix,R,21-07-2024
0 days 01:33:58.060000,28.7,48,981.6,FALSE,40.9,9,1.4,13,Hungarian Grand Prix,R,21-07-2024
0 days 01:34:58.077000,28.6,48,981.6,FALSE,41,28,1.5,13,Hungarian Grand Prix,R,21-07-2024
0 days 01:35:58.096000,28.7,48,981.6,FALSE,41,182,0.9,13,Hungarian Grand Prix,R,21-07-2024
0 days 01:36:58.106000,28.7,47,981.5,FALSE,40.8,340,0.8,13,Hungarian Grand Prix,R,21-07-2024
0 days 01:37:58.117000,28.6,47,981.6,FALSE,40.7,239,0.4,13,Hungarian Grand Prix,R,21-07-2024
0 days 01:38:58.126000,28.6,47,981.5,FALSE,40.4,354,0.6,13,Hungarian Grand Prix,R,21-07-2024
0 days 01:39:58.130000,28.7,47,981.5,FALSE,40.7,347,1,13,Hungarian Grand Prix,R,21-07-2024
0 days 01:40:58.129000,28.7,46,981.6,FALSE,40.9,169,0.4,13,Hungarian Grand Prix,R,21-07-2024
0 days 01:41:58.129000,28.8,47,981.7,FALSE,40.9,202,1.2,13,Hungarian Grand Prix,R,21-07-2024
0 days 01:42:58.144000,28.9,47,981.6,FALSE,41.6,268,1.1,13,Hungarian Grand Prix,R,21-07-2024
0 days 01:43:58.148000,29.1,47,981.5,FALSE,42.5,351,1.4,13,Hungarian Grand Prix,R,21-07-2024
0 days 01:44:58.143000,29.3,47,981.6,FALSE,43.8,302,1.2,13,Hungarian Grand Prix,R,21-07-2024
0 days 01:45:58.145000,29.3,46,981.6,FALSE,44.5,343,1.1,13,Hungarian Grand Prix,R,21-07-2024
0 days 01:46:58.149000,29.4,44,981.5,FALSE,44.5,345,1.2,13,Hungarian Grand Prix,R,21-07-2024
0 days 01:47:58.151000,29.4,45,981.6,FALSE,44.8,317,0.6,13,Hungarian Grand Prix,R,21-07-2024
0 days 01:48:58.162000,29.4,45,981.5,FALSE,45.6,184,1,13,Hungarian Grand Prix,R,21-07-2024
0 days 01:49:58.179000,29.5,45,981.6,FALSE,46.3,207,1.3,13,Hungarian Grand Prix,R,21-07-2024
0 days 01:50:58.214000,29.5,45,981.6,FALSE,46.3,185,1.2,13,Hungarian Grand Prix,R,21-07-2024
0 days 01:51:58.218000,29.6,45,981.6,FALSE,46.1,297,0.9,13,Hungarian Grand Prix,R,21-07-2024
0 days 01:52:58.227000,29.7,44,981.6,FALSE,46.2,342,1.1,13,Hungarian Grand Prix,R,21-07-2024
0 days 01:53:58.245000,29.7,45,981.7,FALSE,46.4,193,2.3,13,Hungarian Grand Prix,R,21-07-2024
0 days 01:54:58.244000,29.8,47,981.6,FALSE,46.6,199,1.3,13,Hungarian Grand Prix,R,21-07-2024
0 days 01:55:58.249000,29.8,46,981.7,FALSE,46.7,324,0.9,13,Hungarian Grand Prix,R,21-07-2024
0 days 01:56:58.245000,29.6,45,981.6,FALSE,46.6,0,0.8,13,Hungarian Grand Prix,R,21-07-2024
0 days 01:57:58.248000,29.7,45,981.7,FALSE,46.6,355,1.3,13,Hungarian Grand Prix,R,21-07-2024
0 days 01:58:58.251000,29.6,45,981.6,FALSE,47,273,1.7,13,Hungarian Grand Prix,R,21-07-2024
0 days 01:59:58.264000,29.6,45,981.5,FALSE,47.1,166,1,13,Hungarian Grand Prix,R,21-07-2024
0 days 02:00:58.264000,29.7,45,981.7,FALSE,46.6,183,1.7,13,Hungarian Grand Prix,R,21-07-2024
0 days 02:01:58.269000,29.7,45,981.6,FALSE,46.1,119,1.7,13,Hungarian Grand Prix,R,21-07-2024
0 days 02:02:58.282000,29.5,46,981.6,FALSE,45.1,195,2.1,13,Hungarian Grand Prix,R,21-07-2024
0 days 02:03:58.282000,29.4,46,981.6,FALSE,45.1,178,2.2,13,Hungarian Grand Prix,R,21-07-2024
0 days 02:04:58.286000,29.3,46,981.6,FALSE,46.1,157,1.2,13,Hungarian Grand Prix,R,21-07-2024
0 days 02:05:58.292000,29.2,46,981.5,FALSE,46.4,153,1.8,13,Hungarian Grand Prix,R,21-07-2024
0 days 02:06:58.318000,29.2,45,981.6,FALSE,46.4,151,1.4,13,Hungarian Grand Prix,R,21-07-2024
0 days 02:07:58.320000,29.2,45,981.5,FALSE,44.9,169,0.9,13,Hungarian Grand Prix,R,21-07-2024
0 days 02:08:58.343000,29.1,45,981.6,FALSE,44.9,172,1.5,13,Hungarian Grand Prix,R,21-07-2024
0 days 02:09:58.326000,29.1,45,981.6,FALSE,45.2,186,1.4,13,Hungarian Grand Prix,R,21-07-2024
0 days 02:10:58.334000,29.1,44,981.6,FALSE,45.1,175,1.5,13,Hungarian Grand Prix,R,21-07-2024
0 days 02:11:58.335000,29,45,981.6,FALSE,44.2,185,0.9,13,Hungarian Grand Prix,R,21-07-2024
0 days 02:12:58.358000,29,45,981.5,FALSE,43.9,168,1.4,13,Hungarian Grand Prix,R,21-07-2024
0 days 02:13:58.354000,29.1,45,981.5,FALSE,44.9,191,2.2,13,Hungarian Grand Prix,R,21-07-2024
0 days 02:14:58.369000,29.3,45,981.6,FALSE,45.4,356,1.2,13,Hungarian Grand Prix,R,21-07-2024
0 days 02:15:58.386000,29.4,44,981.5,FALSE,45.8,0,2.2,13,Hungarian Grand Prix,R,21-07-2024
0 days 02:16:58.405000,29.4,45,981.6,FALSE,46.3,226,1.4,13,Hungarian Grand Prix,R,21-07-2024
0 days 02:17:58.404000,29.6,45,981.5,FALSE,46.4,216,1.2,13,Hungarian Grand Prix,R,21-07-2024
0 days 02:18:58.418000,29.7,45,981.6,FALSE,46.4,178,0.8,13,Hungarian Grand Prix,R,21-07-2024
0 days 02:19:58.417000,29.8,46,981.5,FALSE,46.5,162,1.9,13,Hungarian Grand Prix,R,21-07-2024
0 days 02:20:58.425000,29.8,46,981.5,FALSE,46.9,305,1.6,13,Hungarian Grand Prix,R,21-07-2024
0 days 02:21:58.422000,30,43,981.6,FALSE,46.8,13,0.7,13,Hungarian Grand Prix,R,21-07-2024
0 days 02:22:58.420000,30.1,44,981.5,FALSE,46.7,179,0.6,13,Hungarian Grand Prix,R,21-07-2024
0 days 02:23:58.453000,30.1,44,981.5,FALSE,47.3,339,1.7,13,Hungarian Grand Prix,R,21-07-2024
0 days 02:24:58.421000,30.1,44,981.5,FALSE,47.6,23,1.9,13,Hungarian Grand Prix,R,21-07-2024
0 days 02:25:58.422000,30,44,981.5,FALSE,47.8,74,1.2,13,Hungarian Grand Prix,R,21-07-2024
0 days 02:26:58.423000,30,44,981.5,FALSE,48.2,204,0.6,13,Hungarian Grand Prix,R,21-07-2024
0 days 02:27:58.424000,30,44,981.5,FALSE,48.2,4,0.8,13,Hungarian Grand Prix,R,21-07-2024
0 days 02:28:58.424000,30,43,981.5,FALSE,48.2,120,0.4,13,Hungarian Grand Prix,R,21-07-2024
0 days 02:29:58.462000,30.1,43,981.5,FALSE,48.3,21,0.6,13,Hungarian Grand Prix,R,21-07-2024
0 days 02:30:58.425000,30.3,42,981.5,FALSE,48.1,350,1.2,13,Hungarian Grand Prix,R,21-07-2024
0 days 02:31:58.426000,30.3,42,981.4,FALSE,48.1,202,1.2,13,Hungarian Grand Prix,R,21-07-2024
0 days 02:32:58.428000,30.1,44,981.5,FALSE,47.6,200,1.5,13,Hungarian Grand Prix,R,21-07-2024
0 days 02:33:58.445000,30,43,981.6,FALSE,47.6,179,1.7,13,Hungarian Grand Prix,R,21-07-2024
0 days 02:34:58.429000,30,44,981.5,FALSE,47.9,289,1.4,13,Hungarian Grand Prix,R,21-07-2024
0 days 00:00:14.052000,21,52,978.1,FALSE,42.1,217,0.5,14,Belgian Grand Prix,R,28-07-2024
0 days 00:01:14.050000,20.6,53,978,FALSE,42.1,0,1.1,14,Belgian Grand Prix,R,28-07-2024
0 days 00:02:14.047000,20.6,52,978,FALSE,42.2,284,0.7,14,Belgian Grand Prix,R,28-07-2024
0 days 00:03:14.053000,20.7,51,978.1,FALSE,42,244,1.4,14,Belgian Grand Prix,R,28-07-2024
0 days 00:04:14.057000,20.7,51,978.1,FALSE,41.1,13,1.2,14,Belgian Grand Prix,R,28-07-2024
0 days 00:05:14.062000,20.6,51,978.1,FALSE,41.1,328,1.5,14,Belgian Grand Prix,R,28-07-2024
0 days 00:06:14.052000,20.8,50,978.1,FALSE,40.5,21,1.8,14,Belgian Grand Prix,R,28-07-2024
0 days 00:07:14.075000,20.9,50,978.1,FALSE,39.9,328,1.3,14,Belgian Grand Prix,R,28-07-2024
0 days 00:08:14.092000,20.9,51,978.2,FALSE,40.1,314,1.3,14,Belgian Grand Prix,R,28-07-2024
0 days 00:09:14.123000,20.9,51,978.1,FALSE,40.5,285,0.9,14,Belgian Grand Prix,R,28-07-2024
0 days 00:10:14.108000,21,51,978.2,FALSE,40.9,203,1.2,14,Belgian Grand Prix,R,28-07-2024
0 days 00:11:14.106000,20.9,50,978.1,FALSE,41.5,204,0.9,14,Belgian Grand Prix,R,28-07-2024
0 days 00:12:14.098000,20.8,51,978,FALSE,41.5,177,0.9,14,Belgian Grand Prix,R,28-07-2024
0 days 00:13:14.124000,20.8,51,978.1,FALSE,41.5,127,0.9,14,Belgian Grand Prix,R,28-07-2024
0 days 00:14:14.127000,20.9,51,978,FALSE,41.8,152,1.4,14,Belgian Grand Prix,R,28-07-2024
0 days 00:15:14.146000,21,50,978.1,FALSE,41.9,219,1.4,14,Belgian Grand Prix,R,28-07-2024
0 days 00:16:14.145000,21,53,978.1,FALSE,41.9,349,1.2,14,Belgian Grand Prix,R,28-07-2024
0 days 00:17:14.141000,21,50,978.1,FALSE,42.3,4,2.6,14,Belgian Grand Prix,R,28-07-2024
0 days 00:18:14.143000,21.1,49,978.2,FALSE,42.4,345,2.4,14,Belgian Grand Prix,R,28-07-2024
0 days 00:19:14.145000,21.2,50,978.2,FALSE,42.3,12,1.7,14,Belgian Grand Prix,R,28-07-2024
0 days 00:20:14.150000,21.3,51,978.2,FALSE,42.4,15,1,14,Belgian Grand Prix,R,28-07-2024
0 days 00:21:14.146000,21.5,51,978.2,FALSE,42.4,355,1.2,14,Belgian Grand Prix,R,28-07-2024
0 days 00:22:14.152000,21.4,50,978.2,FALSE,42.3,345,0.8,14,Belgian Grand Prix,R,28-07-2024
0 days 00:23:14.145000,21.4,51,978.2,FALSE,42.3,4,1.5,14,Belgian Grand Prix,R,28-07-2024
0 days 00:24:14.150000,21.4,52,978.1,FALSE,42.4,258,0.8,14,Belgian Grand Prix,R,28-07-2024
0 days 00:25:14.150000,21.3,51,978.1,FALSE,42.6,267,0.7,14,Belgian Grand Prix,R,28-07-2024
0 days 00:26:14.145000,21.2,52,978.1,FALSE,42.6,6,1.8,14,Belgian Grand Prix,R,28-07-2024
0 days 00:27:14.149000,21.2,50,978.2,FALSE,42.6,30,2.3,14,Belgian Grand Prix,R,28-07-2024
0 days 00:28:14.155000,21,51,978.2,FALSE,42.6,358,1.3,14,Belgian Grand Prix,R,28-07-2024
0 days 00:29:14.156000,20.9,50,978.2,FALSE,42.2,319,2,14,Belgian Grand Prix,R,28-07-2024
0 days 00:30:14.156000,20.7,51,978.2,FALSE,40.1,19,1.7,14,Belgian Grand Prix,R,28-07-2024
0 days 00:31:14.159000,20.6,51,978.2,FALSE,39.4,279,2.5,14,Belgian Grand Prix,R,28-07-2024
0 days 00:32:14.151000,20.6,52,978.2,FALSE,39.7,223,0.8,14,Belgian Grand Prix,R,28-07-2024
0 days 00:33:14.161000,20.8,53,978.1,FALSE,40.9,1,0.9,14,Belgian Grand Prix,R,28-07-2024
0 days 00:34:14.162000,21,51,978.3,FALSE,41.6,348,0.9,14,Belgian Grand Prix,R,28-07-2024
0 days 00:35:14.165000,21,50,978.2,FALSE,41.2,19,2.2,14,Belgian Grand Prix,R,28-07-2024
0 days 00:36:14.162000,21,51,978.3,FALSE,40.2,22,1.6,14,Belgian Grand Prix,R,28-07-2024
0 days 00:37:14.165000,20.8,52,978.2,FALSE,39.8,20,2.1,14,Belgian Grand Prix,R,28-07-2024
0 days 00:38:14.157000,20.7,52,978.1,FALSE,39.1,329,2,14,Belgian Grand Prix,R,28-07-2024
0 days 00:39:14.167000,20.7,51,978.2,FALSE,38.2,17,2.6,14,Belgian Grand Prix,R,28-07-2024
0 days 00:40:14.162000,20.8,51,978.2,FALSE,38,352,2.3,14,Belgian Grand Prix,R,28-07-2024
0 days 00:41:14.164000,20.8,51,978.2,FALSE,37.8,15,2.6,14,Belgian Grand Prix,R,28-07-2024
0 days 00:42:14.162000,20.8,51,978.2,FALSE,37.7,29,2.2,14,Belgian Grand Prix,R,28-07-2024
0 days 00:43:14.161000,20.9,52,978.2,FALSE,37.7,47,1.9,14,Belgian Grand Prix,R,28-07-2024
0 days 00:44:14.168000,20.9,51,978.2,FALSE,39.5,17,1.6,14,Belgian Grand Prix,R,28-07-2024
0 days 00:45:14.182000,21,52,978.2,FALSE,40.4,30,0.8,14,Belgian Grand Prix,R,28-07-2024
0 days 00:46:14.171000,21,52,978.2,FALSE,40.9,15,1.1,14,Belgian Grand Prix,R,28-07-2024
0 days 00:47:14.169000,21.1,49,978.1,FALSE,41.5,30,2.7,14,Belgian Grand Prix,R,28-07-2024
0 days 00:48:14.163000,21.1,49,978.2,FALSE,42,34,2.9,14,Belgian Grand Prix,R,28-07-2024
0 days 00:49:14.163000,20.9,49,978.2,FALSE,42,1,3.1,14,Belgian Grand Prix,R,28-07-2024
0 days 00:50:14.223000,20.9,50,978.2,FALSE,42,3,2.6,14,Belgian Grand Prix,R,28-07-2024
0 days 00:51:14.175000,20.8,50,978.1,FALSE,42.3,42,1.5,14,Belgian Grand Prix,R,28-07-2024
0 days 00:52:14.165000,20.9,50,978.1,FALSE,42.4,31,1.6,14,Belgian Grand Prix,R,28-07-2024
0 days 00:53:14.169000,20.9,49,978.2,FALSE,42.4,15,2.2,14,Belgian Grand Prix,R,28-07-2024
0 days 00:54:14.202000,20.9,49,978.1,FALSE,42.3,33,2.2,14,Belgian Grand Prix,R,28-07-2024
0 days 00:55:14.198000,20.9,50,978.3,FALSE,42.3,318,2,14,Belgian Grand Prix,R,28-07-2024
0 days 00:56:14.218000,21,49,978.2,FALSE,42.6,321,1.3,14,Belgian Grand Prix,R,28-07-2024
0 days 00:57:14.232000,21,48,978.1,FALSE,42.4,311,1.8,14,Belgian Grand Prix,R,28-07-2024
0 days 00:58:14.233000,21,48,978.1,FALSE,42.4,311,1.8,14,Belgian Grand Prix,R,28-07-2024
0 days 00:59:14.234000,21,49,978.2,FALSE,42.4,238,0.7,14,Belgian Grand Prix,R,28-07-2024
0 days 01:00:14.256000,21.2,49,978.2,FALSE,42.6,149,1.2,14,Belgian Grand Prix,R,28-07-2024
0 days 01:01:14.274000,21.3,47,978.2,FALSE,42.7,2,0.6,14,Belgian Grand Prix,R,28-07-2024
0 days 01:02:14.283000,21.3,48,978.2,FALSE,42.7,8,2.2,14,Belgian Grand Prix,R,28-07-2024
0 days 01:03:14.276000,21.1,48,978.1,FALSE,42.6,52,1.3,14,Belgian Grand Prix,R,28-07-2024
0 days 01:04:14.291000,21,49,978.2,FALSE,42.4,3,1.2,14,Belgian Grand Prix,R,28-07-2024
0 days 01:05:14.298000,21.1,50,978.2,FALSE,42.7,69,1.4,14,Belgian Grand Prix,R,28-07-2024
0 days 01:06:14.314000,21.3,50,978.3,FALSE,42.7,287,1.1,14,Belgian Grand Prix,R,28-07-2024
0 days 01:07:14.316000,21.3,50,978.1,FALSE,42.7,59,1.3,14,Belgian Grand Prix,R,28-07-2024
0 days 01:08:14.309000,21.4,49,978,FALSE,42.6,342,0.6,14,Belgian Grand Prix,R,28-07-2024
0 days 01:09:14.325000,21.5,48,978,FALSE,42.7,6,2.8,14,Belgian Grand Prix,R,28-07-2024
0 days 01:10:14.346000,21.5,48,978,FALSE,42.9,359,2.9,14,Belgian Grand Prix,R,28-07-2024
0 days 01:11:14.361000,21.4,49,978.1,FALSE,43.1,335,3.3,14,Belgian Grand Prix,R,28-07-2024
0 days 01:12:14.353000,21.5,48,978,FALSE,43.1,12,2.9,14,Belgian Grand Prix,R,28-07-2024
0 days 01:13:14.365000,21.4,49,978,FALSE,43.3,36,2.2,14,Belgian Grand Prix,R,28-07-2024
0 days 01:14:14.396000,21.4,49,977.9,FALSE,43.3,40,1.9,14,Belgian Grand Prix,R,28-07-2024
0 days 01:15:14.365000,21.6,51,978,FALSE,43.3,2,2.3,14,Belgian Grand Prix,R,28-07-2024
0 days 01:16:14.434000,21.4,50,978.1,FALSE,42.9,40,3.2,14,Belgian Grand Prix,R,28-07-2024
0 days 01:17:14.415000,21.5,51,978.1,FALSE,42.9,1,2.4,14,Belgian Grand Prix,R,28-07-2024
0 days 01:18:14.411000,21.6,52,978.1,FALSE,42.9,328,2,14,Belgian Grand Prix,R,28-07-2024
0 days 01:19:14.406000,21.6,51,978.1,FALSE,42.8,354,1.4,14,Belgian Grand Prix,R,28-07-2024
0 days 01:20:14.407000,21.6,50,978.1,FALSE,42.6,0,2.2,14,Belgian Grand Prix,R,28-07-2024
0 days 01:21:14.421000,21.7,50,978.1,FALSE,43,21,1.1,14,Belgian Grand Prix,R,28-07-2024
0 days 01:22:14.429000,21.7,50,978.1,FALSE,43,21,1.1,14,Belgian Grand Prix,R,28-07-2024
0 days 01:23:14.429000,21.7,48,978.1,FALSE,43,358,2,14,Belgian Grand Prix,R,28-07-2024
0 days 01:24:14.445000,21.8,48,978.1,FALSE,42.8,319,1.5,14,Belgian Grand Prix,R,28-07-2024
0 days 01:25:14.445000,21.8,48,978.1,FALSE,42.8,319,1.5,14,Belgian Grand Prix,R,28-07-2024
0 days 01:26:14.447000,21.9,49,978.1,FALSE,43.3,192,1.2,14,Belgian Grand Prix,R,28-07-2024
0 days 01:27:14.452000,22,49,978.1,FALSE,43.3,192,1.2,14,Belgian Grand Prix,R,28-07-2024
0 days 01:28:14.447000,22,50,978,FALSE,43.3,49,1.7,14,Belgian Grand Prix,R,28-07-2024
0 days 01:29:14.464000,22,49,978,FALSE,43.2,123,0.6,14,Belgian Grand Prix,R,28-07-2024
0 days 01:30:14.447000,22,47,978,FALSE,42.8,147,1.4,14,Belgian Grand Prix,R,28-07-2024
0 days 01:31:14.452000,21.7,48,978.1,FALSE,42.6,15,0.4,14,Belgian Grand Prix,R,28-07-2024
0 days 01:32:14.446000,21.6,48,977.8,FALSE,42.7,46,1,14,Belgian Grand Prix,R,28-07-2024
0 days 01:33:14.447000,21.5,47,977.9,FALSE,43,7,1.6,14,Belgian Grand Prix,R,28-07-2024
0 days 01:34:14.446000,21.7,48,978,FALSE,43.4,270,1.7,14,Belgian Grand Prix,R,28-07-2024
0 days 01:35:14.455000,21.7,47,978,FALSE,43.3,339,1.5,14,Belgian Grand Prix,R,28-07-2024
0 days 01:36:14.456000,21.8,47,978,FALSE,43.5,320,0.8,14,Belgian Grand Prix,R,28-07-2024
0 days 01:37:14.454000,21.8,47,978,FALSE,43.3,15,1.4,14,Belgian Grand Prix,R,28-07-2024
0 days 01:38:14.525000,21.8,48,978,FALSE,43.5,0,2.1,14,Belgian Grand Prix,R,28-07-2024
0 days 01:39:14.451000,21.7,47,977.9,FALSE,43.5,2,3.1,14,Belgian Grand Prix,R,28-07-2024
0 days 01:40:14.459000,21.6,49,978,FALSE,43.5,338,1.3,14,Belgian Grand Prix,R,28-07-2024
0 days 01:41:14.466000,21.5,50,977.9,FALSE,43.4,2,0.6,14,Belgian Grand Prix,R,28-07-2024
0 days 01:42:14.461000,21.6,50,978,FALSE,44.1,36,1.4,14,Belgian Grand Prix,R,28-07-2024
0 days 01:43:14.461000,21.8,49,977.9,FALSE,44.1,331,2.4,14,Belgian Grand Prix,R,28-07-2024
0 days 01:44:14.452000,21.9,50,978,FALSE,43.5,6,1.9,14,Belgian Grand Prix,R,28-07-2024
0 days 01:45:14.461000,21.9,49,978,FALSE,43.4,12,1.6,14,Belgian Grand Prix,R,28-07-2024
0 days 01:46:14.460000,21.7,49,978,FALSE,43.5,250,2.2,14,Belgian Grand Prix,R,28-07-2024
0 days 01:47:14.453000,21.4,49,978,FALSE,43.6,4,1.1,14,Belgian Grand Prix,R,28-07-2024
0 days 01:48:14.459000,21.3,49,978,FALSE,43.7,16,1.9,14,Belgian Grand Prix,R,28-07-2024
0 days 01:49:14.547000,21.3,49,978.1,FALSE,43.8,10,2.6,14,Belgian Grand Prix,R,28-07-2024
0 days 01:50:14.469000,21.5,48,977.9,FALSE,44,20,2.6,14,Belgian Grand Prix,R,28-07-2024
0 days 01:51:14.466000,21.7,49,978,FALSE,44.1,18,3.2,14,Belgian Grand Prix,R,28-07-2024
0 days 01:52:14.476000,21.8,49,977.9,FALSE,44,0,2.1,14,Belgian Grand Prix,R,28-07-2024
0 days 01:53:14.467000,21.9,50,978,FALSE,44,3,2.2,14,Belgian Grand Prix,R,28-07-2024
0 days 01:54:14.467000,21.9,50,977.9,FALSE,43.6,25,2.1,14,Belgian Grand Prix,R,28-07-2024
0 days 01:55:14.444000,21.9,50,978,FALSE,43.5,18,2.8,14,Belgian Grand Prix,R,28-07-2024
0 days 01:56:14.463000,21.9,50,978,FALSE,43.4,22,1.9,14,Belgian Grand Prix,R,28-07-2024
0 days 01:57:14.463000,21.8,50,978.1,FALSE,42.4,9,2.2,14,Belgian Grand Prix,R,28-07-2024
0 days 01:58:14.462000,21.8,49,978.1,FALSE,41.7,19,2.2,14,Belgian Grand Prix,R,28-07-2024
0 days 01:59:14.523000,21.6,49,978.1,FALSE,41.8,355,1.8,14,Belgian Grand Prix,R,28-07-2024
0 days 02:00:14.462000,21.5,48,978.1,FALSE,42.5,13,1.9,14,Belgian Grand Prix,R,28-07-2024
0 days 02:01:14.498000,21.3,49,978.1,FALSE,42.8,25,1.2,14,Belgian Grand Prix,R,28-07-2024
0 days 02:02:14.472000,21.4,49,978.1,FALSE,42.9,251,1.4,14,Belgian Grand Prix,R,28-07-2024
0 days 02:03:14.469000,21.7,48,978.1,FALSE,43.2,3,0.5,14,Belgian Grand Prix,R,28-07-2024
0 days 02:04:14.466000,21.9,47,978.2,FALSE,43.1,335,1.4,14,Belgian Grand Prix,R,28-07-2024
0 days 02:05:14.479000,21.9,48,978.1,FALSE,43.1,18,1.4,14,Belgian Grand Prix,R,28-07-2024
0 days 02:06:14.483000,21.9,47,978.1,FALSE,43.2,332,2.4,14,Belgian Grand Prix,R,28-07-2024
0 days 02:07:14.483000,22.1,48,978.1,FALSE,43.2,315,1.9,14,Belgian Grand Prix,R,28-07-2024
0 days 02:08:14.483000,22,49,978,FALSE,42.6,334,2,14,Belgian Grand Prix,R,28-07-2024
0 days 02:09:14.488000,22,49,978.2,FALSE,42.8,5,2,14,Belgian Grand Prix,R,28-07-2024
0 days 02:10:14.484000,22,48,978.1,FALSE,42.6,335,1.6,14,Belgian Grand Prix,R,28-07-2024
0 days 02:11:14.498000,21.8,47,978.2,FALSE,42.3,336,1.7,14,Belgian Grand Prix,R,28-07-2024
0 days 02:12:14.511000,21.6,48,978,FALSE,42.3,343,1.2,14,Belgian Grand Prix,R,28-07-2024
0 days 02:13:14.530000,21.5,48,978.1,FALSE,42.5,2,1.7,14,Belgian Grand Prix,R,28-07-2024
0 days 02:14:14.523000,21.4,48,978,FALSE,42.6,8,1.6,14,Belgian Grand Prix,R,28-07-2024
0 days 02:15:14.532000,21.4,48,978.1,FALSE,42.9,352,1.9,14,Belgian Grand Prix,R,28-07-2024
0 days 02:16:14.544000,21.4,46,978.1,FALSE,42.9,322,1.5,14,Belgian Grand Prix,R,28-07-2024
0 days 00:00:40.176000,18.7,65,1019.9,FALSE,31.6,215,4.8,15,Dutch Grand Prix,R,25-08-2024
0 days 00:01:40.176000,18.7,65,1019.9,FALSE,31.4,225,5.3,15,Dutch Grand Prix,R,25-08-2024
0 days 00:02:40.188000,18.7,65,1020,FALSE,31.2,224,5.1,15,Dutch Grand Prix,R,25-08-2024
0 days 00:03:40.198000,18.8,65,1019.9,FALSE,31.2,210,5,15,Dutch Grand Prix,R,25-08-2024
0 days 00:04:40.189000,18.8,66,1019.9,FALSE,31.2,207,4.8,15,Dutch Grand Prix,R,25-08-2024
0 days 00:05:40.187000,18.8,66,1020,FALSE,31.6,215,5.2,15,Dutch Grand Prix,R,25-08-2024
0 days 00:06:40.202000,18.9,65,1020.1,FALSE,31.6,216,5.7,15,Dutch Grand Prix,R,25-08-2024
0 days 00:07:40.196000,18.9,65,1020,FALSE,31.2,216,6,15,Dutch Grand Prix,R,25-08-2024
0 days 00:08:40.189000,18.8,66,1019.9,FALSE,31,213,5.7,15,Dutch Grand Prix,R,25-08-2024
0 days 00:09:40.199000,18.7,66,1020,FALSE,31,208,5.7,15,Dutch Grand Prix,R,25-08-2024
0 days 00:10:40.201000,18.6,66,1020.1,FALSE,31,208,5.3,15,Dutch Grand Prix,R,25-08-2024
0 days 00:11:40.223000,18.6,66,1020,FALSE,31.2,219,5.7,15,Dutch Grand Prix,R,25-08-2024
0 days 00:12:40.195000,18.5,64,1020,FALSE,31.2,211,4.8,15,Dutch Grand Prix,R,25-08-2024
0 days 00:13:40.199000,18.5,66,1020.1,FALSE,30.5,231,5.5,15,Dutch Grand Prix,R,25-08-2024
0 days 00:14:40.207000,18.5,65,1020,FALSE,30.5,214,5,15,Dutch Grand Prix,R,25-08-2024
0 days 00:15:40.220000,18.5,65,1019.9,FALSE,30.7,210,3.8,15,Dutch Grand Prix,R,25-08-2024
0 days 00:16:40.225000,18.5,66,1019.9,FALSE,31.2,233,4.3,15,Dutch Grand Prix,R,25-08-2024
0 days 00:17:40.221000,18.5,64,1020,FALSE,31.5,234,5.7,15,Dutch Grand Prix,R,25-08-2024
0 days 00:18:40.220000,18.5,64,1019.9,FALSE,31.1,231,4.1,15,Dutch Grand Prix,R,25-08-2024
0 days 00:19:40.228000,18.6,64,1020,FALSE,30.3,225,3.9,15,Dutch Grand Prix,R,25-08-2024
0 days 00:20:40.256000,18.6,64,1020.1,FALSE,29.9,213,4.2,15,Dutch Grand Prix,R,25-08-2024
0 days 00:21:40.255000,18.7,64,1019.9,FALSE,29.7,230,5.6,15,Dutch Grand Prix,R,25-08-2024
0 days 00:22:40.256000,18.7,65,1020,FALSE,30.6,216,4.4,15,Dutch Grand Prix,R,25-08-2024
0 days 00:23:40.254000,18.8,64,1019.9,FALSE,30.6,222,3.5,15,Dutch Grand Prix,R,25-08-2024
0 days 00:24:40.256000,18.8,65,1020,FALSE,30.2,223,4.6,15,Dutch Grand Prix,R,25-08-2024
0 days 00:25:40.258000,18.7,64,1020,FALSE,29.6,228,3.9,15,Dutch Grand Prix,R,25-08-2024
0 days 00:26:40.271000,18.5,64,1020,FALSE,29.5,231,3.8,15,Dutch Grand Prix,R,25-08-2024
0 days 00:27:40.286000,18.4,63,1020.1,FALSE,29.2,232,3.8,15,Dutch Grand Prix,R,25-08-2024
0 days 00:28:40.309000,18.3,65,1020.1,FALSE,28.7,236,4.9,15,Dutch Grand Prix,R,25-08-2024
0 days 00:29:40.348000,18.3,65,1020.1,FALSE,28.6,229,4.4,15,Dutch Grand Prix,R,25-08-2024
0 days 00:30:40.316000,18.3,65,1020,FALSE,28.5,229,3.4,15,Dutch Grand Prix,R,25-08-2024
0 days 00:31:40.342000,18.3,65,1020,FALSE,28.3,228,4.3,15,Dutch Grand Prix,R,25-08-2024
0 days 00:32:40.329000,18.3,65,1020,FALSE,28,238,5.4,15,Dutch Grand Prix,R,25-08-2024
0 days 00:33:40.337000,18.3,66,1020,FALSE,27.9,201,4.2,15,Dutch Grand Prix,R,25-08-2024
0 days 00:34:40.340000,18.2,66,1020.1,FALSE,28,218,2.4,15,Dutch Grand Prix,R,25-08-2024
0 days 00:35:40.353000,18.3,66,1020,FALSE,28.2,220,4.1,15,Dutch Grand Prix,R,25-08-2024
0 days 00:36:40.366000,18.3,66,1020,FALSE,28.2,221,4.6,15,Dutch Grand Prix,R,25-08-2024
0 days 00:37:40.342000,18.5,66,1020,FALSE,29.3,195,4,15,Dutch Grand Prix,R,25-08-2024
0 days 00:38:40.343000,18.5,67,1020,FALSE,29.3,221,4.5,15,Dutch Grand Prix,R,25-08-2024
0 days 00:39:40.345000,18.5,66,1020,FALSE,29,229,4.7,15,Dutch Grand Prix,R,25-08-2024
0 days 00:40:40.348000,18.5,66,1020,FALSE,28.5,228,5.2,15,Dutch Grand Prix,R,25-08-2024
0 days 00:41:40.348000,18.5,66,1020,FALSE,28.3,183,4.5,15,Dutch Grand Prix,R,25-08-2024
0 days 00:42:40.336000,18.6,67,1020,FALSE,28.7,210,4.7,15,Dutch Grand Prix,R,25-08-2024
0 days 00:43:40.348000,18.7,67,1020,FALSE,28.7,232,5,15,Dutch Grand Prix,R,25-08-2024
0 days 00:44:40.343000,18.7,67,1020,FALSE,28.6,222,5.2,15,Dutch Grand Prix,R,25-08-2024
0 days 00:45:40.347000,18.6,65,1020.1,FALSE,28.4,226,4.6,15,Dutch Grand Prix,R,25-08-2024
0 days 00:46:40.341000,18.6,65,1019.9,FALSE,28.3,217,3.2,15,Dutch Grand Prix,R,25-08-2024
0 days 00:47:40.344000,18.5,66,1020.1,FALSE,28.1,240,4.2,15,Dutch Grand Prix,R,25-08-2024
0 days 00:48:40.352000,18.5,66,1020,FALSE,28,225,3.9,15,Dutch Grand Prix,R,25-08-2024
0 days 00:49:40.339000,18.4,66,1020,FALSE,27.5,212,4.7,15,Dutch Grand Prix,R,25-08-2024
0 days 00:50:40.346000,18.3,66,1020,FALSE,27.5,203,3.8,15,Dutch Grand Prix,R,25-08-2024
0 days 00:51:40.355000,18.3,65,1020,FALSE,27.7,244,3.5,15,Dutch Grand Prix,R,25-08-2024
0 days 00:52:40.347000,18.3,65,1020.1,FALSE,28,231,3.9,15,Dutch Grand Prix,R,25-08-2024
0 days 00:53:40.348000,18.4,65,1020,FALSE,28.9,238,3.6,15,Dutch Grand Prix,R,25-08-2024
0 days 00:54:40.355000,18.5,66,1020,FALSE,29.4,239,3.6,15,Dutch Grand Prix,R,25-08-2024
0 days 00:55:40.351000,18.6,65,1020,FALSE,29.2,219,3.7,15,Dutch Grand Prix,R,25-08-2024
0 days 00:56:40.349000,18.6,64,1020,FALSE,29.2,232,2.8,15,Dutch Grand Prix,R,25-08-2024
0 days 00:57:40.359000,18.7,63,1020,FALSE,29.1,208,3.2,15,Dutch Grand Prix,R,25-08-2024
0 days 00:58:40.358000,18.7,62,1020.1,FALSE,28.9,217,3.9,15,Dutch Grand Prix,R,25-08-2024
0 days 00:59:40.362000,18.6,62,1019.9,FALSE,28.5,221,3.7,15,Dutch Grand Prix,R,25-08-2024
0 days 01:00:40.372000,18.6,63,1020,FALSE,28.5,210,3.7,15,Dutch Grand Prix,R,25-08-2024
0 days 01:01:40.368000,18.6,62,1019.9,FALSE,29.7,224,4.2,15,Dutch Grand Prix,R,25-08-2024
0 days 01:02:40.387000,18.9,64,1020,FALSE,30,234,4.1,15,Dutch Grand Prix,R,25-08-2024
0 days 01:03:40.412000,19,62,1019.9,FALSE,30.4,205,3.9,15,Dutch Grand Prix,R,25-08-2024
0 days 01:04:40.410000,19,60,1020,FALSE,30.9,211,5.8,15,Dutch Grand Prix,R,25-08-2024
0 days 01:05:40.401000,19.2,59,1019.9,FALSE,30.5,205,4.4,15,Dutch Grand Prix,R,25-08-2024
0 days 01:06:40.408000,19.3,58,1019.9,FALSE,30.9,216,4.7,15,Dutch Grand Prix,R,25-08-2024
0 days 01:07:40.408000,19.3,59,1020,FALSE,31.2,213,4.4,15,Dutch Grand Prix,R,25-08-2024
0 days 01:08:40.430000,19.3,57,1020,FALSE,31.2,202,4.5,15,Dutch Grand Prix,R,25-08-2024
0 days 01:09:40.440000,19.3,57,1019.9,FALSE,31.3,221,4.9,15,Dutch Grand Prix,R,25-08-2024
0 days 01:10:40.448000,19.3,59,1020,FALSE,31.3,227,5.2,15,Dutch Grand Prix,R,25-08-2024
0 days 01:11:40.468000,19.2,57,1020.1,FALSE,31.4,233,5.7,15,Dutch Grand Prix,R,25-08-2024
0 days 01:12:40.463000,19.1,56,1019.8,FALSE,31.4,232,5.6,15,Dutch Grand Prix,R,25-08-2024
0 days 01:13:40.471000,19.1,58,1020,FALSE,31.3,230,6,15,Dutch Grand Prix,R,25-08-2024
0 days 01:14:40.461000,19.1,60,1020,FALSE,30.8,222,4.5,15,Dutch Grand Prix,R,25-08-2024
0 days 01:15:40.448000,19.1,60,1019.9,FALSE,30.2,227,4.5,15,Dutch Grand Prix,R,25-08-2024
0 days 01:16:40.456000,19,61,1019.9,FALSE,30.2,214,4.2,15,Dutch Grand Prix,R,25-08-2024
0 days 01:17:40.480000,19,61,1020,FALSE,30.4,210,3.9,15,Dutch Grand Prix,R,25-08-2024
0 days 01:18:40.480000,19,62,1020,FALSE,30.6,211,3.9,15,Dutch Grand Prix,R,25-08-2024
0 days 01:19:40.487000,19,62,1019.9,FALSE,30.7,213,4,15,Dutch Grand Prix,R,25-08-2024
0 days 01:20:40.500000,19,60,1020,FALSE,31.2,199,4.6,15,Dutch Grand Prix,R,25-08-2024
0 days 01:21:40.507000,19.2,60,1019.9,FALSE,31.3,223,4.8,15,Dutch Grand Prix,R,25-08-2024
0 days 01:22:40.505000,19.2,61,1020,FALSE,31.5,226,4.1,15,Dutch Grand Prix,R,25-08-2024
0 days 01:23:40.492000,19.1,61,1020.1,FALSE,31.7,218,4.5,15,Dutch Grand Prix,R,25-08-2024
0 days 01:24:40.499000,19.3,60,1020,FALSE,31.6,214,4.6,15,Dutch Grand Prix,R,25-08-2024
0 days 01:25:40.493000,19.4,59,1020,FALSE,31.6,227,4.5,15,Dutch Grand Prix,R,25-08-2024
0 days 01:26:40.499000,19.4,58,1020,FALSE,31.7,218,4.1,15,Dutch Grand Prix,R,25-08-2024
0 days 01:27:40.506000,19.4,58,1020,FALSE,31.5,234,6.2,15,Dutch Grand Prix,R,25-08-2024
0 days 01:28:40.491000,19.4,60,1020,FALSE,31.3,224,5.5,15,Dutch Grand Prix,R,25-08-2024
0 days 01:29:40.509000,19.4,59,1020,FALSE,31.6,228,5.5,15,Dutch Grand Prix,R,25-08-2024
0 days 01:30:40.492000,19.4,59,1020,FALSE,31.6,226,4.5,15,Dutch Grand Prix,R,25-08-2024
0 days 01:31:40.515000,19.4,60,1020,FALSE,31.9,208,3.8,15,Dutch Grand Prix,R,25-08-2024
0 days 01:32:40.500000,19.4,60,1020.1,FALSE,32,205,4.4,15,Dutch Grand Prix,R,25-08-2024
0 days 01:33:40.508000,19.4,59,1020,FALSE,32.1,218,4.4,15,Dutch Grand Prix,R,25-08-2024
0 days 01:34:40.509000,19.3,59,1020,FALSE,32,209,4.3,15,Dutch Grand Prix,R,25-08-2024
0 days 01:35:40.500000,19.3,60,1020,FALSE,32,216,4.2,15,Dutch Grand Prix,R,25-08-2024
0 days 01:36:40.510000,19.3,61,1020,FALSE,31.8,231,4.7,15,Dutch Grand Prix,R,25-08-2024
0 days 01:37:40.525000,19.3,60,1020.1,FALSE,31.9,229,5.9,15,Dutch Grand Prix,R,25-08-2024
0 days 01:38:40.524000,19.4,60,1020,FALSE,32,206,4.8,15,Dutch Grand Prix,R,25-08-2024
0 days 01:39:40.544000,19.4,60,1020,FALSE,32,206,4.6,15,Dutch Grand Prix,R,25-08-2024
0 days 01:40:40.589000,19.5,59,1020.1,FALSE,32,212,6,15,Dutch Grand Prix,R,25-08-2024
0 days 01:41:40.543000,19.5,59,1020,FALSE,32,215,5.2,15,Dutch Grand Prix,R,25-08-2024
0 days 01:42:40.557000,19.4,58,1020,FALSE,32,216,5.6,15,Dutch Grand Prix,R,25-08-2024
0 days 01:43:40.559000,19.3,58,1020,FALSE,32.1,215,5.4,15,Dutch Grand Prix,R,25-08-2024
0 days 01:44:40.553000,19.3,56,1020,FALSE,31.9,221,4.6,15,Dutch Grand Prix,R,25-08-2024
0 days 01:45:40.552000,19.4,57,1020,FALSE,31.9,225,4.4,15,Dutch Grand Prix,R,25-08-2024
0 days 01:46:40.567000,19.4,57,1020.1,FALSE,31.9,216,4.8,15,Dutch Grand Prix,R,25-08-2024
0 days 01:47:40.735000,19.4,58,1020,FALSE,32.1,226,4.5,15,Dutch Grand Prix,R,25-08-2024
0 days 01:48:40.704000,19.5,59,1020,FALSE,32.1,215,4.2,15,Dutch Grand Prix,R,25-08-2024
0 days 01:49:40.729000,19.5,58,1020,FALSE,31.8,207,3.7,15,Dutch Grand Prix,R,25-08-2024
0 days 01:50:40.741000,19.5,58,1019.9,FALSE,31.6,216,4.6,15,Dutch Grand Prix,R,25-08-2024
0 days 01:51:40.743000,19.4,57,1019.9,FALSE,31.6,221,4.4,15,Dutch Grand Prix,R,25-08-2024
0 days 01:52:40.733000,19.3,58,1019.9,FALSE,31.7,225,3.8,15,Dutch Grand Prix,R,25-08-2024
0 days 01:53:40.739000,19.3,57,1019.9,FALSE,31.8,209,4.9,15,Dutch Grand Prix,R,25-08-2024
0 days 01:54:40.735000,19.4,57,1020,FALSE,31.8,216,4.6,15,Dutch Grand Prix,R,25-08-2024
0 days 01:55:40.740000,19.3,56,1019.9,FALSE,32.1,221,4.4,15,Dutch Grand Prix,R,25-08-2024
0 days 01:56:40.734000,19.3,56,1020,FALSE,32.1,204,4.7,15,Dutch Grand Prix,R,25-08-2024
0 days 01:57:40.774000,19.3,57,1020,FALSE,32,209,4.1,15,Dutch Grand Prix,R,25-08-2024
0 days 01:58:40.728000,19.2,57,1019.9,FALSE,32.3,217,3.8,15,Dutch Grand Prix,R,25-08-2024
0 days 01:59:40.744000,19.2,58,1019.9,FALSE,32.3,206,4.6,15,Dutch Grand Prix,R,25-08-2024
0 days 02:00:40.732000,19.2,59,1019.9,FALSE,32.1,209,4.6,15,Dutch Grand Prix,R,25-08-2024
0 days 02:01:40.741000,19.3,56,1019.9,FALSE,32.3,205,4.5,15,Dutch Grand Prix,R,25-08-2024
0 days 02:02:40.746000,19.3,55,1020,FALSE,32.3,210,5.2,15,Dutch Grand Prix,R,25-08-2024
0 days 02:03:40.782000,19.3,56,1019.9,FALSE,32.3,224,4.9,15,Dutch Grand Prix,R,25-08-2024
0 days 02:04:40.760000,19.3,57,1020,FALSE,32.4,210,5.1,15,Dutch Grand Prix,R,25-08-2024
0 days 02:05:40.764000,19.3,56,1020,FALSE,32.4,208,4.6,15,Dutch Grand Prix,R,25-08-2024
0 days 02:06:40.781000,19.3,57,1019.9,FALSE,32.1,215,4.7,15,Dutch Grand Prix,R,25-08-2024
0 days 02:07:40.793000,19.3,58,1019.9,FALSE,31.9,224,4.4,15,Dutch Grand Prix,R,25-08-2024
0 days 02:08:40.816000,19.4,57,1019.9,FALSE,31.9,228,5.8,15,Dutch Grand Prix,R,25-08-2024
0 days 02:09:40.821000,19.4,59,1020,FALSE,32.1,215,4.4,15,Dutch Grand Prix,R,25-08-2024
0 days 02:10:40.816000,19.4,57,1019.9,FALSE,32.1,210,4.2,15,Dutch Grand Prix,R,25-08-2024
0 days 02:11:40.854000,19.4,57,1019.9,FALSE,32.1,219,4.2,15,Dutch Grand Prix,R,25-08-2024
0 days 02:12:40.831000,19.4,58,1020.1,FALSE,32.1,224,5.3,15,Dutch Grand Prix,R,25-08-2024
0 days 02:13:40.839000,19.5,57,1019.8,FALSE,32.1,219,5.2,15,Dutch Grand Prix,R,25-08-2024
0 days 02:14:40.831000,19.5,56,1019.9,FALSE,32.3,213,4.7,15,Dutch Grand Prix,R,25-08-2024
0 days 02:15:40.833000,19.5,58,1019.9,FALSE,32.2,220,5.1,15,Dutch Grand Prix,R,25-08-2024
0 days 02:16:40.839000,19.6,58,1020,FALSE,32,223,5.3,15,Dutch Grand Prix,R,25-08-2024
0 days 02:17:40.849000,19.7,57,1020,FALSE,32.3,229,4.8,15,Dutch Grand Prix,R,25-08-2024
0 days 02:18:40.822000,19.6,56,1020.1,FALSE,32.1,227,5.2,15,Dutch Grand Prix,R,25-08-2024
0 days 02:19:40.843000,19.6,55,1020,FALSE,31.8,208,3.9,15,Dutch Grand Prix,R,25-08-2024
0 days 02:20:40.860000,19.5,56,1020,FALSE,31.7,199,4.2,15,Dutch Grand Prix,R,25-08-2024
0 days 02:21:40.882000,19.4,56,1020,FALSE,31.7,218,4,15,Dutch Grand Prix,R,25-08-2024
0 days 02:22:40.904000,19.3,57,1019.9,FALSE,31.8,212,4.1,15,Dutch Grand Prix,R,25-08-2024
0 days 02:23:40.948000,19.3,55,1020.1,FALSE,31.8,213,4.7,15,Dutch Grand Prix,R,25-08-2024
0 days 02:24:40.919000,19.3,57,1019.9,FALSE,31.8,203,4.3,15,Dutch Grand Prix,R,25-08-2024
0 days 02:25:40.925000,19.3,57,1019.9,FALSE,31.8,203,4.3,15,Dutch Grand Prix,R,25-08-2024
0 days 02:26:40.912000,19.3,57,1019.9,FALSE,31.8,203,4.3,15,Dutch Grand Prix,R,25-08-2024
0 days 02:27:40.936000,19.3,57,1019.9,FALSE,31.8,203,4.3,15,Dutch Grand Prix,R,25-08-2024
0 days 02:28:40.944000,19.3,57,1019.9,FALSE,31.8,203,4.3,15,Dutch Grand Prix,R,25-08-2024
0 days 02:29:40.939000,19.3,57,1019.9,FALSE,31.8,203,4.3,15,Dutch Grand Prix,R,25-08-2024
0 days 02:30:40.913000,19.3,57,1019.9,FALSE,31.8,203,4.3,15,Dutch Grand Prix,R,25-08-2024
0 days 02:31:40.918000,19.5,57,1020,FALSE,30.8,233,4.5,15,Dutch Grand Prix,R,25-08-2024
0 days 02:32:40.913000,19.3,58,1020,FALSE,30.7,220,5.9,15,Dutch Grand Prix,R,25-08-2024
0 days 00:00:26.141000,33.2,38,993.8,FALSE,52.1,318,0.7,16,Italian Grand Prix,R,01-09-2024
0 days 00:01:26.139000,33.2,37,993.9,FALSE,52.1,207,1,16,Italian Grand Prix,R,01-09-2024
0 days 00:02:26.141000,33.2,37,993.9,FALSE,52.8,230,1.3,16,Italian Grand Prix,R,01-09-2024
0 days 00:03:26.146000,33.2,36,993.8,FALSE,52.8,200,0.7,16,Italian Grand Prix,R,01-09-2024
0 days 00:04:26.151000,33.3,36,993.8,FALSE,52.8,182,0.8,16,Italian Grand Prix,R,01-09-2024
0 days 00:05:26.168000,33.3,36,993.8,FALSE,53,318,0.8,16,Italian Grand Prix,R,01-09-2024
0 days 00:06:26.187000,33.3,35,993.9,FALSE,53,349,1.5,16,Italian Grand Prix,R,01-09-2024
0 days 00:07:26.203000,33.4,35,993.8,FALSE,52.7,0,1.7,16,Italian Grand Prix,R,01-09-2024
0 days 00:08:26.205000,33.3,35,993.8,FALSE,53,230,0.4,16,Italian Grand Prix,R,01-09-2024
0 days 00:09:26.214000,33.3,34,993.8,FALSE,53.3,229,1.6,16,Italian Grand Prix,R,01-09-2024
0 days 00:10:26.225000,33.4,34,993.8,FALSE,53.2,177,1.6,16,Italian Grand Prix,R,01-09-2024
0 days 00:11:26.228000,33.3,34,993.7,FALSE,53.2,198,1.6,16,Italian Grand Prix,R,01-09-2024
0 days 00:12:26.230000,33.3,34,993.8,FALSE,53.4,177,3.2,16,Italian Grand Prix,R,01-09-2024
0 days 00:13:26.237000,33.4,34,993.8,FALSE,53.4,233,0.7,16,Italian Grand Prix,R,01-09-2024
0 days 00:14:26.223000,33.4,34,993.9,FALSE,53.2,40,0.8,16,Italian Grand Prix,R,01-09-2024
0 days 00:15:26.221000,33.4,33,993.8,FALSE,53.5,225,0.7,16,Italian Grand Prix,R,01-09-2024
0 days 00:16:26.234000,33.3,34,993.8,FALSE,53.4,220,1.1,16,Italian Grand Prix,R,01-09-2024
0 days 00:17:26.255000,33.2,35,993.8,FALSE,53.4,214,1.5,16,Italian Grand Prix,R,01-09-2024
0 days 00:18:26.243000,33.1,34,993.8,FALSE,54.2,195,2.7,16,Italian Grand Prix,R,01-09-2024
0 days 00:19:26.249000,33.3,33,993.7,FALSE,54.2,202,2.5,16,Italian Grand Prix,R,01-09-2024
0 days 00:20:26.246000,33.6,33,993.7,FALSE,54,232,1.3,16,Italian Grand Prix,R,01-09-2024
0 days 00:21:26.248000,33.7,33,993.6,FALSE,53.3,226,1.4,16,Italian Grand Prix,R,01-09-2024
0 days 00:22:26.251000,33.5,32,993.7,FALSE,53,200,1.6,16,Italian Grand Prix,R,01-09-2024
0 days 00:23:26.258000,33.5,33,993.7,FALSE,52,196,0.9,16,Italian Grand Prix,R,01-09-2024
0 days 00:24:26.270000,33.5,33,993.6,FALSE,51.8,222,0.9,16,Italian Grand Prix,R,01-09-2024
0 days 00:25:26.295000,33.7,32,993.6,FALSE,52.2,163,1.6,16,Italian Grand Prix,R,01-09-2024
0 days 00:26:26.289000,33.6,32,993.7,FALSE,52.8,195,1.4,16,Italian Grand Prix,R,01-09-2024
0 days 00:27:26.299000,33.5,32,993.5,FALSE,52.7,195,0.8,16,Italian Grand Prix,R,01-09-2024
0 days 00:28:26.307000,33.5,32,993.4,FALSE,53,181,0.7,16,Italian Grand Prix,R,01-09-2024
0 days 00:29:26.335000,33.6,31,993.4,FALSE,53.5,243,0.9,16,Italian Grand Prix,R,01-09-2024
0 days 00:30:26.329000,33.8,31,993.5,FALSE,53.5,350,1.2,16,Italian Grand Prix,R,01-09-2024
0 days 00:31:26.352000,33.7,31,993.5,FALSE,53.5,312,1.6,16,Italian Grand Prix,R,01-09-2024
0 days 00:32:26.369000,33.6,31,993.5,FALSE,53.8,324,0.7,16,Italian Grand Prix,R,01-09-2024
0 days 00:33:26.362000,33.6,31,993.4,FALSE,53.8,156,1.4,16,Italian Grand Prix,R,01-09-2024
0 days 00:34:26.360000,33.7,32,993.4,FALSE,53.7,119,1.7,16,Italian Grand Prix,R,01-09-2024
0 days 00:35:26.354000,33.6,32,993.4,FALSE,53.7,121,1.4,16,Italian Grand Prix,R,01-09-2024
0 days 00:36:26.361000,33.8,33,993.5,FALSE,53.6,198,1.3,16,Italian Grand Prix,R,01-09-2024
0 days 00:37:26.365000,33.9,33,993.5,FALSE,52.9,239,1.7,16,Italian Grand Prix,R,01-09-2024
0 days 00:38:26.374000,33.8,34,993.4,FALSE,52.8,215,1.7,16,Italian Grand Prix,R,01-09-2024
0 days 00:39:26.372000,33.7,33,993.4,FALSE,52.9,185,2,16,Italian Grand Prix,R,01-09-2024
0 days 00:40:26.375000,33.6,34,993.5,FALSE,53.8,206,2.3,16,Italian Grand Prix,R,01-09-2024
0 days 00:41:26.365000,33.9,32,993.4,FALSE,54,202,1.3,16,Italian Grand Prix,R,01-09-2024
0 days 00:42:26.369000,33.9,33,993.5,FALSE,53.8,0,0.9,16,Italian Grand Prix,R,01-09-2024
0 days 00:43:26.375000,33.9,33,993.5,FALSE,53.3,214,0.6,16,Italian Grand Prix,R,01-09-2024
0 days 00:44:26.364000,34,33,993.4,FALSE,53.8,220,1.9,16,Italian Grand Prix,R,01-09-2024
0 days 00:45:26.378000,34.1,33,993.4,FALSE,53.9,240,1.1,16,Italian Grand Prix,R,01-09-2024
0 days 00:46:26.377000,34,32,993.3,FALSE,54.1,265,1.1,16,Italian Grand Prix,R,01-09-2024
0 days 00:47:26.371000,33.9,32,993.3,FALSE,53.9,352,0.6,16,Italian Grand Prix,R,01-09-2024
0 days 00:48:26.382000,33.7,32,993.3,FALSE,53.7,270,0.8,16,Italian Grand Prix,R,01-09-2024
0 days 00:49:26.378000,33.7,33,993.2,FALSE,53.7,205,1.5,16,Italian Grand Prix,R,01-09-2024
0 days 00:50:26.385000,33.8,33,993.2,FALSE,54.4,196,2.4,16,Italian Grand Prix,R,01-09-2024
0 days 00:51:26.384000,33.7,33,993.2,FALSE,54.4,201,2.4,16,Italian Grand Prix,R,01-09-2024
0 days 00:52:26.377000,33.8,33,993.2,FALSE,54.6,198,2.1,16,Italian Grand Prix,R,01-09-2024
0 days 00:53:26.386000,33.8,33,993.2,FALSE,53.5,190,2,16,Italian Grand Prix,R,01-09-2024
0 days 00:54:26.375000,33.8,33,993.2,FALSE,52.4,192,2.8,16,Italian Grand Prix,R,01-09-2024
0 days 00:55:26.380000,33.8,33,993.3,FALSE,51.7,194,2.2,16,Italian Grand Prix,R,01-09-2024
0 days 00:56:26.384000,33.8,32,993.2,FALSE,51.3,191,1.9,16,Italian Grand Prix,R,01-09-2024
0 days 00:57:26.393000,33.9,31,993.2,FALSE,50.5,218,1.4,16,Italian Grand Prix,R,01-09-2024
0 days 00:58:26.388000,33.8,30,993.2,FALSE,50.4,183,0.7,16,Italian Grand Prix,R,01-09-2024
0 days 00:59:26.375000,33.7,30,993.3,FALSE,50.6,185,2.3,16,Italian Grand Prix,R,01-09-2024
0 days 01:00:26.383000,33.7,31,993.2,FALSE,50.6,201,1.9,16,Italian Grand Prix,R,01-09-2024
0 days 01:01:26.378000,33.7,30,993.2,FALSE,50.7,192,2.3,16,Italian Grand Prix,R,01-09-2024
0 days 01:02:26.388000,33.7,31,993.2,FALSE,50.6,194,1.8,16,Italian Grand Prix,R,01-09-2024
0 days 01:03:26.395000,33.5,31,993.1,FALSE,50.2,192,2,16,Italian Grand Prix,R,01-09-2024
0 days 01:04:26.396000,33.5,32,993.1,FALSE,49.6,170,2.1,16,Italian Grand Prix,R,01-09-2024
0 days 01:05:26.429000,33.4,32,993.1,FALSE,49.5,0,0.6,16,Italian Grand Prix,R,01-09-2024
0 days 01:06:26.407000,33.3,32,993.1,FALSE,49.5,200,1,16,Italian Grand Prix,R,01-09-2024
0 days 01:07:26.408000,33.3,31,993.1,FALSE,49,239,1.7,16,Italian Grand Prix,R,01-09-2024
0 days 01:08:26.411000,33.3,31,993.1,FALSE,48.7,219,1.2,16,Italian Grand Prix,R,01-09-2024
0 days 01:09:26.416000,33.3,31,993,FALSE,48.6,196,1.8,16,Italian Grand Prix,R,01-09-2024
0 days 01:10:26.425000,33.2,31,993.1,FALSE,48.4,197,1.5,16,Italian Grand Prix,R,01-09-2024
0 days 01:11:26.432000,33.2,31,993.2,FALSE,47.7,232,1.6,16,Italian Grand Prix,R,01-09-2024
0 days 01:12:26.439000,33.1,32,993.1,FALSE,47.6,183,1,16,Italian Grand Prix,R,01-09-2024
0 days 01:13:26.449000,33,31,993,FALSE,47.6,177,1.3,16,Italian Grand Prix,R,01-09-2024
0 days 01:14:26.449000,33,31,993.1,FALSE,47.5,188,2.3,16,Italian Grand Prix,R,01-09-2024
0 days 01:15:26.447000,32.9,31,993,FALSE,48,197,2.3,16,Italian Grand Prix,R,01-09-2024
0 days 01:16:26.443000,32.9,31,993,FALSE,47.9,197,1.9,16,Italian Grand Prix,R,01-09-2024
0 days 01:17:26.454000,32.8,31,993,FALSE,47.9,197,2,16,Italian Grand Prix,R,01-09-2024
0 days 01:18:26.459000,32.8,30,993.1,FALSE,47.8,195,1.9,16,Italian Grand Prix,R,01-09-2024
0 days 01:19:26.473000,32.9,31,993,FALSE,47.5,178,1.4,16,Italian Grand Prix,R,01-09-2024
0 days 01:20:26.496000,32.9,31,993,FALSE,47.2,195,1.7,16,Italian Grand Prix,R,01-09-2024
0 days 01:21:26.502000,32.8,31,993,FALSE,47,200,1.3,16,Italian Grand Prix,R,01-09-2024
0 days 01:22:26.501000,32.8,31,993,FALSE,46.8,192,1.1,16,Italian Grand Prix,R,01-09-2024
0 days 01:23:26.498000,32.8,31,993,FALSE,46.6,200,1.6,16,Italian Grand Prix,R,01-09-2024
0 days 01:24:26.555000,32.8,31,993,FALSE,46.5,183,2.2,16,Italian Grand Prix,R,01-09-2024
0 days 01:25:26.495000,32.8,32,993,FALSE,46.3,196,1.8,16,Italian Grand Prix,R,01-09-2024
0 days 01:26:26.504000,32.7,31,992.9,FALSE,46.2,188,1.8,16,Italian Grand Prix,R,01-09-2024
0 days 01:27:26.519000,32.7,31,993,FALSE,46.1,177,1.5,16,Italian Grand Prix,R,01-09-2024
0 days 01:28:26.518000,32.6,31,993,FALSE,45.9,190,1.2,16,Italian Grand Prix,R,01-09-2024
0 days 01:29:26.514000,32.6,31,993,FALSE,45.7,198,1.6,16,Italian Grand Prix,R,01-09-2024
0 days 01:30:26.537000,32.6,32,993,FALSE,45.8,194,1.8,16,Italian Grand Prix,R,01-09-2024
0 days 01:31:26.540000,32.6,31,993,FALSE,45.8,190,1.7,16,Italian Grand Prix,R,01-09-2024
0 days 01:32:26.532000,32.7,31,993,FALSE,45.5,191,2.2,16,Italian Grand Prix,R,01-09-2024
0 days 01:33:26.532000,32.6,31,992.9,FALSE,45.5,212,2.2,16,Italian Grand Prix,R,01-09-2024
0 days 01:34:26.533000,32.5,31,992.9,FALSE,45.3,187,1.8,16,Italian Grand Prix,R,01-09-2024
0 days 01:35:26.539000,32.5,31,992.9,FALSE,45.3,180,1.5,16,Italian Grand Prix,R,01-09-2024
0 days 01:36:26.543000,32.5,32,992.9,FALSE,46.2,178,2.4,16,Italian Grand Prix,R,01-09-2024
0 days 01:37:26.543000,32.5,32,992.9,FALSE,46.1,189,1.9,16,Italian Grand Prix,R,01-09-2024
0 days 01:38:26.544000,32.5,32,992.9,FALSE,46.1,205,2.1,16,Italian Grand Prix,R,01-09-2024
0 days 01:39:26.535000,32.4,32,992.9,FALSE,45.9,196,1.3,16,Italian Grand Prix,R,01-09-2024
0 days 01:40:26.538000,32.5,32,992.9,FALSE,45.9,194,1.4,16,Italian Grand Prix,R,01-09-2024
0 days 01:41:26.542000,32.5,32,993,FALSE,45.7,198,1.4,16,Italian Grand Prix,R,01-09-2024
0 days 01:42:26.545000,32.7,32,993,FALSE,45.7,192,1.3,16,Italian Grand Prix,R,01-09-2024
0 days 01:43:26.546000,32.7,32,992.9,FALSE,45.5,202,1.7,16,Italian Grand Prix,R,01-09-2024
0 days 01:44:26.535000,32.7,31,993,FALSE,45.5,186,1.5,16,Italian Grand Prix,R,01-09-2024
0 days 01:45:26.534000,32.6,32,993,FALSE,45.4,201,1.3,16,Italian Grand Prix,R,01-09-2024
0 days 01:46:26.548000,32.5,32,992.9,FALSE,45.4,200,1.2,16,Italian Grand Prix,R,01-09-2024
0 days 01:47:26.554000,32.5,32,992.9,FALSE,45.2,202,1.1,16,Italian Grand Prix,R,01-09-2024
0 days 01:48:26.546000,32.5,31,993,FALSE,45.2,187,1.5,16,Italian Grand Prix,R,01-09-2024
0 days 01:49:26.539000,32.5,31,992.9,FALSE,45,196,1.4,16,Italian Grand Prix,R,01-09-2024
0 days 01:50:26.549000,32.5,31,993,FALSE,44.9,195,1.7,16,Italian Grand Prix,R,01-09-2024
0 days 01:51:26.562000,32.5,32,992.9,FALSE,44.9,218,1.2,16,Italian Grand Prix,R,01-09-2024
0 days 01:52:26.557000,32.5,32,993,FALSE,44.7,195,1.5,16,Italian Grand Prix,R,01-09-2024
0 days 01:53:26.549000,32.5,32,992.9,FALSE,44.7,201,1.6,16,Italian Grand Prix,R,01-09-2024
0 days 01:54:26.556000,32.4,32,993,FALSE,44.5,180,1.3,16,Italian Grand Prix,R,01-09-2024
0 days 01:55:26.571000,32.5,32,992.9,FALSE,45,167,1.6,16,Italian Grand Prix,R,01-09-2024
0 days 01:56:26.548000,32.5,32,992.9,FALSE,44.9,197,1.1,16,Italian Grand Prix,R,01-09-2024
0 days 01:57:26.561000,32.4,32,992.9,FALSE,44.9,168,1.5,16,Italian Grand Prix,R,01-09-2024
0 days 01:58:26.549000,32.4,32,993,FALSE,44.6,205,1.5,16,Italian Grand Prix,R,01-09-2024
0 days 01:59:26.560000,32.3,33,992.9,FALSE,44.6,199,1.6,16,Italian Grand Prix,R,01-09-2024
0 days 02:00:26.556000,32.3,32,992.9,FALSE,44.6,222,1.3,16,Italian Grand Prix,R,01-09-2024
0 days 02:01:26.549000,32.4,32,992.9,FALSE,44.4,192,1.3,16,Italian Grand Prix,R,01-09-2024
0 days 02:02:26.552000,32.4,32,992.9,FALSE,44.2,185,1.6,16,Italian Grand Prix,R,01-09-2024
0 days 02:03:26.564000,32.3,32,992.9,FALSE,44.2,200,1.8,16,Italian Grand Prix,R,01-09-2024
0 days 02:04:26.563000,32.3,33,992.9,FALSE,44.2,190,1.1,16,Italian Grand Prix,R,01-09-2024
0 days 02:05:26.557000,32.3,32,992.8,FALSE,44.1,205,1.6,16,Italian Grand Prix,R,01-09-2024
0 days 02:06:26.564000,32.3,32,992.9,FALSE,44.1,196,1.6,16,Italian Grand Prix,R,01-09-2024
0 days 02:07:26.593000,32.3,33,992.8,FALSE,44.1,200,1.2,16,Italian Grand Prix,R,01-09-2024
0 days 02:08:26.615000,32.2,33,992.7,FALSE,43.9,213,1.4,16,Italian Grand Prix,R,01-09-2024
0 days 02:09:26.629000,32.2,32,992.9,FALSE,43.8,207,1.7,16,Italian Grand Prix,R,01-09-2024
0 days 02:10:26.648000,32.2,32,992.8,FALSE,43.8,218,1.8,16,Italian Grand Prix,R,01-09-2024
0 days 02:11:26.663000,32.2,32,992.7,FALSE,43.6,220,1.6,16,Italian Grand Prix,R,01-09-2024
0 days 02:12:26.670000,32.2,32,992.8,FALSE,43.5,229,1.9,16,Italian Grand Prix,R,01-09-2024
0 days 00:00:26.104000,26.5,39,1017.7,FALSE,47.2,63,1.4,17,Azerbaijan Grand Prix,R,15-09-2024
0 days 00:01:26.122000,26.6,39,1017.6,FALSE,47.2,83,0.8,17,Azerbaijan Grand Prix,R,15-09-2024
0 days 00:02:26.139000,26.6,39,1017.6,FALSE,47.5,141,0.8,17,Azerbaijan Grand Prix,R,15-09-2024
0 days 00:03:26.153000,26.9,38,1017.6,FALSE,47.5,12,2.4,17,Azerbaijan Grand Prix,R,15-09-2024
0 days 00:04:26.155000,27.1,38,1017.7,FALSE,47.5,267,1.8,17,Azerbaijan Grand Prix,R,15-09-2024
0 days 00:05:26.154000,27,37,1017.8,FALSE,46.6,358,1.1,17,Azerbaijan Grand Prix,R,15-09-2024
0 days 00:06:26.155000,26.8,37,1017.6,FALSE,46.6,148,1.2,17,Azerbaijan Grand Prix,R,15-09-2024
0 days 00:07:26.156000,26.6,38,1017.7,FALSE,46.6,112,1.6,17,Azerbaijan Grand Prix,R,15-09-2024
0 days 00:08:26.161000,26.4,39,1017.6,FALSE,47.1,80,1.5,17,Azerbaijan Grand Prix,R,15-09-2024
0 days 00:09:26.157000,26.4,39,1017.6,FALSE,47,220,1.6,17,Azerbaijan Grand Prix,R,15-09-2024
0 days 00:10:26.158000,26.7,39,1017.8,FALSE,47.1,62,0.5,17,Azerbaijan Grand Prix,R,15-09-2024
0 days 00:11:26.159000,26.7,38,1017.7,FALSE,47,110,2.6,17,Azerbaijan Grand Prix,R,15-09-2024
0 days 00:12:26.162000,27,38,1017.7,FALSE,47,339,1.8,17,Azerbaijan Grand Prix,R,15-09-2024
0 days 00:13:26.163000,26.9,39,1017.7,FALSE,46.1,98,1.2,17,Azerbaijan Grand Prix,R,15-09-2024
0 days 00:14:26.163000,26.8,39,1017.8,FALSE,46.4,244,1.1,17,Azerbaijan Grand Prix,R,15-09-2024
0 days 00:15:26.165000,26.9,38,1017.7,FALSE,47.1,202,1.5,17,Azerbaijan Grand Prix,R,15-09-2024
0 days 00:16:26.164000,27,37,1017.7,FALSE,47.1,179,1.4,17,Azerbaijan Grand Prix,R,15-09-2024
0 days 00:17:26.165000,26.9,38,1017.8,FALSE,47.4,249,0.5,17,Azerbaijan Grand Prix,R,15-09-2024
0 days 00:18:26.167000,27.2,38,1017.7,FALSE,47.6,186,1.2,17,Azerbaijan Grand Prix,R,15-09-2024
0 days 00:19:26.166000,27.5,38,1017.8,FALSE,47.5,154,1.6,17,Azerbaijan Grand Prix,R,15-09-2024
0 days 00:20:26.165000,27.5,38,1017.7,FALSE,47.2,220,1.2,17,Azerbaijan Grand Prix,R,15-09-2024
0 days 00:21:26.171000,27.4,39,1017.6,FALSE,46.6,108,1.6,17,Azerbaijan Grand Prix,R,15-09-2024
0 days 00:22:26.167000,27,40,1017.6,FALSE,46.6,144,1,17,Azerbaijan Grand Prix,R,15-09-2024
0 days 00:23:26.176000,27,41,1017.6,FALSE,45.6,65,1.7,17,Azerbaijan Grand Prix,R,15-09-2024
0 days 00:24:26.168000,26.9,39,1017.5,FALSE,46.3,112,2.7,17,Azerbaijan Grand Prix,R,15-09-2024
0 days 00:25:26.168000,26.7,39,1017.5,FALSE,46.3,84,2.9,17,Azerbaijan Grand Prix,R,15-09-2024
0 days 00:26:26.171000,26.5,39,1017.7,FALSE,46.3,88,4,17,Azerbaijan Grand Prix,R,15-09-2024
0 days 00:27:26.175000,26.6,40,1017.6,FALSE,46.3,78,2.9,17,Azerbaijan Grand Prix,R,15-09-2024
0 days 00:28:26.183000,26.8,40,1017.6,FALSE,46.3,81,1.1,17,Azerbaijan Grand Prix,R,15-09-2024
0 days 00:29:26.171000,27.1,40,1017.6,FALSE,45.7,80,1.8,17,Azerbaijan Grand Prix,R,15-09-2024
0 days 00:30:26.172000,27.1,40,1017.7,FALSE,46.5,232,1.6,17,Azerbaijan Grand Prix,R,15-09-2024
0 days 00:31:26.173000,26.9,40,1017.5,FALSE,46.5,32,0.9,17,Azerbaijan Grand Prix,R,15-09-2024
0 days 00:32:26.175000,27.1,41,1017.5,FALSE,46.5,151,1.4,17,Azerbaijan Grand Prix,R,15-09-2024
0 days 00:33:26.176000,27.3,41,1017.6,FALSE,46.5,149,1.4,17,Azerbaijan Grand Prix,R,15-09-2024
0 days 00:34:26.179000,27.3,42,1017.6,FALSE,46.4,219,1.1,17,Azerbaijan Grand Prix,R,15-09-2024
0 days 00:35:26.201000,27.5,42,1017.6,FALSE,46.7,124,0.8,17,Azerbaijan Grand Prix,R,15-09-2024
0 days 00:36:26.178000,27.8,41,1017.5,FALSE,47.9,53,0.5,17,Azerbaijan Grand Prix,R,15-09-2024
0 days 00:37:26.178000,28.2,39,1017.5,FALSE,46.7,105,1.4,17,Azerbaijan Grand Prix,R,15-09-2024
0 days 00:38:26.180000,28.1,39,1017.6,FALSE,46.4,128,1.4,17,Azerbaijan Grand Prix,R,15-09-2024
0 days 00:39:26.179000,27.7,40,1017.5,FALSE,46.4,38,0.8,17,Azerbaijan Grand Prix,R,15-09-2024
0 days 00:40:26.185000,27.8,40,1017.6,FALSE,46.7,122,0.9,17,Azerbaijan Grand Prix,R,15-09-2024
0 days 00:41:26.181000,27.3,43,1017.6,FALSE,45.9,186,0.8,17,Azerbaijan Grand Prix,R,15-09-2024
0 days 00:42:26.180000,27.3,41,1017.6,FALSE,39.9,215,1,17,Azerbaijan Grand Prix,R,15-09-2024
0 days 00:43:26.181000,27.1,41,1017.7,FALSE,39.3,0,0.9,17,Azerbaijan Grand Prix,R,15-09-2024
0 days 00:44:26.182000,26.8,43,1017.6,FALSE,44.5,101,0.9,17,Azerbaijan Grand Prix,R,15-09-2024
0 days 00:45:26.182000,26.9,43,1017.6,FALSE,45.6,0,1.3,17,Azerbaijan Grand Prix,R,15-09-2024
0 days 00:46:26.216000,27.3,41,1017.6,FALSE,46.4,111,1,17,Azerbaijan Grand Prix,R,15-09-2024
0 days 00:47:26.190000,27,42,1017.6,FALSE,46.1,332,1.5,17,Azerbaijan Grand Prix,R,15-09-2024
0 days 00:48:26.184000,27.2,42,1017.5,FALSE,45.1,27,1.2,17,Azerbaijan Grand Prix,R,15-09-2024
0 days 00:49:26.186000,26.9,42,1017.6,FALSE,45.3,189,1,17,Azerbaijan Grand Prix,R,15-09-2024
0 days 00:50:26.187000,26.9,41,1017.6,FALSE,45.9,219,1.7,17,Azerbaijan Grand Prix,R,15-09-2024
0 days 00:51:26.187000,27.3,39,1017.7,FALSE,46.7,64,1.2,17,Azerbaijan Grand Prix,R,15-09-2024
0 days 00:52:26.188000,27.7,39,1017.7,FALSE,46.7,74,1.3,17,Azerbaijan Grand Prix,R,15-09-2024
0 days 00:53:26.188000,27.2,39,1017.7,FALSE,44.8,0,1.4,17,Azerbaijan Grand Prix,R,15-09-2024
0 days 00:54:26.189000,26.8,40,1017.8,FALSE,45.2,240,0.7,17,Azerbaijan Grand Prix,R,15-09-2024
0 days 00:55:26.191000,26.8,40,1017.8,FALSE,45.2,195,1,17,Azerbaijan Grand Prix,R,15-09-2024
0 days 00:56:26.190000,26.8,41,1017.7,FALSE,45.3,204,1.4,17,Azerbaijan Grand Prix,R,15-09-2024
0 days 00:57:26.192000,26.8,41,1017.7,FALSE,45.3,241,0.8,17,Azerbaijan Grand Prix,R,15-09-2024
0 days 00:58:26.194000,26.8,41,1017.6,FALSE,45.6,249,2,17,Azerbaijan Grand Prix,R,15-09-2024
0 days 00:59:26.192000,26.8,41,1017.6,FALSE,45.6,117,1.7,17,Azerbaijan Grand Prix,R,15-09-2024
0 days 01:00:26.198000,26.7,40,1017.4,FALSE,45.7,0,2.4,17,Azerbaijan Grand Prix,R,15-09-2024
0 days 01:01:26.193000,26.9,37,1017.7,FALSE,45.7,65,1,17,Azerbaijan Grand Prix,R,15-09-2024
0 days 01:02:26.194000,26.8,38,1017.7,FALSE,45.4,76,2.4,17,Azerbaijan Grand Prix,R,15-09-2024
0 days 01:03:26.202000,26.8,37,1017.5,FALSE,44.9,116,1.5,17,Azerbaijan Grand Prix,R,15-09-2024
0 days 01:04:26.205000,26.6,38,1017.6,FALSE,44.5,66,2.8,17,Azerbaijan Grand Prix,R,15-09-2024
0 days 01:05:26.257000,26.4,39,1017.6,FALSE,44.5,87,1.7,17,Azerbaijan Grand Prix,R,15-09-2024
0 days 01:06:26.198000,26.3,40,1017.7,FALSE,45,118,0.8,17,Azerbaijan Grand Prix,R,15-09-2024
0 days 01:07:26.203000,26.5,39,1017.7,FALSE,44.9,82,2.4,17,Azerbaijan Grand Prix,R,15-09-2024
0 days 01:08:26.199000,26.3,39,1017.6,FALSE,44.6,130,2.3,17,Azerbaijan Grand Prix,R,15-09-2024
0 days 01:09:26.209000,26.2,40,1017.6,FALSE,44.7,0,1.8,17,Azerbaijan Grand Prix,R,15-09-2024
0 days 01:10:26.218000,26.3,40,1017.7,FALSE,44.7,97,0.9,17,Azerbaijan Grand Prix,R,15-09-2024
0 days 01:11:26.210000,26.2,40,1017.6,FALSE,44.4,40,1.6,17,Azerbaijan Grand Prix,R,15-09-2024
0 days 01:12:26.213000,26.5,40,1017.7,FALSE,44.7,104,0.9,17,Azerbaijan Grand Prix,R,15-09-2024
0 days 01:13:26.222000,26.7,38,1017.7,FALSE,44.8,76,1.5,17,Azerbaijan Grand Prix,R,15-09-2024
0 days 01:14:26.295000,26.8,37,1017.6,FALSE,44.7,61,2.2,17,Azerbaijan Grand Prix,R,15-09-2024
0 days 01:15:26.262000,26.7,37,1017.7,FALSE,44.7,67,0.8,17,Azerbaijan Grand Prix,R,15-09-2024
0 days 01:16:26.256000,26.8,36,1017.8,FALSE,44.7,59,1.1,17,Azerbaijan Grand Prix,R,15-09-2024
0 days 01:17:26.267000,26.9,37,1017.7,FALSE,44.8,65,0.9,17,Azerbaijan Grand Prix,R,15-09-2024
0 days 01:18:26.252000,26.9,38,1017.7,FALSE,44.8,72,2.2,17,Azerbaijan Grand Prix,R,15-09-2024
0 days 01:19:26.257000,26.8,38,1017.6,FALSE,44.3,99,0.8,17,Azerbaijan Grand Prix,R,15-09-2024
0 days 01:20:26.256000,27,37,1017.6,FALSE,44.7,43,0.9,17,Azerbaijan Grand Prix,R,15-09-2024
0 days 01:21:26.254000,27,36,1017.6,FALSE,44.7,95,1.4,17,Azerbaijan Grand Prix,R,15-09-2024
0 days 01:22:26.258000,26.8,37,1017.6,FALSE,44.1,137,2.9,17,Azerbaijan Grand Prix,R,15-09-2024
0 days 01:23:26.256000,26.5,37,1017.6,FALSE,44.1,60,2.3,17,Azerbaijan Grand Prix,R,15-09-2024
0 days 01:24:26.260000,26.5,36,1017.7,FALSE,44.1,193,1.3,17,Azerbaijan Grand Prix,R,15-09-2024
0 days 01:25:26.258000,26.5,36,1017.6,FALSE,44,291,1.5,17,Azerbaijan Grand Prix,R,15-09-2024
0 days 01:26:26.258000,26.5,36,1017.5,FALSE,44,44,1.4,17,Azerbaijan Grand Prix,R,15-09-2024
0 days 01:27:26.262000,26.5,36,1017.6,FALSE,43.8,146,1.2,17,Azerbaijan Grand Prix,R,15-09-2024
0 days 01:28:26.261000,26.3,37,1017.7,FALSE,43.8,89,1.2,17,Azerbaijan Grand Prix,R,15-09-2024
0 days 01:29:26.279000,26.4,36,1017.6,FALSE,44,194,1.7,17,Azerbaijan Grand Prix,R,15-09-2024
0 days 01:30:26.285000,26.4,36,1017.6,FALSE,43.9,0,1.9,17,Azerbaijan Grand Prix,R,15-09-2024
0 days 01:31:26.287000,26.5,36,1017.6,FALSE,43.9,266,1.2,17,Azerbaijan Grand Prix,R,15-09-2024
0 days 01:32:26.355000,26.6,36,1017.6,FALSE,44.1,6,0.9,17,Azerbaijan Grand Prix,R,15-09-2024
0 days 01:33:26.328000,26.9,34,1017.6,FALSE,44.4,248,1.1,17,Azerbaijan Grand Prix,R,15-09-2024
0 days 01:34:26.320000,27.1,35,1017.5,FALSE,44.4,78,1.9,17,Azerbaijan Grand Prix,R,15-09-2024
0 days 01:35:26.316000,26.9,36,1017.6,FALSE,43.2,37,1.3,17,Azerbaijan Grand Prix,R,15-09-2024
0 days 01:36:26.359000,27,36,1017.6,FALSE,43.4,75,1.7,17,Azerbaijan Grand Prix,R,15-09-2024
0 days 01:37:26.334000,27,37,1017.6,FALSE,44.2,110,1.5,17,Azerbaijan Grand Prix,R,15-09-2024
0 days 01:38:26.356000,26.9,36,1017.7,FALSE,44.1,107,2.5,17,Azerbaijan Grand Prix,R,15-09-2024
0 days 01:39:26.347000,26.7,36,1017.6,FALSE,43.6,267,2.6,17,Azerbaijan Grand Prix,R,15-09-2024
0 days 01:40:26.367000,26.5,37,1017.6,FALSE,43.6,134,2.5,17,Azerbaijan Grand Prix,R,15-09-2024
0 days 01:41:26.385000,26.2,38,1017.6,FALSE,42.8,98,2.6,17,Azerbaijan Grand Prix,R,15-09-2024
0 days 01:42:26.396000,26.2,39,1017.6,FALSE,43.3,84,1.6,17,Azerbaijan Grand Prix,R,15-09-2024
0 days 01:43:26.400000,26.3,38,1017.6,FALSE,43.3,30,2.9,17,Azerbaijan Grand Prix,R,15-09-2024
0 days 01:44:26.397000,26.2,38,1017.6,FALSE,43.1,245,1,17,Azerbaijan Grand Prix,R,15-09-2024
0 days 01:45:26.397000,26.5,38,1017.7,FALSE,43.3,0,0.7,17,Azerbaijan Grand Prix,R,15-09-2024
0 days 01:46:26.402000,26.7,38,1017.6,FALSE,43.3,238,0.5,17,Azerbaijan Grand Prix,R,15-09-2024
0 days 01:47:26.405000,26.8,38,1017.6,FALSE,43.3,236,0.7,17,Azerbaijan Grand Prix,R,15-09-2024
0 days 01:48:26.400000,27.1,37,1017.6,FALSE,43.5,65,1.7,17,Azerbaijan Grand Prix,R,15-09-2024
0 days 01:49:26.422000,27,37,1017.7,FALSE,43.1,223,1.4,17,Azerbaijan Grand Prix,R,15-09-2024
0 days 01:50:26.425000,26.9,36,1017.6,FALSE,42.6,352,1.5,17,Azerbaijan Grand Prix,R,15-09-2024
0 days 01:51:26.432000,26.7,36,1017.7,FALSE,43.2,330,1.3,17,Azerbaijan Grand Prix,R,15-09-2024
0 days 01:52:26.450000,26.6,36,1017.6,FALSE,42.6,216,1.9,17,Azerbaijan Grand Prix,R,15-09-2024
0 days 01:53:26.465000,26.7,36,1017.6,FALSE,42.6,51,1.2,17,Azerbaijan Grand Prix,R,15-09-2024
0 days 01:54:26.487000,26.5,37,1017.6,FALSE,42.4,116,1,17,Azerbaijan Grand Prix,R,15-09-2024
0 days 01:55:26.488000,26.5,37,1017.6,FALSE,42.4,148,1.5,17,Azerbaijan Grand Prix,R,15-09-2024
0 days 01:56:26.483000,26.5,37,1017.7,FALSE,42.8,76,1.7,17,Azerbaijan Grand Prix,R,15-09-2024
0 days 01:57:26.484000,26.6,37,1017.6,FALSE,42.8,89,1.4,17,Azerbaijan Grand Prix,R,15-09-2024
0 days 01:58:26.487000,26.8,36,1017.6,FALSE,43,193,1.6,17,Azerbaijan Grand Prix,R,15-09-2024
0 days 01:59:26.487000,26.9,36,1017.7,FALSE,43.1,243,1,17,Azerbaijan Grand Prix,R,15-09-2024
0 days 02:00:26.487000,26.9,36,1017.6,FALSE,42.6,214,2.7,17,Azerbaijan Grand Prix,R,15-09-2024
0 days 02:01:26.489000,26.5,38,1017.7,FALSE,42.6,103,1.6,17,Azerbaijan Grand Prix,R,15-09-2024
0 days 02:02:26.486000,26.5,36,1017.6,FALSE,42.6,83,2.6,17,Azerbaijan Grand Prix,R,15-09-2024
0 days 02:03:26.488000,26.4,35,1017.7,FALSE,42.7,55,1.5,17,Azerbaijan Grand Prix,R,15-09-2024
0 days 02:04:26.492000,26.4,35,1017.6,FALSE,42.7,19,1.8,17,Azerbaijan Grand Prix,R,15-09-2024
0 days 02:05:26.489000,26.4,36,1017.7,FALSE,42.3,95,1.6,17,Azerbaijan Grand Prix,R,15-09-2024
0 days 02:06:26.490000,26.3,36,1017.6,FALSE,42.1,106,2.8,17,Azerbaijan Grand Prix,R,15-09-2024
0 days 02:07:26.490000,26,38,1017.8,FALSE,41.8,74,3.1,17,Azerbaijan Grand Prix,R,15-09-2024
0 days 02:08:26.491000,25.8,38,1017.6,FALSE,41.8,102,2.7,17,Azerbaijan Grand Prix,R,15-09-2024
0 days 02:09:26.493000,25.7,38,1017.6,FALSE,41.6,94,3.8,17,Azerbaijan Grand Prix,R,15-09-2024
0 days 02:10:26.495000,25.7,38,1017.6,FALSE,41.6,98,2.8,17,Azerbaijan Grand Prix,R,15-09-2024
0 days 02:11:26.504000,25.7,36,1017.7,FALSE,41.8,93,2.2,17,Azerbaijan Grand Prix,R,15-09-2024
0 days 02:12:26.494000,25.8,37,1017.8,FALSE,41.3,0,3.6,17,Azerbaijan Grand Prix,R,15-09-2024
0 days 02:13:26.524000,25.7,38,1017.5,FALSE,41.3,106,1.7,17,Azerbaijan Grand Prix,R,15-09-2024
0 days 02:14:26.498000,25.8,38,1017.6,FALSE,41.4,70,2.8,17,Azerbaijan Grand Prix,R,15-09-2024
0 days 02:15:26.497000,25.8,38,1017.7,FALSE,41.4,88,2.1,17,Azerbaijan Grand Prix,R,15-09-2024
0 days 02:16:26.499000,25.8,38,1017.7,FALSE,41.7,90,2,17,Azerbaijan Grand Prix,R,15-09-2024
0 days 02:17:26.501000,25.9,35,1017.6,FALSE,41.6,94,2.4,17,Azerbaijan Grand Prix,R,15-09-2024
0 days 02:18:26.498000,25.9,34,1017.6,FALSE,41.6,208,1.3,17,Azerbaijan Grand Prix,R,15-09-2024
0 days 02:19:26.502000,25.9,32,1017.6,FALSE,41.6,288,0.9,17,Azerbaijan Grand Prix,R,15-09-2024
0 days 02:20:26.499000,26,33,1017.7,FALSE,42,16,1.1,17,Azerbaijan Grand Prix,R,15-09-2024
0 days 02:21:26.503000,26.4,33,1017.7,FALSE,42,62,0.7,17,Azerbaijan Grand Prix,R,15-09-2024
0 days 02:22:26.501000,26.6,33,1017.7,FALSE,41.5,76,0.6,17,Azerbaijan Grand Prix,R,15-09-2024
0 days 02:23:26.512000,26.6,34,1017.7,FALSE,41.3,218,0.8,17,Azerbaijan Grand Prix,R,15-09-2024
0 days 02:24:26.505000,26.5,35,1017.7,FALSE,41.3,15,1,17,Azerbaijan Grand Prix,R,15-09-2024
0 days 02:25:26.519000,26.6,36,1017.7,FALSE,41.3,66,1.1,17,Azerbaijan Grand Prix,R,15-09-2024
0 days 02:26:26.516000,26.6,36,1017.7,FALSE,40.9,99,1.5,17,Azerbaijan Grand Prix,R,15-09-2024
0 days 02:27:26.504000,26.5,37,1017.7,FALSE,40.8,117,0.9,17,Azerbaijan Grand Prix,R,15-09-2024
0 days 02:28:26.514000,26.5,37,1017.7,FALSE,40.8,77,2,17,Azerbaijan Grand Prix,R,15-09-2024
0 days 02:29:26.506000,26.4,39,1017.8,FALSE,40.7,0,1.2,17,Azerbaijan Grand Prix,R,15-09-2024
0 days 02:30:26.508000,26.5,39,1017.7,FALSE,40.3,99,0.7,17,Azerbaijan Grand Prix,R,15-09-2024
0 days 02:31:26.513000,26.4,40,1017.7,FALSE,41.1,238,0.6,17,Azerbaijan Grand Prix,R,15-09-2024
0 days 00:00:50.446000,31,74,1006.9,FALSE,37.6,0,0.6,18,Singapore Grand Prix,R,22-09-2024
0 days 00:01:50.493000,30.9,74,1007,FALSE,37.7,258,0,18,Singapore Grand Prix,R,22-09-2024
0 days 00:02:50.435000,30.9,74,1007,FALSE,37.9,300,1.1,18,Singapore Grand Prix,R,22-09-2024
0 days 00:03:50.452000,30.9,75,1007,FALSE,37.9,28,0.8,18,Singapore Grand Prix,R,22-09-2024
0 days 00:04:50.454000,30.8,75,1007.1,FALSE,38,287,0.3,18,Singapore Grand Prix,R,22-09-2024
0 days 00:05:50.469000,30.8,75,1007.1,FALSE,38.5,219,0.8,18,Singapore Grand Prix,R,22-09-2024
0 days 00:06:50.497000,30.8,74,1007,FALSE,38.2,217,1,18,Singapore Grand Prix,R,22-09-2024
0 days 00:07:50.489000,30.8,75,1007.1,FALSE,37.6,167,0.7,18,Singapore Grand Prix,R,22-09-2024
0 days 00:08:50.513000,30.7,75,1007.1,FALSE,37.5,0,0.6,18,Singapore Grand Prix,R,22-09-2024
0 days 00:09:50.519000,30.7,75,1007.1,FALSE,37.3,269,0,18,Singapore Grand Prix,R,22-09-2024
0 days 00:10:50.528000,30.7,75,1007.1,FALSE,37.4,282,0.5,18,Singapore Grand Prix,R,22-09-2024
0 days 00:11:50.541000,30.7,75,1007.1,FALSE,37.7,135,0.5,18,Singapore Grand Prix,R,22-09-2024
0 days 00:12:50.545000,30.8,75,1007.1,FALSE,37.7,110,0.6,18,Singapore Grand Prix,R,22-09-2024
0 days 00:13:50.554000,30.7,75,1007.1,FALSE,38.3,208,0.7,18,Singapore Grand Prix,R,22-09-2024
0 days 00:14:50.563000,30.7,75,1007.2,FALSE,38.5,138,0.6,18,Singapore Grand Prix,R,22-09-2024
0 days 00:15:50.571000,30.8,75,1007.3,FALSE,38.2,204,1,18,Singapore Grand Prix,R,22-09-2024
0 days 00:16:50.573000,30.7,75,1007.2,FALSE,37.8,212,0.8,18,Singapore Grand Prix,R,22-09-2024
0 days 00:17:50.592000,30.9,74,1007.2,FALSE,38.2,179,0.9,18,Singapore Grand Prix,R,22-09-2024
0 days 00:18:50.585000,31,74,1007.2,FALSE,38.5,179,0.7,18,Singapore Grand Prix,R,22-09-2024
0 days 00:19:50.609000,31,73,1007.2,FALSE,38.1,154,0.5,18,Singapore Grand Prix,R,22-09-2024
0 days 00:20:50.622000,31,74,1007.3,FALSE,37.9,0,0.8,18,Singapore Grand Prix,R,22-09-2024
0 days 00:21:50.637000,31,74,1007.2,FALSE,37.9,163,0.7,18,Singapore Grand Prix,R,22-09-2024
0 days 00:22:50.664000,31.1,74,1007.2,FALSE,37.9,218,0.8,18,Singapore Grand Prix,R,22-09-2024
0 days 00:23:50.661000,31.1,74,1007.2,FALSE,37.8,180,1,18,Singapore Grand Prix,R,22-09-2024
0 days 00:24:50.674000,31.1,74,1007.2,FALSE,38.1,161,0.9,18,Singapore Grand Prix,R,22-09-2024
0 days 00:25:50.664000,31.1,74,1007.2,FALSE,37.6,231,1,18,Singapore Grand Prix,R,22-09-2024
0 days 00:26:50.667000,31,75,1007.3,FALSE,37.4,244,0.5,18,Singapore Grand Prix,R,22-09-2024
0 days 00:27:50.668000,31,75,1007.3,FALSE,37.5,249,0.9,18,Singapore Grand Prix,R,22-09-2024
0 days 00:28:50.682000,31,75,1007.3,FALSE,37.2,267,0.7,18,Singapore Grand Prix,R,22-09-2024
0 days 00:29:50.664000,30.9,75,1007.3,FALSE,37,201,0.8,18,Singapore Grand Prix,R,22-09-2024
0 days 00:30:50.667000,30.8,76,1007.3,FALSE,37.2,0,0.7,18,Singapore Grand Prix,R,22-09-2024
0 days 00:31:50.659000,30.8,76,1007.4,FALSE,37.2,62,0.4,18,Singapore Grand Prix,R,22-09-2024
0 days 00:32:50.674000,30.8,76,1007.3,FALSE,37.3,226,0.7,18,Singapore Grand Prix,R,22-09-2024
0 days 00:33:50.662000,30.7,76,1007.3,FALSE,37.6,206,0.5,18,Singapore Grand Prix,R,22-09-2024
0 days 00:34:50.660000,30.7,76,1007.4,FALSE,37.9,0,0.4,18,Singapore Grand Prix,R,22-09-2024
0 days 00:35:50.664000,30.7,75,1007.4,FALSE,37.6,217,0,18,Singapore Grand Prix,R,22-09-2024
0 days 00:36:50.659000,30.7,75,1007.4,FALSE,37.5,229,0.9,18,Singapore Grand Prix,R,22-09-2024
0 days 00:37:50.668000,30.6,76,1007.4,FALSE,37.3,0,1,18,Singapore Grand Prix,R,22-09-2024
0 days 00:38:50.673000,30.6,76,1007.5,FALSE,37,0,0.3,18,Singapore Grand Prix,R,22-09-2024
0 days 00:39:50.677000,30.6,76,1007.5,FALSE,37.2,0,0.5,18,Singapore Grand Prix,R,22-09-2024
0 days 00:40:50.670000,30.7,76,1007.5,FALSE,37.2,287,0.5,18,Singapore Grand Prix,R,22-09-2024
0 days 00:41:50.676000,30.6,76,1007.5,FALSE,37.2,270,1.1,18,Singapore Grand Prix,R,22-09-2024
0 days 00:42:50.667000,30.6,76,1007.5,FALSE,37.3,36,0.7,18,Singapore Grand Prix,R,22-09-2024
0 days 00:43:50.673000,30.7,76,1007.6,FALSE,37.3,305,0.6,18,Singapore Grand Prix,R,22-09-2024
0 days 00:44:50.676000,30.6,76,1007.5,FALSE,37,282,0,18,Singapore Grand Prix,R,22-09-2024
0 days 00:45:50.677000,30.6,76,1007.5,FALSE,37.3,280,0.5,18,Singapore Grand Prix,R,22-09-2024
0 days 00:46:50.681000,30.6,76,1007.6,FALSE,37.6,295,0.6,18,Singapore Grand Prix,R,22-09-2024
0 days 00:47:50.675000,30.6,76,1007.6,FALSE,37,320,0.6,18,Singapore Grand Prix,R,22-09-2024
0 days 00:48:50.680000,30.6,76,1007.6,FALSE,37,82,0.9,18,Singapore Grand Prix,R,22-09-2024
0 days 00:49:50.682000,30.6,76,1007.6,FALSE,37.1,0,0.4,18,Singapore Grand Prix,R,22-09-2024
0 days 00:50:50.678000,30.6,76,1007.6,FALSE,37.1,0,0,18,Singapore Grand Prix,R,22-09-2024
0 days 00:51:50.670000,30.7,76,1007.6,FALSE,37.7,213,0,18,Singapore Grand Prix,R,22-09-2024
0 days 00:52:50.678000,30.7,75,1007.7,FALSE,37.7,232,0.6,18,Singapore Grand Prix,R,22-09-2024
0 days 00:53:50.687000,30.7,75,1007.7,FALSE,37.6,298,0.4,18,Singapore Grand Prix,R,22-09-2024
0 days 00:54:50.686000,30.7,76,1007.6,FALSE,37.3,329,0.7,18,Singapore Grand Prix,R,22-09-2024
0 days 00:55:50.683000,30.7,75,1007.7,FALSE,37.3,213,0.8,18,Singapore Grand Prix,R,22-09-2024
0 days 00:56:50.685000,30.7,76,1007.7,FALSE,37.3,216,0.6,18,Singapore Grand Prix,R,22-09-2024
0 days 00:57:50.688000,30.8,75,1007.7,FALSE,37.3,0,0.4,18,Singapore Grand Prix,R,22-09-2024
0 days 00:58:50.691000,30.8,75,1007.7,FALSE,37.3,239,0.3,18,Singapore Grand Prix,R,22-09-2024
0 days 00:59:50.693000,30.8,75,1007.7,FALSE,37.4,192,0.9,18,Singapore Grand Prix,R,22-09-2024
0 days 01:00:50.691000,30.8,75,1007.7,FALSE,37.4,200,0.8,18,Singapore Grand Prix,R,22-09-2024
0 days 01:01:50.691000,30.9,75,1007.8,FALSE,37.4,217,1.4,18,Singapore Grand Prix,R,22-09-2024
0 days 01:02:50.685000,31,74,1007.8,FALSE,37.2,203,1.1,18,Singapore Grand Prix,R,22-09-2024
0 days 01:03:50.707000,31.1,75,1007.7,FALSE,37,218,0.7,18,Singapore Grand Prix,R,22-09-2024
0 days 01:04:50.724000,31.1,74,1007.8,FALSE,36.6,195,1.4,18,Singapore Grand Prix,R,22-09-2024
0 days 01:05:50.741000,31.1,75,1007.8,FALSE,36.8,155,1.3,18,Singapore Grand Prix,R,22-09-2024
0 days 01:06:50.757000,31.1,75,1007.9,FALSE,36.5,180,0.7,18,Singapore Grand Prix,R,22-09-2024
0 days 01:07:50.766000,31.1,75,1007.9,FALSE,36.5,228,1,18,Singapore Grand Prix,R,22-09-2024
0 days 01:08:50.785000,31.1,76,1007.8,FALSE,36.5,0,0.4,18,Singapore Grand Prix,R,22-09-2024
0 days 01:09:50.791000,31,75,1007.9,FALSE,36.9,155,0.9,18,Singapore Grand Prix,R,22-09-2024
0 days 01:10:50.778000,31.1,75,1007.8,FALSE,37,251,0.8,18,Singapore Grand Prix,R,22-09-2024
0 days 01:11:50.805000,31.1,75,1007.9,FALSE,37.1,219,1.1,18,Singapore Grand Prix,R,22-09-2024
0 days 01:12:50.813000,31.1,75,1008,FALSE,37,245,0.8,18,Singapore Grand Prix,R,22-09-2024
0 days 01:13:50.824000,31.1,75,1008,FALSE,36.9,221,1.1,18,Singapore Grand Prix,R,22-09-2024
0 days 01:14:50.822000,31.1,75,1007.9,FALSE,36.8,183,0.7,18,Singapore Grand Prix,R,22-09-2024
0 days 01:15:50.820000,31.1,75,1008,FALSE,36.8,196,1.6,18,Singapore Grand Prix,R,22-09-2024
0 days 01:16:50.821000,31.1,74,1008,FALSE,36.8,220,1.1,18,Singapore Grand Prix,R,22-09-2024
0 days 01:17:50.831000,31.1,74,1008,FALSE,36.3,216,1.1,18,Singapore Grand Prix,R,22-09-2024
0 days 01:18:51,31.1,75,1008.1,FALSE,36.3,195,1.8,18,Singapore Grand Prix,R,22-09-2024
0 days 01:19:50.957000,31.2,74,1008,FALSE,36.3,275,1.1,18,Singapore Grand Prix,R,22-09-2024
0 days 01:20:50.976000,31.2,75,1008,FALSE,36.4,192,1.1,18,Singapore Grand Prix,R,22-09-2024
0 days 01:21:50.989000,31.1,74,1008,FALSE,36.5,228,1.1,18,Singapore Grand Prix,R,22-09-2024
0 days 01:22:51.014000,31.1,74,1008,FALSE,36,224,1,18,Singapore Grand Prix,R,22-09-2024
0 days 01:23:51.037000,31.1,74,1008,FALSE,35.9,191,1.4,18,Singapore Grand Prix,R,22-09-2024
0 days 01:24:51.048000,31,75,1007.9,FALSE,35.7,161,1.1,18,Singapore Grand Prix,R,22-09-2024
0 days 01:25:51.045000,31,75,1008,FALSE,35.8,217,1.3,18,Singapore Grand Prix,R,22-09-2024
0 days 01:26:51.046000,31,75,1008.1,FALSE,35.8,179,1.3,18,Singapore Grand Prix,R,22-09-2024
0 days 01:27:51.064000,30.9,75,1008.1,FALSE,36.1,257,1.1,18,Singapore Grand Prix,R,22-09-2024
0 days 01:28:51.070000,30.9,75,1008.2,FALSE,36.1,215,1,18,Singapore Grand Prix,R,22-09-2024
0 days 01:29:51.073000,30.8,75,1008.2,FALSE,35.8,209,1.5,18,Singapore Grand Prix,R,22-09-2024
0 days 01:30:51.085000,30.8,76,1008.3,FALSE,36.4,218,1.6,18,Singapore Grand Prix,R,22-09-2024
0 days 01:31:51.092000,30.8,75,1008.3,FALSE,36.6,217,1.3,18,Singapore Grand Prix,R,22-09-2024
0 days 01:32:51.096000,30.8,74,1008.4,FALSE,36.4,198,1.2,18,Singapore Grand Prix,R,22-09-2024
0 days 01:33:51.100000,30.8,74,1008.4,FALSE,36,218,1.3,18,Singapore Grand Prix,R,22-09-2024
0 days 01:34:51.121000,30.8,75,1008.3,FALSE,36,184,1.4,18,Singapore Grand Prix,R,22-09-2024
0 days 01:35:51.133000,30.8,74,1008.4,FALSE,36,231,1.2,18,Singapore Grand Prix,R,22-09-2024
0 days 01:36:51.155000,30.8,75,1008.4,FALSE,36.1,223,1.2,18,Singapore Grand Prix,R,22-09-2024
0 days 01:37:51.171000,30.8,75,1008.4,FALSE,36.1,186,2,18,Singapore Grand Prix,R,22-09-2024
0 days 01:38:51.143000,30.8,75,1008.4,FALSE,36.1,190,1.4,18,Singapore Grand Prix,R,22-09-2024
0 days 01:39:51.177000,30.8,75,1008.4,FALSE,36.1,202,1.3,18,Singapore Grand Prix,R,22-09-2024
0 days 01:40:51.163000,30.8,75,1008.4,FALSE,35.9,245,1.6,18,Singapore Grand Prix,R,22-09-2024
0 days 01:41:51.183000,30.8,75,1008.4,FALSE,35.5,239,0.7,18,Singapore Grand Prix,R,22-09-2024
0 days 01:42:51.199000,30.8,76,1008.4,FALSE,35.9,214,0.7,18,Singapore Grand Prix,R,22-09-2024
0 days 01:43:51.211000,30.8,74,1008.3,FALSE,35.8,227,1.2,18,Singapore Grand Prix,R,22-09-2024
0 days 01:44:51.219000,30.8,74,1008.3,FALSE,35.7,183,1.1,18,Singapore Grand Prix,R,22-09-2024
0 days 01:45:51.217000,30.7,74,1008.3,FALSE,35.8,207,1.4,18,Singapore Grand Prix,R,22-09-2024
0 days 01:46:51.233000,30.6,74,1008.3,FALSE,35.8,215,1.1,18,Singapore Grand Prix,R,22-09-2024
0 days 01:47:51.250000,30.7,74,1008.3,FALSE,35.8,234,0.8,18,Singapore Grand Prix,R,22-09-2024
0 days 01:48:51.273000,30.6,74,1008.3,FALSE,35.8,159,1.3,18,Singapore Grand Prix,R,22-09-2024
0 days 01:49:51.275000,30.7,74,1008.4,FALSE,35.8,204,1.2,18,Singapore Grand Prix,R,22-09-2024
0 days 01:50:51.273000,30.8,74,1008.4,FALSE,36.1,185,1,18,Singapore Grand Prix,R,22-09-2024
0 days 01:51:51.284000,30.8,73,1008.4,FALSE,36.1,228,1.3,18,Singapore Grand Prix,R,22-09-2024
0 days 01:52:51.324000,30.8,74,1008.4,FALSE,35.5,193,0.7,18,Singapore Grand Prix,R,22-09-2024
0 days 01:53:51.317000,30.8,74,1008.5,FALSE,35.5,212,1.1,18,Singapore Grand Prix,R,22-09-2024
0 days 01:54:51.319000,30.8,74,1008.5,FALSE,36,223,1.1,18,Singapore Grand Prix,R,22-09-2024
0 days 01:55:51.326000,30.7,74,1008.5,FALSE,35.8,212,1.7,18,Singapore Grand Prix,R,22-09-2024
0 days 01:56:51.328000,30.7,74,1008.4,FALSE,35.8,210,1.2,18,Singapore Grand Prix,R,22-09-2024
0 days 01:57:51.322000,30.8,74,1008.4,FALSE,35.7,225,1.3,18,Singapore Grand Prix,R,22-09-2024
0 days 01:58:51.325000,30.8,74,1008.4,FALSE,35.5,183,1.1,18,Singapore Grand Prix,R,22-09-2024
0 days 01:59:51.342000,30.8,73,1008.5,FALSE,35.5,187,1.2,18,Singapore Grand Prix,R,22-09-2024
0 days 02:00:51.347000,30.8,74,1008.5,FALSE,35.5,192,1.3,18,Singapore Grand Prix,R,22-09-2024
0 days 02:01:51.334000,30.8,74,1008.6,FALSE,35.5,207,1.6,18,Singapore Grand Prix,R,22-09-2024
0 days 02:02:51.327000,30.8,74,1008.5,FALSE,35.5,214,1.5,18,Singapore Grand Prix,R,22-09-2024
0 days 02:03:51.348000,30.8,74,1008.5,FALSE,35.2,164,1.3,18,Singapore Grand Prix,R,22-09-2024
0 days 02:04:51.335000,30.8,74,1008.6,FALSE,35.3,192,1.5,18,Singapore Grand Prix,R,22-09-2024
0 days 02:05:51.385000,30.8,74,1008.7,FALSE,35.4,209,1.6,18,Singapore Grand Prix,R,22-09-2024
0 days 02:06:51.381000,30.8,74,1008.6,FALSE,35.5,197,1.2,18,Singapore Grand Prix,R,22-09-2024
0 days 02:07:51.380000,30.7,74,1008.6,FALSE,35.5,213,1.5,18,Singapore Grand Prix,R,22-09-2024
0 days 02:08:51.372000,30.7,74,1008.5,FALSE,35.2,0,1.1,18,Singapore Grand Prix,R,22-09-2024
0 days 02:09:51.388000,30.6,74,1008.6,FALSE,34.9,230,0.7,18,Singapore Grand Prix,R,22-09-2024
0 days 02:10:51.402000,30.6,75,1008.7,FALSE,34.9,218,0.9,18,Singapore Grand Prix,R,22-09-2024
0 days 02:11:51.419000,30.6,75,1008.8,FALSE,35,196,1,18,Singapore Grand Prix,R,22-09-2024
0 days 02:12:51.426000,30.7,75,1008.6,FALSE,35.2,164,1.5,18,Singapore Grand Prix,R,22-09-2024
0 days 02:13:51.424000,30.7,74,1008.6,FALSE,35.2,186,0.9,18,Singapore Grand Prix,R,22-09-2024
0 days 02:14:51.442000,30.6,74,1008.8,FALSE,35.2,216,1.2,18,Singapore Grand Prix,R,22-09-2024
0 days 02:15:51.464000,30.7,75,1008.7,FALSE,35.3,202,1,18,Singapore Grand Prix,R,22-09-2024
0 days 02:16:51.483000,30.6,74,1008.8,FALSE,35.2,277,0.9,18,Singapore Grand Prix,R,22-09-2024
0 days 02:17:51.504000,30.6,74,1008.8,FALSE,35.1,174,1.1,18,Singapore Grand Prix,R,22-09-2024
0 days 02:18:51.495000,30.6,74,1008.9,FALSE,35,228,1,18,Singapore Grand Prix,R,22-09-2024
0 days 02:19:51.485000,30.6,74,1008.8,FALSE,35,185,1.1,18,Singapore Grand Prix,R,22-09-2024
0 days 02:20:51.501000,30.6,74,1008.8,FALSE,35,233,0.9,18,Singapore Grand Prix,R,22-09-2024
0 days 02:21:51.498000,30.6,74,1008.9,FALSE,35,216,1,18,Singapore Grand Prix,R,22-09-2024
0 days 02:22:51.491000,30.5,74,1009,FALSE,34.9,190,1.2,18,Singapore Grand Prix,R,22-09-2024
0 days 02:23:51.502000,30.5,73,1009,FALSE,34.9,224,1,18,Singapore Grand Prix,R,22-09-2024
0 days 02:24:51.492000,30.5,74,1009,FALSE,35.2,221,1.5,18,Singapore Grand Prix,R,22-09-2024
0 days 02:25:51.503000,30.5,74,1008.9,FALSE,35.3,187,1.3,18,Singapore Grand Prix,R,22-09-2024
0 days 02:26:51.500000,30.6,74,1008.9,FALSE,35.5,214,1.3,18,Singapore Grand Prix,R,22-09-2024
0 days 02:27:51.503000,30.5,74,1009.1,FALSE,34.9,288,1,18,Singapore Grand Prix,R,22-09-2024
0 days 02:28:51.496000,30.5,74,1009,FALSE,34.9,178,0.3,18,Singapore Grand Prix,R,22-09-2024
0 days 02:29:51.504000,30.5,74,1009,FALSE,35,192,1,18,Singapore Grand Prix,R,22-09-2024
0 days 02:30:51.495000,30.5,74,1009,FALSE,35,300,0.6,18,Singapore Grand Prix,R,22-09-2024
0 days 02:31:51.507000,30.5,75,1009,FALSE,34.4,155,1.1,18,Singapore Grand Prix,R,22-09-2024
0 days 02:32:51.496000,30.5,74,1009.1,FALSE,34.4,72,1,18,Singapore Grand Prix,R,22-09-2024
0 days 02:33:51.503000,30.5,74,1009.1,FALSE,35,226,1.1,18,Singapore Grand Prix,R,22-09-2024
0 days 02:34:51.509000,30.6,74,1009,FALSE,35,199,1.4,18,Singapore Grand Prix,R,22-09-2024
0 days 02:35:51.502000,30.6,74,1009.1,FALSE,35,205,1.6,18,Singapore Grand Prix,R,22-09-2024
0 days 02:36:51.501000,30.5,74,1009,FALSE,35,200,1.4,18,Singapore Grand Prix,R,22-09-2024
0 days 02:37:51.514000,30.5,73,1009.1,FALSE,34.9,189,1.2,18,Singapore Grand Prix,R,22-09-2024
0 days 02:38:51.522000,30.4,74,1009.1,FALSE,34.7,198,1.3,18,Singapore Grand Prix,R,22-09-2024
0 days 02:39:51.556000,30.4,74,1009.1,FALSE,34.7,262,1.4,18,Singapore Grand Prix,R,22-09-2024
0 days 00:00:46.535000,26.8,41,1008,FALSE,44.7,105,1.1,19,United States Grand Prix,R,20-10-2024
0 days 00:01:46.536000,26.8,41,1007.9,FALSE,44.6,316,0.9,19,United States Grand Prix,R,20-10-2024
0 days 00:02:46.537000,26.7,40,1007.9,FALSE,44.5,198,1.1,19,United States Grand Prix,R,20-10-2024
0 days 00:03:46.540000,26.7,41,1007.8,FALSE,44.4,299,1.8,19,United States Grand Prix,R,20-10-2024
0 days 00:04:46.539000,26.7,41,1008,FALSE,44.4,192,0.6,19,United States Grand Prix,R,20-10-2024
0 days 00:05:46.539000,26.7,40,1007.9,FALSE,44.5,310,1.2,19,United States Grand Prix,R,20-10-2024
0 days 00:06:46.531000,26.7,41,1007.9,FALSE,44.4,315,1.8,19,United States Grand Prix,R,20-10-2024
0 days 00:07:46.546000,26.7,41,1007.8,FALSE,44.4,312,0.9,19,United States Grand Prix,R,20-10-2024
0 days 00:08:46.546000,26.7,41,1007.8,FALSE,44.3,311,1.4,19,United States Grand Prix,R,20-10-2024
0 days 00:09:46.544000,26.8,42,1007.8,FALSE,44.1,277,1.3,19,United States Grand Prix,R,20-10-2024
0 days 00:10:46.546000,27,41,1007.8,FALSE,44.3,189,0.7,19,United States Grand Prix,R,20-10-2024
0 days 00:11:46.546000,27.2,40,1007.7,FALSE,45.1,147,1.3,19,United States Grand Prix,R,20-10-2024
0 days 00:12:46.548000,27.3,38,1007.7,FALSE,45.2,170,2.5,19,United States Grand Prix,R,20-10-2024
0 days 00:13:46.546000,27.2,39,1007.7,FALSE,45.1,170,2.5,19,United States Grand Prix,R,20-10-2024
0 days 00:14:46.548000,27.1,39,1007.7,FALSE,45.1,177,3.8,19,United States Grand Prix,R,20-10-2024
0 days 00:15:46.554000,27.2,38,1007.7,FALSE,45.4,174,4.1,19,United States Grand Prix,R,20-10-2024
0 days 00:16:46.548000,27.4,38,1007.6,FALSE,45.5,179,3.7,19,United States Grand Prix,R,20-10-2024
0 days 00:17:46.556000,27.5,39,1007.6,FALSE,45.3,166,4.2,19,United States Grand Prix,R,20-10-2024
0 days 00:18:46.548000,27.5,38,1007.5,FALSE,45.4,173,3.3,19,United States Grand Prix,R,20-10-2024
0 days 00:19:46.550000,27.5,38,1007.5,FALSE,45.4,191,2.9,19,United States Grand Prix,R,20-10-2024
0 days 00:20:46.557000,27.3,38,1007.5,FALSE,45.5,173,2.7,19,United States Grand Prix,R,20-10-2024
0 days 00:21:46.551000,27.2,39,1007.5,FALSE,45.7,177,3.2,19,United States Grand Prix,R,20-10-2024
0 days 00:22:46.552000,27.2,39,1007.5,FALSE,46.1,75,2.1,19,United States Grand Prix,R,20-10-2024
0 days 00:23:46.555000,27.3,38,1007.4,FALSE,46.2,209,1,19,United States Grand Prix,R,20-10-2024
0 days 00:24:46.555000,27.2,38,1007.4,FALSE,46.2,227,1.7,19,United States Grand Prix,R,20-10-2024
0 days 00:25:46.566000,27.2,38,1007.4,FALSE,45.8,241,1,19,United States Grand Prix,R,20-10-2024
0 days 00:26:46.553000,27.3,38,1007.4,FALSE,45.7,187,0.6,19,United States Grand Prix,R,20-10-2024
0 days 00:27:46.553000,27.3,38,1007.3,FALSE,45.6,261,1.1,19,United States Grand Prix,R,20-10-2024
0 days 00:28:46.555000,27.3,38,1007.3,FALSE,45.6,324,1.3,19,United States Grand Prix,R,20-10-2024
0 days 00:29:46.555000,27.2,38,1007.4,FALSE,45.9,91,0.9,19,United States Grand Prix,R,20-10-2024
0 days 00:30:46.560000,27.3,38,1007.3,FALSE,46.4,181,0.9,19,United States Grand Prix,R,20-10-2024
0 days 00:31:46.559000,27.3,37,1007.3,FALSE,46.4,217,1.7,19,United States Grand Prix,R,20-10-2024
0 days 00:32:46.557000,27.4,38,1007.3,FALSE,46.4,195,1.3,19,United States Grand Prix,R,20-10-2024
0 days 00:33:46.558000,27.3,38,1007.2,FALSE,46.3,213,1,19,United States Grand Prix,R,20-10-2024
0 days 00:34:46.548000,27.3,38,1007.2,FALSE,46.2,288,1.3,19,United States Grand Prix,R,20-10-2024
0 days 00:35:46.559000,27.3,38,1007.2,FALSE,46,291,1.2,19,United States Grand Prix,R,20-10-2024
0 days 00:36:46.563000,27.2,38,1007.1,FALSE,46,308,2.3,19,United States Grand Prix,R,20-10-2024
0 days 00:37:46.562000,27.1,39,1007.2,FALSE,45.7,315,1.4,19,United States Grand Prix,R,20-10-2024
0 days 00:38:46.561000,27.1,39,1007.2,FALSE,45.7,7,1.2,19,United States Grand Prix,R,20-10-2024
0 days 00:39:46.566000,27.3,39,1007.2,FALSE,45.7,0,1.1,19,United States Grand Prix,R,20-10-2024
0 days 00:40:46.564000,27.4,38,1007.1,FALSE,46,279,1,19,United States Grand Prix,R,20-10-2024
0 days 00:41:46.551000,27.5,38,1007.1,FALSE,46,339,1,19,United States Grand Prix,R,20-10-2024
0 days 00:42:46.570000,27.4,38,1007.1,FALSE,46,329,1.7,19,United States Grand Prix,R,20-10-2024
0 days 00:43:46.566000,27.6,38,1007.1,FALSE,45.7,303,1.2,19,United States Grand Prix,R,20-10-2024
0 days 00:44:46.565000,27.7,38,1007,FALSE,46.5,235,1.2,19,United States Grand Prix,R,20-10-2024
0 days 00:45:46.566000,27.7,38,1007,FALSE,46.7,215,1.2,19,United States Grand Prix,R,20-10-2024
0 days 00:46:46.562000,27.5,38,1007,FALSE,46.5,197,1.3,19,United States Grand Prix,R,20-10-2024
0 days 00:47:46.568000,27.5,38,1006.9,FALSE,46.5,226,1,19,United States Grand Prix,R,20-10-2024
0 days 00:48:46.570000,27.6,37,1006.9,FALSE,47,191,1.7,19,United States Grand Prix,R,20-10-2024
0 days 00:49:46.559000,27.6,37,1006.9,FALSE,47,190,1.9,19,United States Grand Prix,R,20-10-2024
0 days 00:50:46.570000,27.6,37,1006.9,FALSE,47,36,2.1,19,United States Grand Prix,R,20-10-2024
0 days 00:51:46.570000,27.7,37,1006.9,FALSE,47.1,329,0.7,19,United States Grand Prix,R,20-10-2024
0 days 00:52:46.579000,27.7,37,1006.8,FALSE,46.9,319,1.4,19,United States Grand Prix,R,20-10-2024
0 days 00:53:46.587000,27.7,37,1006.8,FALSE,46.9,248,1.4,19,United States Grand Prix,R,20-10-2024
0 days 00:54:46.589000,27.6,37,1006.8,FALSE,47,198,1.1,19,United States Grand Prix,R,20-10-2024
0 days 00:55:46.616000,27.5,37,1006.8,FALSE,46.9,192,1.7,19,United States Grand Prix,R,20-10-2024
0 days 00:56:46.620000,27.5,38,1006.7,FALSE,46.5,234,1.1,19,United States Grand Prix,R,20-10-2024
0 days 00:57:46.624000,27.6,38,1006.7,FALSE,46.4,303,0.9,19,United States Grand Prix,R,20-10-2024
0 days 00:58:46.616000,27.8,38,1006.7,FALSE,46.7,117,0.5,19,United States Grand Prix,R,20-10-2024
0 days 00:59:46.623000,28,37,1006.7,FALSE,47,189,0.7,19,United States Grand Prix,R,20-10-2024
0 days 01:00:46.631000,28.1,37,1006.6,FALSE,47.2,0,1.8,19,United States Grand Prix,R,20-10-2024
0 days 01:01:46.623000,28.3,37,1006.7,FALSE,47.2,185,1.6,19,United States Grand Prix,R,20-10-2024
0 days 01:02:46.634000,28.3,37,1006.6,FALSE,47,194,2.4,19,United States Grand Prix,R,20-10-2024
0 days 01:03:46.627000,28.3,36,1006.5,FALSE,47.1,180,1.4,19,United States Grand Prix,R,20-10-2024
0 days 01:04:46.630000,28.2,36,1006.5,FALSE,47.4,220,1.7,19,United States Grand Prix,R,20-10-2024
0 days 01:05:46.628000,28.1,35,1006.5,FALSE,47.4,191,2.9,19,United States Grand Prix,R,20-10-2024
0 days 01:06:46.628000,28,35,1006.4,FALSE,47.6,83,2.1,19,United States Grand Prix,R,20-10-2024
0 days 01:07:46.630000,28,34,1006.6,FALSE,47.8,229,1.4,19,United States Grand Prix,R,20-10-2024
0 days 01:08:46.631000,28,33,1006.5,FALSE,47.9,323,1.3,19,United States Grand Prix,R,20-10-2024
0 days 01:09:46.630000,28.1,33,1006.5,FALSE,47.4,352,1.8,19,United States Grand Prix,R,20-10-2024
0 days 01:10:46.634000,28.1,33,1006.5,FALSE,47.2,295,1.7,19,United States Grand Prix,R,20-10-2024
0 days 01:11:46.633000,28.1,34,1006.5,FALSE,47.2,304,1.6,19,United States Grand Prix,R,20-10-2024
0 days 01:12:46.640000,28,35,1006.4,FALSE,46.9,317,2.8,19,United States Grand Prix,R,20-10-2024
0 days 01:13:46.665000,28.1,36,1006.6,FALSE,46.9,300,2.6,19,United States Grand Prix,R,20-10-2024
0 days 01:14:46.681000,28.1,37,1006.4,FALSE,46.7,339,2,19,United States Grand Prix,R,20-10-2024
0 days 01:15:46.678000,28.1,37,1006.5,FALSE,46.7,286,1.5,19,United States Grand Prix,R,20-10-2024
0 days 01:16:46.683000,28.2,37,1006.5,FALSE,47,4,1.8,19,United States Grand Prix,R,20-10-2024
0 days 01:17:46.686000,28.2,36,1006.4,FALSE,47,335,0.7,19,United States Grand Prix,R,20-10-2024
0 days 01:18:46.701000,28.2,36,1006.4,FALSE,47.1,322,1.4,19,United States Grand Prix,R,20-10-2024
0 days 01:19:46.717000,28.1,36,1006.4,FALSE,47.1,306,1.9,19,United States Grand Prix,R,20-10-2024
0 days 01:20:46.718000,28,36,1006.4,FALSE,47.1,315,1.5,19,United States Grand Prix,R,20-10-2024
0 days 01:21:46.717000,28.1,35,1006.4,FALSE,47.4,289,1.6,19,United States Grand Prix,R,20-10-2024
0 days 01:22:46.718000,28.3,35,1006.2,FALSE,47.8,4,0.9,19,United States Grand Prix,R,20-10-2024
0 days 01:23:46.720000,28.4,35,1006.2,FALSE,47.4,308,1.2,19,United States Grand Prix,R,20-10-2024
0 days 01:24:46.720000,28.4,35,1006.2,FALSE,47.5,306,1.6,19,United States Grand Prix,R,20-10-2024
0 days 01:25:46.720000,28.4,35,1006.2,FALSE,47.4,268,1.5,19,United States Grand Prix,R,20-10-2024
0 days 01:26:46.711000,28.4,35,1006.2,FALSE,47.8,351,1.9,19,United States Grand Prix,R,20-10-2024
0 days 01:27:46.723000,28.4,35,1006.2,FALSE,47.6,0,1.8,19,United States Grand Prix,R,20-10-2024
0 days 01:28:46.723000,28.4,34,1006.3,FALSE,47.6,174,0.5,19,United States Grand Prix,R,20-10-2024
0 days 01:29:46.723000,28.3,35,1006.2,FALSE,47.6,206,2.6,19,United States Grand Prix,R,20-10-2024
0 days 01:30:46.735000,28.2,36,1006.2,FALSE,47.2,194,2.9,19,United States Grand Prix,R,20-10-2024
0 days 01:31:46.726000,28.3,36,1006.2,FALSE,47.2,181,1,19,United States Grand Prix,R,20-10-2024
0 days 01:32:46.726000,28.4,36,1006.1,FALSE,47.1,178,1.1,19,United States Grand Prix,R,20-10-2024
0 days 01:33:46.729000,28.5,36,1006.1,FALSE,47.1,0,0.7,19,United States Grand Prix,R,20-10-2024
0 days 01:34:46.728000,28.4,36,1006.2,FALSE,47.3,175,1.2,19,United States Grand Prix,R,20-10-2024
0 days 01:35:46.727000,28.5,36,1006.1,FALSE,47.4,184,2.3,19,United States Grand Prix,R,20-10-2024
0 days 01:36:46.729000,28.4,36,1006.2,FALSE,47.4,273,1.8,19,United States Grand Prix,R,20-10-2024
0 days 01:37:46.729000,28.4,35,1006.1,FALSE,47.8,305,1.4,19,United States Grand Prix,R,20-10-2024
0 days 01:38:46.733000,28.5,34,1006.2,FALSE,47.8,286,2.2,19,United States Grand Prix,R,20-10-2024
0 days 01:39:46.729000,28.4,34,1006.1,FALSE,47.7,307,1.4,19,United States Grand Prix,R,20-10-2024
0 days 01:40:46.732000,28.5,33,1006.1,FALSE,47.8,198,1.6,19,United States Grand Prix,R,20-10-2024
0 days 01:41:46.733000,28.5,33,1006.1,FALSE,48,260,1.6,19,United States Grand Prix,R,20-10-2024
0 days 01:42:46.741000,28.5,33,1006.2,FALSE,48,179,1.1,19,United States Grand Prix,R,20-10-2024
0 days 01:43:46.748000,28.4,33,1006,FALSE,47.6,271,2.8,19,United States Grand Prix,R,20-10-2024
0 days 01:44:46.753000,28.5,33,1006.1,FALSE,47.3,195,1.1,19,United States Grand Prix,R,20-10-2024
0 days 01:45:46.767000,28.5,34,1006,FALSE,47.5,194,1.9,19,United States Grand Prix,R,20-10-2024
0 days 01:46:46.782000,28.6,34,1005.9,FALSE,47.5,346,1.2,19,United States Grand Prix,R,20-10-2024
0 days 01:47:46.783000,28.7,33,1005.9,FALSE,47.2,268,0.8,19,United States Grand Prix,R,20-10-2024
0 days 01:48:46.803000,28.8,33,1005.9,FALSE,47.5,0,0.7,19,United States Grand Prix,R,20-10-2024
0 days 01:49:46.815000,29,32,1005.8,FALSE,47.7,285,1,19,United States Grand Prix,R,20-10-2024
0 days 01:50:46.816000,28.9,32,1005.8,FALSE,47.7,329,1.7,19,United States Grand Prix,R,20-10-2024
0 days 01:51:46.833000,28.9,32,1005.8,FALSE,47.7,335,1.5,19,United States Grand Prix,R,20-10-2024
0 days 01:52:46.834000,28.8,32,1005.8,FALSE,47.4,254,0.7,19,United States Grand Prix,R,20-10-2024
0 days 01:53:46.850000,28.7,32,1005.8,FALSE,47.7,331,1.9,19,United States Grand Prix,R,20-10-2024
0 days 01:54:46.868000,28.7,32,1005.8,FALSE,47.5,320,1.5,19,United States Grand Prix,R,20-10-2024
0 days 01:55:46.867000,28.8,33,1005.7,FALSE,47.4,333,2.8,19,United States Grand Prix,R,20-10-2024
0 days 01:56:46.867000,28.8,33,1005.8,FALSE,47.1,286,1.8,19,United States Grand Prix,R,20-10-2024
0 days 01:57:46.874000,28.8,33,1005.7,FALSE,47.1,320,0.8,19,United States Grand Prix,R,20-10-2024
0 days 01:58:46.880000,28.8,33,1005.7,FALSE,47,107,0.8,19,United States Grand Prix,R,20-10-2024
0 days 01:59:46.870000,28.9,33,1005.8,FALSE,47.2,307,0.9,19,United States Grand Prix,R,20-10-2024
0 days 02:00:46.872000,28.9,33,1005.9,FALSE,47.2,0,0.7,19,United States Grand Prix,R,20-10-2024
0 days 02:01:46.872000,28.9,33,1005.7,FALSE,46.9,222,0.5,19,United States Grand Prix,R,20-10-2024
0 days 02:02:46.874000,28.9,33,1005.8,FALSE,47.1,302,1,19,United States Grand Prix,R,20-10-2024
0 days 02:03:46.872000,29,33,1005.8,FALSE,47.1,331,1.8,19,United States Grand Prix,R,20-10-2024
0 days 02:04:46.876000,29,33,1005.7,FALSE,46.9,319,1.9,19,United States Grand Prix,R,20-10-2024
0 days 02:05:46.875000,29,32,1005.7,FALSE,46.9,309,1.4,19,United States Grand Prix,R,20-10-2024
0 days 02:06:46.876000,28.9,32,1005.7,FALSE,47.3,343,2.5,19,United States Grand Prix,R,20-10-2024
0 days 02:07:46.882000,28.9,32,1005.7,FALSE,47.4,23,1.2,19,United States Grand Prix,R,20-10-2024
0 days 02:08:46.879000,28.9,32,1005.7,FALSE,47.4,337,0.9,19,United States Grand Prix,R,20-10-2024
0 days 02:09:46.882000,29,32,1005.8,FALSE,46.8,340,1.4,19,United States Grand Prix,R,20-10-2024
0 days 02:10:46.880000,29,33,1005.8,FALSE,46.4,0,1.1,19,United States Grand Prix,R,20-10-2024
0 days 02:11:46.883000,29,33,1005.8,FALSE,46.2,184,0.9,19,United States Grand Prix,R,20-10-2024
0 days 02:12:46.879000,29,33,1005.7,FALSE,46.4,0,1.5,19,United States Grand Prix,R,20-10-2024
0 days 02:13:46.880000,29,33,1005.7,FALSE,46.5,302,0.5,19,United States Grand Prix,R,20-10-2024
0 days 02:14:46.880000,29,32,1005.7,FALSE,47.2,287,0.4,19,United States Grand Prix,R,20-10-2024
0 days 02:15:46.882000,29.1,32,1005.7,FALSE,47,157,1.4,19,United States Grand Prix,R,20-10-2024
0 days 02:16:46.885000,29.1,32,1005.7,FALSE,47,163,1.8,19,United States Grand Prix,R,20-10-2024
0 days 02:17:46.883000,29.1,32,1005.6,FALSE,46.8,175,2.2,19,United States Grand Prix,R,20-10-2024
0 days 02:18:46.887000,29.1,32,1005.7,FALSE,46.7,184,2.1,19,United States Grand Prix,R,20-10-2024
0 days 02:19:46.885000,29.1,33,1005.7,FALSE,46.8,232,1.3,19,United States Grand Prix,R,20-10-2024
0 days 02:20:46.886000,29,33,1005.7,FALSE,46.7,275,0.8,19,United States Grand Prix,R,20-10-2024
0 days 02:21:46.887000,28.9,32,1005.7,FALSE,46.6,309,1.3,19,United States Grand Prix,R,20-10-2024
0 days 02:22:46.886000,29,32,1005.6,FALSE,47,0,0.7,19,United States Grand Prix,R,20-10-2024
0 days 02:23:46.891000,29.3,31,1005.6,FALSE,46.7,0,0,19,United States Grand Prix,R,20-10-2024
0 days 02:24:46.887000,29.3,31,1005.6,FALSE,46.4,272,0.3,19,United States Grand Prix,R,20-10-2024
0 days 02:25:46.889000,29.2,31,1005.5,FALSE,46.5,180,1.3,19,United States Grand Prix,R,20-10-2024
0 days 02:26:46.889000,29.2,31,1005.6,FALSE,46.5,238,0.7,19,United States Grand Prix,R,20-10-2024
0 days 02:27:46.908000,29.2,31,1005.6,FALSE,46.4,314,1.1,19,United States Grand Prix,R,20-10-2024
0 days 02:28:46.891000,29.1,31,1005.5,FALSE,46,286,1.7,19,United States Grand Prix,R,20-10-2024
0 days 02:29:46.891000,29.3,32,1005.4,FALSE,46,300,1.4,19,United States Grand Prix,R,20-10-2024
0 days 02:30:46.907000,29.3,32,1005.5,FALSE,46.1,322,1.2,19,United States Grand Prix,R,20-10-2024
0 days 02:31:46.915000,29.2,32,1005.5,FALSE,46.1,285,1.3,19,United States Grand Prix,R,20-10-2024
0 days 02:32:46.948000,29.2,32,1005.4,FALSE,45.9,235,1,19,United States Grand Prix,R,20-10-2024
0 days 02:33:46.941000,29.2,32,1005.5,FALSE,46,197,1.6,19,United States Grand Prix,R,20-10-2024
0 days 02:34:46.942000,29.2,32,1005.4,FALSE,46,72,1,19,United States Grand Prix,R,20-10-2024
0 days 00:00:49.650000,18.1,55,786.5,FALSE,33.1,311,2.3,20,Mexico City Grand Prix,R,27-10-2024
0 days 00:01:49.660000,18.2,55,786.5,FALSE,32.8,324,2.6,20,Mexico City Grand Prix,R,27-10-2024
0 days 00:02:49.677000,18.1,55,786.5,FALSE,32.8,324,2.4,20,Mexico City Grand Prix,R,27-10-2024
0 days 00:03:49.680000,18.1,56,786.4,FALSE,32.9,329,1.8,20,Mexico City Grand Prix,R,27-10-2024
0 days 00:04:49.679000,18.1,55,786.4,FALSE,32.9,322,2.5,20,Mexico City Grand Prix,R,27-10-2024
0 days 00:05:49.679000,18.1,54,786.4,FALSE,32.9,328,2.5,20,Mexico City Grand Prix,R,27-10-2024
0 days 00:06:49.679000,18.1,55,786.3,FALSE,32.8,313,2.6,20,Mexico City Grand Prix,R,27-10-2024
0 days 00:07:49.679000,18,55,786.3,FALSE,32.7,324,2.5,20,Mexico City Grand Prix,R,27-10-2024
0 days 00:08:49.685000,18.1,55,786.3,FALSE,33,321,2,20,Mexico City Grand Prix,R,27-10-2024
0 days 00:09:49.682000,18.2,55,786.3,FALSE,32.5,287,2.5,20,Mexico City Grand Prix,R,27-10-2024
0 days 00:10:49.681000,18.3,55,786.2,FALSE,32.5,285,1.7,20,Mexico City Grand Prix,R,27-10-2024
0 days 00:11:49.682000,18.3,54,786.3,FALSE,32.5,310,1.2,20,Mexico City Grand Prix,R,27-10-2024
0 days 00:12:49.688000,18.4,54,786.2,FALSE,32.9,341,2.1,20,Mexico City Grand Prix,R,27-10-2024
0 days 00:13:49.682000,18.4,54,786.2,FALSE,33.1,315,1.4,20,Mexico City Grand Prix,R,27-10-2024
0 days 00:14:49.679000,18.5,54,786.2,FALSE,33.1,303,1.5,20,Mexico City Grand Prix,R,27-10-2024
0 days 00:15:49.685000,18.6,54,786.2,FALSE,33.1,281,3.6,20,Mexico City Grand Prix,R,27-10-2024
0 days 00:16:49.688000,18.7,54,786.2,FALSE,32.9,298,2.5,20,Mexico City Grand Prix,R,27-10-2024
0 days 00:17:49.705000,18.8,54,786.3,FALSE,32.8,294,2.7,20,Mexico City Grand Prix,R,27-10-2024
0 days 00:18:49.719000,18.7,54,786.1,FALSE,32.8,340,3.2,20,Mexico City Grand Prix,R,27-10-2024
0 days 00:19:49.734000,18.7,55,786.1,FALSE,32.7,303,1.5,20,Mexico City Grand Prix,R,27-10-2024
0 days 00:20:49.736000,18.8,54,786.1,FALSE,32.8,303,2.2,20,Mexico City Grand Prix,R,27-10-2024
0 days 00:21:49.753000,18.8,55,786.1,FALSE,32.9,299,1.5,20,Mexico City Grand Prix,R,27-10-2024
0 days 00:22:49.768000,18.9,54,786,FALSE,33.7,280,1.5,20,Mexico City Grand Prix,R,27-10-2024
0 days 00:23:49.786000,19,53,786,FALSE,34.2,319,3,20,Mexico City Grand Prix,R,27-10-2024
0 days 00:24:49.785000,19.1,53,786,FALSE,35.5,296,2.5,20,Mexico City Grand Prix,R,27-10-2024
0 days 00:25:49.786000,19.2,53,786,FALSE,36,318,2.1,20,Mexico City Grand Prix,R,27-10-2024
0 days 00:26:49.790000,19.3,52,786.1,FALSE,36.3,337,1.8,20,Mexico City Grand Prix,R,27-10-2024
0 days 00:27:49.803000,19.4,52,785.9,FALSE,35.8,352,1.8,20,Mexico City Grand Prix,R,27-10-2024
0 days 00:28:49.822000,19.4,52,785.9,FALSE,36.5,334,1.8,20,Mexico City Grand Prix,R,27-10-2024
0 days 00:29:49.820000,19.5,52,785.9,FALSE,37.1,320,1,20,Mexico City Grand Prix,R,27-10-2024
0 days 00:30:49.822000,19.5,51,785.9,FALSE,37.3,313,1.5,20,Mexico City Grand Prix,R,27-10-2024
0 days 00:31:49.823000,19.6,52,785.9,FALSE,38.2,283,2.8,20,Mexico City Grand Prix,R,27-10-2024
0 days 00:32:49.824000,19.6,52,785.9,FALSE,38.2,166,1.1,20,Mexico City Grand Prix,R,27-10-2024
0 days 00:33:49.826000,19.7,51,785.8,FALSE,38.3,105,1.2,20,Mexico City Grand Prix,R,27-10-2024
0 days 00:34:49.823000,19.7,50,785.9,FALSE,38.7,296,1.5,20,Mexico City Grand Prix,R,27-10-2024
0 days 00:35:49.826000,19.8,51,785.9,FALSE,39.3,304,1.7,20,Mexico City Grand Prix,R,27-10-2024
0 days 00:36:49.825000,19.8,51,785.7,FALSE,39.2,331,1.8,20,Mexico City Grand Prix,R,27-10-2024
0 days 00:37:49.827000,19.8,51,785.8,FALSE,38.8,329,1.3,20,Mexico City Grand Prix,R,27-10-2024
0 days 00:38:49.828000,19.8,52,785.8,FALSE,38.8,330,1.6,20,Mexico City Grand Prix,R,27-10-2024
0 days 00:39:49.827000,19.8,51,785.8,FALSE,39.6,294,2.3,20,Mexico City Grand Prix,R,27-10-2024
0 days 00:40:49.828000,19.8,51,785.6,FALSE,39.9,262,3.2,20,Mexico City Grand Prix,R,27-10-2024
0 days 00:41:49.829000,19.8,51,785.8,FALSE,40,295,2.3,20,Mexico City Grand Prix,R,27-10-2024
0 days 00:42:49.831000,19.8,51,785.8,FALSE,40,273,2.4,20,Mexico City Grand Prix,R,27-10-2024
0 days 00:43:49.840000,19.7,51,785.8,FALSE,39,287,2.4,20,Mexico City Grand Prix,R,27-10-2024
0 days 00:44:49.832000,19.6,52,785.7,FALSE,38.6,288,2.1,20,Mexico City Grand Prix,R,27-10-2024
0 days 00:45:49.833000,19.6,52,785.7,FALSE,38.6,247,1.5,20,Mexico City Grand Prix,R,27-10-2024
0 days 00:46:49.834000,19.6,52,785.6,FALSE,38.4,49,0.8,20,Mexico City Grand Prix,R,27-10-2024
0 days 00:47:49.834000,19.6,52,785.6,FALSE,38.4,170,1,20,Mexico City Grand Prix,R,27-10-2024
0 days 00:48:49.836000,19.6,52,785.5,FALSE,37.8,357,1.2,20,Mexico City Grand Prix,R,27-10-2024
0 days 00:49:49.835000,19.8,52,785.5,FALSE,37.8,350,1.2,20,Mexico City Grand Prix,R,27-10-2024
0 days 00:50:49.838000,19.7,52,785.5,FALSE,37.9,329,2.1,20,Mexico City Grand Prix,R,27-10-2024
0 days 00:51:49.836000,19.7,51,785.5,FALSE,37.7,322,2.7,20,Mexico City Grand Prix,R,27-10-2024
0 days 00:52:49.839000,19.7,51,785.5,FALSE,37.4,334,2.5,20,Mexico City Grand Prix,R,27-10-2024
0 days 00:53:49.861000,19.5,51,785.6,FALSE,36.9,329,2.2,20,Mexico City Grand Prix,R,27-10-2024
0 days 00:54:49.875000,19.5,52,785.4,FALSE,36.7,310,1.5,20,Mexico City Grand Prix,R,27-10-2024
0 days 00:55:49.874000,19.7,51,785.5,FALSE,36.9,330,1.3,20,Mexico City Grand Prix,R,27-10-2024
0 days 00:56:49.887000,19.8,50,785.5,FALSE,37,282,1.3,20,Mexico City Grand Prix,R,27-10-2024
0 days 00:57:49.888000,19.9,50,785.5,FALSE,37,325,0.9,20,Mexico City Grand Prix,R,27-10-2024
0 days 00:58:49.893000,19.9,50,785.4,FALSE,36.7,293,2.4,20,Mexico City Grand Prix,R,27-10-2024
0 days 00:59:49.889000,20,50,785.4,FALSE,36.6,318,2.9,20,Mexico City Grand Prix,R,27-10-2024
0 days 01:00:49.890000,20,50,785.4,FALSE,36.2,329,2.9,20,Mexico City Grand Prix,R,27-10-2024
0 days 01:01:49.890000,20,50,785.5,FALSE,36.1,291,2.7,20,Mexico City Grand Prix,R,27-10-2024
0 days 01:02:49.892000,19.9,51,785.2,FALSE,36,323,2.2,20,Mexico City Grand Prix,R,27-10-2024
0 days 01:03:49.891000,20,52,785.3,FALSE,36.1,52,0.9,20,Mexico City Grand Prix,R,27-10-2024
0 days 01:04:49.892000,20,52,785.3,FALSE,36.1,301,0.6,20,Mexico City Grand Prix,R,27-10-2024
0 days 01:05:49.894000,20,51,785.3,FALSE,36,289,1,20,Mexico City Grand Prix,R,27-10-2024
0 days 01:06:49.894000,20,50,785.3,FALSE,35.7,293,1.3,20,Mexico City Grand Prix,R,27-10-2024
0 days 01:07:49.894000,20.1,51,785.3,FALSE,35.7,301,2.5,20,Mexico City Grand Prix,R,27-10-2024
0 days 01:08:49.919000,20.1,51,785.3,FALSE,36.2,315,2,20,Mexico City Grand Prix,R,27-10-2024
0 days 01:09:49.927000,20.2,51,785.3,FALSE,37.2,298,1.7,20,Mexico City Grand Prix,R,27-10-2024
0 days 01:10:49.942000,20.3,50,785.3,FALSE,37.7,301,2.9,20,Mexico City Grand Prix,R,27-10-2024
0 days 01:11:49.962000,20.4,51,785.2,FALSE,36.5,273,2.8,20,Mexico City Grand Prix,R,27-10-2024
0 days 01:12:49.983000,20.2,51,785.2,FALSE,36.5,246,2.4,20,Mexico City Grand Prix,R,27-10-2024
0 days 01:13:49.982000,20.1,50,785.2,FALSE,36.6,267,1.8,20,Mexico City Grand Prix,R,27-10-2024
0 days 01:14:49.977000,20.1,50,785.1,FALSE,36.9,276,1.5,20,Mexico City Grand Prix,R,27-10-2024
0 days 01:15:49.996000,20.2,51,785.2,FALSE,37,330,1.2,20,Mexico City Grand Prix,R,27-10-2024
0 days 01:16:50.010000,20.2,50,785.2,FALSE,36.7,308,1.5,20,Mexico City Grand Prix,R,27-10-2024
0 days 01:17:50.026000,20.1,50,785.3,FALSE,36.5,321,3.6,20,Mexico City Grand Prix,R,27-10-2024
0 days 01:18:50.042000,20.1,50,785.2,FALSE,35.6,271,1.8,20,Mexico City Grand Prix,R,27-10-2024
0 days 01:19:50.043000,20.1,50,785.1,FALSE,34.8,299,2.3,20,Mexico City Grand Prix,R,27-10-2024
0 days 01:20:50.046000,20.1,51,785.2,FALSE,34.8,321,1.4,20,Mexico City Grand Prix,R,27-10-2024
0 days 01:21:50.049000,20,51,785.1,FALSE,34.8,307,1.9,20,Mexico City Grand Prix,R,27-10-2024
0 days 01:22:50.047000,20,51,785.1,FALSE,34.7,331,3.2,20,Mexico City Grand Prix,R,27-10-2024
0 days 01:23:50.062000,20.1,51,785.1,FALSE,35.6,316,2.3,20,Mexico City Grand Prix,R,27-10-2024
0 days 01:24:50.079000,20.3,50,785,FALSE,36.6,336,2.6,20,Mexico City Grand Prix,R,27-10-2024
0 days 01:25:50.082000,20.4,49,784.9,FALSE,37.3,325,2.3,20,Mexico City Grand Prix,R,27-10-2024
0 days 01:26:50.108000,20.5,49,785,FALSE,37.4,332,2.1,20,Mexico City Grand Prix,R,27-10-2024
0 days 01:27:50.084000,20.5,49,785,FALSE,37.8,345,2.4,20,Mexico City Grand Prix,R,27-10-2024
0 days 01:28:50.083000,20.4,49,785,FALSE,37.8,314,2.1,20,Mexico City Grand Prix,R,27-10-2024
0 days 01:29:50.097000,20.5,49,784.9,FALSE,37.8,289,2.1,20,Mexico City Grand Prix,R,27-10-2024
0 days 01:30:50.115000,20.6,49,785,FALSE,38,308,2.2,20,Mexico City Grand Prix,R,27-10-2024
0 days 01:31:50.116000,20.8,49,785,FALSE,38.1,282,1.3,20,Mexico City Grand Prix,R,27-10-2024
0 days 01:32:50.116000,20.9,48,784.9,FALSE,38.6,278,2.7,20,Mexico City Grand Prix,R,27-10-2024
0 days 01:33:50.117000,21,48,784.9,FALSE,38.6,337,2.5,20,Mexico City Grand Prix,R,27-10-2024
0 days 01:34:50.117000,21,48,785.1,FALSE,38.4,296,2.6,20,Mexico City Grand Prix,R,27-10-2024
0 days 01:35:50.138000,21,48,784.9,FALSE,38.7,280,2.4,20,Mexico City Grand Prix,R,27-10-2024
0 days 01:36:50.139000,21,48,785,FALSE,39,276,2.1,20,Mexico City Grand Prix,R,27-10-2024
0 days 01:37:50.120000,21.1,49,784.9,FALSE,39.3,259,1.2,20,Mexico City Grand Prix,R,27-10-2024
0 days 01:38:50.123000,21,49,784.9,FALSE,39.3,269,1.5,20,Mexico City Grand Prix,R,27-10-2024
0 days 01:39:50.125000,21,49,784.8,FALSE,39.5,304,0.9,20,Mexico City Grand Prix,R,27-10-2024
0 days 01:40:50.124000,21,48,784.9,FALSE,39.5,332,1.3,20,Mexico City Grand Prix,R,27-10-2024
0 days 01:41:50.121000,21.1,48,784.8,FALSE,39.7,281,0.8,20,Mexico City Grand Prix,R,27-10-2024
0 days 01:42:50.127000,21,48,784.8,FALSE,39.7,0,1.1,20,Mexico City Grand Prix,R,27-10-2024
0 days 01:43:50.127000,21.1,47,784.8,FALSE,40,280,1.3,20,Mexico City Grand Prix,R,27-10-2024
0 days 01:44:50.128000,21.1,47,784.7,FALSE,40.2,274,2,20,Mexico City Grand Prix,R,27-10-2024
0 days 01:45:50.128000,21.2,47,784.7,FALSE,40.2,274,2,20,Mexico City Grand Prix,R,27-10-2024
0 days 01:46:50.132000,21.1,47,784.7,FALSE,40.2,274,2,20,Mexico City Grand Prix,R,27-10-2024
0 days 01:47:50.145000,21,47,784.7,FALSE,39.9,286,2,20,Mexico City Grand Prix,R,27-10-2024
0 days 01:48:50.130000,21.1,47,784.8,FALSE,39.7,280,1.9,20,Mexico City Grand Prix,R,27-10-2024
0 days 01:49:50.132000,21.2,47,784.9,FALSE,39.6,334,1.7,20,Mexico City Grand Prix,R,27-10-2024
0 days 01:50:50.131000,21.2,47,784.9,FALSE,39.5,280,2.4,20,Mexico City Grand Prix,R,27-10-2024
0 days 01:51:50.130000,21.1,47,784.8,FALSE,38.4,269,2.2,20,Mexico City Grand Prix,R,27-10-2024
0 days 01:52:50.131000,21,48,784.8,FALSE,37.8,295,1.6,20,Mexico City Grand Prix,R,27-10-2024
0 days 01:53:50.132000,20.9,48,784.7,FALSE,38.2,281,2.5,20,Mexico City Grand Prix,R,27-10-2024
0 days 01:54:50.135000,20.9,49,784.8,FALSE,38.1,283,1,20,Mexico City Grand Prix,R,27-10-2024
0 days 01:55:50.134000,20.8,48,784.7,FALSE,38.5,316,1.5,20,Mexico City Grand Prix,R,27-10-2024
0 days 01:56:50.137000,20.7,48,784.7,FALSE,38.1,296,2.1,20,Mexico City Grand Prix,R,27-10-2024
0 days 01:57:50.136000,20.5,49,784.7,FALSE,37.5,305,2.3,20,Mexico City Grand Prix,R,27-10-2024
0 days 01:58:50.138000,20.5,49,784.7,FALSE,36.6,321,2.2,20,Mexico City Grand Prix,R,27-10-2024
0 days 01:59:50.150000,20.4,49,784.7,FALSE,35.8,336,2.8,20,Mexico City Grand Prix,R,27-10-2024
0 days 02:00:50.140000,20.4,49,784.7,FALSE,35.6,280,2.2,20,Mexico City Grand Prix,R,27-10-2024
0 days 02:01:50.139000,20.4,48,784.6,FALSE,35.3,293,1.7,20,Mexico City Grand Prix,R,27-10-2024
0 days 02:02:50.139000,20.4,48,784.7,FALSE,34.8,284,1.3,20,Mexico City Grand Prix,R,27-10-2024
0 days 02:03:50.140000,20.3,48,784.7,FALSE,34.5,318,3.8,20,Mexico City Grand Prix,R,27-10-2024
0 days 02:04:50.142000,20.3,49,784.6,FALSE,34,286,2.7,20,Mexico City Grand Prix,R,27-10-2024
0 days 02:05:50.145000,20.2,49,784.7,FALSE,33.8,287,2.9,20,Mexico City Grand Prix,R,27-10-2024
0 days 02:06:50.140000,20.2,50,784.7,FALSE,33.5,333,1.7,20,Mexico City Grand Prix,R,27-10-2024
0 days 02:07:50.152000,20.2,50,784.7,FALSE,33.1,294,1.6,20,Mexico City Grand Prix,R,27-10-2024
0 days 02:08:50.144000,20.2,50,784.7,FALSE,33.1,286,1.6,20,Mexico City Grand Prix,R,27-10-2024
0 days 02:09:50.163000,20.1,51,784.6,FALSE,33.1,284,2.8,20,Mexico City Grand Prix,R,27-10-2024
0 days 02:10:50.150000,20.1,51,784.7,FALSE,32.8,291,3.7,20,Mexico City Grand Prix,R,27-10-2024
0 days 02:11:50.145000,20,51,784.7,FALSE,32.6,266,3.1,20,Mexico City Grand Prix,R,27-10-2024
0 days 02:12:50.157000,20,52,784.7,FALSE,32.4,221,2.2,20,Mexico City Grand Prix,R,27-10-2024
0 days 02:13:50.146000,20,52,784.7,FALSE,32.3,289,1.3,20,Mexico City Grand Prix,R,27-10-2024
0 days 02:14:50.147000,20,51,784.6,FALSE,32.3,294,2.7,20,Mexico City Grand Prix,R,27-10-2024
0 days 02:15:50.153000,20,51,784.7,FALSE,32.2,305,2.9,20,Mexico City Grand Prix,R,27-10-2024
0 days 02:16:50.147000,20,51,784.7,FALSE,32.1,291,2.7,20,Mexico City Grand Prix,R,27-10-2024
0 days 02:17:50.198000,20,51,784.7,FALSE,32.1,284,2.4,20,Mexico City Grand Prix,R,27-10-2024
0 days 02:18:50.149000,20,52,784.6,FALSE,31.6,0,2.8,20,Mexico City Grand Prix,R,27-10-2024
0 days 02:19:50.150000,20,52,784.7,FALSE,31.6,294,2.5,20,Mexico City Grand Prix,R,27-10-2024
0 days 02:20:50.150000,20,52,784.6,FALSE,31.4,274,2.9,20,Mexico City Grand Prix,R,27-10-2024
0 days 02:21:50.150000,20,52,784.6,FALSE,31.3,351,2.3,20,Mexico City Grand Prix,R,27-10-2024
0 days 02:22:50.151000,20,52,784.5,FALSE,31.3,340,2.9,20,Mexico City Grand Prix,R,27-10-2024
0 days 02:23:50.152000,19.9,52,784.5,FALSE,31.1,295,2.8,20,Mexico City Grand Prix,R,27-10-2024
0 days 02:24:50.156000,19.9,53,784.6,FALSE,31.1,320,3.9,20,Mexico City Grand Prix,R,27-10-2024
0 days 02:25:50.158000,19.8,53,784.5,FALSE,31.1,314,3.5,20,Mexico City Grand Prix,R,27-10-2024
0 days 02:26:50.153000,19.8,53,784.5,FALSE,31,297,4.2,20,Mexico City Grand Prix,R,27-10-2024
0 days 02:27:50.155000,19.8,53,784.6,FALSE,31,289,3.9,20,Mexico City Grand Prix,R,27-10-2024
0 days 02:28:50.159000,19.8,53,784.5,FALSE,31,321,2.8,20,Mexico City Grand Prix,R,27-10-2024
0 days 02:29:50.156000,19.9,53,784.4,FALSE,31.2,277,2.4,20,Mexico City Grand Prix,R,27-10-2024
0 days 02:30:50.158000,19.9,53,784.4,FALSE,31.2,83,2.1,20,Mexico City Grand Prix,R,27-10-2024
0 days 02:31:50.215000,19.9,53,784.5,FALSE,30.9,317,1.5,20,Mexico City Grand Prix,R,27-10-2024
0 days 02:32:50.160000,19.9,52,784.4,FALSE,30.9,288,3.7,20,Mexico City Grand Prix,R,27-10-2024
0 days 02:33:50.161000,19.8,53,784.5,FALSE,31,332,3.6,20,Mexico City Grand Prix,R,27-10-2024
0 days 02:34:50.165000,19.7,53,784.4,FALSE,30.9,298,2.8,20,Mexico City Grand Prix,R,27-10-2024
0 days 02:35:50.163000,19.7,53,784.5,FALSE,30.7,274,2.7,20,Mexico City Grand Prix,R,27-10-2024
0 days 02:36:50.168000,19.8,53,784.6,FALSE,30.6,285,2.3,20,Mexico City Grand Prix,R,27-10-2024
0 days 02:37:56.733000,19.7,53,784.6,FALSE,30.8,296,3,20,Mexico City Grand Prix,R,27-10-2024
0 days 02:38:50.537000,19.7,53,784.6,FALSE,30.8,296,3,20,Mexico City Grand Prix,R,27-10-2024
0 days 00:00:22.903000,22.2,86,927.4,TRUE,27.3,0,0.4,21,São Paulo Grand Prix,R,03-11-2024
0 days 00:01:22.903000,22.3,87,927.3,TRUE,26.2,191,0,21,São Paulo Grand Prix,R,03-11-2024
0 days 00:02:22.903000,22.1,86,927.4,TRUE,26.4,182,0.8,21,São Paulo Grand Prix,R,03-11-2024
0 days 00:03:22.906000,22.1,87,927.4,TRUE,26.4,210,0.5,21,São Paulo Grand Prix,R,03-11-2024
0 days 00:04:22.910000,22.1,87,927.3,TRUE,26.2,0,0.4,21,São Paulo Grand Prix,R,03-11-2024
0 days 00:05:22.915000,22.1,87,927.4,TRUE,26.2,215,0,21,São Paulo Grand Prix,R,03-11-2024
0 days 00:06:22.921000,22.2,88,927.3,TRUE,26.4,205,0.8,21,São Paulo Grand Prix,R,03-11-2024
0 days 00:07:22.904000,22,86,927.4,TRUE,26.4,242,0.9,21,São Paulo Grand Prix,R,03-11-2024
0 days 00:08:22.920000,22.1,87,927.3,TRUE,26.4,210,0.8,21,São Paulo Grand Prix,R,03-11-2024
0 days 00:09:22.905000,22.3,88,927.3,TRUE,26.5,240,0.5,21,São Paulo Grand Prix,R,03-11-2024
0 days 00:10:22.924000,22.2,87,927.2,TRUE,26.8,216,0.6,21,São Paulo Grand Prix,R,03-11-2024
0 days 00:11:22.907000,22.2,87,927.2,TRUE,26.9,208,0.7,21,São Paulo Grand Prix,R,03-11-2024
0 days 00:12:22.924000,22.3,87,927.3,TRUE,27.2,201,0.6,21,São Paulo Grand Prix,R,03-11-2024
0 days 00:13:22.917000,22.2,87,927.2,TRUE,27.4,234,1,21,São Paulo Grand Prix,R,03-11-2024
0 days 00:14:22.918000,22.3,88,927.3,TRUE,27.4,179,0.7,21,São Paulo Grand Prix,R,03-11-2024
0 days 00:15:22.921000,22.3,87,927.2,TRUE,27.4,195,0.7,21,São Paulo Grand Prix,R,03-11-2024
0 days 00:16:22.913000,22.4,87,927.2,TRUE,27.9,227,0.6,21,São Paulo Grand Prix,R,03-11-2024
0 days 00:17:22.930000,22.4,87,927.1,TRUE,27.7,339,0.4,21,São Paulo Grand Prix,R,03-11-2024
0 days 00:18:22.926000,22.5,87,927.2,TRUE,27.6,348,0.5,21,São Paulo Grand Prix,R,03-11-2024
0 days 00:19:22.931000,22.6,87,927.1,FALSE,27.7,313,0,21,São Paulo Grand Prix,R,03-11-2024
0 days 00:20:22.926000,22.6,88,927.2,FALSE,27.8,317,0.4,21,São Paulo Grand Prix,R,03-11-2024
0 days 00:21:22.912000,22.6,87,927.1,TRUE,28.3,295,0.6,21,São Paulo Grand Prix,R,03-11-2024
0 days 00:22:22.926000,22.6,87,927.1,FALSE,28.2,0,0,21,São Paulo Grand Prix,R,03-11-2024
0 days 00:23:22.927000,22.6,87,927.1,FALSE,28,0,0,21,São Paulo Grand Prix,R,03-11-2024
0 days 00:24:22.950000,22.7,86,927,FALSE,28.2,170,0.4,21,São Paulo Grand Prix,R,03-11-2024
0 days 00:25:22.951000,22.6,88,927.1,FALSE,28.5,30,0.3,21,São Paulo Grand Prix,R,03-11-2024
0 days 00:26:22.945000,22.7,84,927,FALSE,28.7,11,0.9,21,São Paulo Grand Prix,R,03-11-2024
0 days 00:27:22.944000,22.6,85,927.1,FALSE,29.1,37,0.6,21,São Paulo Grand Prix,R,03-11-2024
0 days 00:28:22.951000,22.6,84,927.1,FALSE,29.1,178,0.5,21,São Paulo Grand Prix,R,03-11-2024
0 days 00:29:22.990000,22.7,82,927.1,FALSE,29.1,303,0.8,21,São Paulo Grand Prix,R,03-11-2024
0 days 00:30:22.965000,22.9,85,927,FALSE,29.1,220,0.5,21,São Paulo Grand Prix,R,03-11-2024
0 days 00:31:22.971000,22.9,82,927.1,FALSE,29.1,275,0.6,21,São Paulo Grand Prix,R,03-11-2024
0 days 00:32:22.991000,22.8,82,927,FALSE,29,0,0.7,21,São Paulo Grand Prix,R,03-11-2024
0 days 00:33:23.012000,22.9,84,927,FALSE,29.4,214,0,21,São Paulo Grand Prix,R,03-11-2024
0 days 00:34:23.017000,22.9,82,927,FALSE,29.5,0,0.4,21,São Paulo Grand Prix,R,03-11-2024
0 days 00:35:23.030000,23,83,927,FALSE,29.4,330,0,21,São Paulo Grand Prix,R,03-11-2024
0 days 00:36:23.045000,23,80,927,FALSE,29.4,288,0.9,21,São Paulo Grand Prix,R,03-11-2024
0 days 00:37:23.054000,23,81,927,FALSE,29.4,272,0.5,21,São Paulo Grand Prix,R,03-11-2024
0 days 00:38:23.058000,23,82,926.9,FALSE,29.4,221,0.7,21,São Paulo Grand Prix,R,03-11-2024
0 days 00:39:23.060000,23,82,926.9,FALSE,29.4,193,0.5,21,São Paulo Grand Prix,R,03-11-2024
0 days 00:40:23.057000,23,80,926.9,FALSE,29.3,239,0,21,São Paulo Grand Prix,R,03-11-2024
0 days 00:41:23.059000,23.1,80,926.9,FALSE,29,266,0.5,21,São Paulo Grand Prix,R,03-11-2024
0 days 00:42:23.055000,23.1,80,926.9,FALSE,28.5,241,0.8,21,São Paulo Grand Prix,R,03-11-2024
0 days 00:43:23.055000,23.3,82,926.9,FALSE,28.6,218,0.5,21,São Paulo Grand Prix,R,03-11-2024
0 days 00:44:23.072000,23.2,82,926.9,FALSE,28.5,197,1,21,São Paulo Grand Prix,R,03-11-2024
0 days 00:45:23.056000,23.2,81,926.9,FALSE,28.5,214,1.1,21,São Paulo Grand Prix,R,03-11-2024
0 days 00:46:23.072000,23.3,82,926.9,FALSE,28.5,221,0.6,21,São Paulo Grand Prix,R,03-11-2024
0 days 00:47:23.075000,23.3,82,926.8,FALSE,28.8,215,0.8,21,São Paulo Grand Prix,R,03-11-2024
0 days 00:48:23.067000,23.4,80,926.9,FALSE,28.8,184,1.2,21,São Paulo Grand Prix,R,03-11-2024
0 days 00:49:23.068000,23.3,80,926.8,FALSE,28.5,206,1.1,21,São Paulo Grand Prix,R,03-11-2024
0 days 00:50:23.073000,23.2,82,926.9,FALSE,28.4,207,1.1,21,São Paulo Grand Prix,R,03-11-2024
0 days 00:51:23.074000,23.2,81,926.9,FALSE,28.4,207,1,21,São Paulo Grand Prix,R,03-11-2024
0 days 00:52:23.075000,23.3,81,926.8,FALSE,28.6,233,0.6,21,São Paulo Grand Prix,R,03-11-2024
0 days 00:53:23.075000,23.3,81,926.8,FALSE,28.6,195,0.7,21,São Paulo Grand Prix,R,03-11-2024
0 days 00:54:23.077000,23.3,81,926.8,FALSE,28.2,192,0.8,21,São Paulo Grand Prix,R,03-11-2024
0 days 00:55:23.069000,23.3,80,926.7,FALSE,27.9,216,0.7,21,São Paulo Grand Prix,R,03-11-2024
0 days 00:56:23.077000,23.3,80,926.8,FALSE,27.9,133,0.5,21,São Paulo Grand Prix,R,03-11-2024
0 days 00:57:23.078000,23.2,81,926.7,FALSE,27.9,145,0.8,21,São Paulo Grand Prix,R,03-11-2024
0 days 00:58:23.076000,23.1,80,926.7,FALSE,27.1,200,1,21,São Paulo Grand Prix,R,03-11-2024
0 days 00:59:23.072000,23.1,80,926.7,FALSE,26.9,183,1.5,21,São Paulo Grand Prix,R,03-11-2024
0 days 01:00:23.084000,23,79,926.6,FALSE,26,199,1.6,21,São Paulo Grand Prix,R,03-11-2024
0 days 01:01:23.076000,23,80,926.7,FALSE,25.9,181,1.7,21,São Paulo Grand Prix,R,03-11-2024
0 days 01:02:23.076000,22.9,81,926.7,FALSE,25.6,177,1.3,21,São Paulo Grand Prix,R,03-11-2024
0 days 01:03:23.081000,22.8,81,926.6,FALSE,25.4,203,1.2,21,São Paulo Grand Prix,R,03-11-2024
0 days 01:04:23.077000,22.8,81,926.6,FALSE,25.4,200,0.9,21,São Paulo Grand Prix,R,03-11-2024
0 days 01:05:23.077000,22.7,82,926.6,FALSE,25.5,181,1.1,21,São Paulo Grand Prix,R,03-11-2024
0 days 01:06:23.085000,22.5,81,926.5,FALSE,25.5,187,0.9,21,São Paulo Grand Prix,R,03-11-2024
0 days 01:07:23.079000,22.5,79,926.5,FALSE,25.2,187,1.2,21,São Paulo Grand Prix,R,03-11-2024
0 days 01:08:23.093000,22.5,80,926.5,FALSE,25.2,189,0.8,21,São Paulo Grand Prix,R,03-11-2024
0 days 01:09:23.079000,22.5,80,926.6,FALSE,25.4,203,0.9,21,São Paulo Grand Prix,R,03-11-2024
0 days 01:10:23.078000,22.5,79,926.5,FALSE,25.4,0,0.7,21,São Paulo Grand Prix,R,03-11-2024
0 days 01:11:23.074000,22.5,79,926.6,FALSE,25.1,197,0.6,21,São Paulo Grand Prix,R,03-11-2024
0 days 01:12:23.081000,22.5,78,926.6,TRUE,25.1,259,0.9,21,São Paulo Grand Prix,R,03-11-2024
0 days 01:13:23.085000,22.4,78,926.6,TRUE,25,173,0.5,21,São Paulo Grand Prix,R,03-11-2024
0 days 01:14:23.085000,22.4,78,926.6,TRUE,24.6,265,0.7,21,São Paulo Grand Prix,R,03-11-2024
0 days 01:15:23.087000,22.4,78,926.7,TRUE,24.6,72,1.2,21,São Paulo Grand Prix,R,03-11-2024
0 days 01:16:23.093000,22.3,78,926.5,TRUE,24.5,187,0.9,21,São Paulo Grand Prix,R,03-11-2024
0 days 01:17:23.093000,22.2,77,926.6,TRUE,24.4,188,1.1,21,São Paulo Grand Prix,R,03-11-2024
0 days 01:18:23.094000,22.2,78,926.6,TRUE,24.6,201,0.7,21,São Paulo Grand Prix,R,03-11-2024
0 days 01:19:23.097000,22.2,79,926.5,TRUE,24.8,227,0.7,21,São Paulo Grand Prix,R,03-11-2024
0 days 01:20:23.098000,22.2,78,926.6,TRUE,24.9,191,1.1,21,São Paulo Grand Prix,R,03-11-2024
0 days 01:21:23.097000,22.1,77,926.6,TRUE,24.9,330,0.7,21,São Paulo Grand Prix,R,03-11-2024
0 days 01:22:23.084000,22.1,78,926.5,TRUE,24.9,268,0.7,21,São Paulo Grand Prix,R,03-11-2024
0 days 01:23:23.151000,22.2,78,926.5,TRUE,25,213,1,21,São Paulo Grand Prix,R,03-11-2024
0 days 01:24:23.086000,22.1,77,926.6,TRUE,25,170,0.9,21,São Paulo Grand Prix,R,03-11-2024
0 days 01:25:23.104000,22.1,77,926.5,TRUE,25,227,1.1,21,São Paulo Grand Prix,R,03-11-2024
0 days 01:26:23.099000,22.1,76,926.5,TRUE,24.9,189,1.1,21,São Paulo Grand Prix,R,03-11-2024
0 days 01:27:23.098000,22.1,75,926.5,TRUE,24.8,81,1,21,São Paulo Grand Prix,R,03-11-2024
0 days 01:28:23.109000,22.2,75,926.6,TRUE,24.8,0,0.7,21,São Paulo Grand Prix,R,03-11-2024
0 days 01:29:23.125000,22.2,76,926.5,TRUE,25,188,0.6,21,São Paulo Grand Prix,R,03-11-2024
0 days 01:30:23.106000,22.3,76,926.5,TRUE,25.2,137,0.8,21,São Paulo Grand Prix,R,03-11-2024
0 days 01:31:23.126000,22.3,76,926.5,TRUE,25.3,331,0.5,21,São Paulo Grand Prix,R,03-11-2024
0 days 01:32:23.153000,22.3,75,926.5,TRUE,25.4,330,0.6,21,São Paulo Grand Prix,R,03-11-2024
0 days 01:33:23.154000,22.3,75,926.5,TRUE,25.3,42,1.1,21,São Paulo Grand Prix,R,03-11-2024
0 days 01:34:23.168000,22.2,76,926.4,TRUE,25.3,264,0.7,21,São Paulo Grand Prix,R,03-11-2024
0 days 01:35:23.180000,22.1,75,926.5,TRUE,25.3,0,0.8,21,São Paulo Grand Prix,R,03-11-2024
0 days 01:36:23.212000,22.1,76,926.5,TRUE,25.1,171,0.5,21,São Paulo Grand Prix,R,03-11-2024
0 days 01:37:23.199000,22,76,926.5,TRUE,25.1,338,0.5,21,São Paulo Grand Prix,R,03-11-2024
0 days 01:38:23.204000,22,77,926.5,TRUE,25.1,207,0.6,21,São Paulo Grand Prix,R,03-11-2024
0 days 01:39:23.226000,22,77,926.6,TRUE,24.9,0,0.4,21,São Paulo Grand Prix,R,03-11-2024
0 days 01:40:23.227000,22,79,926.4,TRUE,24.9,154,0.4,21,São Paulo Grand Prix,R,03-11-2024
0 days 01:41:23.228000,22,81,926.4,TRUE,24.9,343,1.1,21,São Paulo Grand Prix,R,03-11-2024
0 days 01:42:23.231000,22,81,926.4,TRUE,24.9,141,1,21,São Paulo Grand Prix,R,03-11-2024
0 days 01:43:23.211000,22,82,926.3,TRUE,24.9,144,0.4,21,São Paulo Grand Prix,R,03-11-2024
0 days 01:44:23.230000,22,83,926.4,TRUE,24.9,149,0.7,21,São Paulo Grand Prix,R,03-11-2024
0 days 01:45:23.229000,22,83,926.3,TRUE,25,291,0.4,21,São Paulo Grand Prix,R,03-11-2024
0 days 01:46:23.244000,21.9,85,926.5,TRUE,24.9,189,0.7,21,São Paulo Grand Prix,R,03-11-2024
0 days 01:47:23.230000,21.9,85,926.4,TRUE,24.9,23,0.5,21,São Paulo Grand Prix,R,03-11-2024
0 days 01:48:23.231000,21.9,85,926.5,TRUE,24.7,353,0.4,21,São Paulo Grand Prix,R,03-11-2024
0 days 01:49:23.271000,21.8,86,926.4,TRUE,24.6,353,0.7,21,São Paulo Grand Prix,R,03-11-2024
0 days 01:50:23.255000,21.7,86,926.5,TRUE,24.4,21,1.4,21,São Paulo Grand Prix,R,03-11-2024
0 days 01:51:23.239000,21.6,86,926.6,TRUE,24.2,40,1,21,São Paulo Grand Prix,R,03-11-2024
0 days 01:52:23.272000,21.5,87,926.6,TRUE,24.1,341,1,21,São Paulo Grand Prix,R,03-11-2024
0 days 01:53:23.287000,21.4,87,926.6,TRUE,24,26,0.7,21,São Paulo Grand Prix,R,03-11-2024
0 days 01:54:23.273000,21.3,88,926.6,TRUE,24,354,0.7,21,São Paulo Grand Prix,R,03-11-2024
0 days 01:55:23.289000,21.1,88,926.7,TRUE,23.8,65,0.8,21,São Paulo Grand Prix,R,03-11-2024
0 days 01:56:23.291000,21,88,926.6,TRUE,23.5,0,0.9,21,São Paulo Grand Prix,R,03-11-2024
0 days 01:57:23.289000,20.9,89,926.6,TRUE,23.3,332,0.8,21,São Paulo Grand Prix,R,03-11-2024
0 days 01:58:23.288000,20.8,89,926.5,TRUE,23.2,1,0.6,21,São Paulo Grand Prix,R,03-11-2024
0 days 01:59:23.313000,20.8,89,926.5,TRUE,23.3,8,0.7,21,São Paulo Grand Prix,R,03-11-2024
0 days 02:00:23.318000,20.6,90,926.6,TRUE,23.7,50,0.7,21,São Paulo Grand Prix,R,03-11-2024
0 days 02:01:23.328000,20.6,89,926.5,TRUE,24,169,0.9,21,São Paulo Grand Prix,R,03-11-2024
0 days 02:02:23.350000,20.5,89,926.6,TRUE,24.2,227,0.4,21,São Paulo Grand Prix,R,03-11-2024
0 days 02:03:23.346000,20.5,89,926.5,TRUE,24.5,275,0.5,21,São Paulo Grand Prix,R,03-11-2024
0 days 02:04:23.335000,20.5,89,926.5,TRUE,24.6,320,0.6,21,São Paulo Grand Prix,R,03-11-2024
0 days 02:05:23.334000,20.5,89,926.5,TRUE,24.7,346,0.6,21,São Paulo Grand Prix,R,03-11-2024
0 days 02:06:23.352000,20.5,89,926.4,TRUE,24.7,143,0.6,21,São Paulo Grand Prix,R,03-11-2024
0 days 02:07:23.350000,20.6,89,926.4,TRUE,24.7,193,0.5,21,São Paulo Grand Prix,R,03-11-2024
0 days 02:08:23.355000,20.5,90,926.4,TRUE,25.1,218,0.7,21,São Paulo Grand Prix,R,03-11-2024
0 days 02:09:23.352000,20.6,89,926.4,TRUE,25.1,212,0.8,21,São Paulo Grand Prix,R,03-11-2024
0 days 02:10:23.369000,20.6,89,926.4,TRUE,25,205,0.9,21,São Paulo Grand Prix,R,03-11-2024
0 days 02:11:23.352000,20.6,90,926.3,TRUE,25,195,0.8,21,São Paulo Grand Prix,R,03-11-2024
0 days 02:12:23.365000,20.6,90,926.3,TRUE,25.1,170,0.9,21,São Paulo Grand Prix,R,03-11-2024
0 days 02:13:23.370000,20.6,89,926.4,TRUE,25.2,0,1,21,São Paulo Grand Prix,R,03-11-2024
0 days 02:14:23.369000,20.5,90,926.3,TRUE,25.2,0,0.7,21,São Paulo Grand Prix,R,03-11-2024
0 days 02:15:23.380000,20.5,90,926.3,TRUE,25.2,329,1.3,21,São Paulo Grand Prix,R,03-11-2024
0 days 02:16:23.382000,20.6,90,926.1,FALSE,25.1,301,1,21,São Paulo Grand Prix,R,03-11-2024
0 days 02:17:23.395000,20.6,91,926.3,TRUE,25.1,190,0.8,21,São Paulo Grand Prix,R,03-11-2024
0 days 02:18:23.378000,20.6,90,926.3,TRUE,25.1,199,0.4,21,São Paulo Grand Prix,R,03-11-2024
0 days 02:19:23.395000,20.6,90,926.2,TRUE,25.4,252,0.8,21,São Paulo Grand Prix,R,03-11-2024
0 days 02:20:23.401000,20.6,90,926.3,TRUE,25.5,181,0.7,21,São Paulo Grand Prix,R,03-11-2024
0 days 02:21:23.419000,20.8,90,926.3,TRUE,25.5,223,0.5,21,São Paulo Grand Prix,R,03-11-2024
0 days 02:22:23.417000,20.7,90,926.2,TRUE,25.4,191,0.9,21,São Paulo Grand Prix,R,03-11-2024
0 days 02:23:23.418000,20.7,89,926.2,TRUE,25.2,257,0.9,21,São Paulo Grand Prix,R,03-11-2024
0 days 02:24:23.418000,20.6,90,926.2,TRUE,25.2,220,0.3,21,São Paulo Grand Prix,R,03-11-2024
0 days 02:25:23.439000,20.6,90,926.2,TRUE,25.3,239,0.7,21,São Paulo Grand Prix,R,03-11-2024
0 days 02:26:23.456000,20.6,90,926.1,TRUE,25.2,236,1.1,21,São Paulo Grand Prix,R,03-11-2024
0 days 02:27:23.479000,20.6,90,926.2,TRUE,25.1,279,0.7,21,São Paulo Grand Prix,R,03-11-2024
0 days 02:28:23.484000,20.6,90,926.2,TRUE,25.1,301,0.8,21,São Paulo Grand Prix,R,03-11-2024
0 days 02:29:23.488000,20.6,91,926.1,TRUE,25.1,181,0.5,21,São Paulo Grand Prix,R,03-11-2024
0 days 02:30:23.486000,20.6,90,926.2,TRUE,24.7,308,0.4,21,São Paulo Grand Prix,R,03-11-2024
0 days 02:31:23.496000,20.6,91,926.2,TRUE,24.6,205,0.7,21,São Paulo Grand Prix,R,03-11-2024
0 days 02:32:23.485000,20.5,91,926.2,TRUE,24.3,274,0.6,21,São Paulo Grand Prix,R,03-11-2024
0 days 02:33:23.498000,20.5,91,926.1,TRUE,24.3,278,0.3,21,São Paulo Grand Prix,R,03-11-2024
0 days 02:34:23.482000,20.5,92,926.1,TRUE,24.2,97,0.6,21,São Paulo Grand Prix,R,03-11-2024
0 days 02:35:23.496000,20.5,91,926.1,TRUE,24.3,0,0.4,21,São Paulo Grand Prix,R,03-11-2024
0 days 02:36:23.499000,20.5,91,926.1,TRUE,24.3,328,0,21,São Paulo Grand Prix,R,03-11-2024
0 days 02:37:23.497000,20.5,91,926.1,TRUE,24.6,226,1,21,São Paulo Grand Prix,R,03-11-2024
0 days 02:38:23.490000,20.5,90,926,FALSE,24.5,258,1.2,21,São Paulo Grand Prix,R,03-11-2024
0 days 02:39:23.506000,20.4,91,926,FALSE,24.7,218,0.8,21,São Paulo Grand Prix,R,03-11-2024
0 days 02:40:23.502000,20.5,91,926,FALSE,24.7,168,0.4,21,São Paulo Grand Prix,R,03-11-2024
0 days 02:41:23.510000,20.4,91,926,TRUE,24.8,215,0.8,21,São Paulo Grand Prix,R,03-11-2024
0 days 02:42:23.557000,20.4,90,926,TRUE,24.7,0,0.6,21,São Paulo Grand Prix,R,03-11-2024
0 days 02:43:23.522000,20.5,91,925.9,FALSE,24.8,189,1,21,São Paulo Grand Prix,R,03-11-2024
0 days 02:44:23.522000,20.5,90,925.8,TRUE,24.8,212,0.7,21,São Paulo Grand Prix,R,03-11-2024
0 days 02:45:23.527000,20.5,90,925.8,TRUE,24.8,12,0.8,21,São Paulo Grand Prix,R,03-11-2024
0 days 02:46:23.539000,20.5,91,925.8,TRUE,24.8,224,0.7,21,São Paulo Grand Prix,R,03-11-2024
0 days 02:47:23.524000,20.5,90,925.7,TRUE,25.1,209,0.7,21,São Paulo Grand Prix,R,03-11-2024
0 days 02:48:23.530000,20.5,90,925.8,TRUE,25.3,156,1,21,São Paulo Grand Prix,R,03-11-2024
0 days 02:49:23.755000,20.6,90,925.8,TRUE,25.3,228,0.7,21,São Paulo Grand Prix,R,03-11-2024
0 days 02:50:23.525000,20.6,90,925.7,TRUE,25.6,215,1.1,21,São Paulo Grand Prix,R,03-11-2024
0 days 02:51:23.529000,20.6,90,925.7,TRUE,25.3,281,0.4,21,São Paulo Grand Prix,R,03-11-2024
0 days 02:52:23.537000,20.6,90,925.7,TRUE,25.3,340,0.6,21,São Paulo Grand Prix,R,03-11-2024
0 days 02:53:23.527000,20.6,90,925.8,TRUE,25.1,180,0.9,21,São Paulo Grand Prix,R,03-11-2024
0 days 02:54:23.532000,20.7,90,925.7,FALSE,24.9,178,1,21,São Paulo Grand Prix,R,03-11-2024
0 days 02:55:23.526000,20.8,90,925.7,FALSE,24.9,198,0.9,21,São Paulo Grand Prix,R,03-11-2024
0 days 02:56:23.543000,20.7,89,925.7,FALSE,24.6,166,1.4,21,São Paulo Grand Prix,R,03-11-2024
0 days 02:57:23.543000,20.7,90,925.7,FALSE,24.6,199,1.3,21,São Paulo Grand Prix,R,03-11-2024
0 days 02:58:23.542000,20.5,90,925.7,FALSE,24.7,198,1.2,21,São Paulo Grand Prix,R,03-11-2024
0 days 02:59:23.544000,20.5,90,925.7,FALSE,24.6,190,0.8,21,São Paulo Grand Prix,R,03-11-2024
0 days 03:00:23.540000,20.5,90,925.7,FALSE,24.6,0,0.4,21,São Paulo Grand Prix,R,03-11-2024
0 days 03:01:23.544000,20.4,89,925.6,FALSE,24.6,162,0.9,21,São Paulo Grand Prix,R,03-11-2024
0 days 03:02:23.544000,20.4,90,925.7,FALSE,24.7,182,1,21,São Paulo Grand Prix,R,03-11-2024
0 days 03:03:23.545000,20.4,90,925.6,FALSE,24.5,237,0.8,21,São Paulo Grand Prix,R,03-11-2024
0 days 03:04:23.535000,20.5,89,925.5,FALSE,24.4,158,1.6,21,São Paulo Grand Prix,R,03-11-2024
0 days 03:05:23.545000,20.5,89,925.7,FALSE,24.4,180,0.9,21,São Paulo Grand Prix,R,03-11-2024
0 days 03:06:23.546000,20.5,89,925.7,FALSE,24.4,222,1.2,21,São Paulo Grand Prix,R,03-11-2024
0 days 03:07:23.548000,20.4,90,925.6,FALSE,24.5,178,0.7,21,São Paulo Grand Prix,R,03-11-2024
0 days 03:08:23.548000,20.4,90,925.6,FALSE,24.5,312,0,21,São Paulo Grand Prix,R,03-11-2024
0 days 03:09:23.547000,20.4,90,925.5,FALSE,24.7,181,0.7,21,São Paulo Grand Prix,R,03-11-2024
0 days 03:10:23.547000,20.4,90,925.5,FALSE,24.7,202,1,21,São Paulo Grand Prix,R,03-11-2024
0 days 03:11:23.558000,20.5,90,925.5,FALSE,24.6,200,0.9,21,São Paulo Grand Prix,R,03-11-2024
0 days 03:12:23.550000,20.5,89,925.5,FALSE,24.5,337,0.6,21,São Paulo Grand Prix,R,03-11-2024
0 days 03:13:23.566000,20.5,90,925.5,FALSE,24.5,140,0.5,21,São Paulo Grand Prix,R,03-11-2024
0 days 03:14:23.548000,20.5,89,925.6,FALSE,24.5,0,0.6,21,São Paulo Grand Prix,R,03-11-2024
0 days 03:15:23.567000,20.5,89,925.5,FALSE,24.5,0,0.7,21,São Paulo Grand Prix,R,03-11-2024
0 days 03:16:23.548000,20.5,89,925.5,FALSE,24.2,223,0,21,São Paulo Grand Prix,R,03-11-2024
0 days 03:17:23.549000,20.5,89,925.5,FALSE,24.1,176,1.1,21,São Paulo Grand Prix,R,03-11-2024
0 days 03:18:23.549000,20.5,89,925.4,FALSE,24,176,1.8,21,São Paulo Grand Prix,R,03-11-2024
0 days 03:19:23.568000,20.5,89,925.4,FALSE,24,0,0.7,21,São Paulo Grand Prix,R,03-11-2024
0 days 03:20:23.566000,20.5,89,925.4,FALSE,24.1,160,0.4,21,São Paulo Grand Prix,R,03-11-2024
0 days 00:00:21.079000,18.6,49,935.7,FALSE,18.2,245,2.4,22,Las Vegas Grand Prix,R,23-11-2024
0 days 00:01:21.080000,18.5,49,935.7,FALSE,18.3,223,2.8,22,Las Vegas Grand Prix,R,23-11-2024
0 days 00:02:21.082000,18.6,49,935.8,FALSE,18.4,220,1.4,22,Las Vegas Grand Prix,R,23-11-2024
0 days 00:03:21.083000,18.6,49,935.8,FALSE,18.3,244,2.6,22,Las Vegas Grand Prix,R,23-11-2024
0 days 00:04:21.084000,18.6,49,935.7,FALSE,18.1,228,4,22,Las Vegas Grand Prix,R,23-11-2024
0 days 00:05:21.087000,18.5,49,935.8,FALSE,18.1,228,3.8,22,Las Vegas Grand Prix,R,23-11-2024
0 days 00:06:21.088000,18.5,49,935.8,FALSE,18.3,216,2.9,22,Las Vegas Grand Prix,R,23-11-2024
0 days 00:07:21.085000,18.5,49,935.8,FALSE,18.3,262,1.8,22,Las Vegas Grand Prix,R,23-11-2024
0 days 00:08:21.085000,18.5,49,935.7,FALSE,18.4,270,2.2,22,Las Vegas Grand Prix,R,23-11-2024
0 days 00:09:21.088000,18.5,49,935.9,FALSE,18.5,241,2.9,22,Las Vegas Grand Prix,R,23-11-2024
0 days 00:10:21.088000,18.5,49,935.8,FALSE,18.5,209,2.4,22,Las Vegas Grand Prix,R,23-11-2024
0 days 00:11:21.088000,18.5,49,935.8,FALSE,18.7,230,2.8,22,Las Vegas Grand Prix,R,23-11-2024
0 days 00:12:21.089000,18.5,49,935.8,FALSE,18.6,225,1.6,22,Las Vegas Grand Prix,R,23-11-2024
0 days 00:13:21.091000,18.5,49,935.8,FALSE,18.6,193,1.3,22,Las Vegas Grand Prix,R,23-11-2024
0 days 00:14:21.091000,18.4,49,935.8,FALSE,18.5,223,2.5,22,Las Vegas Grand Prix,R,23-11-2024
0 days 00:15:21.095000,18.4,49,935.8,FALSE,18.4,0,2.5,22,Las Vegas Grand Prix,R,23-11-2024
0 days 00:16:21.092000,18.4,49,935.7,FALSE,18.8,251,1.1,22,Las Vegas Grand Prix,R,23-11-2024
0 days 00:17:21.099000,18.4,49,935.7,FALSE,18.4,220,2.3,22,Las Vegas Grand Prix,R,23-11-2024
0 days 00:18:21.096000,18.4,49,935.5,FALSE,18.4,256,2.4,22,Las Vegas Grand Prix,R,23-11-2024
0 days 00:19:21.114000,18.4,49,935.6,FALSE,18.4,237,2.2,22,Las Vegas Grand Prix,R,23-11-2024
0 days 00:20:21.116000,18.4,49,935.5,FALSE,18.5,221,1.9,22,Las Vegas Grand Prix,R,23-11-2024
0 days 00:21:21.111000,18.4,49,935.5,FALSE,18.7,131,2.5,22,Las Vegas Grand Prix,R,23-11-2024
0 days 00:22:21.112000,18.4,49,935.4,FALSE,18.4,349,2.1,22,Las Vegas Grand Prix,R,23-11-2024
0 days 00:23:21.113000,18.3,50,935.6,FALSE,18.6,228,1.5,22,Las Vegas Grand Prix,R,23-11-2024
0 days 00:24:21.114000,18.4,49,935.5,FALSE,18.6,228,2.1,22,Las Vegas Grand Prix,R,23-11-2024
0 days 00:25:21.114000,18.4,49,935.5,FALSE,18.8,355,4.2,22,Las Vegas Grand Prix,R,23-11-2024
0 days 00:26:21.131000,18.3,49,935.5,FALSE,18.8,263,2.9,22,Las Vegas Grand Prix,R,23-11-2024
0 days 00:27:21.148000,18.3,49,935.5,FALSE,18.8,251,2.5,22,Las Vegas Grand Prix,R,23-11-2024
0 days 00:28:21.146000,18.3,49,935.6,FALSE,19.9,254,2.9,22,Las Vegas Grand Prix,R,23-11-2024
0 days 00:29:21.150000,18.3,49,935.6,FALSE,18.6,126,3.6,22,Las Vegas Grand Prix,R,23-11-2024
0 days 00:30:21.151000,18.3,49,935.5,FALSE,18.6,239,2.3,22,Las Vegas Grand Prix,R,23-11-2024
0 days 00:31:21.166000,18.3,49,935.6,FALSE,18.6,272,2.3,22,Las Vegas Grand Prix,R,23-11-2024
0 days 00:32:21.182000,18.2,49,935.5,FALSE,18.6,270,1.9,22,Las Vegas Grand Prix,R,23-11-2024
0 days 00:33:21.200000,18.2,49,935.6,FALSE,18.6,241,1.6,22,Las Vegas Grand Prix,R,23-11-2024
0 days 00:34:21.202000,18.3,49,935.7,FALSE,18.6,222,2.1,22,Las Vegas Grand Prix,R,23-11-2024
0 days 00:35:21.225000,18.3,49,935.7,FALSE,18.6,201,2,22,Las Vegas Grand Prix,R,23-11-2024
0 days 00:36:21.232000,18.2,49,935.8,FALSE,18.6,260,1.2,22,Las Vegas Grand Prix,R,23-11-2024
0 days 00:37:21.237000,18.2,49,935.8,FALSE,18.6,229,4.1,22,Las Vegas Grand Prix,R,23-11-2024
0 days 00:38:21.232000,18.2,49,935.6,FALSE,18.6,204,3.9,22,Las Vegas Grand Prix,R,23-11-2024
0 days 00:39:21.234000,18.1,50,935.5,FALSE,18.6,259,3.6,22,Las Vegas Grand Prix,R,23-11-2024
0 days 00:40:21.238000,18.1,50,935.6,FALSE,18.5,232,3.5,22,Las Vegas Grand Prix,R,23-11-2024
0 days 00:41:21.237000,18.1,49,935.6,FALSE,18.5,219,3.8,22,Las Vegas Grand Prix,R,23-11-2024
0 days 00:42:21.236000,18.1,50,935.6,FALSE,18.6,199,3.2,22,Las Vegas Grand Prix,R,23-11-2024
0 days 00:43:21.237000,18.1,50,935.5,FALSE,18.6,210,2.3,22,Las Vegas Grand Prix,R,23-11-2024
0 days 00:44:21.238000,18.1,50,935.6,FALSE,18.5,210,2.9,22,Las Vegas Grand Prix,R,23-11-2024
0 days 00:45:21.237000,18,50,935.6,FALSE,18.5,195,2.5,22,Las Vegas Grand Prix,R,23-11-2024
0 days 00:46:21.245000,18,50,935.6,FALSE,18.5,195,2.5,22,Las Vegas Grand Prix,R,23-11-2024
0 days 00:47:21.241000,18,50,935.6,FALSE,18.5,162,1.9,22,Las Vegas Grand Prix,R,23-11-2024
0 days 00:48:21.246000,18,50,935.7,FALSE,18.5,258,0.9,22,Las Vegas Grand Prix,R,23-11-2024
0 days 00:49:21.251000,18,50,935.7,FALSE,18.5,246,2.7,22,Las Vegas Grand Prix,R,23-11-2024
0 days 00:50:21.241000,18,50,935.7,FALSE,18.5,253,2.9,22,Las Vegas Grand Prix,R,23-11-2024
0 days 00:51:21.243000,17.9,50,935.9,FALSE,18.4,263,3,22,Las Vegas Grand Prix,R,23-11-2024
0 days 00:52:21.243000,17.9,50,935.8,FALSE,18.1,255,4,22,Las Vegas Grand Prix,R,23-11-2024
0 days 00:53:21.248000,17.9,50,935.9,FALSE,18.1,261,3,22,Las Vegas Grand Prix,R,23-11-2024
0 days 00:54:21.244000,17.9,50,935.9,FALSE,18.1,205,1.5,22,Las Vegas Grand Prix,R,23-11-2024
0 days 00:55:21.245000,17.9,51,935.7,FALSE,18.4,301,0.8,22,Las Vegas Grand Prix,R,23-11-2024
0 days 00:56:21.246000,17.9,50,935.7,FALSE,18.3,273,2.7,22,Las Vegas Grand Prix,R,23-11-2024
0 days 00:57:21.246000,18,51,935.8,FALSE,18,297,2.7,22,Las Vegas Grand Prix,R,23-11-2024
0 days 00:58:21.259000,18,50,936,FALSE,18.2,274,1.2,22,Las Vegas Grand Prix,R,23-11-2024
0 days 00:59:21.253000,18,50,935.9,FALSE,18.2,138,2.1,22,Las Vegas Grand Prix,R,23-11-2024
0 days 01:00:21.255000,18,50,935.9,FALSE,18,263,1.1,22,Las Vegas Grand Prix,R,23-11-2024
0 days 01:01:21.255000,18,50,935.9,FALSE,17.9,216,2.2,22,Las Vegas Grand Prix,R,23-11-2024
0 days 01:02:21.270000,18,50,936,FALSE,17.9,243,2.7,22,Las Vegas Grand Prix,R,23-11-2024
0 days 01:03:21.283000,17.9,50,935.9,FALSE,17.8,227,2.7,22,Las Vegas Grand Prix,R,23-11-2024
0 days 01:04:21.283000,18,51,935.9,FALSE,17.7,245,3.3,22,Las Vegas Grand Prix,R,23-11-2024
0 days 01:05:21.289000,17.9,51,935.9,FALSE,17.7,255,2,22,Las Vegas Grand Prix,R,23-11-2024
0 days 01:06:21.291000,17.9,50,935.7,FALSE,17.7,241,3.1,22,Las Vegas Grand Prix,R,23-11-2024
0 days 01:07:21.296000,17.9,50,935.9,FALSE,17.7,208,2.7,22,Las Vegas Grand Prix,R,23-11-2024
0 days 01:08:21.312000,17.9,50,935.9,FALSE,17.6,256,2.9,22,Las Vegas Grand Prix,R,23-11-2024
0 days 01:09:21.302000,17.9,50,936,FALSE,17.6,242,3.9,22,Las Vegas Grand Prix,R,23-11-2024
0 days 01:10:21.324000,17.9,51,936,FALSE,17.6,256,3.1,22,Las Vegas Grand Prix,R,23-11-2024
0 days 01:11:21.335000,17.9,50,935.9,FALSE,17.6,244,2.2,22,Las Vegas Grand Prix,R,23-11-2024
0 days 01:12:21.338000,17.9,50,936,FALSE,17.7,261,2,22,Las Vegas Grand Prix,R,23-11-2024
0 days 01:13:21.360000,17.9,51,935.9,FALSE,17.6,271,3.1,22,Las Vegas Grand Prix,R,23-11-2024
0 days 01:14:21.371000,17.8,51,936,FALSE,17.6,254,1.8,22,Las Vegas Grand Prix,R,23-11-2024
0 days 01:15:21.376000,17.9,51,936,FALSE,17.7,258,1.7,22,Las Vegas Grand Prix,R,23-11-2024
0 days 01:16:21.385000,17.9,50,936,FALSE,17.5,132,2.4,22,Las Vegas Grand Prix,R,23-11-2024
0 days 01:17:21.390000,17.9,50,935.8,FALSE,17.5,223,2.1,22,Las Vegas Grand Prix,R,23-11-2024
0 days 01:18:21.393000,17.8,50,936,FALSE,17.5,244,3,22,Las Vegas Grand Prix,R,23-11-2024
0 days 01:19:21.387000,17.8,50,936.1,FALSE,17.5,257,2.5,22,Las Vegas Grand Prix,R,23-11-2024
0 days 01:20:21.391000,17.7,50,936,FALSE,17.5,252,2.5,22,Las Vegas Grand Prix,R,23-11-2024
0 days 01:21:21.405000,17.7,50,936.1,FALSE,17.5,233,2.6,22,Las Vegas Grand Prix,R,23-11-2024
0 days 01:22:21.420000,17.7,50,936,FALSE,17.4,273,3.9,22,Las Vegas Grand Prix,R,23-11-2024
0 days 01:23:21.426000,17.7,50,936.2,FALSE,17.4,242,3.7,22,Las Vegas Grand Prix,R,23-11-2024
0 days 01:24:21.438000,17.7,50,936.2,FALSE,17.4,227,3.2,22,Las Vegas Grand Prix,R,23-11-2024
0 days 01:25:21.441000,17.6,50,936.2,FALSE,17.3,234,3,22,Las Vegas Grand Prix,R,23-11-2024
0 days 01:26:21.438000,17.7,50,936.2,FALSE,17.3,255,2.1,22,Las Vegas Grand Prix,R,23-11-2024
0 days 01:27:21.440000,17.6,50,936,FALSE,17.3,243,3.1,22,Las Vegas Grand Prix,R,23-11-2024
0 days 01:28:21.448000,17.6,49,935.9,FALSE,17.4,258,2.4,22,Las Vegas Grand Prix,R,23-11-2024
0 days 01:29:21.444000,17.7,49,936,FALSE,17.5,251,2.1,22,Las Vegas Grand Prix,R,23-11-2024
0 days 01:30:21.458000,17.6,49,935.9,FALSE,17.4,256,3.3,22,Las Vegas Grand Prix,R,23-11-2024
0 days 01:31:21.478000,17.6,49,936.1,FALSE,17.4,243,3.4,22,Las Vegas Grand Prix,R,23-11-2024
0 days 01:32:21.489000,17.6,49,936,FALSE,17.2,242,2.4,22,Las Vegas Grand Prix,R,23-11-2024
0 days 01:33:21.507000,17.6,48,935.8,FALSE,17.3,218,3.7,22,Las Vegas Grand Prix,R,23-11-2024
0 days 01:34:21.529000,17.6,48,936.1,FALSE,17.3,227,3.1,22,Las Vegas Grand Prix,R,23-11-2024
0 days 01:35:21.525000,17.6,49,935.9,FALSE,17.2,246,3.4,22,Las Vegas Grand Prix,R,23-11-2024
0 days 01:36:21.525000,17.5,49,936,FALSE,17.1,212,3.5,22,Las Vegas Grand Prix,R,23-11-2024
0 days 01:37:21.531000,17.6,48,936,FALSE,17.2,219,3.3,22,Las Vegas Grand Prix,R,23-11-2024
0 days 01:38:21.532000,17.6,48,936.1,FALSE,17.2,230,4.7,22,Las Vegas Grand Prix,R,23-11-2024
0 days 01:39:21.536000,17.6,48,936,FALSE,17.1,262,3.3,22,Las Vegas Grand Prix,R,23-11-2024
0 days 01:40:21.530000,17.6,48,936,FALSE,17.2,247,2.5,22,Las Vegas Grand Prix,R,23-11-2024
0 days 01:41:21.540000,17.5,47,936,FALSE,17.1,197,4.9,22,Las Vegas Grand Prix,R,23-11-2024
0 days 01:42:21.528000,17.5,46,936.1,FALSE,17.1,238,3,22,Las Vegas Grand Prix,R,23-11-2024
0 days 01:43:21.533000,17.6,47,936.2,FALSE,17,235,2.9,22,Las Vegas Grand Prix,R,23-11-2024
0 days 01:44:21.529000,17.5,47,936.1,FALSE,17,214,4.1,22,Las Vegas Grand Prix,R,23-11-2024
0 days 01:45:21.536000,17.5,47,936,FALSE,17.1,203,4.2,22,Las Vegas Grand Prix,R,23-11-2024
0 days 01:46:21.535000,17.5,46,936,FALSE,17.1,222,3.4,22,Las Vegas Grand Prix,R,23-11-2024
0 days 01:47:21.552000,17.5,46,936,FALSE,17.1,216,4.5,22,Las Vegas Grand Prix,R,23-11-2024
0 days 01:48:21.569000,17.5,46,936.1,FALSE,17,270,2.8,22,Las Vegas Grand Prix,R,23-11-2024
0 days 01:49:21.581000,17.5,46,936.3,FALSE,17,231,3.2,22,Las Vegas Grand Prix,R,23-11-2024
0 days 01:50:21.585000,17.4,45,936.1,FALSE,17,229,3.2,22,Las Vegas Grand Prix,R,23-11-2024
0 days 01:51:21.598000,17.4,45,936,FALSE,17,243,3.5,22,Las Vegas Grand Prix,R,23-11-2024
0 days 01:52:21.598000,17.3,45,936.1,FALSE,17,216,1.7,22,Las Vegas Grand Prix,R,23-11-2024
0 days 01:53:21.615000,17.3,44,936.1,FALSE,17,227,3.5,22,Las Vegas Grand Prix,R,23-11-2024
0 days 01:54:21.635000,17.4,44,936.1,FALSE,17,258,3,22,Las Vegas Grand Prix,R,23-11-2024
0 days 01:55:21.639000,17.3,44,936,FALSE,16.9,265,4.4,22,Las Vegas Grand Prix,R,23-11-2024
0 days 01:56:21.640000,17.4,44,936.1,FALSE,16.9,245,2.7,22,Las Vegas Grand Prix,R,23-11-2024
0 days 01:57:21.669000,17.4,44,936.2,FALSE,17,232,5.2,22,Las Vegas Grand Prix,R,23-11-2024
0 days 01:58:21.633000,17.3,43,936.1,FALSE,16.9,226,3.4,22,Las Vegas Grand Prix,R,23-11-2024
0 days 01:59:21.635000,17.3,43,936,FALSE,16.9,246,4,22,Las Vegas Grand Prix,R,23-11-2024
0 days 02:00:21.652000,17.3,43,936,FALSE,16.8,207,4.3,22,Las Vegas Grand Prix,R,23-11-2024
0 days 02:01:21.668000,17.3,43,936,FALSE,16.8,202,3.4,22,Las Vegas Grand Prix,R,23-11-2024
0 days 02:02:21.669000,17.3,43,936,FALSE,16.9,237,3.4,22,Las Vegas Grand Prix,R,23-11-2024
0 days 02:03:21.672000,17.2,43,935.9,FALSE,16.8,240,3.2,22,Las Vegas Grand Prix,R,23-11-2024
0 days 02:04:21.681000,17.2,43,936.2,FALSE,16.8,229,3.2,22,Las Vegas Grand Prix,R,23-11-2024
0 days 02:05:21.672000,17.3,43,936,FALSE,16.8,231,2.9,22,Las Vegas Grand Prix,R,23-11-2024
0 days 02:06:21.674000,17.2,43,936.1,FALSE,16.8,245,4.7,22,Las Vegas Grand Prix,R,23-11-2024
0 days 02:07:21.670000,17.2,43,936.1,FALSE,16.8,245,3.8,22,Las Vegas Grand Prix,R,23-11-2024
0 days 02:08:21.674000,17.1,43,936.1,FALSE,16.8,300,3.2,22,Las Vegas Grand Prix,R,23-11-2024
0 days 02:09:21.676000,17.1,43,936,FALSE,16.8,254,3,22,Las Vegas Grand Prix,R,23-11-2024
0 days 02:10:21.665000,17.1,43,936.1,FALSE,16.7,234,4,22,Las Vegas Grand Prix,R,23-11-2024
0 days 02:11:21.676000,17.1,43,936.2,FALSE,16.7,215,4.4,22,Las Vegas Grand Prix,R,23-11-2024
0 days 02:12:21.694000,17,43,936.2,FALSE,16.7,263,5,22,Las Vegas Grand Prix,R,23-11-2024
0 days 02:13:21.708000,17.1,43,936.2,FALSE,16.7,249,3.8,22,Las Vegas Grand Prix,R,23-11-2024
0 days 02:14:21.729000,17.1,43,936.2,FALSE,16.7,197,3.4,22,Las Vegas Grand Prix,R,23-11-2024
0 days 02:15:21.736000,17.1,43,936.1,FALSE,16.7,274,4,22,Las Vegas Grand Prix,R,23-11-2024
0 days 02:16:21.755000,17.1,43,936.2,FALSE,16.7,238,3.2,22,Las Vegas Grand Prix,R,23-11-2024
0 days 02:17:21.775000,17.1,43,936.1,FALSE,16.7,234,4,22,Las Vegas Grand Prix,R,23-11-2024
0 days 02:18:21.791000,17,43,936.2,FALSE,16.7,209,3.5,22,Las Vegas Grand Prix,R,23-11-2024
0 days 02:19:21.805000,17.1,42,936.2,FALSE,16.7,258,3.4,22,Las Vegas Grand Prix,R,23-11-2024
0 days 02:20:21.815000,17.1,42,936.2,FALSE,16.7,262,2.4,22,Las Vegas Grand Prix,R,23-11-2024
0 days 02:21:21.810000,17,42,936.3,FALSE,16.6,254,2.9,22,Las Vegas Grand Prix,R,23-11-2024
0 days 02:22:21.807000,17,42,936.1,FALSE,16.6,221,2.9,22,Las Vegas Grand Prix,R,23-11-2024
0 days 00:00:56.067000,19.7,57,1015.2,FALSE,23.8,358,2.3,23,Qatar Grand Prix,R,01-12-2024
0 days 00:01:56.059000,19.7,56,1015.2,FALSE,23.8,8,2.6,23,Qatar Grand Prix,R,01-12-2024
0 days 00:02:56.060000,19.7,57,1015.1,FALSE,23.8,4,2.5,23,Qatar Grand Prix,R,01-12-2024
0 days 00:03:56.060000,19.6,57,1015.2,FALSE,23.8,6,2.4,23,Qatar Grand Prix,R,01-12-2024
0 days 00:04:56.062000,19.6,57,1015.2,FALSE,23.8,341,2.4,23,Qatar Grand Prix,R,01-12-2024
0 days 00:05:56.064000,19.6,57,1015.2,FALSE,23.8,351,2.7,23,Qatar Grand Prix,R,01-12-2024
0 days 00:06:56.079000,19.6,57,1015.2,FALSE,23.8,0,2.3,23,Qatar Grand Prix,R,01-12-2024
0 days 00:07:56.079000,19.6,57,1015.2,FALSE,23.8,8,2.5,23,Qatar Grand Prix,R,01-12-2024
0 days 00:08:56.095000,19.6,57,1015.3,FALSE,23.7,11,2.9,23,Qatar Grand Prix,R,01-12-2024
0 days 00:09:56.101000,19.6,57,1015.3,FALSE,23.7,10,3.1,23,Qatar Grand Prix,R,01-12-2024
0 days 00:10:56.099000,19.6,57,1015.3,FALSE,23.7,0,2.6,23,Qatar Grand Prix,R,01-12-2024
0 days 00:11:56.097000,19.6,57,1015.2,FALSE,23.7,16,2.7,23,Qatar Grand Prix,R,01-12-2024
0 days 00:12:56.102000,19.6,57,1015.3,FALSE,23.7,341,2.4,23,Qatar Grand Prix,R,01-12-2024
0 days 00:13:56.118000,19.5,57,1015.3,FALSE,23.6,4,2.5,23,Qatar Grand Prix,R,01-12-2024
0 days 00:14:56.100000,19.5,57,1015.3,FALSE,23.6,359,2.4,23,Qatar Grand Prix,R,01-12-2024
0 days 00:15:56.104000,19.5,57,1015.2,FALSE,23.6,349,2.9,23,Qatar Grand Prix,R,01-12-2024
0 days 00:16:56.104000,19.5,56,1015.3,FALSE,23.7,22,2.3,23,Qatar Grand Prix,R,01-12-2024
0 days 00:17:56.103000,19.6,56,1015.4,FALSE,23.6,355,2.2,23,Qatar Grand Prix,R,01-12-2024
0 days 00:18:56.115000,19.6,56,1015.3,FALSE,23.7,12,1.9,23,Qatar Grand Prix,R,01-12-2024
0 days 00:19:56.104000,19.6,55,1015.2,FALSE,23.7,347,2.5,23,Qatar Grand Prix,R,01-12-2024
0 days 00:20:56.104000,19.6,55,1015.3,FALSE,23.7,14,1.9,23,Qatar Grand Prix,R,01-12-2024
0 days 00:21:56.104000,19.6,55,1015.3,FALSE,23.6,1,2.4,23,Qatar Grand Prix,R,01-12-2024
0 days 00:22:56.107000,19.5,55,1015.3,FALSE,23.6,2,2.5,23,Qatar Grand Prix,R,01-12-2024
0 days 00:23:56.117000,19.5,55,1015.4,FALSE,23.5,10,2.9,23,Qatar Grand Prix,R,01-12-2024
0 days 00:24:56.109000,19.5,56,1015.3,FALSE,23.5,4,2.5,23,Qatar Grand Prix,R,01-12-2024
0 days 00:25:56.114000,19.5,56,1015.3,FALSE,23.5,14,2.6,23,Qatar Grand Prix,R,01-12-2024
0 days 00:26:56.115000,19.5,56,1015.3,FALSE,23.4,12,2.9,23,Qatar Grand Prix,R,01-12-2024
0 days 00:27:56.109000,19.5,56,1015.4,FALSE,23.4,5,2.9,23,Qatar Grand Prix,R,01-12-2024
0 days 00:28:56.110000,19.4,56,1015.3,FALSE,23.4,25,3.2,23,Qatar Grand Prix,R,01-12-2024
0 days 00:29:56.111000,19.4,56,1015.4,FALSE,23.4,3,2.5,23,Qatar Grand Prix,R,01-12-2024
0 days 00:30:56.111000,19.4,56,1015.4,FALSE,23.4,16,2.5,23,Qatar Grand Prix,R,01-12-2024
0 days 00:31:56.112000,19.4,55,1015.3,FALSE,23.4,6,2.9,23,Qatar Grand Prix,R,01-12-2024
0 days 00:32:56.113000,19.4,55,1015.5,FALSE,23.4,339,3,23,Qatar Grand Prix,R,01-12-2024
0 days 00:33:56.113000,19.4,55,1015.3,FALSE,23.4,13,2.5,23,Qatar Grand Prix,R,01-12-2024
0 days 00:34:56.114000,19.4,55,1015.3,FALSE,23.3,11,2.5,23,Qatar Grand Prix,R,01-12-2024
0 days 00:35:56.116000,19.4,55,1015.3,FALSE,23.3,346,2.2,23,Qatar Grand Prix,R,01-12-2024
0 days 00:36:56.118000,19.4,55,1015.5,FALSE,23.3,12,1.9,23,Qatar Grand Prix,R,01-12-2024
0 days 00:37:56.116000,19.3,55,1015.5,FALSE,23.3,7,2.7,23,Qatar Grand Prix,R,01-12-2024
0 days 00:38:56.132000,19.3,55,1015.4,FALSE,23.3,6,2.2,23,Qatar Grand Prix,R,01-12-2024
0 days 00:39:56.148000,19.3,55,1015.5,FALSE,23.3,3,2.5,23,Qatar Grand Prix,R,01-12-2024
0 days 00:40:56.150000,19.3,55,1015.5,FALSE,23.3,3,2.3,23,Qatar Grand Prix,R,01-12-2024
0 days 00:41:56.154000,19.3,55,1015.5,FALSE,23.3,8,2.2,23,Qatar Grand Prix,R,01-12-2024
0 days 00:42:56.166000,19.3,55,1015.4,FALSE,23.2,1,2.4,23,Qatar Grand Prix,R,01-12-2024
0 days 00:43:56.166000,19.3,55,1015.5,FALSE,23.2,3,2.4,23,Qatar Grand Prix,R,01-12-2024
0 days 00:44:56.186000,19.3,55,1015.5,FALSE,23.2,5,2.1,23,Qatar Grand Prix,R,01-12-2024
0 days 00:45:56.186000,19.3,55,1015.5,FALSE,23.3,5,2,23,Qatar Grand Prix,R,01-12-2024
0 days 00:46:56.199000,19.2,55,1015.5,FALSE,23.2,12,2,23,Qatar Grand Prix,R,01-12-2024
0 days 00:47:56.206000,19.2,55,1015.4,FALSE,23.2,14,2.1,23,Qatar Grand Prix,R,01-12-2024
0 days 00:48:56.244000,19.2,55,1015.4,FALSE,23.2,12,2.3,23,Qatar Grand Prix,R,01-12-2024
0 days 00:49:56.218000,19.2,55,1015.5,FALSE,23.2,5,2.1,23,Qatar Grand Prix,R,01-12-2024
0 days 00:50:56.234000,19.2,55,1015.5,FALSE,23.1,357,1.9,23,Qatar Grand Prix,R,01-12-2024
0 days 00:51:56.239000,19.2,55,1015.5,FALSE,23.1,3,2,23,Qatar Grand Prix,R,01-12-2024
0 days 00:52:56.254000,19.1,55,1015.5,FALSE,23.1,0,2,23,Qatar Grand Prix,R,01-12-2024
0 days 00:53:56.252000,19.1,55,1015.5,FALSE,23.1,5,1.7,23,Qatar Grand Prix,R,01-12-2024
0 days 00:54:56.252000,19.1,55,1015.5,FALSE,23,18,1.8,23,Qatar Grand Prix,R,01-12-2024
0 days 00:55:56.253000,19.1,54,1015.5,FALSE,23.1,14,2.1,23,Qatar Grand Prix,R,01-12-2024
0 days 00:56:56.254000,19.1,55,1015.5,FALSE,23,8,2.4,23,Qatar Grand Prix,R,01-12-2024
0 days 00:57:56.256000,19.1,54,1015.5,FALSE,23.1,1,2.5,23,Qatar Grand Prix,R,01-12-2024
0 days 00:58:56.256000,19.1,54,1015.6,FALSE,23,20,1.8,23,Qatar Grand Prix,R,01-12-2024
0 days 00:59:56.256000,19.1,55,1015.5,FALSE,23,30,1.8,23,Qatar Grand Prix,R,01-12-2024
0 days 01:00:56.256000,19,54,1015.5,FALSE,23,338,1.5,23,Qatar Grand Prix,R,01-12-2024
0 days 01:01:56.261000,19,54,1015.5,FALSE,23,356,1.3,23,Qatar Grand Prix,R,01-12-2024
0 days 01:02:56.257000,19,54,1015.5,FALSE,23,1,0.8,23,Qatar Grand Prix,R,01-12-2024
0 days 01:03:56.261000,19,54,1015.5,FALSE,23,8,1.4,23,Qatar Grand Prix,R,01-12-2024
0 days 01:04:56.260000,19,54,1015.6,FALSE,22.9,12,2.2,23,Qatar Grand Prix,R,01-12-2024
0 days 01:05:56.251000,19,54,1015.6,FALSE,22.9,23,1.3,23,Qatar Grand Prix,R,01-12-2024
0 days 01:06:56.272000,19,54,1015.5,FALSE,22.9,27,1,23,Qatar Grand Prix,R,01-12-2024
0 days 01:07:56.271000,19,54,1015.5,FALSE,22.9,13,0.9,23,Qatar Grand Prix,R,01-12-2024
0 days 01:08:56.267000,19,54,1015.5,FALSE,22.9,0,1,23,Qatar Grand Prix,R,01-12-2024
0 days 01:09:56.265000,19,54,1015.5,FALSE,22.9,16,0.6,23,Qatar Grand Prix,R,01-12-2024
0 days 01:10:56.264000,19,54,1015.5,FALSE,22.9,336,1.3,23,Qatar Grand Prix,R,01-12-2024
0 days 01:11:56.265000,19,55,1015.5,FALSE,22.7,41,1,23,Qatar Grand Prix,R,01-12-2024
0 days 01:12:56.270000,19,55,1015.5,FALSE,22.7,4,0.6,23,Qatar Grand Prix,R,01-12-2024
0 days 01:13:56.268000,19,55,1015.6,FALSE,22.7,321,1.3,23,Qatar Grand Prix,R,01-12-2024
0 days 01:14:56.269000,19,54,1015.6,FALSE,22.7,27,1.4,23,Qatar Grand Prix,R,01-12-2024
0 days 01:15:56.273000,19,55,1015.6,FALSE,22.6,334,1.4,23,Qatar Grand Prix,R,01-12-2024
0 days 01:16:56.269000,19,55,1015.6,FALSE,22.7,0,0.8,23,Qatar Grand Prix,R,01-12-2024
0 days 01:17:56.267000,18.9,55,1015.6,FALSE,22.8,95,0.9,23,Qatar Grand Prix,R,01-12-2024
0 days 01:18:56.267000,19,55,1015.6,FALSE,22.7,15,1,23,Qatar Grand Prix,R,01-12-2024
0 days 01:19:56.273000,18.9,55,1015.6,FALSE,22.7,16,0.9,23,Qatar Grand Prix,R,01-12-2024
0 days 01:20:56.275000,18.9,55,1015.6,FALSE,22.5,39,1.1,23,Qatar Grand Prix,R,01-12-2024
0 days 01:21:56.271000,18.9,55,1015.6,FALSE,22.5,4,0.9,23,Qatar Grand Prix,R,01-12-2024
0 days 01:22:56.278000,18.9,55,1015.6,FALSE,22.6,22,1.7,23,Qatar Grand Prix,R,01-12-2024
0 days 01:23:56.275000,18.9,55,1015.5,FALSE,22.6,341,1.4,23,Qatar Grand Prix,R,01-12-2024
0 days 01:24:56.273000,18.9,55,1015.6,FALSE,22.5,32,1.3,23,Qatar Grand Prix,R,01-12-2024
0 days 01:25:56.276000,18.9,55,1015.6,FALSE,22.5,0,1.6,23,Qatar Grand Prix,R,01-12-2024
0 days 01:26:56.283000,18.9,55,1015.5,FALSE,22.5,17,1.1,23,Qatar Grand Prix,R,01-12-2024
0 days 01:27:56.279000,18.8,55,1015.7,FALSE,22.5,239,1.2,23,Qatar Grand Prix,R,01-12-2024
0 days 01:28:56.281000,18.8,55,1015.7,FALSE,22.7,347,0.7,23,Qatar Grand Prix,R,01-12-2024
0 days 01:29:56.280000,18.8,55,1015.6,FALSE,22.7,0,1.3,23,Qatar Grand Prix,R,01-12-2024
0 days 01:30:56.282000,18.8,55,1015.6,FALSE,22.7,66,0.5,23,Qatar Grand Prix,R,01-12-2024
0 days 01:31:56.284000,18.8,55,1015.6,FALSE,22.6,0,0.5,23,Qatar Grand Prix,R,01-12-2024
0 days 01:32:56.279000,18.8,55,1015.6,FALSE,22.6,15,1,23,Qatar Grand Prix,R,01-12-2024
0 days 01:33:56.279000,18.8,55,1015.7,FALSE,22.6,77,0.9,23,Qatar Grand Prix,R,01-12-2024
0 days 01:34:56.280000,18.8,55,1015.6,FALSE,22.5,3,1.2,23,Qatar Grand Prix,R,01-12-2024
0 days 01:35:56.284000,18.7,56,1015.6,FALSE,22.5,338,1,23,Qatar Grand Prix,R,01-12-2024
0 days 01:36:56.281000,18.7,56,1015.6,FALSE,22.4,330,1.6,23,Qatar Grand Prix,R,01-12-2024
0 days 01:37:56.285000,18.7,56,1015.7,FALSE,22.3,33,0.9,23,Qatar Grand Prix,R,01-12-2024
0 days 01:38:56.285000,18.7,56,1015.7,FALSE,22.2,33,1.5,23,Qatar Grand Prix,R,01-12-2024
0 days 01:39:56.287000,18.6,56,1015.7,FALSE,22.5,25,1.2,23,Qatar Grand Prix,R,01-12-2024
0 days 01:40:56.285000,18.6,56,1015.7,FALSE,22.5,28,1.2,23,Qatar Grand Prix,R,01-12-2024
0 days 01:41:56.295000,18.6,56,1015.6,FALSE,22.4,300,1.3,23,Qatar Grand Prix,R,01-12-2024
0 days 01:42:56.285000,18.6,56,1015.6,FALSE,22.3,36,1.4,23,Qatar Grand Prix,R,01-12-2024
0 days 01:43:56.296000,18.6,57,1015.7,FALSE,22.3,11,1.4,23,Qatar Grand Prix,R,01-12-2024
0 days 01:44:56.286000,18.5,57,1015.7,FALSE,22.3,25,1.2,23,Qatar Grand Prix,R,01-12-2024
0 days 01:45:56.293000,18.5,57,1015.6,FALSE,22.1,12,1.1,23,Qatar Grand Prix,R,01-12-2024
0 days 01:46:56.295000,18.5,57,1015.7,FALSE,22.1,355,1.4,23,Qatar Grand Prix,R,01-12-2024
0 days 01:47:56.289000,18.5,57,1015.7,FALSE,22.1,28,0.8,23,Qatar Grand Prix,R,01-12-2024
0 days 01:48:56.294000,18.5,58,1015.7,FALSE,22.1,302,0.9,23,Qatar Grand Prix,R,01-12-2024
0 days 01:49:56.292000,18.5,58,1015.6,FALSE,22.1,141,1.2,23,Qatar Grand Prix,R,01-12-2024
0 days 01:50:56.296000,18.5,58,1015.6,FALSE,22.2,355,1.1,23,Qatar Grand Prix,R,01-12-2024
0 days 01:51:56.296000,18.4,59,1015.7,FALSE,22.1,0,1.5,23,Qatar Grand Prix,R,01-12-2024
0 days 01:52:56.295000,18.4,59,1015.6,FALSE,22.1,350,0.9,23,Qatar Grand Prix,R,01-12-2024
0 days 01:53:56.308000,18.4,59,1015.7,FALSE,22.3,56,1.1,23,Qatar Grand Prix,R,01-12-2024
0 days 01:54:56.313000,18.5,59,1015.7,FALSE,22.2,340,1.3,23,Qatar Grand Prix,R,01-12-2024
0 days 01:55:56.325000,18.5,59,1015.7,FALSE,22.2,50,1.1,23,Qatar Grand Prix,R,01-12-2024
0 days 01:56:56.348000,18.5,59,1015.7,FALSE,22.2,14,1.1,23,Qatar Grand Prix,R,01-12-2024
0 days 01:57:56.343000,18.5,59,1015.6,FALSE,22.2,29,1.3,23,Qatar Grand Prix,R,01-12-2024
0 days 01:58:56.350000,18.4,60,1015.6,FALSE,22.3,35,1.7,23,Qatar Grand Prix,R,01-12-2024
0 days 01:59:56.359000,18.4,60,1015.6,FALSE,22.1,315,0.9,23,Qatar Grand Prix,R,01-12-2024
0 days 02:00:56.375000,18.4,60,1015.6,FALSE,22.1,72,0.9,23,Qatar Grand Prix,R,01-12-2024
0 days 02:01:56.394000,18.4,61,1015.7,FALSE,22.1,44,1.6,23,Qatar Grand Prix,R,01-12-2024
0 days 02:02:56.397000,18.4,61,1015.6,FALSE,22.1,0,1.1,23,Qatar Grand Prix,R,01-12-2024
0 days 02:03:56.393000,18.4,61,1015.7,FALSE,22.1,33,0.8,23,Qatar Grand Prix,R,01-12-2024
0 days 02:04:56.394000,18.4,61,1015.7,FALSE,22.1,212,1.4,23,Qatar Grand Prix,R,01-12-2024
0 days 02:05:56.411000,18.4,61,1015.6,FALSE,22,334,1.1,23,Qatar Grand Prix,R,01-12-2024
0 days 02:06:56.418000,18.3,62,1015.6,FALSE,22,14,1.7,23,Qatar Grand Prix,R,01-12-2024
0 days 02:07:56.433000,18.3,62,1015.7,FALSE,22,91,0.7,23,Qatar Grand Prix,R,01-12-2024
0 days 02:08:56.428000,18.3,62,1015.6,FALSE,22,31,1.4,23,Qatar Grand Prix,R,01-12-2024
0 days 02:09:56.452000,18.3,62,1015.6,FALSE,22,334,1.3,23,Qatar Grand Prix,R,01-12-2024
0 days 02:10:56.432000,18.3,63,1015.6,FALSE,22,58,1.4,23,Qatar Grand Prix,R,01-12-2024
0 days 02:11:56.492000,18.3,63,1015.5,FALSE,22,345,1.3,23,Qatar Grand Prix,R,01-12-2024
0 days 02:12:56.432000,18.3,63,1015.5,FALSE,21.9,2,1.2,23,Qatar Grand Prix,R,01-12-2024
0 days 02:13:56.432000,18.3,63,1015.5,FALSE,21.9,341,0.9,23,Qatar Grand Prix,R,01-12-2024
0 days 02:14:56.435000,18.3,63,1015.5,FALSE,22,17,1,23,Qatar Grand Prix,R,01-12-2024
0 days 02:15:56.434000,18.3,63,1015.5,FALSE,22,347,1.4,23,Qatar Grand Prix,R,01-12-2024
0 days 02:16:56.438000,18.3,64,1015.5,FALSE,21.9,325,1.2,23,Qatar Grand Prix,R,01-12-2024
0 days 02:17:56.434000,18.3,64,1015.5,FALSE,22,41,1,23,Qatar Grand Prix,R,01-12-2024
0 days 02:18:56.439000,18.3,64,1015.5,FALSE,21.9,162,1.2,23,Qatar Grand Prix,R,01-12-2024
0 days 02:19:56.445000,18.3,64,1015.4,FALSE,22,357,0.9,23,Qatar Grand Prix,R,01-12-2024
0 days 02:20:56.436000,18.3,64,1015.5,FALSE,22,318,1.4,23,Qatar Grand Prix,R,01-12-2024
0 days 02:21:56.445000,18.2,64,1015.5,FALSE,22,13,1.3,23,Qatar Grand Prix,R,01-12-2024
0 days 02:22:56.438000,18.2,64,1015.5,FALSE,22,304,1.5,23,Qatar Grand Prix,R,01-12-2024
0 days 02:23:56.439000,18.3,64,1015.6,FALSE,22,28,0.8,23,Qatar Grand Prix,R,01-12-2024
0 days 02:24:56.439000,18.3,64,1015.4,FALSE,22,347,1.6,23,Qatar Grand Prix,R,01-12-2024
0 days 02:25:56.442000,18.3,64,1015.5,FALSE,22,1,1.3,23,Qatar Grand Prix,R,01-12-2024
0 days 02:26:56.444000,18.3,64,1015.5,FALSE,21.9,332,1.4,23,Qatar Grand Prix,R,01-12-2024
0 days 02:27:56.444000,18.3,65,1015.5,FALSE,22,354,1,23,Qatar Grand Prix,R,01-12-2024
0 days 02:28:56.443000,18.3,65,1015.6,FALSE,21.9,38,1.5,23,Qatar Grand Prix,R,01-12-2024
0 days 02:29:56.442000,18.3,65,1015.6,FALSE,22,1,0.9,23,Qatar Grand Prix,R,01-12-2024
0 days 02:30:56.448000,18.3,64,1015.5,FALSE,21.9,56,1.8,23,Qatar Grand Prix,R,01-12-2024
0 days 00:00:56.823000,27.8,42,1017.3,FALSE,37.2,292,1,24,Abu Dhabi Grand Prix,R,08-12-2024
0 days 00:01:56.821000,27.8,43,1017.3,FALSE,37.1,304,2.7,24,Abu Dhabi Grand Prix,R,08-12-2024
0 days 00:02:56.825000,27.7,43,1017.2,FALSE,36.8,324,2.5,24,Abu Dhabi Grand Prix,R,08-12-2024
0 days 00:03:56.841000,27.7,43,1017.2,FALSE,36.8,277,2,24,Abu Dhabi Grand Prix,R,08-12-2024
0 days 00:04:56.854000,27.6,44,1017.2,FALSE,36.7,308,1.7,24,Abu Dhabi Grand Prix,R,08-12-2024
0 days 00:05:56.858000,27.6,44,1017.1,FALSE,36.2,103,2.4,24,Abu Dhabi Grand Prix,R,08-12-2024
0 days 00:06:56.857000,27.6,44,1017.3,FALSE,36.1,315,2.1,24,Abu Dhabi Grand Prix,R,08-12-2024
0 days 00:07:56.858000,27.6,44,1017,FALSE,36.1,287,2.4,24,Abu Dhabi Grand Prix,R,08-12-2024
0 days 00:08:56.862000,27.6,44,1017.1,FALSE,36.1,310,1,24,Abu Dhabi Grand Prix,R,08-12-2024
0 days 00:09:56.873000,27.7,43,1017,FALSE,36.1,109,2.5,24,Abu Dhabi Grand Prix,R,08-12-2024
0 days 00:10:56.875000,27.8,43,1017.1,FALSE,35.5,266,2.1,24,Abu Dhabi Grand Prix,R,08-12-2024
0 days 00:11:56.875000,27.7,43,1017.2,FALSE,35.5,314,1.7,24,Abu Dhabi Grand Prix,R,08-12-2024
0 days 00:12:56.892000,27.6,44,1017.1,FALSE,35.5,319,1.8,24,Abu Dhabi Grand Prix,R,08-12-2024
0 days 00:13:56.909000,27.5,44,1017.1,FALSE,35.1,320,1.3,24,Abu Dhabi Grand Prix,R,08-12-2024
0 days 00:14:56.913000,27.6,44,1017.1,FALSE,33.2,317,2.3,24,Abu Dhabi Grand Prix,R,08-12-2024
0 days 00:15:56.926000,27.5,45,1017.1,FALSE,33.1,0,1.8,24,Abu Dhabi Grand Prix,R,08-12-2024
0 days 00:16:56.946000,27.5,45,1017.1,FALSE,33.1,294,1.6,24,Abu Dhabi Grand Prix,R,08-12-2024
0 days 00:17:56.949000,27.5,45,1017.1,FALSE,33.8,0,1.4,24,Abu Dhabi Grand Prix,R,08-12-2024
0 days 00:18:56.954000,27.5,46,1017.1,FALSE,34.5,311,2.9,24,Abu Dhabi Grand Prix,R,08-12-2024
0 days 00:19:56.946000,27.4,46,1017.1,FALSE,34.5,315,2.3,24,Abu Dhabi Grand Prix,R,08-12-2024
0 days 00:20:56.947000,27.4,47,1017.1,FALSE,34.6,287,2.1,24,Abu Dhabi Grand Prix,R,08-12-2024
0 days 00:21:56.946000,27.4,47,1017,FALSE,34.6,296,1,24,Abu Dhabi Grand Prix,R,08-12-2024
0 days 00:22:56.962000,27.5,47,1017,FALSE,33.8,203,1.5,24,Abu Dhabi Grand Prix,R,08-12-2024
0 days 00:23:56.962000,27.5,46,1017.1,FALSE,33.9,297,1.5,24,Abu Dhabi Grand Prix,R,08-12-2024
0 days 00:24:56.979000,27.5,45,1017,FALSE,33.9,309,0.9,24,Abu Dhabi Grand Prix,R,08-12-2024
0 days 00:25:56.994000,27.5,45,1017.1,FALSE,34,177,1.9,24,Abu Dhabi Grand Prix,R,08-12-2024
0 days 00:26:57.003000,27.5,45,1017,FALSE,34.1,122,1,24,Abu Dhabi Grand Prix,R,08-12-2024
0 days 00:27:56.998000,27.5,44,1017,FALSE,34.5,108,2.1,24,Abu Dhabi Grand Prix,R,08-12-2024
0 days 00:28:57.017000,27.5,44,1017,FALSE,34.2,125,2.2,24,Abu Dhabi Grand Prix,R,08-12-2024
0 days 00:29:57.013000,27.4,44,1017.1,FALSE,32,110,1.9,24,Abu Dhabi Grand Prix,R,08-12-2024
0 days 00:30:57.031000,27.4,45,1017,FALSE,31.8,110,3.5,24,Abu Dhabi Grand Prix,R,08-12-2024
0 days 00:31:57.031000,27.3,45,1017,FALSE,32.5,113,3.6,24,Abu Dhabi Grand Prix,R,08-12-2024
0 days 00:32:57.032000,27.3,46,1017.1,FALSE,32.5,115,2.8,24,Abu Dhabi Grand Prix,R,08-12-2024
0 days 00:33:57.038000,27.2,46,1017.1,FALSE,31.2,107,2.9,24,Abu Dhabi Grand Prix,R,08-12-2024
0 days 00:34:57.020000,27.3,46,1017.1,FALSE,30.9,44,1.7,24,Abu Dhabi Grand Prix,R,08-12-2024
0 days 00:35:57.036000,27.3,46,1017.1,FALSE,31.3,110,1.9,24,Abu Dhabi Grand Prix,R,08-12-2024
0 days 00:36:57.035000,27.3,45,1017,FALSE,31.2,30,2.7,24,Abu Dhabi Grand Prix,R,08-12-2024
0 days 00:37:57.035000,27.2,45,1017,FALSE,30.8,111,2.2,24,Abu Dhabi Grand Prix,R,08-12-2024
0 days 00:38:57.034000,27.2,46,1017.1,FALSE,31.8,96,1,24,Abu Dhabi Grand Prix,R,08-12-2024
0 days 00:39:57.038000,27.1,45,1017.1,FALSE,33.9,0,0.6,24,Abu Dhabi Grand Prix,R,08-12-2024
0 days 00:40:57.037000,27.2,45,1017,FALSE,34,125,1.1,24,Abu Dhabi Grand Prix,R,08-12-2024
0 days 00:41:57.037000,27.3,45,1017,FALSE,32.6,111,2,24,Abu Dhabi Grand Prix,R,08-12-2024
0 days 00:42:57.038000,27.2,45,1016.9,FALSE,32.2,100,3.6,24,Abu Dhabi Grand Prix,R,08-12-2024
0 days 00:43:57.053000,27.2,46,1017.1,FALSE,33.1,110,3.2,24,Abu Dhabi Grand Prix,R,08-12-2024
0 days 00:44:57.054000,27.1,47,1017.1,FALSE,33.7,110,1.3,24,Abu Dhabi Grand Prix,R,08-12-2024
0 days 00:45:57.070000,27.1,47,1017.1,FALSE,33,117,2.2,24,Abu Dhabi Grand Prix,R,08-12-2024
0 days 00:46:57.087000,27.1,47,1017.1,FALSE,33,116,1.4,24,Abu Dhabi Grand Prix,R,08-12-2024
0 days 00:47:57.103000,27.1,47,1017.1,FALSE,33,87,1.8,24,Abu Dhabi Grand Prix,R,08-12-2024
0 days 00:48:57.124000,27.1,47,1017.1,FALSE,32.8,99,1,24,Abu Dhabi Grand Prix,R,08-12-2024
0 days 00:49:57.135000,27.1,47,1017.1,FALSE,32.8,122,1.3,24,Abu Dhabi Grand Prix,R,08-12-2024
0 days 00:50:57.135000,27.1,47,1017.1,FALSE,32.7,97,1.9,24,Abu Dhabi Grand Prix,R,08-12-2024
0 days 00:51:57.139000,27,47,1017.1,FALSE,32.7,97,1.8,24,Abu Dhabi Grand Prix,R,08-12-2024
0 days 00:52:57.137000,27,47,1017.1,FALSE,32.1,134,2.6,24,Abu Dhabi Grand Prix,R,08-12-2024
0 days 00:53:57.144000,27.1,48,1017.3,FALSE,32,110,2.6,24,Abu Dhabi Grand Prix,R,08-12-2024
0 days 00:54:57.157000,27,49,1017.3,FALSE,32,103,1.8,24,Abu Dhabi Grand Prix,R,08-12-2024
0 days 00:55:57.157000,27,49,1017.1,FALSE,32.1,104,2.3,24,Abu Dhabi Grand Prix,R,08-12-2024
0 days 00:56:57.160000,27,49,1017.2,FALSE,32.1,117,2,24,Abu Dhabi Grand Prix,R,08-12-2024
0 days 00:57:57.161000,27,49,1017.2,FALSE,32.2,54,1.5,24,Abu Dhabi Grand Prix,R,08-12-2024
0 days 00:58:57.178000,27,49,1017.2,FALSE,32.2,111,1.3,24,Abu Dhabi Grand Prix,R,08-12-2024
0 days 00:59:57.175000,26.9,49,1017.2,FALSE,31.8,91,2,24,Abu Dhabi Grand Prix,R,08-12-2024
0 days 01:00:57.180000,27,49,1017.2,FALSE,31.8,112,1.4,24,Abu Dhabi Grand Prix,R,08-12-2024
0 days 01:01:57.199000,26.9,49,1017.3,FALSE,31.8,115,2.6,24,Abu Dhabi Grand Prix,R,08-12-2024
0 days 01:02:57.167000,26.9,50,1017.2,FALSE,31.9,0,1.4,24,Abu Dhabi Grand Prix,R,08-12-2024
0 days 01:03:57.181000,26.9,50,1017.3,FALSE,31.7,112,0.8,24,Abu Dhabi Grand Prix,R,08-12-2024
0 days 01:04:57.184000,26.8,50,1017.4,FALSE,31.8,113,1.2,24,Abu Dhabi Grand Prix,R,08-12-2024
0 days 01:05:57.187000,26.9,50,1017.4,FALSE,31.8,277,1.7,24,Abu Dhabi Grand Prix,R,08-12-2024
0 days 01:06:57.187000,26.8,50,1017.3,FALSE,31.8,0,0.9,24,Abu Dhabi Grand Prix,R,08-12-2024
0 days 01:07:57.186000,26.9,51,1017.3,FALSE,31.9,117,1.3,24,Abu Dhabi Grand Prix,R,08-12-2024
0 days 01:08:57.182000,26.9,51,1017.4,FALSE,31.5,277,1.8,24,Abu Dhabi Grand Prix,R,08-12-2024
0 days 01:09:57.189000,26.8,51,1017.4,FALSE,31.6,96,1.4,24,Abu Dhabi Grand Prix,R,08-12-2024
0 days 01:10:57.181000,26.8,51,1017.4,FALSE,31.7,116,1.7,24,Abu Dhabi Grand Prix,R,08-12-2024
0 days 01:11:57.189000,26.9,51,1017.4,FALSE,31.7,113,1.4,24,Abu Dhabi Grand Prix,R,08-12-2024
0 days 01:12:57.180000,26.9,51,1017.4,FALSE,31.2,126,2,24,Abu Dhabi Grand Prix,R,08-12-2024
0 days 01:13:57.187000,26.8,51,1017.4,FALSE,31.5,250,2.1,24,Abu Dhabi Grand Prix,R,08-12-2024
0 days 01:14:57.188000,26.8,52,1017.4,FALSE,31.6,278,1.7,24,Abu Dhabi Grand Prix,R,08-12-2024
0 days 01:15:57.191000,26.8,52,1017.4,FALSE,31.6,112,1.5,24,Abu Dhabi Grand Prix,R,08-12-2024
0 days 01:16:57.191000,26.8,52,1017.5,FALSE,31.5,99,2.5,24,Abu Dhabi Grand Prix,R,08-12-2024
0 days 01:17:57.267000,26.8,51,1017.5,FALSE,31.3,129,1.8,24,Abu Dhabi Grand Prix,R,08-12-2024
0 days 01:18:57.273000,26.8,52,1017.4,FALSE,31.3,110,1.6,24,Abu Dhabi Grand Prix,R,08-12-2024
0 days 01:19:57.284000,26.8,52,1017.4,FALSE,31.3,110,1.6,24,Abu Dhabi Grand Prix,R,08-12-2024
0 days 01:20:57.290000,26.7,52,1017.4,FALSE,31.3,112,2.2,24,Abu Dhabi Grand Prix,R,08-12-2024
0 days 01:21:57.304000,26.7,52,1017.5,FALSE,31.2,276,1.8,24,Abu Dhabi Grand Prix,R,08-12-2024
0 days 01:22:57.327000,26.6,52,1017.5,FALSE,31.2,122,1.1,24,Abu Dhabi Grand Prix,R,08-12-2024
0 days 01:23:57.319000,26.7,52,1017.4,FALSE,31.3,129,1,24,Abu Dhabi Grand Prix,R,08-12-2024
0 days 01:24:57.323000,26.7,52,1017.4,FALSE,31.3,173,1.6,24,Abu Dhabi Grand Prix,R,08-12-2024
0 days 01:25:57.317000,26.6,52,1017.5,FALSE,31.4,107,1.1,24,Abu Dhabi Grand Prix,R,08-12-2024
0 days 01:26:57.319000,26.7,52,1017.5,FALSE,31.3,226,1.3,24,Abu Dhabi Grand Prix,R,08-12-2024
0 days 01:27:57.326000,26.6,53,1017.5,FALSE,31.2,0,1.5,24,Abu Dhabi Grand Prix,R,08-12-2024
0 days 01:28:57.320000,26.6,53,1017.5,FALSE,31.3,117,1.1,24,Abu Dhabi Grand Prix,R,08-12-2024
0 days 01:29:57.323000,26.6,53,1017.5,FALSE,31,108,2.2,24,Abu Dhabi Grand Prix,R,08-12-2024
0 days 01:30:57.327000,26.5,53,1017.5,FALSE,31,111,1.4,24,Abu Dhabi Grand Prix,R,08-12-2024
0 days 01:31:57.323000,26.6,53,1017.5,FALSE,31.1,106,1.6,24,Abu Dhabi Grand Prix,R,08-12-2024
0 days 01:32:57.327000,26.5,53,1017.6,FALSE,31.1,104,1.8,24,Abu Dhabi Grand Prix,R,08-12-2024
0 days 01:33:57.329000,26.5,54,1017.6,FALSE,30.9,44,0.8,24,Abu Dhabi Grand Prix,R,08-12-2024
0 days 01:34:57.332000,26.5,54,1017.6,FALSE,30.9,110,1,24,Abu Dhabi Grand Prix,R,08-12-2024
0 days 01:35:57.335000,26.5,54,1017.5,FALSE,30.9,110,1.3,24,Abu Dhabi Grand Prix,R,08-12-2024
0 days 01:36:57.329000,26.5,54,1017.6,FALSE,30.8,111,1.8,24,Abu Dhabi Grand Prix,R,08-12-2024
0 days 01:37:57.328000,26.4,55,1017.7,FALSE,30.8,122,1.7,24,Abu Dhabi Grand Prix,R,08-12-2024
0 days 01:38:57.327000,26.4,55,1017.7,FALSE,30.7,112,1.2,24,Abu Dhabi Grand Prix,R,08-12-2024
0 days 01:39:57.334000,26.4,55,1017.6,FALSE,30.8,102,1.4,24,Abu Dhabi Grand Prix,R,08-12-2024
0 days 01:40:57.332000,26.4,55,1017.6,FALSE,30.8,118,1.7,24,Abu Dhabi Grand Prix,R,08-12-2024
0 days 01:41:57.338000,26.4,56,1017.7,FALSE,30.8,110,2.8,24,Abu Dhabi Grand Prix,R,08-12-2024
0 days 01:42:57.344000,26.4,56,1017.6,FALSE,30.6,111,2.1,24,Abu Dhabi Grand Prix,R,08-12-2024
0 days 01:43:57.333000,26.4,56,1017.7,FALSE,30.5,103,1.8,24,Abu Dhabi Grand Prix,R,08-12-2024
0 days 01:44:57.330000,26.4,56,1017.6,FALSE,30.5,111,2.6,24,Abu Dhabi Grand Prix,R,08-12-2024
0 days 01:45:57.335000,26.3,57,1017.6,FALSE,30.5,105,3,24,Abu Dhabi Grand Prix,R,08-12-2024
0 days 01:46:57.333000,26.3,57,1017.7,FALSE,30.6,141,1.8,24,Abu Dhabi Grand Prix,R,08-12-2024
0 days 01:47:57.335000,26.3,57,1017.7,FALSE,30.4,145,1.2,24,Abu Dhabi Grand Prix,R,08-12-2024
0 days 01:48:57.340000,26.3,57,1017.6,FALSE,30.3,74,2.5,24,Abu Dhabi Grand Prix,R,08-12-2024
0 days 01:49:57.336000,26.3,57,1017.8,FALSE,30.4,106,2.4,24,Abu Dhabi Grand Prix,R,08-12-2024
0 days 01:50:57.344000,26.3,57,1017.8,FALSE,30.3,132,1.7,24,Abu Dhabi Grand Prix,R,08-12-2024
0 days 01:51:57.344000,26.3,58,1017.7,FALSE,30.3,112,2,24,Abu Dhabi Grand Prix,R,08-12-2024
0 days 01:52:57.337000,26.3,58,1017.7,FALSE,30.3,109,2.1,24,Abu Dhabi Grand Prix,R,08-12-2024
0 days 01:53:57.337000,26.2,58,1017.7,FALSE,30.4,98,1.7,24,Abu Dhabi Grand Prix,R,08-12-2024
0 days 01:54:57.361000,26.2,58,1017.7,FALSE,30.1,114,1.1,24,Abu Dhabi Grand Prix,R,08-12-2024
0 days 01:55:57.354000,26.2,58,1017.8,FALSE,30.2,104,3.3,24,Abu Dhabi Grand Prix,R,08-12-2024
0 days 01:56:57.361000,26.1,58,1017.8,FALSE,30.2,107,2.3,24,Abu Dhabi Grand Prix,R,08-12-2024
0 days 01:57:57.359000,26.1,58,1017.8,FALSE,30.1,65,1.9,24,Abu Dhabi Grand Prix,R,08-12-2024
0 days 01:58:57.372000,26.2,58,1017.8,FALSE,30.2,94,0.8,24,Abu Dhabi Grand Prix,R,08-12-2024
0 days 01:59:57.386000,26.1,58,1017.7,FALSE,30,117,1.9,24,Abu Dhabi Grand Prix,R,08-12-2024
0 days 02:00:57.390000,26.1,58,1017.6,FALSE,30.1,113,2.1,24,Abu Dhabi Grand Prix,R,08-12-2024
0 days 02:01:57.389000,26.1,58,1017.8,FALSE,30.1,196,1.7,24,Abu Dhabi Grand Prix,R,08-12-2024
0 days 02:02:57.392000,26.1,58,1017.8,FALSE,30.1,116,1.5,24,Abu Dhabi Grand Prix,R,08-12-2024
0 days 02:03:57.408000,26.1,58,1017.8,FALSE,30,111,2.4,24,Abu Dhabi Grand Prix,R,08-12-2024
0 days 02:04:57.417000,26.1,58,1017.7,FALSE,30,115,3.2,24,Abu Dhabi Grand Prix,R,08-12-2024
0 days 02:05:57.430000,26,58,1017.8,FALSE,29.8,113,3,24,Abu Dhabi Grand Prix,R,08-12-2024
0 days 02:06:57.443000,26,59,1017.8,FALSE,29.7,111,2.2,24,Abu Dhabi Grand Prix,R,08-12-2024
0 days 02:07:57.448000,26,59,1017.8,FALSE,29.7,111,1.6,24,Abu Dhabi Grand Prix,R,08-12-2024
0 days 02:08:57.445000,26,59,1017.9,FALSE,29.7,0,2.5,24,Abu Dhabi Grand Prix,R,08-12-2024
0 days 02:09:57.450000,26,59,1017.8,FALSE,29.6,111,1.7,24,Abu Dhabi Grand Prix,R,08-12-2024
0 days 02:10:57.465000,26,59,1017.9,FALSE,29.5,74,2.1,24,Abu Dhabi Grand Prix,R,08-12-2024
0 days 02:11:57.462000,26,59,1017.9,FALSE,29.6,109,2.1,24,Abu Dhabi Grand Prix,R,08-12-2024
0 days 02:12:57.462000,26,59,1017.9,FALSE,29.4,142,2,24,Abu Dhabi Grand Prix,R,08-12-2024
0 days 02:13:57.487000,25.9,59,1017.9,FALSE,29.4,109,2.8,24,Abu Dhabi Grand Prix,R,08-12-2024
0 days 02:14:57.480000,25.9,59,1017.9,FALSE,29.4,82,3,24,Abu Dhabi Grand Prix,R,08-12-2024
0 days 02:15:57.484000,25.9,59,1018,FALSE,29.4,113,2.7,24,Abu Dhabi Grand Prix,R,08-12-2024
0 days 02:16:57.495000,25.9,60,1017.8,FALSE,29.4,116,2.9,24,Abu Dhabi Grand Prix,R,08-12-2024
0 days 02:17:57.488000,25.9,60,1017.8,FALSE,29.3,109,2,24,Abu Dhabi Grand Prix,R,08-12-2024
0 days 02:18:57.481000,25.9,60,1017.9,FALSE,29.3,117,3.2,24,Abu Dhabi Grand Prix,R,08-12-2024
0 days 02:19:57.482000,25.9,60,1018,FALSE,29.4,106,2.4,24,Abu Dhabi Grand Prix,R,08-12-2024
0 days 02:20:57.493000,25.9,60,1018,FALSE,29.4,110,2.1,24,Abu Dhabi Grand Prix,R,08-12-2024
0 days 02:21:57.491000,25.9,60,1018,FALSE,29.4,104,2.4,24,Abu Dhabi Grand Prix,R,08-12-2024
0 days 02:22:57.487000,25.9,60,1018,FALSE,29.3,111,1.9,24,Abu Dhabi Grand Prix,R,08-12-2024
0 days 02:23:57.512000,25.9,60,1018,FALSE,29.3,122,2.6,24,Abu Dhabi Grand Prix,R,08-12-2024
0 days 02:24:57.504000,25.9,60,1018,FALSE,29.4,84,2.4,24,Abu Dhabi Grand Prix,R,08-12-2024
0 days 02:25:57.504000,25.8,60,1018,FALSE,29.4,34,1.2,24,Abu Dhabi Grand Prix,R,08-12-2024
0 days 02:26:57.518000,25.8,60,1018,FALSE,29.1,116,1.2,24,Abu Dhabi Grand Prix,R,08-12-2024
0 days 02:27:57.568000,25.8,60,1018,FALSE,29.1,116,1.2,24,Abu Dhabi Grand Prix,R,08-12-2024
