GP,Driver,Stint,Compound,StintLength,AirTemp,TrackTemp,FreshTyre,RaceProgress,YellowLaps,SCLaps,VSCLaps,RedFlagLaps
Abu Dhabi Grand Prix,ALB,1,MEDIUM,12,26.875,31.766666666666666,1,0.0172413793103448,3,0,2,0
Abu Dhabi Grand Prix,ALB,2,HARD,45,26.288888888888888,30.377777777777776,1,0.2241379310344827,2,0,0,0
Abu Dhabi Grand Prix,ALO,1,MEDIUM,14,26.87692307692308,31.72307692307692,0,0.0172413793103448,3,0,2,0
Abu Dhabi Grand Prix,ALO,2,HARD,25,26.504166666666663,30.89583333333333,0,0.2413793103448276,2,0,0,0
Abu Dhabi Grand Prix,ALO,3,HARD,22,26.014285714285712,29.704761904761902,0,0.6551724137931034,3,0,0,0
Abu Dhabi Grand Prix,BOT,1,MEDIUM,6,26.9,31.883333333333336,1,0.0172413793103448,5,0,2,0
Abu Dhabi Grand Prix,BOT,2,HARD,23,26.65217391304348,31.230434782608693,1,0.1206896551724138,2,0,0,0
Abu Dhabi Grand Prix,COL,1,MEDIUM,3,26.933333333333334,31.933333333333337,1,0.0172413793103448,4,0,2,0
Abu Dhabi Grand Prix,COL,2,HARD,23,26.713043478260868,31.321739130434786,1,0.0689655172413793,1,0,0,0
Abu Dhabi Grand Prix,DOO,1,MEDIUM,22,26.79090909090909,31.55,1,0.0172413793103448,3,0,2,0
Abu Dhabi Grand Prix,DOO,2,HARD,35,26.18,30.111428571428576,1,0.396551724137931,5,0,0,0
Abu Dhabi Grand Prix,GAS,1,MEDIUM,14,26.87857142857143,31.678571428571427,1,0.0172413793103448,3,0,2,0
Abu Dhabi Grand Prix,GAS,2,HARD,44,26.26363636363636,30.33181818181818,1,0.2586206896551724,5,0,0,0
Abu Dhabi Grand Prix,HAM,1,HARD,34,26.66176470588235,31.27058823529412,1,0.0172413793103448,5,0,2,0
Abu Dhabi Grand Prix,HAM,2,MEDIUM,25,26.054166666666664,29.8125,0,0.603448275862069,2,0,0,0
Abu Dhabi Grand Prix,HUL,1,MEDIUM,13,26.884615384615383,31.700000000000003,1,0.0172413793103448,4,0,2,0
Abu Dhabi Grand Prix,HUL,2,HARD,45,26.27555555555556,30.35333333333333,1,0.2413793103448276,3,0,0,0
Abu Dhabi Grand Prix,LAW,1,MEDIUM,23,26.782608695652176,31.530434782608697,1,0.0172413793103448,3,0,2,0
Abu Dhabi Grand Prix,LAW,2,HARD,1,26.5,30.9,1,0.4137931034482758,1,0,0,0
Abu Dhabi Grand Prix,LAW,3,HARD,6,26.44,30.8,0,0.4310344827586206,2,0,0,0
Abu Dhabi Grand Prix,LAW,4,HARD,32,26.107692307692307,29.950000000000003,0,0.5172413793103449,2,0,0,0
Abu Dhabi Grand Prix,LEC,1,MEDIUM,20,26.82,31.565,1,0.0172413793103448,4,0,2,0
Abu Dhabi Grand Prix,LEC,2,HARD,38,26.19736842105263,30.176315789473687,1,0.3620689655172414,4,0,0,0
Abu Dhabi Grand Prix,MAG,1,MEDIUM,12,26.88333333333333,31.758333333333336,1,0.0172413793103448,4,0,2,0
Abu Dhabi Grand Prix,MAG,2,HARD,17,26.58823529411765,31.105882352941173,1,0.2241379310344827,1,0,0,0
Abu Dhabi Grand Prix,MAG,3,HARD,1,26.4,30.6,1,0.5172413793103449,2,0,0,0
Abu Dhabi Grand Prix,MAG,4,SOFT,25,26.096,29.916,1,0.5344827586206896,0,0,0,0
Abu Dhabi Grand Prix,MAG,5,SOFT,5,25.9,29.3,0,0.9655172413793104,1,0,0,0
Abu Dhabi Grand Prix,NOR,1,MEDIUM,26,26.76153846153846,31.434615384615384,1,0.0172413793103448,4,0,2,0
Abu Dhabi Grand Prix,NOR,2,HARD,32,26.14375,30.021875,1,0.4655172413793103,2,0,0,0
Abu Dhabi Grand Prix,PIA,1,MEDIUM,4,26.925,31.925,1,0.0172413793103448,3,0,2,0
Abu Dhabi Grand Prix,PIA,2,HARD,28,26.642857142857142,31.217857142857145,1,0.0862068965517241,1,0,0,0
Abu Dhabi Grand Prix,PIA,3,HARD,26,26.069230769230767,29.82692307692308,1,0.5689655172413793,2,0,0,0
Abu Dhabi Grand Prix,RUS,1,MEDIUM,27,26.76153846153846,31.434615384615384,0,0.0172413793103448,4,0,2,0
Abu Dhabi Grand Prix,RUS,2,HARD,32,26.13125,30.0125,1,0.4655172413793103,4,0,0,0
Abu Dhabi Grand Prix,SAI,1,MEDIUM,25,26.772,31.456,1,0.0172413793103448,3,0,2,0
Abu Dhabi Grand Prix,SAI,2,HARD,33,26.151515151515152,30.04848484848485,1,0.4482758620689655,2,0,0,0
Abu Dhabi Grand Prix,STR,1,MEDIUM,12,26.88181818181818,31.781818181818185,0,0.0172413793103448,3,0,2,0
Abu Dhabi Grand Prix,STR,2,HARD,22,26.571428571428573,31.05714285714286,0,0.2068965517241379,1,0,0,0
Abu Dhabi Grand Prix,STR,3,HARD,25,26.076,29.848000000000003,0,0.5689655172413793,1,0,0,0
Abu Dhabi Grand Prix,TSU,1,MEDIUM,22,26.79090909090909,31.55,1,0.0172413793103448,3,0,2,0
Abu Dhabi Grand Prix,TSU,2,HARD,35,26.18,30.111428571428576,1,0.396551724137931,2,0,0,0
Abu Dhabi Grand Prix,VER,1,MEDIUM,29,26.71379310344828,31.393103448275863,1,0.0172413793103448,3,0,2,0
Abu Dhabi Grand Prix,VER,2,HARD,29,26.106896551724137,29.93103448275862,1,0.5172413793103449,2,0,0,0
Abu Dhabi Grand Prix,ZHO,1,MEDIUM,12,26.875,31.766666666666666,1,0.0172413793103448,3,0,2,0
Abu Dhabi Grand Prix,ZHO,2,HARD,27,26.48148148148148,30.83703703703704,1,0.2241379310344827,2,0,0,0
Abu Dhabi Grand Prix,ZHO,3,HARD,18,25.994444444444444,29.65555555555555,1,0.6896551724137931,3,0,0,0
Australian Grand Prix,ALB,1,MEDIUM,6,18.822222222222223,32.629629629629626,1,0.0172413793103448,1,0,0,0
Australian Grand Prix,ALB,2,HARD,21,20.256666666666668,36.65,1,0.1206896551724138,2,0,1,1
Australian Grand Prix,ALB,3,HARD,30,21.12857142857143,37.21428571428572,1,0.4827586206896552,2,0,1,0
Australian Grand Prix,ALO,1,HARD,18,20.11785714285714,37.375,0,0.0172413793103448,2,0,1,0
Australian Grand Prix,ALO,2,MEDIUM,25,20.619444444444444,37.36111111111112,0,0.3103448275862069,0,0,1,0
Australian Grand Prix,ALO,3,HARD,18,20.478048780487807,35.900000000000006,0,0.7241379310344828,3,0,2,1
Australian Grand Prix,BOT,1,MEDIUM,9,19.904761904761905,36.81904761904762,0,0.0172413793103448,1,0,0,0
Australian Grand Prix,BOT,2,HARD,29,20.85151515151515,38.32727272727273,0,0.1551724137931034,2,0,2,0
Australian Grand Prix,BOT,3,HARD,21,20.28648648648649,35.19189189189189,1,0.6379310344827587,1,0,2,0
Australian Grand Prix,GAS,1,MEDIUM,17,19.69767441860465,35.051162790697674,1,0.0172413793103448,2,0,1,0
Australian Grand Prix,GAS,2,HARD,24,19.96981132075472,36.0,1,0.3103448275862069,1,0,0,1
Australian Grand Prix,GAS,3,HARD,16,20.71818181818182,36.624242424242425,1,0.7241379310344828,1,0,2,0
Australian Grand Prix,HAM,1,SOFT,7,19.446666666666665,35.39666666666667,1,0.0172413793103448,2,0,0,0
Australian Grand Prix,HAM,2,HARD,8,19.67619047619048,35.7,1,0.1379310344827586,1,0,1,0
Australian Grand Prix,HUL,1,HARD,17,19.61714285714286,35.005714285714284,1,0.0172413793103448,1,0,1,0
Australian Grand Prix,HUL,2,MEDIUM,18,20.568,37.776,1,0.3103448275862069,1,0,0,0
Australian Grand Prix,HUL,3,HARD,23,20.797222222222224,36.33888888888889,1,0.6206896551724138,2,0,2,1
Australian Grand Prix,LEC,1,MEDIUM,9,19.467741935483872,34.55806451612903,1,0.0172413793103448,2,0,0,0
Australian Grand Prix,LEC,2,HARD,25,20.397222222222226,37.03055555555555,1,0.1724137931034483,1,0,2,0
Australian Grand Prix,LEC,3,HARD,24,20.77428571428572,36.67714285714286,1,0.603448275862069,4,0,1,1
Australian Grand Prix,MAG,1,MEDIUM,7,19.344827586206897,34.248275862068965,1,0.0172413793103448,1,0,0,0
Australian Grand Prix,MAG,2,HARD,26,20.5,37.81578947368421,1,0.1379310344827586,2,0,1,1
Australian Grand Prix,MAG,3,HARD,24,20.466037735849056,35.89622641509434,1,0.5862068965517241,1,0,1,0
Australian Grand Prix,NOR,1,MEDIUM,14,19.78,36.35,1,0.0172413793103448,1,0,0,0
Australian Grand Prix,NOR,2,HARD,27,20.771875,37.95,0,0.2586206896551724,1,0,2,0
Australian Grand Prix,NOR,3,HARD,19,20.315625,34.484375,0,0.7068965517241379,3,0,1,0
Australian Grand Prix,OCO,1,MEDIUM,9,19.66923076923077,34.792307692307695,1,0.0172413793103448,1,0,0,0
Australian Grand Prix,OCO,2,HARD,7,19.270731707317072,34.20487804878049,1,0.1724137931034483,1,0,1,0
Australian Grand Prix,OCO,3,HARD,26,20.68809523809524,37.13333333333333,1,0.293103448275862,0,0,1,0
Australian Grand Prix,OCO,4,HARD,22,20.8,36.768181818181816,0,0.7413793103448276,2,0,2,1
Australian Grand Prix,PER,1,MEDIUM,14,19.53030303030303,35.14848484848485,1,0.0172413793103448,0,0,0,0
Australian Grand Prix,PER,2,HARD,21,20.436666666666667,37.07,1,0.2586206896551724,3,0,2,0
Australian Grand Prix,PER,3,HARD,23,20.197916666666668,34.81875,1,0.6206896551724138,2,0,2,1
Australian Grand Prix,PIA,1,MEDIUM,9,19.554166666666667,36.07083333333333,1,0.0172413793103448,1,0,0,0
Australian Grand Prix,PIA,2,HARD,31,20.79189189189189,38.06216216216216,0,0.1724137931034483,2,0,2,0
Australian Grand Prix,PIA,3,HARD,20,20.30217391304348,35.30217391304348,0,0.6896551724137931,3,0,2,1
Australian Grand Prix,RIC,1,SOFT,5,19.28518518518519,34.681481481481484,1,0.0172413793103448,1,0,0,0
Australian Grand Prix,RIC,2,HARD,24,20.2,36.38461538461539,1,0.1034482758620689,1,0,1,0
Australian Grand Prix,RIC,3,HARD,28,21.06923076923077,37.212820512820514,1,0.5172413793103449,3,0,1,1
Australian Grand Prix,RUS,1,MEDIUM,8,19.23030303030303,33.61212121212122,1,0.0172413793103448,2,0,0,0
Australian Grand Prix,RUS,2,HARD,37,20.4,36.58965517241379,1,0.1551724137931034,1,0,2,0
Australian Grand Prix,RUS,3,HARD,11,20.46153846153846,35.669230769230765,1,0.7931034482758621,2,0,1,1
Australian Grand Prix,SAI,1,MEDIUM,16,19.73529411764705,35.5264705882353,1,0.0172413793103448,2,0,0,0
Australian Grand Prix,SAI,2,HARD,25,20.444444444444443,36.54444444444445,1,0.293103448275862,1,0,2,0
Australian Grand Prix,SAI,3,HARD,17,20.979166666666668,36.454166666666666,1,0.7241379310344828,2,0,1,1
Australian Grand Prix,STR,1,MEDIUM,9,19.51739130434783,35.81739130434782,0,0.0172413793103448,1,0,0,0
Australian Grand Prix,STR,2,HARD,30,20.50952380952381,37.43809523809525,0,0.1551724137931034,1,0,2,0
Australian Grand Prix,STR,3,HARD,22,20.607142857142858,36.36190476190476,0,0.6551724137931034,3,0,2,1
Australian Grand Prix,TSU,1,MEDIUM,9,19.246153846153845,33.86666666666667,1,0.0172413793103448,1,0,0,0
Australian Grand Prix,TSU,2,HARD,27,20.521052631578947,37.57368421052632,1,0.1724137931034483,2,0,2,1
Australian Grand Prix,TSU,3,HARD,22,20.700000000000003,36.678048780487806,1,0.6379310344827587,1,0,2,0
Australian Grand Prix,VER,1,MEDIUM,3,19.145454545454545,32.7,1,0.0172413793103448,1,0,0,0
Australian Grand Prix,ZHO,1,SOFT,6,19.36896551724138,35.248275862068965,1,0.0172413793103448,1,0,0,0
Australian Grand Prix,ZHO,2,HARD,30,20.81764705882353,38.38823529411765,0,0.1206896551724138,3,0,1,0
Australian Grand Prix,ZHO,3,HARD,22,20.71875,35.784375,1,0.6206896551724138,1,0,2,0
Austrian Grand Prix,ALB,1,MEDIUM,12,27.122727272727275,43.16363636363637,1,0.0140845070422535,0,0,0,0
Austrian Grand Prix,ALB,2,HARD,27,29.25625,45.971875,1,0.1830985915492957,0,0,0,1
Austrian Grand Prix,ALB,3,HARD,31,29.57428571428571,45.17428571428571,1,0.5633802816901409,1,0,1,0
Austrian Grand Prix,ALO,1,MEDIUM,14,29.66923076923077,48.14615384615384,0,0.0140845070422535,0,0,0,0
Austrian Grand Prix,ALO,2,MEDIUM,25,29.55925925925926,46.17407407407408,0,0.1690140845070422,0,0,0,0
Austrian Grand Prix,ALO,3,HARD,34,28.27777777777778,42.946666666666665,0,0.5070422535211268,2,0,2,0
Austrian Grand Prix,ALO,4,SOFT,2,28.1,42.96666666666667,1,0.971830985915493,0,0,0,1
Austrian Grand Prix,BOT,1,MEDIUM,19,27.61379310344828,43.87241379310345,1,0.0140845070422535,0,0,0,0
Austrian Grand Prix,BOT,2,HARD,23,29.06206896551724,45.44482758620689,1,0.2816901408450704,0,0,0,1
Austrian Grand Prix,BOT,3,HARD,28,29.318181818181817,44.7,1,0.6056338028169014,1,0,1,0
Austrian Grand Prix,GAS,1,MEDIUM,20,27.23939393939394,43.14242424242424,1,0.0140845070422535,0,0,0,0
Austrian Grand Prix,GAS,2,HARD,22,28.3875,44.790625,1,0.2957746478873239,0,0,0,0
Austrian Grand Prix,GAS,3,MEDIUM,29,29.551515151515154,44.97575757575758,1,0.6056338028169014,1,0,2,0
Austrian Grand Prix,HAM,1,MEDIUM,21,28.307142857142857,45.18928571428571,1,0.0140845070422535,0,0,0,0
Austrian Grand Prix,HAM,2,HARD,32,29.18421052631579,44.7578947368421,1,0.3098591549295774,0,0,0,0
Austrian Grand Prix,HAM,3,MEDIUM,18,28.7875,43.78333333333333,1,0.7605633802816901,1,0,2,0
Austrian Grand Prix,HUL,1,MEDIUM,11,28.65333333333333,45.98,1,0.0140845070422535,0,0,0,0
Austrian Grand Prix,HUL,2,HARD,28,29.142424242424244,45.4030303030303,1,0.1690140845070422,0,0,0,0
Austrian Grand Prix,HUL,3,HARD,32,29.18421052631579,44.30789473684211,1,0.5633802816901409,1,0,2,0
Austrian Grand Prix,LEC,1,MEDIUM,1,24.9,37.31111111111111,1,0.0140845070422535,0,0,0,0
Austrian Grand Prix,LEC,2,HARD,15,27.921739130434784,44.65652173913043,1,0.028169014084507,0,0,0,0
Austrian Grand Prix,LEC,3,MEDIUM,17,29.855555555555554,46.7,1,0.2394366197183098,0,0,0,1
Austrian Grand Prix,LEC,4,MEDIUM,19,28.41111111111111,44.47777777777778,0,0.4788732394366197,0,0,0,0
Austrian Grand Prix,LEC,5,MEDIUM,26,29.39583333333333,44.84583333333333,0,0.7323943661971831,1,0,1,0
Austrian Grand Prix,MAG,1,MEDIUM,10,27.7625,44.0625,1,0.0140845070422535,0,0,0,0
Austrian Grand Prix,MAG,2,HARD,28,28.63888888888889,44.64722222222222,1,0.1549295774647887,0,0,0,0
Austrian Grand Prix,MAG,3,HARD,33,29.59189189189189,45.16486486486486,1,0.5492957746478874,1,0,2,1
Austrian Grand Prix,NOR,1,MEDIUM,23,28.19032258064516,45.04516129032258,1,0.0140845070422535,0,0,0,0
Austrian Grand Prix,NOR,2,HARD,28,28.965714285714284,44.362857142857145,0,0.3380281690140845,0,0,0,0
Austrian Grand Prix,NOR,3,MEDIUM,13,29.6,44.73529411764706,1,0.7323943661971831,1,0,0,0
Austrian Grand Prix,OCO,1,MEDIUM,19,27.44,43.53666666666667,1,0.0140845070422535,0,0,0,0
Austrian Grand Prix,OCO,2,HARD,24,29.282758620689656,45.42068965517242,1,0.2816901408450704,0,0,0,0
Austrian Grand Prix,OCO,3,MEDIUM,28,29.459375,44.6875,1,0.6197183098591549,1,0,1,0
Austrian Grand Prix,PER,1,MEDIUM,21,28.52962962962963,45.7,1,0.0140845070422535,0,0,0,0
Austrian Grand Prix,PER,2,HARD,30,28.991891891891893,44.43783783783784,1,0.3098591549295774,0,0,0,0
Austrian Grand Prix,PER,3,MEDIUM,25,28.36896551724138,43.86551724137931,0,0.7323943661971831,1,0,2,0
Austrian Grand Prix,PIA,1,MEDIUM,25,28.478125,45.571875,1,0.0140845070422535,0,0,0,0
Austrian Grand Prix,PIA,2,HARD,26,28.9,44.10909090909091,0,0.3661971830985915,0,0,0,0
Austrian Grand Prix,PIA,3,MEDIUM,20,29.1,44.392,1,0.7323943661971831,1,0,1,1
Austrian Grand Prix,RIC,1,MEDIUM,10,26.23478260869565,41.243478260869566,1,0.0140845070422535,0,0,0,0
Austrian Grand Prix,RIC,2,HARD,27,29.05454545454545,45.74848484848485,0,0.1549295774647887,0,0,0,1
Austrian Grand Prix,RIC,3,HARD,34,29.45384615384616,45.14615384615384,1,0.5352112676056338,1,0,2,0
Austrian Grand Prix,RUS,1,MEDIUM,22,27.9741935483871,44.53225806451613,1,0.0140845070422535,0,0,0,0
Austrian Grand Prix,RUS,2,MEDIUM,24,29.306896551724137,45.05172413793103,1,0.323943661971831,0,0,0,0
Austrian Grand Prix,RUS,3,HARD,25,28.85,44.1125,1,0.6619718309859155,1,0,1,1
Austrian Grand Prix,SAI,1,MEDIUM,22,28.571428571428573,45.82857142857143,1,0.0140845070422535,0,0,0,0
Austrian Grand Prix,SAI,2,HARD,25,28.50294117647059,43.60294117647059,1,0.323943661971831,0,0,0,0
Austrian Grand Prix,SAI,3,MEDIUM,24,29.37857142857143,44.61071428571428,1,0.676056338028169,1,0,1,1
Austrian Grand Prix,SAR,1,MEDIUM,1,24.98,37.98,1,0.0140845070422535,0,0,0,0
Austrian Grand Prix,SAR,2,MEDIUM,25,28.322222222222223,45.94444444444444,0,0.028169014084507,0,0,0,1
Austrian Grand Prix,SAR,3,HARD,29,29.79375,46.003125,1,0.2957746478873239,0,0,0,0
Austrian Grand Prix,SAR,4,MEDIUM,21,29.44761904761905,44.81904761904762,0,0.704225352112676,1,0,1,0
Austrian Grand Prix,STR,1,MEDIUM,21,29.66818181818182,48.1,0,0.0140845070422535,0,0,0,0
Austrian Grand Prix,STR,2,MEDIUM,23,29.707692307692305,45.91538461538461,0,0.2957746478873239,0,0,0,0
Austrian Grand Prix,STR,3,HARD,28,28.1,42.392105263157895,0,0.6197183098591549,1,0,1,0
Austrian Grand Prix,TSU,1,MEDIUM,21,27.10277777777777,43.03888888888889,1,0.0140845070422535,0,0,0,0
Austrian Grand Prix,TSU,2,HARD,23,29.548148148148147,45.81851851851852,0,0.3098591549295774,0,0,0,1
Austrian Grand Prix,TSU,3,HARD,26,29.065625,44.48125,1,0.6338028169014085,1,0,1,0
Austrian Grand Prix,VER,1,MEDIUM,23,28.009375,44.65625,1,0.0140845070422535,0,0,0,0
Austrian Grand Prix,VER,2,HARD,28,29.575,45.415625,1,0.3380281690140845,0,0,0,0
Austrian Grand Prix,VER,3,MEDIUM,16,28.81111111111112,44.02222222222222,0,0.7323943661971831,1,0,0,1
Austrian Grand Prix,VER,4,SOFT,10,28.107692307692307,43.64615384615384,0,0.9154929577464788,0,0,2,0
Austrian Grand Prix,ZHO,1,HARD,28,27.987179487179485,44.40512820512821,1,0.0140845070422535,0,0,0,0
Austrian Grand Prix,ZHO,2,MEDIUM,23,28.916666666666668,44.583333333333336,1,0.4084507042253521,0,0,0,1
Austrian Grand Prix,ZHO,3,HARD,19,29.89523809523809,45.13333333333333,1,0.7323943661971831,1,0,2,0
Azerbaijan Grand Prix,ALB,1,HARD,31,26.65806451612903,44.15806451612904,1,0.02,6,0,0,1
Azerbaijan Grand Prix,ALB,2,MEDIUM,18,26.23333333333333,41.97777777777778,1,0.64,9,0,2,1
Azerbaijan Grand Prix,ALO,1,MEDIUM,12,26.60909090909091,44.94545454545455,0,0.02,6,0,0,1
Azerbaijan Grand Prix,ALO,2,HARD,39,26.468421052631577,42.9,0,0.24,8,0,2,1
Azerbaijan Grand Prix,BEA,1,MEDIUM,14,26.685714285714287,44.864285714285714,1,0.02,8,0,0,1
Azerbaijan Grand Prix,BEA,2,HARD,35,26.43428571428572,42.8,1,0.3,9,0,2,1
Azerbaijan Grand Prix,BOT,1,MEDIUM,12,26.61818181818182,44.94545454545455,0,0.02,5,0,0,1
Azerbaijan Grand Prix,BOT,2,HARD,39,26.478947368421053,42.89736842105263,0,0.24,6,0,2,0
Azerbaijan Grand Prix,COL,1,MEDIUM,10,26.59,44.97,1,0.02,8,0,0,2
Azerbaijan Grand Prix,COL,2,HARD,39,26.47948717948718,42.95128205128205,1,0.22,12,0,2,1
Azerbaijan Grand Prix,GAS,1,HARD,49,26.5,43.38367346938776,1,0.02,7,0,1,2
Azerbaijan Grand Prix,HAM,1,MEDIUM,12,26.65,44.925,1,0.02,5,0,0,2
Azerbaijan Grand Prix,HAM,2,HARD,37,26.45945945945946,42.88648648648648,0,0.26,13,0,2,1
Azerbaijan Grand Prix,HUL,1,MEDIUM,15,26.673333333333336,44.81333333333334,1,0.02,5,0,0,2
Azerbaijan Grand Prix,HUL,2,HARD,34,26.420588235294115,42.73529411764706,1,0.32,11,0,2,0
Azerbaijan Grand Prix,LEC,1,MEDIUM,16,26.66875,44.78125,1,0.02,7,0,0,2
Azerbaijan Grand Prix,LEC,2,HARD,34,26.41764705882353,42.65588235294118,1,0.34,8,0,2,2
Azerbaijan Grand Prix,NOR,1,HARD,37,26.64864864864865,43.92432432432432,1,0.02,6,0,0,1
Azerbaijan Grand Prix,NOR,2,MEDIUM,13,26.09230769230769,41.56153846153846,1,0.76,6,0,2,1
Azerbaijan Grand Prix,OCO,1,HARD,52,26.49795918367348,43.32857142857143,0,0.02,6,0,1,1
Azerbaijan Grand Prix,PER,1,MEDIUM,13,26.65384615384616,44.88461538461539,1,0.02,7,0,0,1
Azerbaijan Grand Prix,PER,2,HARD,36,26.433333333333334,42.833333333333336,1,0.28,6,0,1,2
Azerbaijan Grand Prix,PIA,1,MEDIUM,15,26.66,44.82666666666667,1,0.02,7,0,0,2
Azerbaijan Grand Prix,PIA,2,HARD,35,26.417142857142856,42.682857142857145,1,0.32,9,0,1,2
Azerbaijan Grand Prix,RIC,1,HARD,50,26.502040816326527,43.36938775510204,0,0.02,7,0,0,1
Azerbaijan Grand Prix,RUS,1,MEDIUM,12,26.625,44.93333333333334,1,0.02,6,0,0,2
Azerbaijan Grand Prix,RUS,2,HARD,38,26.46578947368421,42.81578947368421,1,0.26,10,0,2,1
Azerbaijan Grand Prix,SAI,1,MEDIUM,17,26.63529411764706,44.72941176470588,1,0.02,11,0,0,2
Azerbaijan Grand Prix,SAI,2,HARD,32,26.409375,42.671875,1,0.36,6,0,1,2
Azerbaijan Grand Prix,STR,1,MEDIUM,2,26.8,45.6,0,0.02,7,0,0,1
Azerbaijan Grand Prix,STR,2,HARD,22,26.652380952380955,44.44285714285714,0,0.04,6,0,0,1
Azerbaijan Grand Prix,STR,3,HARD,24,26.36086956521739,42.547826086956526,0,0.46,10,0,0,0
Azerbaijan Grand Prix,TSU,1,MEDIUM,13,26.641666666666666,44.93333333333334,0,0.02,5,0,0,1
Azerbaijan Grand Prix,TSU,2,HARD,3,26.9,44.400000000000006,0,0.26,7,0,0,1
Azerbaijan Grand Prix,VER,1,MEDIUM,12,26.625,44.93333333333334,1,0.02,2,0,0,0
Azerbaijan Grand Prix,VER,2,HARD,37,26.46216216216216,42.85945945945946,1,0.26,8,0,0,2
Azerbaijan Grand Prix,ZHO,1,HARD,35,26.65882352941176,44.05294117647059,0,0.02,7,0,0,1
Azerbaijan Grand Prix,ZHO,2,MEDIUM,16,26.15333333333333,41.78666666666666,0,0.7,11,0,2,1
Bahrain Grand Prix,ALB,1,SOFT,15,18.121052631578948,23.26315789473684,1,0.0175438596491228,2,0,0,0
Bahrain Grand Prix,ALB,2,HARD,21,18.28235294117647,25.1,1,0.2807017543859649,0,0,0,0
Bahrain Grand Prix,ALB,3,HARD,20,18.178125,24.7375,1,0.6491228070175439,1,0,0,0
Bahrain Grand Prix,ALO,1,SOFT,18,18.656,25.352,0,0.0175438596491228,2,0,0,0
Bahrain Grand Prix,ALO,2,HARD,26,18.238235294117647,24.426470588235293,1,0.2807017543859649,0,0,0,0
Bahrain Grand Prix,ALO,3,HARD,16,18.292857142857144,24.61785714285714,1,0.7368421052631579,0,0,0,0
Bahrain Grand Prix,BOT,1,SOFT,12,18.245,24.1,1,0.0175438596491228,2,0,0,0
Bahrain Grand Prix,BOT,2,HARD,18,18.47666666666667,25.866666666666667,1,0.2280701754385964,0,0,0,0
Bahrain Grand Prix,BOT,3,HARD,26,17.755555555555556,22.18888888888889,1,0.5614035087719298,0,0,0,0
Bahrain Grand Prix,GAS,1,SOFT,12,18.4375,26.0625,1,0.0175438596491228,2,0,0,0
Bahrain Grand Prix,GAS,2,HARD,19,18.2,23.85,1,0.2280701754385964,0,0,0,0
Bahrain Grand Prix,GAS,3,HARD,12,18.64583333333333,26.23333333333333,1,0.5614035087719298,0,0,0,0
Bahrain Grand Prix,GAS,4,SOFT,13,17.883870967741935,24.151612903225804,1,0.7719298245614035,1,0,0,0
Bahrain Grand Prix,HAM,1,SOFT,15,18.485,25.46,0,0.0175438596491228,2,0,0,0
Bahrain Grand Prix,HAM,2,HARD,21,18.58529411764706,25.49117647058824,1,0.2280701754385964,0,0,0,0
Bahrain Grand Prix,HAM,3,HARD,24,17.938709677419357,23.096774193548388,1,0.5964912280701754,0,0,0,0
Bahrain Grand Prix,HUL,1,SOFT,1,18.91875,28.74375,1,0.0175438596491228,1,0,0,0
Bahrain Grand Prix,HUL,2,HARD,19,18.6,25.64375,1,0.0350877192982456,2,0,0,0
Bahrain Grand Prix,HUL,3,HARD,21,18.19148936170213,25.295744680851065,1,0.3684210526315789,1,0,0,0
Bahrain Grand Prix,HUL,4,SOFT,16,17.894736842105264,23.0,0,0.7368421052631579,0,0,0,0
Bahrain Grand Prix,LEC,1,SOFT,14,18.515,26.085,0,0.0175438596491228,2,0,0,0
Bahrain Grand Prix,LEC,2,HARD,23,18.26774193548388,24.270967741935483,1,0.2105263157894736,0,0,0,0
Bahrain Grand Prix,LEC,3,HARD,23,18.108823529411765,24.24117647058824,1,0.6140350877192983,0,0,0,0
Bahrain Grand Prix,MAG,1,SOFT,11,18.475,26.541666666666668,1,0.0175438596491228,2,0,0,0
Bahrain Grand Prix,MAG,2,HARD,21,18.127586206896552,23.44482758620689,1,0.2105263157894736,0,0,0,0
Bahrain Grand Prix,MAG,3,HARD,24,18.337704918032784,25.74590163934426,1,0.5789473684210527,1,0,0,0
Bahrain Grand Prix,NOR,1,SOFT,16,18.46,25.848000000000003,0,0.0175438596491228,2,0,0,0
Bahrain Grand Prix,NOR,2,HARD,20,18.224,24.068,1,0.2456140350877192,0,0,0,0
Bahrain Grand Prix,NOR,3,HARD,24,17.902272727272727,23.352272727272727,1,0.5964912280701754,0,0,0,0
Bahrain Grand Prix,OCO,1,SOFT,10,18.4,25.83809523809524,1,0.0175438596491228,2,0,0,0
Bahrain Grand Prix,OCO,2,HARD,20,18.17407407407408,23.48888888888889,1,0.1929824561403508,0,0,0,0
Bahrain Grand Prix,OCO,3,HARD,26,17.88888888888889,23.03777777777778,1,0.543859649122807,0,0,0,0
Bahrain Grand Prix,PER,1,SOFT,15,18.316666666666663,24.461111111111112,0,0.0175438596491228,2,0,0,0
Bahrain Grand Prix,PER,2,HARD,24,18.23125,24.2625,1,0.2280701754385964,0,0,0,0
Bahrain Grand Prix,PER,3,SOFT,21,17.815384615384616,22.48846153846154,1,0.6491228070175439,0,0,0,0
Bahrain Grand Prix,PIA,1,SOFT,15,18.436,25.676,0,0.0175438596491228,2,0,0,0
Bahrain Grand Prix,PIA,2,HARD,22,18.26774193548388,24.43548387096774,1,0.2280701754385964,0,0,0,0
Bahrain Grand Prix,PIA,3,HARD,23,18.11346153846154,24.95192307692308,1,0.6140350877192983,1,0,0,0
Bahrain Grand Prix,RIC,1,SOFT,16,18.525925925925925,26.562962962962963,0,0.0175438596491228,2,0,0,0
Bahrain Grand Prix,RIC,2,HARD,22,18.08125,23.66875,1,0.2456140350877192,0,0,0,0
Bahrain Grand Prix,RIC,3,SOFT,21,17.70263157894737,22.05526315789474,1,0.631578947368421,0,0,0,0
Bahrain Grand Prix,RUS,1,SOFT,14,18.64090909090909,26.713636363636365,0,0.0175438596491228,2,0,0,0
Bahrain Grand Prix,RUS,2,HARD,20,18.444444444444443,25.2,1,0.2105263157894736,0,0,0,0
Bahrain Grand Prix,RUS,3,HARD,26,18.1725,24.6575,1,0.5614035087719298,1,0,0,0
Bahrain Grand Prix,SAI,1,SOFT,17,18.431818181818183,25.313636363636363,0,0.0175438596491228,2,0,0,0
Bahrain Grand Prix,SAI,2,HARD,21,18.313333333333333,24.68,1,0.2631578947368421,0,0,0,0
Bahrain Grand Prix,SAI,3,HARD,22,18.05666666666667,23.37,1,0.631578947368421,0,0,0,0
Bahrain Grand Prix,SAR,1,SOFT,9,18.633333333333333,27.258333333333336,1,0.0175438596491228,2,0,0,0
Bahrain Grand Prix,SAR,2,HARD,18,18.41935483870968,25.76774193548387,1,0.1929824561403508,1,0,0,0
Bahrain Grand Prix,SAR,3,HARD,12,18.0875,23.7,1,0.5087719298245614,0,0,0,0
Bahrain Grand Prix,SAR,4,SOFT,15,17.778947368421054,22.43684210526316,1,0.7192982456140351,0,0,0,0
Bahrain Grand Prix,STR,1,SOFT,9,18.548,26.368,1,0.0175438596491228,1,0,0,0
Bahrain Grand Prix,STR,2,HARD,18,18.228,24.168000000000003,1,0.175438596491228,1,0,0,0
Bahrain Grand Prix,STR,3,HARD,30,18.101785714285715,24.057142857142857,1,0.4912280701754385,1,0,0,0
Bahrain Grand Prix,TSU,1,SOFT,14,18.51212121212121,26.31515151515152,1,0.0175438596491228,2,0,0,0
Bahrain Grand Prix,TSU,2,HARD,20,18.15666666666667,24.096666666666668,1,0.2631578947368421,0,0,0,0
Bahrain Grand Prix,TSU,3,HARD,22,18.12,24.348000000000003,1,0.6140350877192983,1,0,0,0
Bahrain Grand Prix,VER,1,SOFT,20,18.432142857142857,24.88214285714286,0,0.0175438596491228,3,0,0,0
Bahrain Grand Prix,VER,2,HARD,20,18.42903225806452,24.700000000000003,1,0.3157894736842105,0,0,0,0
Bahrain Grand Prix,VER,3,SOFT,20,17.888095238095236,23.257142857142856,1,0.6666666666666666,0,0,0,0
Bahrain Grand Prix,ZHO,1,SOFT,9,18.1125,23.6875,1,0.0175438596491228,1,0,0,0
Bahrain Grand Prix,ZHO,2,HARD,19,18.486206896551725,25.658620689655173,1,0.175438596491228,1,0,0,0
Bahrain Grand Prix,ZHO,3,HARD,28,17.928125,22.909375,1,0.5087719298245614,0,0,0,0
Belgian Grand Prix,ALB,1,MEDIUM,8,21.2125,42.5875,1,0.0227272727272727,2,0,0,0
Belgian Grand Prix,ALB,2,MEDIUM,15,21.7,43.086666666666666,1,0.2045454545454545,1,0,0,0
Belgian Grand Prix,ALB,3,HARD,21,21.68095238095238,43.15238095238095,1,0.5454545454545454,0,0,0,0
Belgian Grand Prix,ALO,1,MEDIUM,13,21.32307692307692,42.77692307692308,1,0.0227272727272727,5,0,0,1
Belgian Grand Prix,ALO,2,MEDIUM,31,21.72903225806452,43.12903225806452,1,0.3181818181818182,1,0,0,0
Belgian Grand Prix,BOT,1,MEDIUM,11,21.28181818181818,42.76363636363636,1,0.0227272727272727,1,0,0,0
Belgian Grand Prix,BOT,2,HARD,24,21.725,43.225,1,0.2727272727272727,4,0,0,1
Belgian Grand Prix,BOT,3,MEDIUM,9,21.711111111111112,42.81111111111111,1,0.8181818181818182,0,0,0,0
Belgian Grand Prix,GAS,1,MEDIUM,9,21.23333333333333,42.644444444444446,1,0.0227272727272727,3,0,0,0
Belgian Grand Prix,GAS,2,HARD,19,21.71578947368421,43.21578947368421,1,0.2272727272727272,1,0,0,0
Belgian Grand Prix,GAS,3,HARD,16,21.7,42.975,1,0.6590909090909091,0,0,0,0
Belgian Grand Prix,HAM,1,MEDIUM,11,21.27272727272728,42.77272727272727,1,0.0227272727272727,4,0,0,1
Belgian Grand Prix,HAM,2,HARD,15,21.72,43.14666666666667,1,0.2727272727272727,1,0,0,0
Belgian Grand Prix,HAM,3,HARD,18,21.711111111111112,43.07222222222222,1,0.6136363636363636,1,0,0,0
Belgian Grand Prix,HUL,1,MEDIUM,7,21.17142857142857,42.54285714285714,1,0.0227272727272727,4,0,0,1
Belgian Grand Prix,HUL,2,HARD,13,21.67692307692308,43.01538461538461,1,0.1818181818181818,1,0,0,0
Belgian Grand Prix,HUL,3,MEDIUM,24,21.695833333333336,43.20416666666667,1,0.4772727272727273,0,0,0,0
Belgian Grand Prix,LEC,1,MEDIUM,12,21.291666666666668,42.78333333333333,1,0.0227272727272727,4,0,0,1
Belgian Grand Prix,LEC,2,HARD,13,21.746153846153845,43.0923076923077,1,0.2954545454545454,1,0,0,0
Belgian Grand Prix,LEC,3,HARD,19,21.71578947368421,43.15263157894736,1,0.5909090909090909,0,0,0,0
Belgian Grand Prix,MAG,1,MEDIUM,17,21.429411764705883,42.83529411764706,1,0.0227272727272727,1,0,0,0
Belgian Grand Prix,MAG,2,HARD,27,21.71851851851852,43.15555555555556,1,0.4090909090909091,0,0,0,0
Belgian Grand Prix,NOR,1,MEDIUM,15,21.36,42.79333333333333,1,0.0227272727272727,3,0,0,0
Belgian Grand Prix,NOR,2,HARD,14,21.728571428571428,43.3,1,0.3636363636363636,0,0,0,0
Belgian Grand Prix,NOR,3,HARD,15,21.726666666666667,43.013333333333335,1,0.6818181818181818,0,0,0,0
Belgian Grand Prix,OCO,1,MEDIUM,12,21.3,42.775,1,0.0227272727272727,3,0,0,1
Belgian Grand Prix,OCO,2,HARD,18,21.716666666666665,43.3,1,0.2954545454545454,1,0,0,0
Belgian Grand Prix,OCO,3,HARD,14,21.728571428571428,42.892857142857146,1,0.7045454545454546,0,0,0,0
Belgian Grand Prix,PER,1,MEDIUM,11,21.27272727272728,42.77272727272727,1,0.0227272727272727,3,0,0,0
Belgian Grand Prix,PER,2,MEDIUM,10,21.73,42.91,1,0.2727272727272727,1,0,0,0
Belgian Grand Prix,PER,3,HARD,21,21.719047619047625,43.21428571428572,1,0.5,0,0,0,0
Belgian Grand Prix,PER,4,SOFT,2,21.45,42.7,1,0.9772727272727272,0,0,0,0
Belgian Grand Prix,PIA,1,MEDIUM,11,21.27272727272728,42.77272727272727,1,0.0227272727272727,2,0,0,0
Belgian Grand Prix,PIA,2,HARD,19,21.68421052631579,43.242105263157896,1,0.2727272727272727,1,0,0,0
Belgian Grand Prix,PIA,3,HARD,14,21.75714285714286,42.91428571428571,1,0.7045454545454546,0,0,0,0
Belgian Grand Prix,RIC,1,SOFT,8,21.2125,42.5875,1,0.0227272727272727,3,0,0,0
Belgian Grand Prix,RIC,2,MEDIUM,13,21.692307692307693,43.05384615384615,1,0.2045454545454545,1,0,0,0
Belgian Grand Prix,RIC,3,SOFT,23,21.691304347826087,43.17391304347826,1,0.5,0,0,0,0
Belgian Grand Prix,RUS,1,MEDIUM,10,21.24,42.72,1,0.0227272727272727,3,0,0,0
Belgian Grand Prix,RUS,2,HARD,34,21.71176470588236,43.11176470588235,1,0.25,2,0,0,0
Belgian Grand Prix,SAI,1,HARD,20,21.49,42.855,1,0.0227272727272727,2,0,0,0
Belgian Grand Prix,SAI,2,MEDIUM,8,21.675,43.45,1,0.4772727272727273,0,0,0,0
Belgian Grand Prix,SAI,3,HARD,16,21.6875,43.03125,1,0.6590909090909091,0,0,0,0
Belgian Grand Prix,SAR,1,MEDIUM,8,21.2125,42.5875,1,0.0227272727272727,1,0,0,0
Belgian Grand Prix,SAR,2,MEDIUM,16,21.70625,43.1375,1,0.2045454545454545,1,0,0,0
Belgian Grand Prix,SAR,3,HARD,20,21.7,43.19,1,0.5681818181818182,0,0,0,0
Belgian Grand Prix,STR,1,MEDIUM,12,21.3,42.75833333333333,1,0.0227272727272727,3,0,0,0
Belgian Grand Prix,STR,2,MEDIUM,32,21.721875,43.11875,1,0.2954545454545454,1,0,0,0
Belgian Grand Prix,TSU,1,MEDIUM,15,21.37333333333333,42.806666666666665,1,0.0227272727272727,4,0,0,1
Belgian Grand Prix,TSU,2,SOFT,29,21.731034482758623,43.13793103448276,1,0.3636363636363636,1,0,0,0
Belgian Grand Prix,VER,1,MEDIUM,10,21.24,42.72,1,0.0227272727272727,2,0,0,0
Belgian Grand Prix,VER,2,HARD,18,21.72222222222222,43.19444444444444,1,0.25,1,0,0,0
Belgian Grand Prix,VER,3,MEDIUM,16,21.7,43.05625,1,0.6590909090909091,0,0,0,0
Belgian Grand Prix,ZHO,1,HARD,5,21.1,42.525,1,0.0227272727272727,1,0,0,0
British Grand Prix,ALB,1,MEDIUM,27,16.11081081081081,25.043243243243243,1,0.0192307692307692,0,0,0,0
British Grand Prix,ALB,2,INTERMEDIATE,11,15.655,23.515,1,0.5384615384615384,2,0,0,2
British Grand Prix,ALB,3,MEDIUM,14,13.90857142857143,21.357142857142858,1,0.75,1,0,0,0
British Grand Prix,ALO,1,MEDIUM,27,15.9775,24.6725,1,0.0192307692307692,3,0,0,2
British Grand Prix,ALO,2,INTERMEDIATE,11,14.116666666666667,21.125,1,0.5384615384615384,2,0,0,1
British Grand Prix,ALO,3,MEDIUM,14,16.38611111111111,25.711111111111112,1,0.75,0,0,0,0
British Grand Prix,BOT,1,MEDIUM,26,16.105128205128207,24.905128205128204,1,0.0192307692307692,3,0,0,2
British Grand Prix,BOT,2,INTERMEDIATE,11,13.837037037037035,20.54074074074074,1,0.5192307692307693,2,0,0,1
British Grand Prix,BOT,3,SOFT,14,15.351724137931036,23.817241379310342,1,0.7307692307692307,0,0,0,0
British Grand Prix,HAM,1,MEDIUM,27,16.005405405405405,24.65135135135135,1,0.0192307692307692,3,0,0,2
British Grand Prix,HAM,2,INTERMEDIATE,11,13.61923076923077,20.01923076923077,1,0.5384615384615384,2,0,0,1
British Grand Prix,HAM,3,SOFT,15,14.796428571428573,22.99642857142857,0,0.75,0,0,0,0
British Grand Prix,HUL,1,MEDIUM,26,16.20810810810811,24.945945945945947,1,0.0192307692307692,2,0,0,1
British Grand Prix,HUL,2,INTERMEDIATE,13,15.32,23.3,1,0.5192307692307693,2,0,0,1
British Grand Prix,HUL,3,SOFT,16,15.131428571428572,23.52285714285714,0,0.7692307692307693,1,0,0,0
British Grand Prix,LEC,1,MEDIUM,19,16.306451612903224,25.41935483870968,1,0.0192307692307692,4,0,0,2
British Grand Prix,LEC,2,INTERMEDIATE,8,14.386363636363637,21.41818181818181,1,0.3846153846153846,3,0,0,1
British Grand Prix,LEC,3,INTERMEDIATE,10,15.741935483870968,23.85806451612904,1,0.5384615384615384,0,0,0,0
British Grand Prix,LEC,4,SOFT,14,14.72972972972973,23.083783783783783,1,0.7307692307692307,1,0,0,0
British Grand Prix,MAG,1,MEDIUM,27,16.18918918918919,25.03783783783784,1,0.0192307692307692,2,0,0,2
British Grand Prix,MAG,2,INTERMEDIATE,10,14.1,21.016666666666666,1,0.5384615384615384,1,0,0,0
British Grand Prix,MAG,3,SOFT,15,14.81,23.22,1,0.7307692307692307,0,0,0,0
British Grand Prix,NOR,1,MEDIUM,27,16.405263157894737,25.586842105263155,1,0.0192307692307692,2,0,0,2
British Grand Prix,NOR,2,INTERMEDIATE,12,14.976470588235294,22.576470588235296,1,0.5384615384615384,2,0,0,0
British Grand Prix,NOR,3,SOFT,15,15.915625,24.91875,0,0.7692307692307693,0,0,0,0
British Grand Prix,OCO,1,SOFT,19,16.15625,25.30625,1,0.0192307692307692,3,0,0,2
British Grand Prix,OCO,2,INTERMEDIATE,2,14.483333333333333,22.022222222222226,1,0.3846153846153846,2,0,0,1
British Grand Prix,OCO,3,MEDIUM,5,14.352,21.312,1,0.4230769230769231,0,0,0,0
British Grand Prix,OCO,4,INTERMEDIATE,12,14.746666666666666,22.046666666666667,1,0.5192307692307693,0,0,0,0
British Grand Prix,OCO,5,MEDIUM,12,16.01764705882353,25.65882352941176,1,0.75,1,0,0,0
British Grand Prix,PER,1,HARD,19,16.34,25.84,1,0.0192307692307692,1,0,0,1
British Grand Prix,PER,2,INTERMEDIATE,9,14.27142857142857,21.2,1,0.3846153846153846,2,0,0,1
British Grand Prix,PER,3,INTERMEDIATE,9,14.478571428571428,21.985714285714288,1,0.5576923076923077,0,0,0,0
British Grand Prix,PER,4,MEDIUM,10,15.864285714285714,25.642857142857142,1,0.7307692307692307,0,0,0,0
British Grand Prix,PER,5,SOFT,3,17.655555555555555,27.8,1,0.9230769230769232,0,0,0,0
British Grand Prix,PIA,1,MEDIUM,28,15.921052631578949,24.39210526315789,1,0.0192307692307692,4,0,0,3
British Grand Prix,PIA,2,INTERMEDIATE,10,14.171428571428573,21.025,1,0.5576923076923077,1,0,0,0
British Grand Prix,PIA,3,MEDIUM,14,14.604,22.888,1,0.75,0,0,0,0
British Grand Prix,RIC,1,MEDIUM,26,15.9875,24.6975,1,0.0192307692307692,5,0,0,2
British Grand Prix,RIC,2,INTERMEDIATE,11,14.093103448275862,20.79655172413793,1,0.5192307692307693,2,0,0,1
British Grand Prix,RIC,3,SOFT,14,15.2,23.929411764705883,1,0.7307692307692307,1,0,0,0
British Grand Prix,RUS,1,MEDIUM,27,16.011764705882353,24.84117647058824,1,0.0192307692307692,1,0,0,1
British Grand Prix,RUS,2,INTERMEDIATE,6,12.9875,18.7875,1,0.5384615384615384,3,0,0,1
British Grand Prix,SAI,1,MEDIUM,26,15.955555555555556,24.55,1,0.0192307692307692,4,0,0,2
British Grand Prix,SAI,2,INTERMEDIATE,13,14.215151515151517,21.1030303030303,1,0.5192307692307693,2,0,0,1
British Grand Prix,SAI,3,HARD,11,14.396153846153847,22.32307692307692,1,0.7692307692307693,0,0,0,0
British Grand Prix,SAI,4,SOFT,5,16.19375,25.85,0,0.9807692307692308,1,0,0,0
British Grand Prix,SAR,1,MEDIUM,27,15.91025641025641,24.746153846153845,1,0.0192307692307692,2,0,0,1
British Grand Prix,SAR,2,INTERMEDIATE,11,13.555172413793104,20.348275862068967,1,0.5384615384615384,2,0,0,1
British Grand Prix,SAR,3,SOFT,14,16.303571428571427,25.74285714285714,1,0.75,0,0,0,0
British Grand Prix,STR,1,MEDIUM,26,15.95142857142857,24.82,1,0.0192307692307692,1,0,0,1
British Grand Prix,STR,2,INTERMEDIATE,13,13.786666666666669,20.55666666666667,1,0.5192307692307693,2,0,0,1
British Grand Prix,STR,3,MEDIUM,13,15.284210526315787,23.69210526315789,1,0.7692307692307693,0,0,0,0
British Grand Prix,TSU,1,MEDIUM,27,15.973170731707317,24.651219512195123,1,0.0192307692307692,3,0,0,2
British Grand Prix,TSU,2,INTERMEDIATE,11,14.97222222222222,22.9,1,0.5384615384615384,2,0,0,1
British Grand Prix,TSU,3,SOFT,14,15.273333333333332,23.66333333333333,1,0.75,0,0,0,0
British Grand Prix,VER,1,MEDIUM,26,15.82857142857143,24.388571428571428,1,0.0192307692307692,5,0,0,2
British Grand Prix,VER,2,INTERMEDIATE,12,14.092307692307692,20.746153846153845,1,0.5192307692307693,1,0,0,0
British Grand Prix,VER,3,HARD,14,15.015384615384615,23.5,1,0.75,0,0,0,0
British Grand Prix,ZHO,1,SOFT,12,15.895454545454545,25.495454545454542,1,0.0192307692307692,4,0,0,2
British Grand Prix,ZHO,2,MEDIUM,7,14.676923076923078,21.90384615384616,1,0.25,1,0,0,1
British Grand Prix,ZHO,3,INTERMEDIATE,7,15.275,22.857142857142858,1,0.3846153846153846,1,0,0,0
British Grand Prix,ZHO,4,INTERMEDIATE,11,14.828571428571427,22.38571428571429,1,0.5192307692307693,0,0,0,0
British Grand Prix,ZHO,5,SOFT,14,15.164705882352942,24.01764705882353,0,0.7307692307692307,0,0,0,0
Canadian Grand Prix,ALB,1,INTERMEDIATE,25,18.22558139534884,26.09767441860465,1,0.0142857142857142,9,1,0,2
Canadian Grand Prix,ALB,2,INTERMEDIATE,19,18.6825,27.045,1,0.3714285714285714,5,4,0,0
Canadian Grand Prix,ALB,3,MEDIUM,8,19.53529411764705,30.18235294117647,1,0.6428571428571429,4,1,0,0
Canadian Grand Prix,ALO,1,INTERMEDIATE,25,17.7,25.516666666666666,1,0.0142857142857142,4,1,0,0
Canadian Grand Prix,ALO,2,INTERMEDIATE,19,18.43243243243243,24.9,1,0.3714285714285714,5,4,0,1
Canadian Grand Prix,ALO,3,HARD,26,19.130000000000003,28.39,1,0.6428571428571429,5,6,0,0
Canadian Grand Prix,BOT,1,INTERMEDIATE,42,17.78627450980392,24.99019607843137,1,0.0142857142857142,7,6,0,1
Canadian Grand Prix,BOT,2,MEDIUM,28,19.14468085106383,28.47872340425532,1,0.6142857142857143,7,6,0,1
Canadian Grand Prix,GAS,1,INTERMEDIATE,25,18.160975609756097,26.29268292682927,1,0.0142857142857142,9,1,0,1
Canadian Grand Prix,GAS,2,INTERMEDIATE,15,18.741935483870968,27.151612903225807,1,0.3714285714285714,3,4,0,0
Canadian Grand Prix,GAS,3,HARD,30,19.03207547169812,28.13962264150944,1,0.5857142857142857,9,6,0,0
Canadian Grand Prix,HAM,1,INTERMEDIATE,25,18.06052631578948,26.542105263157897,1,0.0142857142857142,6,1,0,2
Canadian Grand Prix,HAM,2,INTERMEDIATE,18,18.87209302325581,26.846511627906978,1,0.3714285714285714,5,4,0,0
Canadian Grand Prix,HAM,3,MEDIUM,11,19.523333333333333,30.076666666666664,1,0.6285714285714286,7,1,0,0
Canadian Grand Prix,HAM,4,HARD,16,19.583870967741937,30.003225806451614,1,0.7857142857142857,5,4,0,0
Canadian Grand Prix,HUL,1,WET,12,17.657894736842106,25.257894736842104,1,0.0142857142857142,5,0,0,1
Canadian Grand Prix,HUL,2,INTERMEDIATE,13,19.110344827586207,28.91379310344828,1,0.1857142857142857,2,2,0,1
Canadian Grand Prix,HUL,3,INTERMEDIATE,19,18.451282051282053,26.57692307692308,1,0.3714285714285714,7,4,0,0
Canadian Grand Prix,HUL,4,MEDIUM,26,19.376470588235293,29.46470588235294,1,0.6428571428571429,5,6,0,0
Canadian Grand Prix,LEC,1,INTERMEDIATE,25,18.15277777777778,26.74722222222222,1,0.0142857142857142,7,1,0,2
Canadian Grand Prix,LEC,2,INTERMEDIATE,3,19.452,28.324,1,0.3714285714285714,2,3,0,0
Canadian Grand Prix,LEC,3,HARD,3,19.230434782608697,28.782608695652176,1,0.4142857142857143,4,1,0,0
Canadian Grand Prix,LEC,4,INTERMEDIATE,9,18.4625,25.94375,1,0.4571428571428571,2,0,0,0
Canadian Grand Prix,MAG,1,WET,7,18.443478260869565,25.426086956521736,1,0.0142857142857142,6,0,0,1
Canadian Grand Prix,MAG,2,INTERMEDIATE,18,18.67586206896552,28.617241379310343,1,0.1142857142857142,4,1,0,1
Canadian Grand Prix,MAG,3,INTERMEDIATE,16,19.17142857142857,29.06571428571429,1,0.3714285714285714,4,4,0,0
Canadian Grand Prix,MAG,4,MEDIUM,13,19.55,30.45,1,0.6,5,2,0,0
Canadian Grand Prix,MAG,5,MEDIUM,16,18.75,27.0375,1,0.7857142857142857,1,4,0,0
Canadian Grand Prix,NOR,1,INTERMEDIATE,25,17.879411764705882,25.90882352941176,1,0.0142857142857142,6,2,0,1
Canadian Grand Prix,NOR,2,INTERMEDIATE,21,18.07407407407408,24.29259259259259,1,0.3857142857142857,3,3,0,0
Canadian Grand Prix,NOR,3,MEDIUM,23,18.79767441860465,27.011627906976745,1,0.6857142857142857,10,5,0,1
Canadian Grand Prix,OCO,1,INTERMEDIATE,44,17.762745098039215,24.87843137254902,1,0.0142857142857142,8,5,0,1
Canadian Grand Prix,OCO,2,MEDIUM,26,19.325,28.45576923076923,1,0.6428571428571429,5,6,0,0
Canadian Grand Prix,PER,1,INTERMEDIATE,25,18.15128205128205,26.889743589743592,1,0.0142857142857142,7,1,0,1
Canadian Grand Prix,PER,2,INTERMEDIATE,18,19.09230769230769,29.04102564102564,1,0.3714285714285714,5,4,0,0
Canadian Grand Prix,PER,3,MEDIUM,8,19.742857142857144,30.571428571428573,1,0.6285714285714286,4,0,0,0
Canadian Grand Prix,PIA,1,INTERMEDIATE,25,17.86470588235294,25.74705882352941,1,0.0142857142857142,8,1,0,1
Canadian Grand Prix,PIA,2,INTERMEDIATE,19,18.25357142857143,24.61785714285714,1,0.3714285714285714,4,4,0,0
Canadian Grand Prix,PIA,3,MEDIUM,26,18.809302325581395,26.97209302325581,1,0.6428571428571429,9,5,0,1
Canadian Grand Prix,RIC,1,INTERMEDIATE,26,18.0,26.18684210526316,1,0.0142857142857142,7,2,0,0
Canadian Grand Prix,RIC,2,INTERMEDIATE,17,18.36774193548387,25.316129032258065,1,0.3857142857142857,4,3,0,0
Canadian Grand Prix,RIC,3,MEDIUM,28,18.741463414634147,26.478048780487804,0,0.6285714285714286,7,6,0,1
Canadian Grand Prix,RUS,1,INTERMEDIATE,25,18.002857142857142,26.417142857142856,1,0.0142857142857142,7,1,0,2
Canadian Grand Prix,RUS,2,INTERMEDIATE,20,18.673529411764704,26.97058823529412,1,0.3714285714285714,4,4,0,0
Canadian Grand Prix,RUS,3,HARD,9,19.628125,29.796875,1,0.6571428571428571,5,1,0,0
Canadian Grand Prix,RUS,4,MEDIUM,16,19.67142857142857,30.42571428571429,1,0.7857142857142857,6,4,0,0
Canadian Grand Prix,SAI,1,INTERMEDIATE,25,18.15,26.76111111111111,1,0.0142857142857142,7,1,0,2
Canadian Grand Prix,SAI,2,INTERMEDIATE,18,18.797727272727272,26.63636363636364,1,0.3714285714285714,4,4,0,0
Canadian Grand Prix,SAI,3,MEDIUM,9,19.27777777777778,29.022222222222226,1,0.6285714285714286,8,1,0,0
Canadian Grand Prix,SAR,1,INTERMEDIATE,23,18.3,26.41860465116279,1,0.0142857142857142,9,1,0,2
Canadian Grand Prix,STR,1,INTERMEDIATE,25,17.799999999999997,25.88064516129032,1,0.0142857142857142,5,1,0,0
Canadian Grand Prix,STR,2,INTERMEDIATE,19,18.502702702702702,25.28918918918919,1,0.3714285714285714,5,4,0,0
Canadian Grand Prix,STR,3,HARD,27,18.77647058823529,26.70294117647059,0,0.6428571428571429,6,6,0,1
Canadian Grand Prix,TSU,1,INTERMEDIATE,44,17.810909090909092,24.925454545454546,1,0.0142857142857142,10,5,0,0
Canadian Grand Prix,TSU,2,MEDIUM,26,18.96923076923077,27.45384615384616,1,0.6428571428571429,7,6,0,1
Canadian Grand Prix,VER,1,INTERMEDIATE,25,18.022222222222226,26.475,1,0.0142857142857142,8,1,0,2
Canadian Grand Prix,VER,2,INTERMEDIATE,20,18.446666666666665,25.78333333333333,1,0.3714285714285714,3,4,0,0
Canadian Grand Prix,VER,3,MEDIUM,25,19.452272727272728,30.122727272727275,1,0.6571428571428571,8,5,0,0
Canadian Grand Prix,ZHO,1,INTERMEDIATE,24,17.930303030303033,26.48181818181818,1,0.0142857142857142,7,1,0,0
Canadian Grand Prix,ZHO,2,INTERMEDIATE,19,18.20689655172414,24.36206896551724,1,0.3571428571428571,5,5,0,1
Canadian Grand Prix,ZHO,3,MEDIUM,8,18.5375,25.51875,1,0.6428571428571429,4,1,0,0
Canadian Grand Prix,ZHO,4,MEDIUM,17,18.75294117647059,26.947058823529414,1,0.7571428571428571,1,5,0,0
Chinese Grand Prix,ALB,1,MEDIUM,9,19.825,32.458333333333336,1,0.0178571428571428,0,0,0,1
Chinese Grand Prix,ALB,2,MEDIUM,14,20.421739130434784,33.31304347826087,1,0.1785714285714285,2,1,3,0
Chinese Grand Prix,ALB,3,HARD,33,18.74,28.96333333333333,1,0.4464285714285714,2,8,0,0
Chinese Grand Prix,ALO,1,MEDIUM,11,20.06875,32.7375,1,0.0178571428571428,0,0,0,1
Chinese Grand Prix,ALO,2,HARD,12,20.357894736842105,33.27368421052632,1,0.2142857142857142,4,1,3,1
Chinese Grand Prix,ALO,3,SOFT,20,20.172727272727272,32.08181818181818,1,0.4464285714285714,1,8,0,0
Chinese Grand Prix,ALO,4,MEDIUM,13,18.726666666666667,28.3,1,0.7857142857142857,0,0,0,0
Chinese Grand Prix,BOT,1,MEDIUM,9,20.22142857142857,33.121428571428574,1,0.0178571428571428,0,0,0,1
Chinese Grand Prix,BOT,2,HARD,10,20.935,34.37,1,0.1785714285714285,2,0,0,0
Chinese Grand Prix,GAS,1,MEDIUM,11,20.0375,32.75,1,0.0178571428571428,0,0,0,1
Chinese Grand Prix,GAS,2,HARD,12,20.58095238095238,33.60952380952381,1,0.2142857142857142,2,1,3,0
Chinese Grand Prix,GAS,3,HARD,15,20.3,32.483333333333334,1,0.4464285714285714,2,8,0,0
Chinese Grand Prix,GAS,4,MEDIUM,18,18.473684210526315,28.18947368421053,1,0.6964285714285714,1,0,0,1
Chinese Grand Prix,HAM,1,SOFT,9,20.023076923076925,32.56153846153846,1,0.0178571428571428,0,0,0,0
Chinese Grand Prix,HAM,2,MEDIUM,12,19.22142857142857,30.7,1,0.1785714285714285,3,0,1,1
Chinese Grand Prix,HAM,3,HARD,35,18.33793103448276,28.26206896551724,1,0.4107142857142857,1,9,2,0
Chinese Grand Prix,HUL,1,MEDIUM,8,20.633333333333333,34.013333333333335,1,0.0178571428571428,0,0,0,1
Chinese Grand Prix,HUL,2,HARD,15,20.496,33.431999999999995,1,0.1607142857142857,2,1,3,0
Chinese Grand Prix,HUL,3,HARD,33,19.17878787878788,29.8969696969697,1,0.4464285714285714,2,8,0,0
Chinese Grand Prix,LEC,1,MEDIUM,21,19.48846153846154,31.392307692307693,1,0.0178571428571428,2,0,1,1
Chinese Grand Prix,LEC,2,HARD,35,19.268571428571427,30.182857142857145,1,0.4107142857142857,2,9,2,0
Chinese Grand Prix,MAG,1,HARD,17,19.695454545454545,32.10454545454545,1,0.0178571428571428,0,0,0,1
Chinese Grand Prix,MAG,2,HARD,8,21.105555555555554,34.57222222222222,1,0.3214285714285714,4,5,3,0
Chinese Grand Prix,MAG,3,MEDIUM,29,18.98125,29.590625,1,0.5,0,4,0,0
Chinese Grand Prix,NOR,1,MEDIUM,22,19.51481481481481,31.61851851851852,1,0.0178571428571428,1,0,2,1
Chinese Grand Prix,NOR,2,HARD,34,19.655555555555555,31.069444444444443,1,0.4821428571428571,1,9,1,0
Chinese Grand Prix,OCO,1,MEDIUM,9,19.984615384615385,32.69230769230769,1,0.0178571428571428,0,0,0,1
Chinese Grand Prix,OCO,2,HARD,14,20.43478260869565,33.452173913043474,1,0.1785714285714285,2,1,3,0
Chinese Grand Prix,OCO,3,HARD,33,19.17878787878788,29.906060606060606,1,0.4464285714285714,2,8,0,0
Chinese Grand Prix,PER,1,MEDIUM,13,19.80588235294117,32.3235294117647,1,0.0178571428571428,0,0,0,1
Chinese Grand Prix,PER,2,HARD,10,21.0,34.195454545454545,1,0.25,3,1,3,0
Chinese Grand Prix,PER,3,HARD,33,18.65,28.82857142857143,1,0.4821428571428571,2,8,0,1
Chinese Grand Prix,PIA,1,MEDIUM,16,19.07058823529412,30.84705882352941,1,0.0178571428571428,0,0,0,0
Chinese Grand Prix,PIA,2,MEDIUM,9,19.90833333333333,32.0,0,0.3035714285714285,2,2,3,1
Chinese Grand Prix,PIA,3,HARD,32,19.789189189189187,31.486486486486488,1,0.4821428571428571,3,7,0,1
Chinese Grand Prix,RIC,1,MEDIUM,14,19.87368421052632,32.3421052631579,1,0.0178571428571428,0,0,0,1
Chinese Grand Prix,RIC,2,MEDIUM,19,20.47083333333333,33.3375,1,0.2678571428571428,4,9,3,0
Chinese Grand Prix,RUS,1,MEDIUM,11,20.08823529411765,32.358823529411765,1,0.0178571428571428,0,0,0,0
Chinese Grand Prix,RUS,2,MEDIUM,12,21.048,34.764,1,0.2142857142857142,4,1,3,0
Chinese Grand Prix,RUS,3,HARD,33,18.679310344827588,28.920689655172417,1,0.4464285714285714,2,8,0,1
Chinese Grand Prix,SAI,1,MEDIUM,17,19.380000000000003,31.415,1,0.0178571428571428,0,0,0,1
Chinese Grand Prix,SAI,2,HARD,39,18.94871794871795,29.64102564102564,1,0.3214285714285714,3,9,3,0
Chinese Grand Prix,SAR,1,SOFT,12,19.84375,32.45625,1,0.0178571428571428,0,0,0,1
Chinese Grand Prix,SAR,2,MEDIUM,12,20.55238095238096,33.53809523809524,1,0.2321428571428571,2,2,3,0
Chinese Grand Prix,SAR,3,HARD,32,18.50357142857143,28.567857142857143,1,0.4464285714285714,2,7,0,0
Chinese Grand Prix,STR,1,SOFT,9,20.694117647058825,34.09411764705882,1,0.0178571428571428,0,0,0,0
Chinese Grand Prix,STR,2,MEDIUM,12,20.75454545454545,34.18181818181818,1,0.1785714285714285,3,0,1,0
Chinese Grand Prix,STR,3,HARD,4,21.2,34.3,1,0.4107142857142857,1,4,2,1
Chinese Grand Prix,STR,4,MEDIUM,9,19.14,29.8,1,0.5,1,5,0,0
Chinese Grand Prix,STR,5,HARD,26,18.285714285714285,27.94285714285714,0,0.6428571428571429,0,0,0,0
Chinese Grand Prix,TSU,1,SOFT,8,20.29230769230769,33.292307692307695,1,0.0178571428571428,0,0,0,1
Chinese Grand Prix,TSU,2,MEDIUM,15,20.703703703703702,34.01851851851852,1,0.1607142857142857,2,1,3,0
Chinese Grand Prix,TSU,3,HARD,2,22.625,36.925,1,0.4464285714285714,2,4,0,0
Chinese Grand Prix,VER,1,MEDIUM,13,19.927777777777777,32.483333333333334,1,0.0178571428571428,0,0,0,1
Chinese Grand Prix,VER,2,HARD,10,21.01904761904762,34.457142857142856,1,0.25,3,1,2,0
Chinese Grand Prix,VER,3,HARD,33,18.65714285714285,28.842857142857145,1,0.4821428571428571,2,8,0,1
Chinese Grand Prix,ZHO,1,MEDIUM,8,20.141666666666666,33.225,1,0.0178571428571428,0,0,0,1
Chinese Grand Prix,ZHO,2,HARD,15,20.379166666666663,33.204166666666666,1,0.1607142857142857,2,1,3,0
Chinese Grand Prix,ZHO,3,HARD,17,20.27142857142857,32.476190476190474,1,0.4464285714285714,2,8,0,0
Chinese Grand Prix,ZHO,4,SOFT,16,18.25,27.75625,1,0.7321428571428571,0,0,0,0
Dutch Grand Prix,ALB,1,MEDIUM,12,19.025,30.48333333333333,1,0.0138888888888888,1,0,0,1
Dutch Grand Prix,ALB,2,HARD,42,19.29523809523809,31.73333333333333,1,0.1805555555555555,1,0,0,0
Dutch Grand Prix,ALB,3,MEDIUM,17,19.429411764705883,31.97058823529412,1,0.7638888888888888,0,0,0,0
Dutch Grand Prix,ALO,1,MEDIUM,31,19.15806451612903,30.993548387096773,1,0.0138888888888888,5,0,0,2
Dutch Grand Prix,ALO,2,HARD,40,19.3775,31.9975,1,0.4444444444444444,2,0,0,0
Dutch Grand Prix,BOT,1,SOFT,15,19.03333333333333,30.42,1,0.0138888888888888,0,0,0,0
Dutch Grand Prix,BOT,2,HARD,28,19.328571428571426,31.70357142857143,1,0.2222222222222222,2,0,0,1
Dutch Grand Prix,BOT,3,MEDIUM,27,19.37037037037037,32.03703703703704,1,0.6111111111111112,0,0,0,0
Dutch Grand Prix,GAS,1,MEDIUM,32,19.165625,31.021875,1,0.0138888888888888,2,0,0,1
Dutch Grand Prix,GAS,2,HARD,39,19.37692307692308,31.99230769230769,1,0.4583333333333333,1,0,0,0
Dutch Grand Prix,HAM,1,SOFT,23,19.08695652173913,30.70434782608696,1,0.0138888888888888,1,0,0,0
Dutch Grand Prix,HAM,2,HARD,25,19.372,31.908,1,0.3333333333333333,1,0,0,0
Dutch Grand Prix,HAM,3,SOFT,24,19.3875,32.0375,1,0.6805555555555556,1,0,0,1
Dutch Grand Prix,HUL,1,MEDIUM,14,19.035714285714285,30.435714285714283,1,0.0138888888888888,0,0,0,0
Dutch Grand Prix,HUL,2,HARD,57,19.34210526315789,31.840350877192986,1,0.2083333333333333,2,0,0,1
Dutch Grand Prix,LEC,1,MEDIUM,24,19.0875,30.729166666666668,1,0.0138888888888888,1,0,0,1
Dutch Grand Prix,LEC,2,HARD,48,19.38125,31.979166666666668,1,0.3472222222222222,0,0,0,0
Dutch Grand Prix,MAG,1,HARD,40,19.21,31.2575,1,0.0138888888888888,1,0,0,0
Dutch Grand Prix,MAG,2,MEDIUM,31,19.370967741935484,32.016129032258064,1,0.5694444444444444,2,0,0,1
Dutch Grand Prix,NOR,1,MEDIUM,28,19.13214285714286,30.86428571428572,1,0.0138888888888888,2,0,0,1
Dutch Grand Prix,NOR,2,HARD,44,19.37727272727273,31.98409090909091,1,0.4027777777777778,0,0,0,0
Dutch Grand Prix,OCO,1,MEDIUM,30,19.15,31.00333333333333,1,0.0138888888888888,3,0,0,1
Dutch Grand Prix,OCO,2,HARD,41,19.38536585365853,32.0,1,0.4305555555555556,0,0,0,0
Dutch Grand Prix,PER,1,MEDIUM,29,19.13793103448276,30.92413793103448,1,0.0138888888888888,0,0,0,0
Dutch Grand Prix,PER,2,HARD,43,19.38139534883721,32.0,1,0.4166666666666667,1,0,0,0
Dutch Grand Prix,PIA,1,MEDIUM,33,19.163636363636364,31.03333333333333,1,0.0138888888888888,2,0,0,1
Dutch Grand Prix,PIA,2,HARD,39,19.384615384615383,32.0,1,0.4722222222222222,1,0,0,0
Dutch Grand Prix,RIC,1,MEDIUM,29,19.148275862068964,30.96551724137931,1,0.0138888888888888,2,0,0,0
Dutch Grand Prix,RIC,2,HARD,42,19.378571428571423,31.99761904761905,1,0.4166666666666667,4,0,0,1
Dutch Grand Prix,RUS,1,MEDIUM,25,19.1,30.752,1,0.0138888888888888,2,0,0,1
Dutch Grand Prix,RUS,2,HARD,29,19.355172413793102,32.00689655172414,1,0.3611111111111111,1,0,0,0
Dutch Grand Prix,RUS,3,SOFT,21,19.427777777777777,31.95555555555556,0,0.7638888888888888,2,0,0,1
Dutch Grand Prix,SAI,1,MEDIUM,30,19.146666666666665,30.98333333333333,1,0.0138888888888888,0,0,0,0
Dutch Grand Prix,SAI,2,HARD,42,19.38095238095238,31.99761904761905,1,0.4305555555555556,0,0,0,0
Dutch Grand Prix,SAR,1,MEDIUM,22,19.068181818181817,30.727272727272727,1,0.0138888888888888,2,0,0,1
Dutch Grand Prix,SAR,2,HARD,49,19.379591836734694,31.96938775510204,1,0.3194444444444444,1,0,0,0
Dutch Grand Prix,STR,1,MEDIUM,30,19.15333333333333,30.956666666666667,1,0.0138888888888888,3,0,0,1
Dutch Grand Prix,STR,2,HARD,41,19.37560975609756,32.00243902439024,1,0.4305555555555556,2,0,0,0
Dutch Grand Prix,TSU,1,SOFT,14,19.035714285714285,30.435714285714283,1,0.0138888888888888,0,0,0,0
Dutch Grand Prix,TSU,2,MEDIUM,18,19.26111111111111,31.50555555555556,1,0.2083333333333333,2,0,0,1
Dutch Grand Prix,TSU,3,HARD,39,19.38205128205128,32.01025641025641,1,0.4583333333333333,0,0,0,0
Dutch Grand Prix,VER,1,MEDIUM,27,19.12222222222222,30.822222222222223,1,0.0138888888888888,1,0,0,0
Dutch Grand Prix,VER,2,HARD,45,19.377777777777776,31.988888888888887,1,0.3888888888888889,1,0,0,0
Dutch Grand Prix,ZHO,1,MEDIUM,18,19.02777777777778,30.516666666666666,1,0.0138888888888888,0,0,0,0
Dutch Grand Prix,ZHO,2,HARD,33,19.35454545454545,31.89696969696969,1,0.2638888888888889,2,0,0,1
Dutch Grand Prix,ZHO,3,SOFT,19,19.405263157894737,31.978947368421053,1,0.7222222222222222,1,0,0,0
Emilia Romagna Grand Prix,ALB,1,MEDIUM,8,24.5,40.71052631578947,1,0.0158730158730158,1,0,0,1
Emilia Romagna Grand Prix,ALB,3,MEDIUM,14,24.77857142857143,39.746428571428574,0,0.1587301587301587,1,0,0,0
Emilia Romagna Grand Prix,ALB,4,MEDIUM,19,25.071428571428573,42.15714285714286,0,0.3809523809523809,1,0,0,1
Emilia Romagna Grand Prix,ALB,5,MEDIUM,31,25.5,41.86538461538461,0,0.4603174603174603,0,0,0,0
Emilia Romagna Grand Prix,ALO,1,SOFT,7,24.694117647058825,41.4,1,0.0158730158730158,0,0,0,0
Emilia Romagna Grand Prix,ALO,2,HARD,34,25.083720930232555,40.89767441860465,0,0.1269841269841269,2,0,0,1
Emilia Romagna Grand Prix,ALO,3,MEDIUM,20,24.83333333333333,39.4974358974359,0,0.6507936507936508,1,0,0,1
Emilia Romagna Grand Prix,ALO,4,SOFT,3,25.014285714285712,42.72857142857144,1,0.9523809523809524,0,0,0,0
Emilia Romagna Grand Prix,BOT,1,MEDIUM,8,24.61578947368421,41.805263157894736,1,0.0158730158730158,2,0,0,0
Emilia Romagna Grand Prix,BOT,2,HARD,54,25.12608695652174,40.94492753623188,1,0.1428571428571428,2,0,0,1
Emilia Romagna Grand Prix,GAS,1,SOFT,8,24.44782608695652,41.81739130434782,1,0.0158730158730158,0,0,0,0
Emilia Romagna Grand Prix,GAS,2,HARD,22,24.89090909090909,40.627272727272725,1,0.1428571428571428,2,0,0,1
Emilia Romagna Grand Prix,GAS,3,MEDIUM,32,25.24090909090909,39.93636363636364,1,0.492063492063492,0,0,0,0
Emilia Romagna Grand Prix,HAM,1,MEDIUM,27,24.79285714285714,41.78809523809524,1,0.0158730158730158,1,0,0,1
Emilia Romagna Grand Prix,HAM,2,HARD,36,25.246808510638296,41.0936170212766,1,0.4444444444444444,2,0,0,1
Emilia Romagna Grand Prix,HUL,1,MEDIUM,13,24.508333333333336,42.59166666666667,1,0.0158730158730158,1,0,0,1
Emilia Romagna Grand Prix,HUL,2,HARD,49,25.37017543859649,41.219298245614034,1,0.2222222222222222,2,0,0,1
Emilia Romagna Grand Prix,LEC,1,MEDIUM,25,24.63913043478261,41.993478260869566,1,0.0158730158730158,1,0,0,0
Emilia Romagna Grand Prix,LEC,2,HARD,38,25.22244897959184,41.31632653061224,1,0.4126984126984127,0,0,0,0
Emilia Romagna Grand Prix,MAG,1,MEDIUM,37,25.038297872340426,42.05106382978724,1,0.0158730158730158,1,0,0,1
Emilia Romagna Grand Prix,MAG,2,HARD,25,25.359375,40.31875,1,0.6031746031746031,2,0,0,1
Emilia Romagna Grand Prix,NOR,1,MEDIUM,22,24.955172413793104,41.36206896551724,1,0.0158730158730158,0,0,0,0
Emilia Romagna Grand Prix,NOR,2,HARD,42,25.44782608695652,41.15,0,0.365079365079365,1,0,0,0
Emilia Romagna Grand Prix,OCO,1,MEDIUM,25,24.59787234042553,41.93191489361702,1,0.0158730158730158,0,0,0,0
Emilia Romagna Grand Prix,OCO,2,HARD,37,25.27916666666667,40.51041666666666,1,0.4126984126984127,1,0,0,0
Emilia Romagna Grand Prix,PER,1,HARD,37,24.857692307692307,42.20384615384615,1,0.0158730158730158,0,0,0,0
Emilia Romagna Grand Prix,PER,2,MEDIUM,26,25.191666666666663,41.02222222222222,1,0.6031746031746031,2,0,0,1
Emilia Romagna Grand Prix,PIA,1,MEDIUM,23,24.966666666666665,41.54666666666667,1,0.0158730158730158,1,0,0,0
Emilia Romagna Grand Prix,PIA,2,HARD,41,25.367391304347827,41.141304347826086,0,0.3809523809523809,1,0,0,1
Emilia Romagna Grand Prix,RIC,1,MEDIUM,11,24.442857142857143,42.08928571428572,1,0.0158730158730158,3,0,0,2
Emilia Romagna Grand Prix,RIC,2,HARD,51,25.21846153846154,41.47846153846154,1,0.1904761904761904,0,0,0,0
Emilia Romagna Grand Prix,RUS,1,MEDIUM,21,24.6425,41.4675,1,0.0158730158730158,0,0,0,0
Emilia Romagna Grand Prix,RUS,2,HARD,31,25.184444444444445,40.96,1,0.3492063492063492,2,0,0,1
Emilia Romagna Grand Prix,RUS,3,MEDIUM,13,24.89583333333333,42.020833333333336,0,0.8412698412698413,0,0,0,0
Emilia Romagna Grand Prix,SAI,1,MEDIUM,27,24.664583333333336,42.14375,1,0.0158730158730158,1,0,0,0
Emilia Romagna Grand Prix,SAI,2,HARD,36,25.20425531914893,41.41063829787234,1,0.4444444444444444,0,0,0,0
Emilia Romagna Grand Prix,SAR,1,HARD,31,25.00263157894737,41.48157894736842,1,0.0158730158730158,1,0,0,1
Emilia Romagna Grand Prix,SAR,2,MEDIUM,31,25.41351351351351,40.65135135135135,1,0.5079365079365079,2,0,0,2
Emilia Romagna Grand Prix,STR,1,MEDIUM,38,24.978,41.892,0,0.0158730158730158,0,0,0,0
Emilia Romagna Grand Prix,STR,2,HARD,27,25.1375,39.8875,0,0.6031746031746031,1,0,0,0
Emilia Romagna Grand Prix,TSU,1,MEDIUM,12,24.490322580645163,41.541935483870965,1,0.0158730158730158,4,0,0,2
Emilia Romagna Grand Prix,TSU,2,HARD,50,25.18769230769231,41.31692307692308,1,0.2063492063492063,0,0,0,0
Emilia Romagna Grand Prix,VER,1,MEDIUM,24,24.6575,41.8475,1,0.0158730158730158,0,0,0,0
Emilia Romagna Grand Prix,VER,2,HARD,39,25.277083333333334,41.020833333333336,1,0.3968253968253968,1,0,0,0
Emilia Romagna Grand Prix,ZHO,1,HARD,33,24.988888888888887,41.54888888888889,1,0.0158730158730158,0,0,0,0
Emilia Romagna Grand Prix,ZHO,2,MEDIUM,29,25.322222222222223,40.1,1,0.5396825396825397,2,0,0,2
Hungarian Grand Prix,ALB,1,SOFT,6,28.31764705882353,43.83529411764706,1,0.0142857142857142,1,0,0,0
Hungarian Grand Prix,ALB,2,HARD,23,28.61176470588235,42.9,1,0.1,0,0,0,0
Hungarian Grand Prix,ALB,3,HARD,40,29.35744680851064,45.238297872340425,1,0.4285714285714285,3,0,0,0
Hungarian Grand Prix,ALO,1,SOFT,9,28.1,42.2,0,0.0142857142857142,2,0,0,1
Hungarian Grand Prix,ALO,2,MEDIUM,31,29.28611111111111,43.99444444444444,0,0.1142857142857142,1,0,0,0
Hungarian Grand Prix,ALO,3,HARD,34,29.57818181818181,45.56181818181818,0,0.5428571428571428,1,0,0,0
Hungarian Grand Prix,BOT,1,MEDIUM,17,29.07741935483871,47.31612903225806,0,0.0142857142857142,2,0,0,0
Hungarian Grand Prix,BOT,2,HARD,29,29.706666666666667,46.63333333333333,1,0.2428571428571428,2,0,1,1
Hungarian Grand Prix,BOT,3,HARD,24,29.23953488372093,45.96976744186047,1,0.6571428571428571,3,0,0,0
Hungarian Grand Prix,GAS,1,HARD,28,29.30888888888889,46.284444444444446,1,0.0142857142857142,0,0,0,0
Hungarian Grand Prix,GAS,2,MEDIUM,5,28.51538461538461,43.607692307692304,1,0.4142857142857143,2,0,1,1
Hungarian Grand Prix,HAM,1,MEDIUM,16,28.34583333333333,43.79583333333333,1,0.0142857142857142,1,0,0,0
Hungarian Grand Prix,HAM,2,HARD,24,28.570967741935487,41.86774193548387,1,0.2428571428571428,0,0,0,0
Hungarian Grand Prix,HAM,3,HARD,30,29.363888888888887,45.44722222222222,1,0.5857142857142857,3,0,0,0
Hungarian Grand Prix,HUL,1,MEDIUM,2,27.98333333333333,40.24166666666667,1,0.0142857142857142,2,0,0,0
Hungarian Grand Prix,HUL,2,HARD,27,28.98064516129032,44.01935483870968,1,0.0428571428571428,2,0,0,2
Hungarian Grand Prix,HUL,3,HARD,40,29.264444444444447,44.62444444444444,1,0.4285714285714285,2,0,0,0
Hungarian Grand Prix,LEC,1,MEDIUM,23,28.615789473684213,44.44210526315789,1,0.0142857142857142,2,0,0,1
Hungarian Grand Prix,LEC,2,HARD,17,28.89642857142857,43.425,1,0.3428571428571428,1,0,0,1
Hungarian Grand Prix,LEC,3,MEDIUM,30,29.26388888888889,45.8,1,0.5857142857142857,1,0,0,0
Hungarian Grand Prix,MAG,1,SOFT,6,28.54705882352941,44.40588235294118,1,0.0142857142857142,2,0,0,0
Hungarian Grand Prix,MAG,2,HARD,28,28.915625,43.88125,1,0.1,2,0,0,2
Hungarian Grand Prix,MAG,3,HARD,35,29.353488372093025,45.51162790697674,1,0.5,2,0,1,0
Hungarian Grand Prix,NOR,1,MEDIUM,17,28.98787878787879,46.0030303030303,1,0.0142857142857142,2,0,0,1
Hungarian Grand Prix,NOR,2,HARD,29,29.12258064516129,43.49677419354839,0,0.2571428571428571,1,0,0,0
Hungarian Grand Prix,NOR,3,MEDIUM,26,29.234375,45.16875,0,0.6571428571428571,3,0,0,0
Hungarian Grand Prix,OCO,1,MEDIUM,6,29.70833333333333,49.25,1,0.0142857142857142,1,0,0,0
Hungarian Grand Prix,OCO,2,HARD,24,28.6,43.3235294117647,1,0.1,2,0,1,1
Hungarian Grand Prix,OCO,3,HARD,34,29.7125,47.46458333333334,1,0.4428571428571428,3,0,0,0
Hungarian Grand Prix,OCO,4,SOFT,5,28.746153846153845,42.73846153846154,1,0.9285714285714286,1,0,0,0
Hungarian Grand Prix,PER,1,HARD,28,28.45833333333333,42.93055555555556,1,0.0142857142857142,2,0,0,1
Hungarian Grand Prix,PER,2,MEDIUM,19,29.484615384615385,45.565384615384616,1,0.4142857142857143,0,0,0,0
Hungarian Grand Prix,PER,3,MEDIUM,23,28.93783783783784,45.36216216216216,1,0.6857142857142857,2,0,1,1
Hungarian Grand Prix,PIA,1,MEDIUM,18,29.057142857142857,46.39428571428572,1,0.0142857142857142,2,0,0,1
Hungarian Grand Prix,PIA,2,HARD,30,29.48529411764705,44.75588235294118,0,0.2714285714285714,1,0,1,0
Hungarian Grand Prix,PIA,3,MEDIUM,24,29.82857142857143,48.96190476190476,0,0.6857142857142857,2,0,0,0
Hungarian Grand Prix,RIC,1,MEDIUM,7,28.285000000000004,44.095,1,0.0142857142857142,1,0,0,0
Hungarian Grand Prix,RIC,2,HARD,21,28.85,44.45666666666667,1,0.1142857142857142,1,0,0,0
Hungarian Grand Prix,RIC,3,HARD,41,29.34375,45.20208333333333,1,0.4142857142857143,1,0,1,0
Hungarian Grand Prix,RUS,1,HARD,33,28.5175,42.68,1,0.0142857142857142,1,0,0,0
Hungarian Grand Prix,RUS,2,MEDIUM,20,28.796296296296298,43.907407407407405,1,0.4857142857142857,0,0,0,0
Hungarian Grand Prix,RUS,3,HARD,17,29.713043478260868,46.70434782608696,1,0.7714285714285715,3,0,0,0
Hungarian Grand Prix,SAI,1,MEDIUM,21,28.57,44.04333333333333,1,0.0142857142857142,2,0,0,1
Hungarian Grand Prix,SAI,2,HARD,26,28.95945945945946,43.98108108108108,1,0.3142857142857143,0,0,0,0
Hungarian Grand Prix,SAI,3,MEDIUM,23,29.26774193548387,45.39032258064516,1,0.6857142857142857,2,0,0,0
Hungarian Grand Prix,SAR,1,MEDIUM,8,28.36428571428572,43.32857142857143,1,0.0142857142857142,1,0,0,0
Hungarian Grand Prix,SAR,2,HARD,25,28.746875,42.21875,1,0.1285714285714285,0,0,0,0
Hungarian Grand Prix,SAR,3,HARD,30,29.36829268292683,46.05609756097561,1,0.4857142857142857,2,0,0,0
Hungarian Grand Prix,SAR,4,SOFT,6,29.9375,45.0125,1,0.9142857142857144,1,0,1,0
Hungarian Grand Prix,STR,1,SOFT,17,29.142857142857142,45.38928571428572,0,0.0142857142857142,2,0,0,1
Hungarian Grand Prix,STR,2,MEDIUM,32,29.313157894736843,43.92631578947368,0,0.2142857142857142,2,0,0,1
Hungarian Grand Prix,STR,3,HARD,26,29.589583333333334,45.875,0,0.6571428571428571,1,0,0,0
Hungarian Grand Prix,TSU,1,MEDIUM,29,28.716666666666665,44.17619047619048,1,0.0142857142857142,1,0,0,0
Hungarian Grand Prix,TSU,2,HARD,41,29.288235294117648,45.64117647058824,1,0.4285714285714285,1,0,0,0
Hungarian Grand Prix,VER,1,MEDIUM,21,28.3625,43.259375,1,0.0142857142857142,2,0,0,1
Hungarian Grand Prix,VER,2,HARD,28,28.97714285714286,43.22285714285714,1,0.3142857142857143,0,0,0,0
Hungarian Grand Prix,VER,3,MEDIUM,21,28.723684210526315,44.08684210526316,1,0.7142857142857143,1,0,0,0
Hungarian Grand Prix,ZHO,1,MEDIUM,8,28.294117647058822,43.3,0,0.0142857142857142,1,0,0,0
Hungarian Grand Prix,ZHO,2,HARD,29,28.565,42.3325,1,0.1142857142857142,1,0,0,1
Hungarian Grand Prix,ZHO,3,HARD,33,29.589473684210528,46.63421052631579,1,0.5285714285714286,2,0,0,0
Italian Grand Prix,ALB,1,MEDIUM,17,33.30588235294118,49.0,1,0.0188679245283018,1,0,0,1
Italian Grand Prix,ALB,2,HARD,36,32.50277777777777,45.19722222222222,1,0.3396226415094339,0,0,0,0
Italian Grand Prix,ALO,1,MEDIUM,13,33.483333333333334,49.525,0,0.0188679245283018,0,0,0,0
Italian Grand Prix,ALO,2,HARD,24,32.68695652173913,46.3,0,0.2452830188679245,2,0,0,0
Italian Grand Prix,ALO,3,HARD,20,32.37777777777777,44.48888888888889,0,0.6792452830188679,1,0,0,1
Italian Grand Prix,BOT,1,HARD,34,32.97575757575758,47.52121212121212,0,0.0188679245283018,1,0,0,1
Italian Grand Prix,BOT,2,MEDIUM,20,32.4,44.61578947368421,0,0.6415094339622641,2,0,0,1
Italian Grand Prix,COL,1,MEDIUM,16,33.33125,49.03125,1,0.0188679245283018,1,0,0,1
Italian Grand Prix,COL,2,HARD,37,32.508108108108104,45.27297297297297,1,0.320754716981132,1,0,0,0
Italian Grand Prix,GAS,1,MEDIUM,10,33.54,49.88,1,0.0188679245283018,1,0,0,1
Italian Grand Prix,GAS,2,HARD,20,32.739999999999995,46.635000000000005,1,0.2075471698113207,1,0,0,1
Italian Grand Prix,GAS,3,HARD,22,32.43181818181818,44.75909090909091,1,0.5849056603773585,2,0,0,0
Italian Grand Prix,HAM,1,MEDIUM,15,33.373333333333335,49.22,1,0.0188679245283018,1,0,0,1
Italian Grand Prix,HAM,2,HARD,22,32.63636363636363,46.01363636363636,1,0.3018867924528302,1,0,0,0
Italian Grand Prix,HAM,3,HARD,16,32.375,44.4625,1,0.7169811320754716,0,0,0,0
Italian Grand Prix,HUL,1,MEDIUM,5,33.739999999999995,50.72,1,0.0188679245283018,0,0,0,0
Italian Grand Prix,HUL,2,HARD,27,32.82962962962963,46.98888888888889,1,0.1132075471698113,3,0,0,1
Italian Grand Prix,HUL,3,HARD,20,32.415,44.655,1,0.6226415094339622,0,0,0,0
Italian Grand Prix,LEC,1,MEDIUM,15,33.373333333333335,49.306666666666665,1,0.0188679245283018,1,0,0,1
Italian Grand Prix,LEC,2,HARD,38,32.52894736842105,45.38947368421052,1,0.3018867924528302,0,0,0,0
Italian Grand Prix,MAG,1,MEDIUM,14,33.40714285714286,49.271428571428565,1,0.0188679245283018,1,0,0,1
Italian Grand Prix,MAG,2,HARD,39,32.52564102564103,45.38717948717949,1,0.2830188679245283,1,0,0,0
Italian Grand Prix,NOR,1,MEDIUM,14,33.40714285714286,49.35714285714285,1,0.0188679245283018,1,0,0,1
Italian Grand Prix,NOR,2,HARD,18,32.66111111111111,46.32222222222222,1,0.2830188679245283,1,0,0,0
Italian Grand Prix,NOR,3,HARD,21,32.42857142857143,44.72380952380953,1,0.6226415094339622,0,0,0,0
Italian Grand Prix,OCO,1,HARD,31,33.00322580645162,47.65806451612904,1,0.0188679245283018,0,0,0,0
Italian Grand Prix,OCO,2,MEDIUM,21,32.423809523809524,44.71428571428572,1,0.6037735849056604,0,0,0,0
Italian Grand Prix,PER,1,HARD,23,33.165217391304346,48.36521739130435,1,0.0188679245283018,1,0,0,1
Italian Grand Prix,PER,2,HARD,12,32.56666666666667,45.675,1,0.4528301886792453,1,0,0,0
Italian Grand Prix,PER,3,MEDIUM,18,32.37777777777777,44.5,1,0.6792452830188679,1,0,0,0
Italian Grand Prix,PIA,1,MEDIUM,16,33.3375,49.2125,1,0.0188679245283018,0,0,0,0
Italian Grand Prix,PIA,2,HARD,22,32.63181818181818,45.92727272727273,1,0.320754716981132,1,0,0,0
Italian Grand Prix,PIA,3,HARD,15,32.36,44.43333333333333,1,0.7358490566037735,0,0,0,0
Italian Grand Prix,RIC,1,MEDIUM,11,33.518181818181816,49.7,1,0.0188679245283018,1,0,0,1
Italian Grand Prix,RIC,2,HARD,43,32.55952380952381,45.55952380952381,0,0.2264150943396226,1,0,0,0
Italian Grand Prix,RUS,1,MEDIUM,11,33.518181818181816,49.74545454545455,1,0.0188679245283018,2,0,0,1
Italian Grand Prix,RUS,2,HARD,22,32.7,46.43636363636364,1,0.2264150943396226,1,0,0,0
Italian Grand Prix,RUS,3,HARD,20,32.410000000000004,44.605,1,0.6415094339622641,0,0,0,0
Italian Grand Prix,SAI,1,MEDIUM,19,33.257894736842104,48.8421052631579,1,0.0188679245283018,1,0,0,1
Italian Grand Prix,SAI,2,HARD,34,32.48823529411764,45.14705882352941,1,0.3773584905660377,0,0,0,0
Italian Grand Prix,STR,1,HARD,20,33.257894736842104,48.71052631578947,0,0.0188679245283018,0,0,0,0
Italian Grand Prix,STR,2,HARD,19,32.588235294117645,45.794117647058826,0,0.3773584905660377,1,0,0,0
Italian Grand Prix,STR,3,MEDIUM,15,32.392857142857146,44.55714285714286,0,0.6981132075471698,1,0,0,0
Italian Grand Prix,STR,4,SOFT,2,32.2,43.8,1,0.9622641509433962,1,0,0,1
Italian Grand Prix,TSU,1,HARD,8,33.642857142857146,50.385714285714286,0,0.0188679245283018,1,0,0,1
Italian Grand Prix,VER,1,HARD,22,33.19090909090909,48.47727272727273,1,0.0188679245283018,1,0,0,1
Italian Grand Prix,VER,2,HARD,19,32.54736842105263,45.47368421052632,1,0.4339622641509434,2,0,0,1
Italian Grand Prix,VER,3,MEDIUM,12,32.34166666666666,44.31666666666666,1,0.7924528301886793,0,0,0,0
Italian Grand Prix,ZHO,1,MEDIUM,16,33.36666666666667,49.11333333333334,0,0.0188679245283018,1,0,0,1
Italian Grand Prix,ZHO,2,HARD,38,32.527027027027025,45.332432432432434,0,0.3018867924528302,0,0,0,0
Japanese Grand Prix,ALO,2,SOFT,13,19.383333333333333,31.495833333333334,0,0.0754716981132075,0,0,0,0
Japanese Grand Prix,ALO,3,MEDIUM,20,19.571875,31.765625,1,0.2641509433962264,0,0,0,0
Japanese Grand Prix,ALO,4,HARD,20,19.931818181818183,32.34090909090909,1,0.6415094339622641,1,0,0,0
Japanese Grand Prix,BOT,2,SOFT,6,18.43076923076923,28.72307692307692,0,0.0754716981132075,0,0,0,0
Japanese Grand Prix,BOT,3,HARD,16,19.421875,31.196875,1,0.1320754716981132,1,0,0,0
Japanese Grand Prix,BOT,4,HARD,30,20.08888888888889,33.15833333333333,1,0.4339622641509434,2,0,0,0
Japanese Grand Prix,GAS,2,HARD,15,20.59,34.18,1,0.0566037735849056,0,0,0,0
Japanese Grand Prix,GAS,3,MEDIUM,16,20.794444444444444,34.62222222222223,1,0.320754716981132,0,0,0,0
Japanese Grand Prix,GAS,4,HARD,20,19.8125,32.4625,1,0.6226415094339622,1,0,0,0
Japanese Grand Prix,HAM,2,HARD,22,20.31153846153846,33.42307692307692,1,0.0754716981132075,1,0,0,1
Japanese Grand Prix,HAM,3,HARD,16,18.925714285714285,30.13428571428572,1,0.4528301886792453,1,0,0,0
Japanese Grand Prix,HAM,4,MEDIUM,15,19.020000000000003,30.27,0,0.7547169811320755,2,0,0,0
Japanese Grand Prix,HUL,2,SOFT,5,17.96153846153846,27.93846153846154,0,0.0754716981132075,2,0,0,1
Japanese Grand Prix,HUL,3,HARD,28,20.72058823529412,34.55588235294118,1,0.1132075471698113,0,0,0,0
Japanese Grand Prix,HUL,4,HARD,19,18.94333333333333,30.276666666666667,1,0.6415094339622641,1,0,0,0
Japanese Grand Prix,LEC,2,MEDIUM,25,19.91282051282052,32.44102564102564,1,0.0754716981132075,1,0,0,0
Japanese Grand Prix,LEC,3,HARD,27,19.46315789473684,31.68421052631579,1,0.5094339622641509,1,0,0,0
Japanese Grand Prix,MAG,2,MEDIUM,21,20.37,33.52,1,0.0566037735849056,2,0,0,1
Japanese Grand Prix,MAG,3,HARD,30,19.69756097560976,32.178048780487806,1,0.4339622641509434,2,0,0,0
Japanese Grand Prix,NOR,1,MEDIUM,1,16.854545454545455,25.40909090909091,1,0.0188679245283018,2,0,0,1
Japanese Grand Prix,NOR,2,MEDIUM,11,21.39,36.49,0,0.0754716981132075,1,0,0,1
Japanese Grand Prix,NOR,3,HARD,15,19.977272727272727,32.63181818181818,1,0.2264150943396226,0,0,0,0
Japanese Grand Prix,NOR,4,HARD,27,19.29230769230769,30.94871794871795,1,0.5094339622641509,1,0,0,0
Japanese Grand Prix,OCO,2,HARD,18,20.075,32.74583333333333,1,0.0754716981132075,0,0,0,0
Japanese Grand Prix,OCO,3,HARD,14,20.289473684210527,33.863157894736844,1,0.3773584905660377,0,0,0,0
Japanese Grand Prix,OCO,4,MEDIUM,19,19.942857142857143,32.39523809523809,1,0.6415094339622641,1,0,0,0
Japanese Grand Prix,PER,1,MEDIUM,1,17.70909090909091,26.845454545454547,1,0.0188679245283018,2,0,0,1
Japanese Grand Prix,PER,2,MEDIUM,15,19.588461538461537,31.911538461538463,0,0.0754716981132075,1,0,0,0
Japanese Grand Prix,PER,3,MEDIUM,18,19.996153846153845,32.85,1,0.3018867924528302,0,0,0,0
Japanese Grand Prix,PER,4,HARD,20,19.65833333333333,31.629166666666663,1,0.6415094339622641,1,0,0,0
Japanese Grand Prix,PIA,2,MEDIUM,12,18.38076923076923,29.246153846153845,0,0.0754716981132075,0,0,0,0
Japanese Grand Prix,PIA,3,HARD,20,20.625,34.15416666666667,1,0.2452830188679245,1,0,0,1
Japanese Grand Prix,PIA,4,HARD,21,19.61923076923077,31.734615384615385,1,0.6226415094339622,1,0,0,0
Japanese Grand Prix,RUS,2,HARD,21,20.636,34.148,1,0.0754716981132075,0,0,0,0
Japanese Grand Prix,RUS,3,HARD,15,19.66521739130435,32.108695652173914,1,0.4339622641509434,0,0,0,0
Japanese Grand Prix,RUS,4,MEDIUM,17,19.6,31.668421052631583,0,0.7169811320754716,2,0,0,0
Japanese Grand Prix,SAI,1,MEDIUM,1,17.2,25.83333333333333,1,0.0188679245283018,2,0,0,1
Japanese Grand Prix,SAI,2,MEDIUM,14,19.40357142857143,31.50357142857143,1,0.0754716981132075,1,0,0,0
Japanese Grand Prix,SAI,3,MEDIUM,22,19.46,31.60571428571429,0,0.3018867924528302,0,0,0,0
Japanese Grand Prix,SAI,4,HARD,17,19.76842105263158,31.894736842105264,1,0.6981132075471698,1,0,0,0
Japanese Grand Prix,SAR,2,HARD,21,20.6925925925926,34.29259259259259,1,0.0566037735849056,1,0,0,0
Japanese Grand Prix,SAR,3,HARD,12,20.49333333333333,34.419999999999995,1,0.4339622641509434,0,0,0,0
Japanese Grand Prix,SAR,4,MEDIUM,6,20.3,33.528571428571425,1,0.660377358490566,1,0,0,0
Japanese Grand Prix,SAR,5,SOFT,11,19.80909090909091,32.09090909090909,1,0.7924528301886793,0,0,0,0
Japanese Grand Prix,STR,2,SOFT,11,19.63636363636364,32.018181818181816,1,0.0566037735849056,1,0,0,1
Japanese Grand Prix,STR,3,MEDIUM,10,19.433333333333334,31.32222222222222,1,0.2452830188679245,0,0,0,0
Japanese Grand Prix,STR,4,HARD,12,19.65294117647059,32.252941176470586,1,0.4339622641509434,0,0,0,0
Japanese Grand Prix,STR,5,SOFT,18,20.172222222222224,32.90555555555555,1,0.660377358490566,1,0,0,0
Japanese Grand Prix,TSU,2,SOFT,9,18.607142857142858,29.45,0,0.0754716981132075,0,0,0,0
Japanese Grand Prix,TSU,3,HARD,15,20.05,32.58181818181818,1,0.1509433962264151,0,0,0,0
Japanese Grand Prix,TSU,4,HARD,30,19.812820512820515,32.56153846153846,1,0.4339622641509434,2,0,0,0
Japanese Grand Prix,VER,1,MEDIUM,1,18.316666666666663,28.35,1,0.0188679245283018,2,0,0,1
Japanese Grand Prix,VER,2,MEDIUM,16,20.17142857142857,33.12380952380953,0,0.0754716981132075,0,0,0,0
Japanese Grand Prix,VER,3,MEDIUM,18,19.676666666666662,31.90333333333333,1,0.320754716981132,1,0,0,0
Japanese Grand Prix,VER,4,HARD,19,19.042857142857144,30.310714285714287,1,0.660377358490566,1,0,0,0
Japanese Grand Prix,ZHO,2,SOFT,6,20.25555555555556,33.233333333333334,1,0.0566037735849056,2,0,0,1
Japanese Grand Prix,ZHO,3,HARD,4,18.27777777777778,28.59444444444445,1,0.1509433962264151,1,0,0,0
Japanese Grand Prix,ZHO,4,HARD,5,18.65,29.85,0,0.2264150943396226,0,0,0,0
Las Vegas Grand Prix,ALB,1,MEDIUM,9,17.944444444444443,17.788888888888888,1,0.02,7,0,0,0
Las Vegas Grand Prix,ALB,2,HARD,16,17.70625,17.4125,1,0.2,6,0,0,2
Las Vegas Grand Prix,ALO,1,SOFT,4,17.975,17.975,1,0.02,3,0,0,0
Las Vegas Grand Prix,ALO,2,HARD,21,17.759999999999998,17.475,0,0.1,6,0,0,1
Las Vegas Grand Prix,ALO,3,HARD,27,17.315384615384616,16.903846153846153,0,0.5,5,0,0,0
Las Vegas Grand Prix,BOT,1,HARD,17,17.86470588235294,17.658823529411762,1,0.02,8,0,0,0
Las Vegas Grand Prix,BOT,2,MEDIUM,18,17.522222222222226,17.15,1,0.36,6,0,0,1
Las Vegas Grand Prix,BOT,3,HARD,14,17.185714285714287,16.785714285714285,1,0.72,2,0,0,1
Las Vegas Grand Prix,COL,1,HARD,16,17.881249999999998,17.68125,1,0.02,8,0,0,0
Las Vegas Grand Prix,COL,2,MEDIUM,10,17.6,17.28,1,0.34,4,0,0,1
Las Vegas Grand Prix,COL,3,HARD,24,17.279166666666665,16.875,1,0.54,5,0,0,0
Las Vegas Grand Prix,GAS,1,MEDIUM,10,17.95,17.8,1,0.02,6,0,0,0
Las Vegas Grand Prix,GAS,2,HARD,5,17.8,17.52,1,0.22,7,0,0,1
Las Vegas Grand Prix,HAM,1,MEDIUM,13,17.93076923076923,17.73846153846154,1,0.02,8,0,0,0
Las Vegas Grand Prix,HAM,2,HARD,15,17.635714285714286,17.307142857142857,0,0.28,5,0,0,1
Las Vegas Grand Prix,HAM,3,HARD,24,17.282608695652176,16.878260869565217,0,0.56,8,0,0,0
Las Vegas Grand Prix,HUL,1,MEDIUM,14,17.92142857142857,17.72142857142857,1,0.02,7,0,0,0
Las Vegas Grand Prix,HUL,2,HARD,19,17.57894736842105,17.226315789473684,1,0.3,4,0,0,1
Las Vegas Grand Prix,HUL,3,HARD,17,17.205882352941178,16.811764705882354,1,0.68,7,0,0,1
Las Vegas Grand Prix,LAW,1,MEDIUM,11,17.936363636363634,17.78181818181818,1,0.02,6,0,0,0
Las Vegas Grand Prix,LAW,2,HARD,28,17.562962962962963,17.196296296296296,0,0.24,6,0,0,1
Las Vegas Grand Prix,LAW,3,HARD,13,17.14166666666667,16.75,0,0.78,6,0,0,0
Las Vegas Grand Prix,LEC,1,MEDIUM,9,17.955555555555556,17.811111111111114,1,0.02,11,0,0,0
Las Vegas Grand Prix,LEC,2,HARD,22,17.654545454545453,17.313636363636363,1,0.2,6,0,0,1
Las Vegas Grand Prix,LEC,3,HARD,19,17.236842105263158,16.836842105263155,1,0.64,7,0,0,1
Las Vegas Grand Prix,MAG,1,MEDIUM,17,17.870588235294118,17.658823529411762,1,0.02,6,0,0,0
Las Vegas Grand Prix,MAG,2,HARD,33,17.366666666666667,16.984848484848484,1,0.36,5,0,0,1
Las Vegas Grand Prix,NOR,1,MEDIUM,9,17.955555555555556,17.811111111111114,1,0.02,5,0,0,0
Las Vegas Grand Prix,NOR,2,HARD,21,17.65714285714286,17.31904761904762,1,0.2,4,0,0,0
Las Vegas Grand Prix,NOR,3,HARD,18,17.272222222222222,16.86111111111111,1,0.62,4,0,0,2
Las Vegas Grand Prix,NOR,4,SOFT,6,17.05,16.7,0,0.98,4,0,0,0
Las Vegas Grand Prix,OCO,1,MEDIUM,11,17.936363636363634,17.78181818181818,1,0.02,5,0,0,0
Las Vegas Grand Prix,OCO,2,MEDIUM,12,17.9,17.5,0,0.24,7,0,0,1
Las Vegas Grand Prix,OCO,3,HARD,33,17.46363636363636,17.093939393939394,1,0.26,5,0,0,0
Las Vegas Grand Prix,OCO,4,SOFT,4,17.075000000000003,16.7,1,0.92,2,0,0,0
Las Vegas Grand Prix,PER,1,HARD,17,17.876470588235293,17.66470588235294,1,0.02,8,0,0,0
Las Vegas Grand Prix,PER,2,MEDIUM,15,17.566666666666666,17.18,1,0.36,6,0,0,1
Las Vegas Grand Prix,PER,3,HARD,18,17.211111111111112,16.816666666666666,1,0.66,6,0,0,0
Las Vegas Grand Prix,PIA,1,MEDIUM,10,17.95,17.8,1,0.02,3,0,0,0
Las Vegas Grand Prix,PIA,2,HARD,15,17.686666666666667,17.39333333333333,1,0.22,6,0,0,2
Las Vegas Grand Prix,PIA,3,HARD,25,17.308,16.892,1,0.52,4,0,0,0
Las Vegas Grand Prix,RUS,1,MEDIUM,13,17.933333333333334,17.775000000000002,0,0.02,6,0,0,0
Las Vegas Grand Prix,RUS,2,HARD,21,17.630000000000003,17.265,0,0.26,7,0,0,1
Las Vegas Grand Prix,RUS,3,HARD,19,17.22222222222222,16.827777777777776,0,0.66,7,0,0,0
Las Vegas Grand Prix,SAI,1,MEDIUM,10,17.95,17.8,1,0.02,9,0,0,0
Las Vegas Grand Prix,SAI,2,HARD,18,17.666666666666668,17.33888888888889,1,0.22,5,0,0,1
Las Vegas Grand Prix,SAI,3,HARD,22,17.272727272727273,16.86818181818182,1,0.58,5,0,0,1
Las Vegas Grand Prix,STR,1,MEDIUM,10,17.944444444444443,17.788888888888888,0,0.02,4,0,0,0
Las Vegas Grand Prix,STR,2,HARD,20,17.66842105263158,17.342105263157894,0,0.2,3,0,0,0
Las Vegas Grand Prix,STR,3,HARD,23,17.254545454545454,16.849999999999998,0,0.58,3,0,0,0
Las Vegas Grand Prix,TSU,1,MEDIUM,10,17.95,17.8,1,0.02,5,0,0,0
Las Vegas Grand Prix,TSU,2,HARD,20,17.652631578947368,17.326315789473682,0,0.22,4,0,0,0
Las Vegas Grand Prix,TSU,3,HARD,22,17.257142857142856,16.85238095238095,0,0.6,4,0,0,0
Las Vegas Grand Prix,VER,1,MEDIUM,11,17.936363636363634,17.78181818181818,1,0.02,8,0,0,0
Las Vegas Grand Prix,VER,2,HARD,16,17.675,17.34375,1,0.24,7,0,0,2
Las Vegas Grand Prix,VER,3,HARD,23,17.282608695652176,16.878260869565217,1,0.56,4,0,0,0
Las Vegas Grand Prix,ZHO,1,MEDIUM,12,17.936363636363634,17.78181818181818,0,0.02,5,0,0,0
Las Vegas Grand Prix,ZHO,2,HARD,24,17.6,17.243478260869566,0,0.24,5,0,0,0
Las Vegas Grand Prix,ZHO,3,HARD,16,17.181250000000002,16.78125,1,0.7,3,0,0,0
Mexico City Grand Prix,ALO,1,MEDIUM,16,20.09333333333333,36.36,0,0.0140845070422535,2,6,0,0
Mexico City Grand Prix,BOT,1,HARD,50,20.520408163265305,37.20204081632653,0,0.0140845070422535,2,6,0,1
Mexico City Grand Prix,BOT,2,MEDIUM,22,19.91904761904762,31.514285714285712,0,0.704225352112676,3,0,0,0
Mexico City Grand Prix,COL,1,HARD,47,20.53617021276596,37.37659574468085,1,0.0140845070422535,6,6,0,1
Mexico City Grand Prix,COL,2,MEDIUM,23,19.95217391304348,31.686956521739127,1,0.676056338028169,2,0,0,0
Mexico City Grand Prix,GAS,1,MEDIUM,28,20.339285714285715,36.971428571428575,1,0.0140845070422535,2,6,0,0
Mexico City Grand Prix,GAS,2,HARD,42,20.34285714285714,34.52857142857143,1,0.4084507042253521,1,0,0,1
Mexico City Grand Prix,HAM,1,MEDIUM,28,20.335714285714285,37.0,1,0.0140845070422535,2,6,0,0
Mexico City Grand Prix,HAM,2,HARD,43,20.337209302325583,34.53720930232558,1,0.4084507042253521,1,0,0,0
Mexico City Grand Prix,HUL,1,MEDIUM,29,20.36206896551724,37.05862068965517,1,0.0140845070422535,2,6,0,1
Mexico City Grand Prix,HUL,2,HARD,41,20.33170731707317,34.424390243902444,1,0.4225352112676056,2,0,0,0
Mexico City Grand Prix,LAW,1,HARD,39,20.548717948717947,37.65384615384615,1,0.0140845070422535,2,6,0,2
Mexico City Grand Prix,LAW,2,MEDIUM,26,20.12692307692308,33.13461538461539,1,0.5633802816901409,3,0,0,1
Mexico City Grand Prix,LAW,3,SOFT,5,19.76,30.860000000000003,1,0.9295774647887324,0,0,0,0
Mexico City Grand Prix,LEC,1,MEDIUM,31,20.396774193548385,37.21935483870968,1,0.0140845070422535,2,6,0,0
Mexico City Grand Prix,LEC,2,HARD,38,20.33157894736842,34.42631578947368,1,0.4507042253521127,0,0,0,0
Mexico City Grand Prix,LEC,3,SOFT,5,19.75,30.65,0,0.9859154929577464,0,0,0,0
Mexico City Grand Prix,MAG,1,MEDIUM,30,20.386666666666667,37.17333333333333,1,0.0140845070422535,2,6,0,1
Mexico City Grand Prix,MAG,2,HARD,41,20.29268292682927,34.22926829268293,1,0.4366197183098591,3,0,0,0
Mexico City Grand Prix,NOR,1,MEDIUM,30,20.376666666666665,37.16666666666666,1,0.0140845070422535,3,6,0,0
Mexico City Grand Prix,NOR,2,HARD,41,20.31463414634146,34.34634146341463,1,0.4366197183098591,2,0,0,0
Mexico City Grand Prix,OCO,1,HARD,48,20.529166666666665,37.27916666666667,1,0.0140845070422535,2,6,0,1
Mexico City Grand Prix,OCO,2,MEDIUM,22,19.92727272727273,31.577272727272728,1,0.6901408450704225,2,0,0,0
Mexico City Grand Prix,PER,1,HARD,20,20.14,36.38,1,0.0140845070422535,2,6,0,1
Mexico City Grand Prix,PER,2,MEDIUM,23,20.917391304347827,38.71304347826087,1,0.2957746478873239,3,0,0,0
Mexico City Grand Prix,PER,3,MEDIUM,25,20.016,32.188,1,0.6197183098591549,0,0,0,0
Mexico City Grand Prix,PER,4,SOFT,2,19.75,30.700000000000003,1,0.971830985915493,2,0,0,0
Mexico City Grand Prix,PIA,1,MEDIUM,39,20.553846153846155,37.669230769230765,1,0.0140845070422535,2,6,0,1
Mexico City Grand Prix,PIA,2,HARD,32,20.06875,32.7625,1,0.5633802816901409,3,0,0,1
Mexico City Grand Prix,RUS,1,MEDIUM,31,20.396774193548385,37.23225806451613,1,0.0140845070422535,3,6,0,2
Mexico City Grand Prix,RUS,2,HARD,40,20.2875,34.145,1,0.4507042253521127,2,0,0,1
Mexico City Grand Prix,SAI,1,MEDIUM,32,20.41875,37.29375,1,0.0140845070422535,2,6,0,1
Mexico City Grand Prix,SAI,2,HARD,39,20.28205128205128,34.11282051282051,1,0.4647887323943662,2,0,0,0
Mexico City Grand Prix,STR,1,MEDIUM,27,20.29230769230769,36.815384615384616,0,0.0140845070422535,2,6,0,1
Mexico City Grand Prix,STR,2,HARD,45,20.375,34.72727272727273,0,0.380281690140845,2,0,0,0
Mexico City Grand Prix,VER,1,MEDIUM,26,20.273076923076925,36.8,1,0.0140845070422535,2,6,0,1
Mexico City Grand Prix,VER,2,HARD,45,20.362222222222226,34.70666666666666,1,0.380281690140845,1,0,0,1
Mexico City Grand Prix,ZHO,1,HARD,44,20.55813953488372,37.623255813953485,0,0.0140845070422535,2,6,0,0
Mexico City Grand Prix,ZHO,2,MEDIUM,28,19.98888888888889,32.07037037037037,0,0.6197183098591549,2,0,0,0
Miami Grand Prix,ALB,1,MEDIUM,10,28.9,47.01052631578948,1,0.0175438596491228,0,0,0,0
Miami Grand Prix,ALB,2,HARD,43,28.486792452830187,44.73962264150943,1,0.1929824561403508,2,5,2,0
Miami Grand Prix,ALB,3,SOFT,4,28.79230769230769,48.06153846153846,1,0.9473684210526316,1,0,0,0
Miami Grand Prix,ALO,1,HARD,23,28.71666666666667,45.775,0,0.0175438596491228,0,0,1,0
Miami Grand Prix,ALO,2,MEDIUM,36,28.38157894736842,42.78684210526316,0,0.4035087719298245,1,5,1,0
Miami Grand Prix,BOT,1,SOFT,11,28.81875,45.70625,1,0.0175438596491228,3,0,0,1
Miami Grand Prix,BOT,2,HARD,18,28.61904761904762,45.98571428571429,1,0.2105263157894736,2,2,2,0
Miami Grand Prix,BOT,3,MEDIUM,28,28.34375,42.853125,1,0.5263157894736842,0,3,0,0
Miami Grand Prix,GAS,1,MEDIUM,12,28.8375,45.8375,1,0.0175438596491228,3,0,0,1
Miami Grand Prix,GAS,2,HARD,45,28.49655172413793,44.7396551724138,1,0.2280701754385964,2,5,2,0
Miami Grand Prix,HAM,1,HARD,26,28.686206896551724,45.858620689655176,1,0.0175438596491228,2,0,1,1
Miami Grand Prix,HAM,2,MEDIUM,34,28.363636363636363,42.381818181818176,0,0.4736842105263157,1,5,0,0
Miami Grand Prix,HUL,1,MEDIUM,12,28.82,45.91333333333333,1,0.0175438596491228,2,0,0,1
Miami Grand Prix,HUL,2,HARD,16,28.64761904761905,46.56666666666666,1,0.2280701754385964,2,1,2,0
Miami Grand Prix,HUL,3,MEDIUM,29,28.4575,44.07,1,0.5087719298245614,0,4,0,0
Miami Grand Prix,LEC,1,MEDIUM,19,28.76363636363636,45.79090909090909,1,0.0175438596491228,1,0,0,1
Miami Grand Prix,LEC,2,HARD,38,28.357894736842105,42.73684210526316,1,0.3508771929824561,1,5,1,0
Miami Grand Prix,MAG,1,HARD,22,28.70384615384615,45.83461538461539,1,0.0175438596491228,2,0,1,1
Miami Grand Prix,MAG,2,MEDIUM,5,28.785,49.225,1,0.4035087719298245,3,1,1,0
Miami Grand Prix,MAG,3,MEDIUM,3,28.77142857142857,48.5,1,0.5263157894736842,0,3,0,0
Miami Grand Prix,MAG,4,MEDIUM,29,28.28076923076923,41.465384615384615,0,0.5614035087719298,0,1,0,0
Miami Grand Prix,NOR,1,MEDIUM,29,28.69677419354839,45.62903225806452,1,0.0175438596491228,1,2,1,0
Miami Grand Prix,NOR,2,HARD,28,28.466666666666665,43.34722222222222,1,0.5263157894736842,1,3,0,0
Miami Grand Prix,OCO,1,MEDIUM,22,28.72307692307692,45.83461538461539,1,0.0175438596491228,2,0,1,1
Miami Grand Prix,OCO,2,HARD,35,28.46170212765957,44.42340425531915,1,0.4035087719298245,2,5,1,0
Miami Grand Prix,PER,1,MEDIUM,17,28.79,45.805,1,0.0175438596491228,2,0,0,1
Miami Grand Prix,PER,2,HARD,11,28.65333333333333,46.34666666666667,1,0.3157894736842105,1,1,2,0
Miami Grand Prix,PER,3,MEDIUM,34,28.435897435897434,44.0,0,0.5087719298245614,2,4,0,0
Miami Grand Prix,PIA,1,MEDIUM,27,28.676666666666662,45.60666666666667,1,0.0175438596491228,2,0,1,1
Miami Grand Prix,PIA,2,HARD,13,28.46,44.13333333333333,1,0.4912280701754385,1,5,0,0
Miami Grand Prix,PIA,3,MEDIUM,23,28.44545454545454,43.22727272727273,0,0.7192982456140351,1,0,0,0
Miami Grand Prix,RIC,1,HARD,28,28.66774193548387,45.68064516129032,1,0.0175438596491228,3,1,2,1
Miami Grand Prix,RIC,2,MEDIUM,34,28.48372093023256,44.43255813953488,0,0.5087719298245614,1,4,0,0
Miami Grand Prix,RUS,1,MEDIUM,27,28.696296296296296,45.81851851851852,0,0.0175438596491228,2,0,2,1
Miami Grand Prix,RUS,2,HARD,33,28.402631578947368,43.002631578947366,1,0.4385964912280701,1,5,0,0
Miami Grand Prix,SAI,1,MEDIUM,27,28.68064516129032,45.76774193548387,1,0.0175438596491228,1,0,1,1
Miami Grand Prix,SAI,2,HARD,30,28.426315789473687,43.939473684210526,1,0.4912280701754385,2,5,0,0
Miami Grand Prix,SAR,1,MEDIUM,11,28.825,45.61666666666667,1,0.0175438596491228,2,0,0,1
Miami Grand Prix,SAR,2,HARD,16,28.65714285714285,46.39523809523809,1,0.2105263157894736,1,1,2,0
Miami Grand Prix,STR,1,MEDIUM,12,28.88,45.99333333333333,0,0.0175438596491228,0,0,0,0
Miami Grand Prix,STR,2,HARD,18,28.610526315789475,45.72631578947368,0,0.2105263157894736,1,1,2,0
Miami Grand Prix,STR,3,MEDIUM,29,28.5,44.70222222222222,0,0.5087719298245614,2,4,0,0
Miami Grand Prix,TSU,1,MEDIUM,28,28.72285714285714,45.82285714285714,1,0.0175438596491228,3,1,2,1
Miami Grand Prix,TSU,2,HARD,29,28.408571428571427,43.08285714285714,1,0.5087719298245614,1,4,0,0
Miami Grand Prix,VER,1,MEDIUM,23,28.688,45.688,1,0.0175438596491228,2,0,1,1
Miami Grand Prix,VER,2,HARD,34,28.49347826086957,44.62173913043478,1,0.4210526315789473,2,5,0,0
Miami Grand Prix,ZHO,1,MEDIUM,28,28.690909090909088,45.669696969696965,1,0.0175438596491228,4,1,2,1
Miami Grand Prix,ZHO,2,SOFT,29,28.42162162162161,43.5081081081081,1,0.5087719298245614,1,4,0,0
Monaco Grand Prix,ALB,2,HARD,76,21.671,42.61,1,0.0384615384615384,6,1,0,1
Monaco Grand Prix,ALO,2,MEDIUM,76,21.69139784946237,42.68924731182796,0,0.0256410256410256,5,1,0,2
Monaco Grand Prix,BOT,2,MEDIUM,14,21.36388888888889,39.65555555555555,1,0.0256410256410256,4,1,0,1
Monaco Grand Prix,BOT,3,HARD,62,21.664,41.82,0,0.2051282051282051,1,0,0,0
Monaco Grand Prix,GAS,2,MEDIUM,76,21.71274509803921,43.38529411764706,1,0.0384615384615384,6,1,0,1
Monaco Grand Prix,HAM,2,MEDIUM,50,21.66470588235294,43.16176470588236,1,0.0384615384615384,5,1,0,0
Monaco Grand Prix,HAM,3,HARD,28,21.392592592592592,39.220370370370375,0,0.6666666666666666,4,0,0,1
Monaco Grand Prix,LEC,2,HARD,77,21.689795918367345,42.92551020408163,1,0.0384615384615384,6,1,0,1
Monaco Grand Prix,NOR,2,HARD,78,21.70543478260869,42.66413043478261,0,0.0384615384615384,4,1,0,1
Monaco Grand Prix,PIA,2,HARD,78,21.7314606741573,43.31573033707865,0,0.0384615384615384,5,1,0,2
Monaco Grand Prix,RIC,2,HARD,76,21.65765765765766,42.69549549549549,0,0.0256410256410256,10,1,0,1
Monaco Grand Prix,RUS,2,MEDIUM,77,21.72747252747253,43.37582417582417,1,0.0384615384615384,6,1,0,1
Monaco Grand Prix,SAI,2,HARD,77,21.696842105263155,42.95052631578948,1,0.0384615384615384,3,1,0,1
Monaco Grand Prix,SAR,2,HARD,57,21.67662337662337,44.01688311688312,0,0.0256410256410256,3,1,0,0
Monaco Grand Prix,SAR,3,MEDIUM,19,21.51212121212121,38.97878787878788,1,0.7435897435897436,2,0,0,1
Monaco Grand Prix,STR,2,MEDIUM,42,21.615,42.74,0,0.0256410256410256,5,1,0,2
Monaco Grand Prix,STR,3,HARD,8,21.719047619047625,43.54285714285714,0,0.5512820512820513,5,0,0,0
Monaco Grand Prix,STR,4,SOFT,28,21.678571428571427,43.49047619047619,1,0.6282051282051282,1,0,0,0
Monaco Grand Prix,TSU,2,HARD,77,21.67155963302752,42.70275229357799,0,0.0384615384615384,9,1,0,1
Monaco Grand Prix,VER,2,MEDIUM,51,21.689610389610387,44.44155844155844,1,0.0384615384615384,2,1,0,0
Monaco Grand Prix,VER,3,HARD,27,21.6125,40.94375,0,0.6794871794871795,3,0,0,0
Monaco Grand Prix,ZHO,2,HARD,69,21.73478260869565,44.01739130434783,1,0.0256410256410256,7,1,0,0
Monaco Grand Prix,ZHO,3,SOFT,6,21.428571428571427,41.11071428571428,1,0.9102564102564102,2,0,0,1
Qatar Grand Prix,ALB,1,MEDIUM,35,18.83529411764706,22.608823529411765,1,0.0175438596491228,3,5,0,0
Qatar Grand Prix,ALB,3,SOFT,2,18.4,22.3,0,0.6491228070175439,0,1,0,0
Qatar Grand Prix,ALB,4,SOFT,20,18.329411764705885,22.01764705882353,0,0.6842105263157895,1,5,1,0
Qatar Grand Prix,ALB,5,SOFT,1,18.3,22.0,1,0.9824561403508772,0,0,0,0
Qatar Grand Prix,ALO,1,MEDIUM,35,18.83030303030303,22.6,0,0.0175438596491228,3,5,0,0
Qatar Grand Prix,ALO,3,MEDIUM,7,18.4,22.3,0,0.6491228070175439,0,1,0,0
Qatar Grand Prix,ALO,4,MEDIUM,27,18.316666666666663,22.00555555555556,0,0.6842105263157895,1,5,1,0
Qatar Grand Prix,BOT,1,MEDIUM,24,18.93913043478261,22.73913043478261,1,0.0175438596491228,2,4,0,0
Qatar Grand Prix,BOT,2,HARD,10,18.62,22.32,0,0.4385964912280701,1,2,0,0
Qatar Grand Prix,BOT,4,MEDIUM,30,18.33809523809524,22.03333333333333,0,0.6491228070175439,1,6,1,0
Qatar Grand Prix,GAS,1,MEDIUM,35,18.83030303030303,22.6030303030303,1,0.0175438596491228,3,5,0,0
Qatar Grand Prix,GAS,4,HARD,22,18.316666666666663,22.00555555555556,0,0.6842105263157895,1,5,1,0
Qatar Grand Prix,HAM,1,MEDIUM,34,18.85151515151515,22.633333333333333,1,0.0175438596491228,3,5,0,0
Qatar Grand Prix,HAM,4,HARD,13,18.39090909090909,22.081818181818186,0,0.6491228070175439,1,6,1,0
Qatar Grand Prix,HAM,5,HARD,23,18.29,21.97,0,0.8421052631578947,0,0,0,0
Qatar Grand Prix,HUL,2,HARD,30,18.876666666666665,22.67,1,0.0350877192982456,2,3,0,0
Qatar Grand Prix,HUL,3,MEDIUM,5,18.48,22.14,1,0.5614035087719298,0,3,0,0
Qatar Grand Prix,HUL,4,MEDIUM,6,18.4,22.3,0,0.6491228070175439,0,1,0,0
Qatar Grand Prix,HUL,5,MEDIUM,8,18.5,22.2,0,0.6842105263157895,1,3,1,0
Qatar Grand Prix,LAW,1,MEDIUM,35,18.83529411764706,22.608823529411765,1,0.0175438596491228,3,5,0,0
Qatar Grand Prix,LAW,3,HARD,2,18.4,22.3,0,0.6491228070175439,0,1,0,0
Qatar Grand Prix,LAW,4,HARD,5,18.466666666666665,22.166666666666668,0,0.6666666666666666,1,3,1,0
Qatar Grand Prix,LAW,5,SOFT,17,18.31176470588236,21.99411764705882,1,0.7192982456140351,0,2,0,0
Qatar Grand Prix,LEC,1,MEDIUM,36,18.83939393939394,22.6,0,0.0175438596491228,4,5,0,0
Qatar Grand Prix,LEC,4,HARD,22,18.31176470588236,21.988235294117647,0,0.7017543859649122,1,5,1,0
Qatar Grand Prix,MAG,1,MEDIUM,27,18.91923076923077,22.71153846153846,1,0.0175438596491228,2,4,0,0
Qatar Grand Prix,MAG,2,HARD,9,18.55555555555556,22.244444444444444,1,0.4912280701754385,1,2,0,0
Qatar Grand Prix,MAG,3,HARD,10,18.4,22.3,0,0.6491228070175439,0,1,0,0
Qatar Grand Prix,MAG,4,HARD,30,18.321052631578947,22.01578947368421,0,0.6842105263157895,1,5,1,0
Qatar Grand Prix,NOR,1,MEDIUM,35,18.83939393939394,22.596969696969698,1,0.0175438596491228,3,5,0,0
Qatar Grand Prix,NOR,4,HARD,10,18.36,22.04,0,0.7017543859649122,1,5,1,0
Qatar Grand Prix,NOR,5,HARD,22,18.28333333333333,21.98333333333333,0,0.8070175438596491,0,0,0,0
Qatar Grand Prix,PER,1,MEDIUM,35,18.83636363636364,22.60606060606061,1,0.0175438596491228,3,5,0,0
Qatar Grand Prix,PIA,1,MEDIUM,34,18.85,22.6125,1,0.0175438596491228,4,4,0,0
Qatar Grand Prix,PIA,2,HARD,2,18.5,22.15,1,0.6140350877192983,0,2,0,0
Qatar Grand Prix,PIA,4,HARD,23,18.31176470588236,21.988235294117647,0,0.7017543859649122,1,5,1,0
Qatar Grand Prix,RUS,1,MEDIUM,24,18.94761904761905,22.728571428571428,0,0.0175438596491228,2,4,0,0
Qatar Grand Prix,RUS,2,HARD,12,18.633333333333333,22.35833333333333,1,0.4210526315789473,1,1,0,0
Qatar Grand Prix,RUS,4,HARD,2,18.4,22.3,0,0.6491228070175439,0,1,0,0
Qatar Grand Prix,RUS,5,HARD,22,18.322222222222223,22.00555555555556,0,0.6842105263157895,1,5,1,0
Qatar Grand Prix,SAI,1,MEDIUM,35,18.85,22.6125,0,0.0175438596491228,4,4,0,0
Qatar Grand Prix,SAI,2,HARD,2,18.5,22.2,1,0.631578947368421,0,2,0,0
Qatar Grand Prix,SAI,3,HARD,3,18.4,22.3,0,0.6491228070175439,0,1,0,0
Qatar Grand Prix,SAI,4,HARD,23,18.316666666666663,22.00555555555556,0,0.6842105263157895,1,5,1,0
Qatar Grand Prix,STR,1,MEDIUM,1,19.1,23.0,0,0.0175438596491228,1,1,0,0
Qatar Grand Prix,STR,2,HARD,6,19.0,22.94,0,0.0526315789473684,1,3,0,0
Qatar Grand Prix,TSU,1,MEDIUM,35,18.83529411764706,22.602941176470587,1,0.0175438596491228,3,5,0,0
Qatar Grand Prix,TSU,3,HARD,2,18.4,22.3,0,0.6491228070175439,0,1,0,0
Qatar Grand Prix,TSU,4,HARD,5,18.45,22.15,0,0.6842105263157895,1,3,1,0
Qatar Grand Prix,TSU,5,SOFT,17,18.31176470588236,21.99411764705882,1,0.7192982456140351,0,2,0,0
Qatar Grand Prix,VER,1,MEDIUM,35,18.83939393939394,22.596969696969698,1,0.0175438596491228,3,5,0,0
Qatar Grand Prix,VER,4,HARD,22,18.31176470588236,21.988235294117647,0,0.7017543859649122,1,5,1,0
Qatar Grand Prix,ZHO,1,MEDIUM,35,18.83529411764706,22.608823529411765,1,0.0175438596491228,3,5,0,0
Qatar Grand Prix,ZHO,3,HARD,2,18.4,22.3,0,0.6491228070175439,0,1,0,0
Qatar Grand Prix,ZHO,4,HARD,22,18.316666666666663,22.00555555555556,0,0.6842105263157895,1,5,1,0
Saudi Arabian Grand Prix,ALB,1,MEDIUM,7,25.923333333333336,35.03333333333333,1,0.02,2,1,0,0
Saudi Arabian Grand Prix,ALB,2,HARD,43,25.60384615384616,31.74230769230769,1,0.2,0,2,0,1
Saudi Arabian Grand Prix,ALO,1,MEDIUM,8,25.852,33.912,0,0.02,2,1,0,0
Saudi Arabian Grand Prix,ALO,2,HARD,44,25.64444444444444,31.93888888888889,0,0.2,0,2,0,0
Saudi Arabian Grand Prix,BEA,1,SOFT,7,25.66842105263158,34.38421052631579,1,0.02,2,1,0,0
Saudi Arabian Grand Prix,BEA,2,HARD,43,25.49761904761905,30.79047619047619,1,0.2,0,2,0,0
Saudi Arabian Grand Prix,BOT,1,SOFT,7,25.90714285714285,35.385714285714286,1,0.02,2,1,0,0
Saudi Arabian Grand Prix,BOT,2,HARD,28,25.693181818181817,32.91136363636363,1,0.2,0,2,0,0
Saudi Arabian Grand Prix,BOT,3,SOFT,14,25.672222222222224,32.266666666666666,1,0.72,0,0,0,1
Saudi Arabian Grand Prix,GAS,1,MEDIUM,1,25.93478260869565,35.108695652173914,1,0.02,0,0,0,0
Saudi Arabian Grand Prix,HAM,1,MEDIUM,36,25.628888888888888,32.035555555555554,1,0.02,2,3,0,0
Saudi Arabian Grand Prix,HAM,2,SOFT,17,25.57692307692308,31.911538461538463,0,0.74,0,0,0,0
Saudi Arabian Grand Prix,HUL,1,MEDIUM,33,25.629166666666663,32.28958333333333,1,0.02,2,3,0,0
Saudi Arabian Grand Prix,HUL,2,HARD,17,25.547826086956523,31.60434782608696,1,0.68,0,0,0,0
Saudi Arabian Grand Prix,LEC,1,MEDIUM,7,25.775,33.604166666666664,1,0.02,1,1,0,0
Saudi Arabian Grand Prix,LEC,2,HARD,43,25.546666666666663,31.38666666666667,1,0.2,1,2,0,1
Saudi Arabian Grand Prix,MAG,1,MEDIUM,7,25.8,34.42272727272727,1,0.02,2,1,0,0
Saudi Arabian Grand Prix,MAG,2,HARD,43,25.566,31.434,1,0.2,0,2,0,0
Saudi Arabian Grand Prix,NOR,1,MEDIUM,37,25.65531914893617,32.195744680851064,1,0.02,2,3,0,0
Saudi Arabian Grand Prix,NOR,2,SOFT,19,25.683333333333334,33.020833333333336,0,0.76,0,0,0,0
Saudi Arabian Grand Prix,OCO,1,MEDIUM,7,25.67391304347826,33.61304347826087,1,0.02,2,1,0,0
Saudi Arabian Grand Prix,OCO,2,HARD,42,25.623214285714287,31.87142857142857,1,0.2,0,2,0,0
Saudi Arabian Grand Prix,PER,1,MEDIUM,7,25.87894736842105,34.93157894736842,1,0.02,1,1,0,0
Saudi Arabian Grand Prix,PER,2,HARD,43,25.59,31.662,1,0.2,0,2,0,0
Saudi Arabian Grand Prix,PIA,1,MEDIUM,7,25.860000000000003,34.21,1,0.02,1,1,0,0
Saudi Arabian Grand Prix,PIA,2,HARD,44,25.633928571428573,32.28214285714286,0,0.2,0,2,0,0
Saudi Arabian Grand Prix,RIC,1,MEDIUM,7,26.09354838709677,35.74193548387097,1,0.02,2,1,0,0
Saudi Arabian Grand Prix,RIC,2,HARD,42,25.605454545454545,31.825454545454548,1,0.18,0,2,0,0
Saudi Arabian Grand Prix,RUS,1,MEDIUM,7,26.10434782608696,36.33478260869565,1,0.02,2,1,0,0
Saudi Arabian Grand Prix,RUS,2,HARD,43,25.538888888888888,31.53703703703704,1,0.2,0,2,0,1
Saudi Arabian Grand Prix,SAR,1,MEDIUM,7,25.892307692307693,34.02692307692308,1,0.02,2,1,0,0
Saudi Arabian Grand Prix,SAR,2,HARD,42,25.608,31.654,1,0.2,0,2,0,0
Saudi Arabian Grand Prix,STR,1,MEDIUM,6,25.742105263157896,33.352631578947374,0,0.02,1,1,0,0
Saudi Arabian Grand Prix,TSU,1,MEDIUM,7,25.964285714285715,35.285714285714285,1,0.02,2,1,0,0
Saudi Arabian Grand Prix,TSU,2,HARD,42,25.69107142857143,32.31071428571429,1,0.2,0,2,0,0
Saudi Arabian Grand Prix,VER,1,MEDIUM,7,25.9,35.364999999999995,1,0.02,1,1,0,0
Saudi Arabian Grand Prix,VER,2,HARD,43,25.59423076923077,31.64423076923077,1,0.2,0,2,0,0
Saudi Arabian Grand Prix,ZHO,1,MEDIUM,41,25.78245614035088,33.3,1,0.02,2,3,0,0
Saudi Arabian Grand Prix,ZHO,2,SOFT,8,25.546666666666667,31.526666666666664,1,0.84,0,0,0,0
Singapore Grand Prix,ALB,1,MEDIUM,11,31.018181818181816,36.95454545454545,1,0.0161290322580645,2,0,0,0
Singapore Grand Prix,ALB,2,HARD,4,31.125,36.35,1,0.1935483870967742,0,0,0,0
Singapore Grand Prix,ALO,1,MEDIUM,26,30.976,36.516,0,0.0161290322580645,2,0,0,0
Singapore Grand Prix,ALO,2,HARD,37,30.66388888888889,35.33888888888889,0,0.4193548387096774,0,0,0,0
Singapore Grand Prix,BOT,1,HARD,33,30.92121212121212,36.333333333333336,1,0.0161290322580645,2,0,0,0
Singapore Grand Prix,BOT,2,MEDIUM,28,30.639285714285712,35.17857142857143,1,0.5483870967741935,0,0,0,0
Singapore Grand Prix,COL,1,MEDIUM,29,30.95172413793104,36.43103448275862,1,0.0161290322580645,3,0,0,0
Singapore Grand Prix,COL,2,HARD,32,30.64375,35.284375,1,0.4838709677419355,0,0,0,0
Singapore Grand Prix,GAS,1,MEDIUM,37,30.905405405405407,36.27837837837838,1,0.0161290322580645,2,0,0,0
Singapore Grand Prix,GAS,2,SOFT,24,30.616666666666664,35.104166666666664,1,0.6129032258064516,1,0,0,0
Singapore Grand Prix,HAM,1,SOFT,19,31.047058823529408,36.71764705882353,0,0.0161290322580645,1,0,0,0
Singapore Grand Prix,HAM,2,HARD,45,30.7,35.48444444444444,1,0.2903225806451613,1,0,0,0
Singapore Grand Prix,HUL,1,MEDIUM,29,30.95172413793104,36.43103448275862,1,0.0161290322580645,1,0,0,0
Singapore Grand Prix,HUL,2,HARD,32,30.64375,35.28125,1,0.4838709677419355,2,0,0,0
Singapore Grand Prix,LEC,1,MEDIUM,36,30.91111111111111,36.31388888888889,1,0.0161290322580645,2,0,0,0
Singapore Grand Prix,LEC,2,HARD,26,30.62692307692308,35.142307692307696,1,0.5967741935483871,0,0,0,0
Singapore Grand Prix,MAG,1,HARD,28,30.960714285714285,36.44285714285714,1,0.0161290322580645,2,0,0,0
Singapore Grand Prix,MAG,2,MEDIUM,20,30.72,35.505,1,0.4677419354838709,0,0,0,0
Singapore Grand Prix,MAG,3,SOFT,8,30.525,34.9875,1,0.8064516129032258,9,0,0,0
Singapore Grand Prix,NOR,1,MEDIUM,30,30.95,36.42333333333333,1,0.0161290322580645,2,0,0,0
Singapore Grand Prix,NOR,2,HARD,32,30.64375,35.271875,1,0.5,0,0,0,0
Singapore Grand Prix,OCO,1,MEDIUM,29,30.95172413793104,36.42758620689656,1,0.0161290322580645,2,0,0,0
Singapore Grand Prix,OCO,2,HARD,32,30.646875,35.26875,1,0.4838709677419355,1,0,0,0
Singapore Grand Prix,PER,1,MEDIUM,28,30.95714285714286,36.46785714285714,1,0.0161290322580645,2,0,0,0
Singapore Grand Prix,PER,2,HARD,33,30.64848484848485,35.2969696969697,1,0.4677419354838709,0,0,0,0
Singapore Grand Prix,PIA,1,MEDIUM,38,30.902631578947368,36.26578947368421,1,0.0161290322580645,1,0,0,0
Singapore Grand Prix,PIA,2,HARD,24,30.616666666666664,35.0875,1,0.6290322580645161,0,0,0,0
Singapore Grand Prix,RIC,1,SOFT,10,31.01,36.96,1,0.0161290322580645,0,0,0,0
Singapore Grand Prix,RIC,2,MEDIUM,36,30.83333333333333,35.82222222222222,1,0.1774193548387097,1,0,0,0
Singapore Grand Prix,RIC,3,SOFT,12,30.558333333333334,35.041666666666664,1,0.7580645161290323,8,0,0,0
Singapore Grand Prix,RIC,4,SOFT,6,30.5,34.9,0,0.9516129032258064,0,0,0,0
Singapore Grand Prix,RUS,1,MEDIUM,27,30.96666666666667,36.47407407407408,1,0.0161290322580645,2,0,0,0
Singapore Grand Prix,RUS,2,HARD,35,30.662857142857145,35.32571428571429,1,0.4516129032258064,1,0,0,0
Singapore Grand Prix,SAI,1,MEDIUM,13,31.023076923076925,36.90769230769231,1,0.0161290322580645,1,0,0,0
Singapore Grand Prix,SAI,2,HARD,49,30.72244897959184,35.51632653061225,1,0.2258064516129032,1,0,0,0
Singapore Grand Prix,STR,1,HARD,27,30.973076923076924,36.48076923076923,0,0.0161290322580645,3,0,0,0
Singapore Grand Prix,STR,2,MEDIUM,36,30.65428571428572,35.29714285714286,0,0.4354838709677419,1,0,0,0
Singapore Grand Prix,TSU,1,MEDIUM,33,30.92121212121212,36.36060606060607,1,0.0161290322580645,2,0,0,0
Singapore Grand Prix,TSU,2,SOFT,31,30.63571428571429,35.19642857142857,0,0.5483870967741935,1,0,0,0
Singapore Grand Prix,VER,1,MEDIUM,29,30.96206896551724,36.4448275862069,1,0.0161290322580645,2,0,0,0
Singapore Grand Prix,VER,2,HARD,33,30.65757575757576,35.275757575757574,1,0.4838709677419355,0,0,0,0
Singapore Grand Prix,ZHO,1,HARD,34,30.91764705882353,36.30882352941177,1,0.0161290322580645,3,0,0,0
Singapore Grand Prix,ZHO,2,MEDIUM,27,30.63703703703704,35.17407407407408,1,0.5645161290322581,0,0,0,0
Spanish Grand Prix,ALB,1,MEDIUM,18,25.25135135135135,42.72432432432432,1,0.0151515151515151,0,0,0,0
Spanish Grand Prix,ALB,2,SOFT,25,24.45,41.33125,1,0.2878787878787879,0,0,0,0
Spanish Grand Prix,ALB,3,SOFT,22,24.32307692307692,41.76923076923077,1,0.6666666666666666,0,0,0,1
Spanish Grand Prix,ALO,1,SOFT,19,24.435714285714287,41.59285714285714,1,0.0151515151515151,0,0,0,0
Spanish Grand Prix,ALO,2,MEDIUM,27,24.30588235294117,41.2235294117647,0,0.303030303030303,0,0,0,0
Spanish Grand Prix,ALO,3,HARD,21,25.354166666666668,42.72916666666666,0,0.696969696969697,0,0,0,0
Spanish Grand Prix,BOT,1,SOFT,11,24.504761904761907,41.66666666666666,1,0.0151515151515151,0,0,0,0
Spanish Grand Prix,BOT,2,SOFT,20,24.94333333333333,41.91,0,0.1818181818181818,0,0,0,0
Spanish Grand Prix,BOT,3,HARD,37,24.859615384615385,42.12692307692308,1,0.4393939393939394,0,0,0,0
Spanish Grand Prix,GAS,1,SOFT,17,24.65714285714285,41.47619047619048,0,0.0151515151515151,0,0,0,0
Spanish Grand Prix,GAS,2,MEDIUM,24,24.60277777777777,41.96388888888889,1,0.2272727272727272,0,0,0,0
Spanish Grand Prix,GAS,3,HARD,28,24.80714285714286,42.03095238095238,1,0.5909090909090909,0,0,0,0
Spanish Grand Prix,HAM,1,SOFT,19,24.627272727272725,41.53636363636363,0,0.0151515151515151,0,0,0,0
Spanish Grand Prix,HAM,2,MEDIUM,27,24.93421052631579,41.77894736842105,1,0.2575757575757575,0,0,0,0
Spanish Grand Prix,HAM,3,SOFT,26,24.339285714285715,41.27857142857143,0,0.6666666666666666,0,0,0,0
Spanish Grand Prix,HUL,1,SOFT,12,24.836,41.752,1,0.0151515151515151,0,0,0,0
Spanish Grand Prix,HUL,2,MEDIUM,26,24.52777777777778,41.44722222222222,1,0.1969696969696969,0,0,0,0
Spanish Grand Prix,HUL,3,HARD,28,24.566666666666663,41.614583333333336,1,0.5909090909090909,0,0,0,0
Spanish Grand Prix,LEC,1,SOFT,24,24.85277777777777,42.0,1,0.0151515151515151,0,0,0,0
Spanish Grand Prix,LEC,2,MEDIUM,23,24.641935483870967,41.46451612903226,1,0.3787878787878788,0,0,0,0
Spanish Grand Prix,LEC,3,SOFT,22,25.0,42.175,0,0.7272727272727273,0,0,0,0
Spanish Grand Prix,MAG,1,SOFT,10,25.56578947368421,42.72631578947368,1,0.0151515151515151,0,0,0,0
Spanish Grand Prix,MAG,2,MEDIUM,19,24.91379310344828,42.08275862068966,1,0.1666666666666666,0,0,0,0
Spanish Grand Prix,MAG,3,HARD,36,24.801666666666662,42.02666666666666,1,0.4545454545454545,0,0,0,0
Spanish Grand Prix,NOR,1,SOFT,23,24.60277777777777,41.56944444444444,1,0.0151515151515151,0,0,0,0
Spanish Grand Prix,NOR,2,MEDIUM,24,24.95428571428572,42.011428571428574,1,0.3636363636363636,0,0,0,0
Spanish Grand Prix,NOR,3,SOFT,22,24.725641025641025,41.97948717948718,0,0.7272727272727273,0,0,0,0
Spanish Grand Prix,OCO,1,SOFT,16,25.36176470588235,42.94117647058823,0,0.0151515151515151,0,0,0,0
Spanish Grand Prix,OCO,2,MEDIUM,24,24.99,42.1575,1,0.2121212121212121,0,0,0,0
Spanish Grand Prix,OCO,3,HARD,29,24.53478260869565,41.369565217391305,1,0.5757575757575758,0,0,0,1
Spanish Grand Prix,PER,1,SOFT,16,24.83,41.885000000000005,0,0.0151515151515151,0,0,0,0
Spanish Grand Prix,PER,2,SOFT,21,25.193548387096776,42.54516129032258,0,0.2121212121212121,0,0,0,0
Spanish Grand Prix,PER,3,MEDIUM,18,24.78076923076923,41.6576923076923,1,0.4848484848484848,0,0,0,0
Spanish Grand Prix,PER,4,SOFT,20,25.788888888888888,43.44444444444444,0,0.7575757575757576,0,0,0,0
Spanish Grand Prix,PIA,1,SOFT,24,24.45,41.371428571428574,0,0.0151515151515151,0,0,0,0
Spanish Grand Prix,PIA,2,MEDIUM,25,24.34333333333333,41.09333333333333,1,0.3333333333333333,0,0,0,0
Spanish Grand Prix,PIA,3,SOFT,23,25.305714285714288,42.76,0,0.7121212121212122,0,0,0,0
Spanish Grand Prix,RIC,1,SOFT,16,25.637209302325584,43.17209302325582,1,0.0151515151515151,0,0,0,0
Spanish Grand Prix,RIC,2,MEDIUM,26,24.62941176470588,41.49411764705882,1,0.2575757575757575,0,0,0,0
Spanish Grand Prix,RIC,3,HARD,23,24.735714285714288,42.01904761904762,1,0.6515151515151515,0,0,0,1
Spanish Grand Prix,RUS,1,SOFT,18,24.98888888888889,42.333333333333336,0,0.0151515151515151,0,0,0,0
Spanish Grand Prix,RUS,2,MEDIUM,21,24.917241379310347,42.27241379310345,1,0.2424242424242424,0,0,0,0
Spanish Grand Prix,RUS,3,HARD,30,24.81914893617021,41.94893617021276,1,0.5606060606060606,0,0,0,1
Spanish Grand Prix,SAI,1,SOFT,15,25.693548387096776,43.11935483870968,1,0.0151515151515151,0,0,0,0
Spanish Grand Prix,SAI,2,MEDIUM,21,24.658620689655173,41.58620689655172,1,0.2424242424242424,0,0,0,0
Spanish Grand Prix,SAI,3,HARD,30,24.515,41.5575,1,0.5606060606060606,0,0,0,0
Spanish Grand Prix,SAR,1,SOFT,14,24.4875,41.72083333333333,1,0.0151515151515151,0,0,0,0
Spanish Grand Prix,SAR,2,MEDIUM,20,24.67142857142857,41.74285714285714,1,0.2272727272727272,0,0,0,0
Spanish Grand Prix,SAR,3,HARD,30,24.9,42.12045454545454,1,0.5303030303030303,0,0,0,0
Spanish Grand Prix,STR,1,SOFT,17,24.726923076923075,42.03076923076923,1,0.0151515151515151,0,0,0,0
Spanish Grand Prix,STR,2,MEDIUM,21,24.51111111111111,41.63703703703704,0,0.2727272727272727,0,0,0,0
Spanish Grand Prix,STR,3,HARD,29,25.05909090909091,42.268181818181816,0,0.5757575757575758,0,0,0,0
Spanish Grand Prix,TSU,1,SOFT,9,25.275,42.65714285714286,1,0.0151515151515151,0,0,0,0
Spanish Grand Prix,TSU,2,MEDIUM,18,24.98333333333333,42.19666666666667,1,0.1515151515151515,0,0,0,0
Spanish Grand Prix,TSU,3,HARD,17,24.62702702702703,41.394594594594594,1,0.4242424242424242,0,0,0,1
Spanish Grand Prix,TSU,4,SOFT,21,24.5625,42.1125,1,0.6818181818181818,0,0,0,0
Spanish Grand Prix,VER,1,SOFT,20,24.892857142857142,41.81785714285714,0,0.0151515151515151,0,0,0,0
Spanish Grand Prix,VER,2,MEDIUM,27,24.975,41.91363636363637,1,0.2727272727272727,0,0,0,0
Spanish Grand Prix,VER,3,SOFT,22,24.448275862068964,41.5551724137931,1,0.6818181818181818,0,0,0,0
Spanish Grand Prix,ZHO,1,SOFT,9,25.666666666666668,43.43666666666666,1,0.0151515151515151,0,0,0,0
Spanish Grand Prix,ZHO,2,MEDIUM,32,24.3948717948718,41.274358974358975,1,0.1515151515151515,0,0,0,0
Spanish Grand Prix,ZHO,3,HARD,24,24.623529411764707,41.77941176470589,1,0.6363636363636364,0,0,0,0
São Paulo Grand Prix,ALO,1,INTERMEDIATE,27,22.11851851851852,24.91111111111111,1,0.0144927536231884,9,0,1,1
São Paulo Grand Prix,ALO,2,INTERMEDIATE,7,21.15,23.7,0,0.4057971014492754,1,3,1,1
São Paulo Grand Prix,ALO,3,INTERMEDIATE,37,20.516666666666666,24.666666666666668,1,0.4927536231884058,6,4,0,0
São Paulo Grand Prix,BEA,1,INTERMEDIATE,27,22.114814814814817,24.91481481481481,1,0.0144927536231884,8,0,1,1
São Paulo Grand Prix,BEA,2,INTERMEDIATE,4,21.15,23.7,1,0.4057971014492754,1,3,1,1
São Paulo Grand Prix,BEA,3,INTERMEDIATE,37,20.51944444444445,24.672222222222224,1,0.4927536231884058,7,4,0,0
São Paulo Grand Prix,BOT,1,INTERMEDIATE,31,21.98709677419355,24.748387096774195,1,0.0144927536231884,7,3,2,1
São Paulo Grand Prix,BOT,2,INTERMEDIATE,37,20.516666666666666,24.675,1,0.4927536231884058,10,4,0,1
São Paulo Grand Prix,COL,1,INTERMEDIATE,26,22.12692307692308,24.93076923076924,1,0.0144927536231884,8,0,0,1
São Paulo Grand Prix,COL,2,INTERMEDIATE,4,21.35,23.95,1,0.391304347826087,1,2,2,0
São Paulo Grand Prix,GAS,1,INTERMEDIATE,31,22.006451612903227,24.770967741935483,1,0.0144927536231884,10,3,2,2
São Paulo Grand Prix,GAS,2,INTERMEDIATE,37,20.51428571428572,24.68,1,0.4927536231884058,11,4,0,0
São Paulo Grand Prix,HAM,1,INTERMEDIATE,27,22.114814814814817,24.9,1,0.0144927536231884,9,0,1,1
São Paulo Grand Prix,HAM,2,INTERMEDIATE,4,21.15,23.7,1,0.4057971014492754,1,3,1,1
São Paulo Grand Prix,HAM,3,INTERMEDIATE,37,20.51944444444445,24.68611111111112,1,0.4927536231884058,7,4,0,0
São Paulo Grand Prix,HUL,1,INTERMEDIATE,25,22.144,24.94,1,0.0144927536231884,7,0,0,1
São Paulo Grand Prix,HUL,2,INTERMEDIATE,1,21.8,24.6,1,0.3768115942028985,3,0,1,0
São Paulo Grand Prix,HUL,3,WET,2,20.9,23.3,1,0.4202898550724637,0,2,0,0
São Paulo Grand Prix,LAW,1,INTERMEDIATE,31,22.09642857142857,24.885714285714283,0,0.0144927536231884,10,0,2,1
São Paulo Grand Prix,LAW,2,WET,18,21.03333333333333,23.566666666666663,0,0.4202898550724637,1,3,0,1
São Paulo Grand Prix,LAW,3,INTERMEDIATE,40,20.51944444444445,24.68611111111112,0,0.4927536231884058,7,4,0,0
São Paulo Grand Prix,LEC,1,INTERMEDIATE,26,22.15833333333333,24.954166666666666,0,0.0144927536231884,9,0,0,1
São Paulo Grand Prix,LEC,2,INTERMEDIATE,10,21.485714285714288,24.17142857142857,0,0.3623188405797101,3,3,2,1
São Paulo Grand Prix,LEC,3,INTERMEDIATE,40,20.51388888888889,24.691666666666663,0,0.4927536231884058,8,4,0,0
São Paulo Grand Prix,NOR,1,INTERMEDIATE,31,22.103571428571428,24.9,0,0.0144927536231884,10,0,1,1
São Paulo Grand Prix,NOR,2,INTERMEDIATE,7,21.133333333333333,23.7,0,0.4202898550724637,1,3,0,1
São Paulo Grand Prix,NOR,3,INTERMEDIATE,41,20.51388888888889,24.691666666666663,0,0.4927536231884058,7,4,0,0
São Paulo Grand Prix,OCO,1,INTERMEDIATE,33,22.01290322580645,24.787096774193547,0,0.0144927536231884,11,3,2,2
São Paulo Grand Prix,OCO,2,INTERMEDIATE,39,20.51714285714285,24.67714285714285,0,0.4927536231884058,10,4,0,0
São Paulo Grand Prix,PER,1,INTERMEDIATE,27,22.114814814814817,24.90740740740741,1,0.0144927536231884,9,0,1,1
São Paulo Grand Prix,PER,2,WET,9,21.15,23.7,0,0.4057971014492754,1,3,1,1
São Paulo Grand Prix,PER,3,INTERMEDIATE,37,20.51944444444445,24.683333333333334,1,0.4927536231884058,7,4,0,0
São Paulo Grand Prix,PIA,1,INTERMEDIATE,30,22.11851851851852,24.91481481481481,0,0.0144927536231884,10,0,1,1
São Paulo Grand Prix,PIA,2,INTERMEDIATE,8,21.225,23.8,0,0.4057971014492754,1,3,1,1
São Paulo Grand Prix,PIA,3,INTERMEDIATE,39,20.51388888888889,24.691666666666663,0,0.4927536231884058,9,4,0,1
São Paulo Grand Prix,RUS,1,INTERMEDIATE,31,22.103571428571428,24.9,0,0.0144927536231884,10,0,1,1
São Paulo Grand Prix,RUS,2,INTERMEDIATE,6,21.133333333333333,23.7,0,0.4202898550724637,1,3,1,1
São Paulo Grand Prix,RUS,3,INTERMEDIATE,40,20.51388888888889,24.694444444444443,0,0.4927536231884058,7,4,0,0
São Paulo Grand Prix,SAI,1,INTERMEDIATE,27,22.114814814814817,24.91481481481481,1,0.0144927536231884,9,0,1,1
São Paulo Grand Prix,SAI,2,INTERMEDIATE,4,21.15,23.7,1,0.4057971014492754,1,3,1,1
São Paulo Grand Prix,SAI,3,INTERMEDIATE,6,20.56,24.68,0,0.4927536231884058,4,1,0,0
São Paulo Grand Prix,TSU,1,INTERMEDIATE,31,22.107142857142858,24.90357142857143,0,0.0144927536231884,10,0,2,1
São Paulo Grand Prix,TSU,2,WET,3,21.133333333333333,23.7,1,0.4202898550724637,1,3,0,1
São Paulo Grand Prix,TSU,3,INTERMEDIATE,40,20.516666666666666,24.688888888888886,0,0.4927536231884058,7,4,0,0
São Paulo Grand Prix,VER,1,INTERMEDIATE,31,22.00967741935484,24.780645161290323,1,0.0144927536231884,10,3,2,2
São Paulo Grand Prix,VER,2,INTERMEDIATE,37,20.51428571428572,24.685714285714287,1,0.4927536231884058,9,4,0,0
São Paulo Grand Prix,ZHO,1,INTERMEDIATE,27,22.107407407407408,24.9,1,0.0144927536231884,10,0,1,1
São Paulo Grand Prix,ZHO,2,INTERMEDIATE,1,21.4,24.0,1,0.4057971014492754,1,0,1,0
São Paulo Grand Prix,ZHO,3,WET,9,21.0,23.55,0,0.4202898550724637,0,3,0,1
São Paulo Grand Prix,ZHO,5,INTERMEDIATE,38,20.516666666666666,24.669444444444444,0,0.4927536231884058,7,4,0,0
United States Grand Prix,ALB,1,MEDIUM,3,28.066666666666663,46.96666666666667,1,0.0178571428571428,5,1,0,0
United States Grand Prix,ALB,2,MEDIUM,30,28.385714285714283,47.425,1,0.1071428571428571,1,2,0,0
United States Grand Prix,ALB,3,HARD,22,29.031818181818185,46.72272727272728,1,0.6071428571428571,1,0,1,0
United States Grand Prix,ALO,1,MEDIUM,26,28.2375,47.32083333333333,1,0.0178571428571428,4,3,0,0
United States Grand Prix,ALO,2,HARD,30,28.96551724137931,46.94137931034483,0,0.4821428571428571,2,0,0,0
United States Grand Prix,BOT,1,MEDIUM,15,28.107692307692307,47.12307692307692,0,0.0178571428571428,4,3,0,0
United States Grand Prix,BOT,2,HARD,40,28.8125,47.1,1,0.2857142857142857,3,0,0,0
United States Grand Prix,COL,1,HARD,39,28.44054054054054,47.3054054054054,1,0.0178571428571428,6,3,0,0
United States Grand Prix,COL,2,MEDIUM,17,29.08235294117647,46.63529411764706,1,0.7142857142857143,1,0,0,0
United States Grand Prix,GAS,1,MEDIUM,18,28.1625,47.225,1,0.0178571428571428,5,3,0,0
United States Grand Prix,GAS,2,HARD,38,28.85263157894737,47.03421052631579,1,0.3392857142857143,2,0,0,0
United States Grand Prix,HAM,1,HARD,1,27.8,46.7,1,0.0178571428571428,3,1,0,0
United States Grand Prix,HUL,1,MEDIUM,27,28.252,47.32,1,0.0178571428571428,5,3,0,0
United States Grand Prix,HUL,2,HARD,29,28.98275862068965,46.92068965517242,1,0.5,2,0,0,0
United States Grand Prix,LAW,1,HARD,36,28.394117647058824,47.33529411764706,1,0.0178571428571428,6,3,0,0
United States Grand Prix,LAW,2,MEDIUM,20,29.065,46.69,1,0.6607142857142857,1,0,0,0
United States Grand Prix,LEC,1,MEDIUM,26,28.254166666666663,47.30833333333334,1,0.0178571428571428,5,3,0,0
United States Grand Prix,LEC,2,HARD,30,28.946666666666665,46.93,1,0.4821428571428571,1,0,0,0
United States Grand Prix,MAG,1,MEDIUM,17,28.15333333333333,47.18666666666666,1,0.0178571428571428,5,3,0,0
United States Grand Prix,MAG,2,HARD,21,28.623809523809523,47.41904761904762,1,0.3214285714285714,1,0,0,0
United States Grand Prix,MAG,3,MEDIUM,18,29.09444444444445,46.63333333333333,1,0.6964285714285714,3,0,2,0
United States Grand Prix,NOR,1,MEDIUM,31,28.32758620689655,47.35172413793104,1,0.0178571428571428,4,3,0,0
United States Grand Prix,NOR,2,HARD,25,29.004,46.828,1,0.5714285714285714,2,0,0,0
United States Grand Prix,OCO,1,MEDIUM,31,28.33103448275862,47.3551724137931,1,0.0178571428571428,6,3,0,0
United States Grand Prix,OCO,2,HARD,20,28.97,46.915,1,0.5714285714285714,2,0,0,0
United States Grand Prix,OCO,3,SOFT,7,29.2,46.1,0,0.9285714285714286,2,0,1,0
United States Grand Prix,PER,1,MEDIUM,26,28.241666666666664,47.32083333333333,1,0.0178571428571428,6,3,0,0
United States Grand Prix,PER,2,HARD,30,28.97,46.91666666666666,1,0.4821428571428571,1,0,0,0
United States Grand Prix,PIA,1,MEDIUM,32,28.34333333333333,47.35333333333333,1,0.0178571428571428,5,3,0,0
United States Grand Prix,PIA,2,HARD,24,29.016666666666666,46.80833333333334,1,0.5892857142857143,2,0,0,0
United States Grand Prix,RUS,1,HARD,40,28.45675675675676,47.31351351351351,1,0.0178571428571428,6,3,0,0
United States Grand Prix,RUS,2,MEDIUM,16,29.1,46.59375,1,0.7321428571428571,1,0,0,0
United States Grand Prix,SAI,1,MEDIUM,21,28.2,47.205263157894734,1,0.0178571428571428,5,3,0,0
United States Grand Prix,SAI,2,HARD,35,28.88285714285714,47.05142857142857,1,0.3928571428571428,1,0,0,0
United States Grand Prix,STR,1,HARD,28,28.248,47.32,0,0.0178571428571428,4,3,0,0
United States Grand Prix,STR,2,MEDIUM,28,28.978571428571428,46.90714285714286,1,0.5,4,0,0,0
United States Grand Prix,TSU,1,MEDIUM,18,28.15625,47.2125,1,0.0178571428571428,6,3,0,0
United States Grand Prix,TSU,2,HARD,37,28.845945945945942,47.054054054054056,1,0.3392857142857143,1,0,0,0
United States Grand Prix,VER,1,MEDIUM,25,28.247826086956525,47.29130434782609,1,0.0178571428571428,4,3,0,0
United States Grand Prix,VER,2,HARD,31,28.93870967741936,46.96451612903226,1,0.4642857142857143,2,0,0,0
United States Grand Prix,ZHO,1,MEDIUM,13,28.063636363636363,47.02727272727272,0,0.0178571428571428,6,3,0,0
United States Grand Prix,ZHO,2,MEDIUM,22,28.55,47.50454545454545,0,0.25,1,0,0,0
United States Grand Prix,ZHO,3,HARD,20,29.075,46.695,1,0.6428571428571429,1,0,0,0
